2026-09-14T02:25:10.7185369Z Current runner version: '2.337.0'
2026-09-14T02:25:10.7210529Z ##[group]Runner Image Provisioner
2026-09-14T02:25:10.7211548Z Hosted Compute Agent
2026-09-14T02:25:10.7212151Z Version: 20260828.587
2026-09-14T02:25:10.7212833Z Commit: abac92662cab4cc7352de4f9f9d2e2419aad9c29
2026-09-14T02:25:10.7213634Z Build Date: 2026-08-28T16:44:25Z
2026-09-14T02:25:10.7214325Z Worker ID: {13f8dbb4-96c6-410e-afb4-64090561c9a8}
2026-09-14T02:25:10.7215091Z Azure Region: westus
2026-09-14T02:25:10.7215694Z ##[endgroup]
2026-09-14T02:25:10.7217414Z ##[group]Operating System
2026-09-14T02:25:10.7218166Z Ubuntu
2026-09-14T02:25:10.7219290Z 24.04.5
2026-09-14T02:25:10.7220058Z LTS
2026-09-14T02:25:10.7220595Z ##[endgroup]
2026-09-14T02:25:10.7221166Z ##[group]Runner Image
2026-09-14T02:25:10.7221839Z Image: ubuntu-24.04
2026-09-14T02:25:10.7222414Z Version: 20260907.300.1
2026-09-14T02:25:10.7223736Z Included Software: https://github.com/actions/runner-images/blob/ubuntu24/20260907.300/images/ubuntu/Ubuntu2404-Readme.md
2026-09-14T02:25:10.7225299Z Image Release: https://github.com/actions/runner-images/releases/tag/ubuntu24%2F20260907.300
2026-09-14T02:25:10.7226343Z ##[endgroup]
2026-09-14T02:25:10.7227539Z ##[group]GITHUB_TOKEN Permissions
2026-09-14T02:25:10.7230186Z Contents: read
2026-09-14T02:25:10.7230889Z Metadata: read
2026-09-14T02:25:10.7231915Z Packages: read
2026-09-14T02:25:10.7232512Z ##[endgroup]
2026-09-14T02:25:10.7234647Z Secret source: Actions
2026-09-14T02:25:10.7235689Z Cache mode: write
2026-09-14T02:25:10.7236439Z Prepare workflow directory
2026-09-14T02:25:10.7585194Z Prepare all required actions
2026-09-14T02:25:10.7636279Z Getting action download info
2026-09-14T02:25:11.1254690Z Download action repository 'actions/checkout@v4' (SHA:11d5960a326750d5838078e36cf38b85af677262)
2026-09-14T02:25:11.6859800Z Download action repository 'actions/setup-python@v5' (SHA:a26af69be951a213d495a4c3e4e4022e16d87065)
2026-09-14T02:25:11.9204968Z Complete job name: test
2026-09-14T02:25:12.0019602Z Node 20 is being deprecated. This workflow is running with Node 24 by default. If you need to temporarily use Node 20, you can set the ACTIONS_ALLOW_USE_UNSECURE_NODE_VERSION=true environment variable. For more information see: https://github.blog/changelog/2025-09-19-deprecation-of-node-20-on-github-actions-runners/
2026-09-14T02:25:12.0029579Z ##[group]Run actions/checkout@v4
2026-09-14T02:25:12.0030422Z with:
2026-09-14T02:25:12.0030924Z   repository: RoomyRems/momentumbot
2026-09-14T02:25:12.0035065Z   token: ***
2026-09-14T02:25:12.0035542Z   ssh-strict: true
2026-09-14T02:25:12.0036029Z   ssh-user: git
2026-09-14T02:25:12.0036515Z   persist-credentials: true
2026-09-14T02:25:12.0037048Z   clean: true
2026-09-14T02:25:12.0037544Z   sparse-checkout-cone-mode: true
2026-09-14T02:25:12.0038109Z   fetch-depth: 1
2026-09-14T02:25:12.0038588Z   fetch-tags: false
2026-09-14T02:25:12.0039256Z   show-progress: true
2026-09-14T02:25:12.0039766Z   lfs: false
2026-09-14T02:25:12.0040287Z   submodules: false
2026-09-14T02:25:12.0040783Z   set-safe-directory: true
2026-09-14T02:25:12.0041364Z   allow-unsafe-pr-checkout: false
2026-09-14T02:25:12.0042226Z ##[endgroup]
2026-09-14T02:25:12.1090239Z Syncing repository: RoomyRems/momentumbot
2026-09-14T02:25:12.1092157Z ##[group]Getting Git version info
2026-09-14T02:25:12.1092990Z Working directory is '/home/runner/work/momentumbot/momentumbot'
2026-09-14T02:25:12.1094128Z [command]/usr/bin/git version
2026-09-14T02:25:12.2539462Z git version 2.55.0
2026-09-14T02:25:12.2572181Z ##[endgroup]
2026-09-14T02:25:12.2585432Z Temporarily overriding HOME='/home/runner/work/_temp/33cff717-b3e0-43a4-9597-c9fd43ad6c92' before making global git config changes
2026-09-14T02:25:12.2587698Z Adding repository directory to the temporary git global config as a safe directory
2026-09-14T02:25:12.2591272Z [command]/usr/bin/git config --global --add safe.directory /home/runner/work/momentumbot/momentumbot
2026-09-14T02:25:12.2897080Z Deleting the contents of '/home/runner/work/momentumbot/momentumbot'
2026-09-14T02:25:12.2901780Z ##[group]Initializing the repository
2026-09-14T02:25:12.2906178Z [command]/usr/bin/git init /home/runner/work/momentumbot/momentumbot
2026-09-14T02:25:12.3646038Z hint: Using 'master' as the name for the initial branch. This default branch name
2026-09-14T02:25:12.3649672Z hint: will change to "main" in Git 3.0. To configure the initial branch name
2026-09-14T02:25:12.3653358Z hint: to use in all of your new repositories, which will suppress this warning,
2026-09-14T02:25:12.3656999Z hint: call:
2026-09-14T02:25:12.3658170Z hint:
2026-09-14T02:25:12.3659784Z hint: 	git config --global init.defaultBranch <name>
2026-09-14T02:25:12.3661504Z hint:
2026-09-14T02:25:12.3663075Z hint: Names commonly chosen instead of 'master' are 'main', 'trunk' and
2026-09-14T02:25:12.3664965Z hint: 'development'. The just-created branch can be renamed via this command:
2026-09-14T02:25:12.3666588Z hint:
2026-09-14T02:25:12.3667466Z hint: 	git branch -m <name>
2026-09-14T02:25:12.3668526Z hint:
2026-09-14T02:25:12.3670481Z hint: Disable this message with "git config set advice.defaultBranchName false"
2026-09-14T02:25:12.3672893Z Initialized empty Git repository in /home/runner/work/momentumbot/momentumbot/.git/
2026-09-14T02:25:12.3677027Z [command]/usr/bin/git remote add origin https://github.com/RoomyRems/momentumbot
2026-09-14T02:25:12.3935747Z ##[endgroup]
2026-09-14T02:25:12.3939505Z ##[group]Disabling automatic garbage collection
2026-09-14T02:25:12.3941648Z [command]/usr/bin/git config --local gc.auto 0
2026-09-14T02:25:12.3973995Z ##[endgroup]
2026-09-14T02:25:12.3975657Z ##[group]Setting up auth
2026-09-14T02:25:12.3980195Z [command]/usr/bin/git config --local --name-only --get-regexp core\.sshCommand
2026-09-14T02:25:12.4015512Z [command]/usr/bin/git submodule foreach --recursive sh -c "git config --local --name-only --get-regexp 'core\.sshCommand' && git config --local --unset-all 'core.sshCommand' || :"
2026-09-14T02:25:12.6397033Z [command]/usr/bin/git config --local --name-only --get-regexp http\.https\:\/\/github\.com\/\.extraheader
2026-09-14T02:25:12.6436211Z [command]/usr/bin/git submodule foreach --recursive sh -c "git config --local --name-only --get-regexp 'http\.https\:\/\/github\.com\/\.extraheader' && git config --local --unset-all 'http.https://github.com/.extraheader' || :"
2026-09-14T02:25:12.6671359Z [command]/usr/bin/git config --local --name-only --get-regexp ^includeIf\.gitdir:
2026-09-14T02:25:12.6711994Z [command]/usr/bin/git submodule foreach --recursive git config --local --show-origin --name-only --get-regexp remote.origin.url
2026-09-14T02:25:12.6979830Z [command]/usr/bin/git config --local http.https://github.com/.extraheader AUTHORIZATION: basic ***
2026-09-14T02:25:12.7020953Z ##[endgroup]
2026-09-14T02:25:12.7030814Z ##[group]Fetching the repository
2026-09-14T02:25:12.7034355Z [command]/usr/bin/git -c protocol.version=2 fetch --no-tags --prune --no-recurse-submodules --depth=1 origin +af48e9f7761d80684683da02c5ef5b9bcdd800d8:refs/remotes/origin/phase-3-historical-snapshot
2026-09-14T02:25:14.6105371Z From https://github.com/RoomyRems/momentumbot
2026-09-14T02:25:14.6106786Z  * [new ref]         af48e9f7761d80684683da02c5ef5b9bcdd800d8 -> origin/phase-3-historical-snapshot
2026-09-14T02:25:14.6117392Z ##[endgroup]
2026-09-14T02:25:14.6118850Z ##[group]Determining the checkout info
2026-09-14T02:25:14.6120447Z ##[endgroup]
2026-09-14T02:25:14.6121100Z [command]/usr/bin/git sparse-checkout disable
2026-09-14T02:25:14.6394931Z [command]/usr/bin/git config --local --unset-all extensions.worktreeConfig
2026-09-14T02:25:14.6431767Z ##[group]Checking out the ref
2026-09-14T02:25:14.6436906Z [command]/usr/bin/git checkout --progress --force -B phase-3-historical-snapshot refs/remotes/origin/phase-3-historical-snapshot
2026-09-14T02:25:14.8675864Z Switched to a new branch 'phase-3-historical-snapshot'
2026-09-14T02:25:14.8680592Z branch 'phase-3-historical-snapshot' set up to track 'origin/phase-3-historical-snapshot'.
2026-09-14T02:25:14.8697209Z ##[endgroup]
2026-09-14T02:25:14.8745368Z [command]/usr/bin/git log -1 --format=%H
2026-09-14T02:25:14.8773891Z af48e9f7761d80684683da02c5ef5b9bcdd800d8
2026-09-14T02:25:14.9046669Z Node 20 is being deprecated. This workflow is running with Node 24 by default. If you need to temporarily use Node 20, you can set the ACTIONS_ALLOW_USE_UNSECURE_NODE_VERSION=true environment variable. For more information see: https://github.blog/changelog/2025-09-19-deprecation-of-node-20-on-github-actions-runners/
2026-09-14T02:25:14.9048522Z ##[group]Run actions/setup-python@v5
2026-09-14T02:25:14.9048804Z with:
2026-09-14T02:25:14.9049258Z   python-version: 3.12
2026-09-14T02:25:14.9049507Z   check-latest: false
2026-09-14T02:25:14.9051896Z   token: ***
2026-09-14T02:25:14.9052123Z   update-environment: true
2026-09-14T02:25:14.9052387Z   allow-prereleases: false
2026-09-14T02:25:14.9052635Z   freethreaded: false
2026-09-14T02:25:14.9052858Z ##[endgroup]
2026-09-14T02:25:15.0441200Z ##[group]Installed versions
2026-09-14T02:25:15.1267934Z (node:2256) [DEP0040] DeprecationWarning: The `punycode` module is deprecated. Please use a userland alternative instead.
2026-09-14T02:25:15.1269346Z (Use `node --trace-deprecation ...` to show where the warning was created)
2026-09-14T02:25:15.1270113Z Successfully set up CPython (3.12.14)
2026-09-14T02:25:15.1270749Z ##[endgroup]
2026-09-14T02:25:15.1453615Z ##[group]Run python -m pip install -e .
2026-09-14T02:25:15.1454262Z [36;1mpython -m pip install -e .[0m
2026-09-14T02:25:15.1603138Z shell: /usr/bin/bash -e {0}
2026-09-14T02:25:15.1603659Z env:
2026-09-14T02:25:15.1604132Z   pythonLocation: /opt/hostedtoolcache/Python/3.12.14/x64
2026-09-14T02:25:15.1604960Z   PKG_CONFIG_PATH: /opt/hostedtoolcache/Python/3.12.14/x64/lib/pkgconfig
2026-09-14T02:25:15.1605568Z   Python_ROOT_DIR: /opt/hostedtoolcache/Python/3.12.14/x64
2026-09-14T02:25:15.1687442Z   Python2_ROOT_DIR: /opt/hostedtoolcache/Python/3.12.14/x64
2026-09-14T02:25:15.1687981Z   Python3_ROOT_DIR: /opt/hostedtoolcache/Python/3.12.14/x64
2026-09-14T02:25:15.1688501Z   LD_LIBRARY_PATH: /opt/hostedtoolcache/Python/3.12.14/x64/lib
2026-09-14T02:25:15.1689160Z ##[endgroup]
2026-09-14T02:25:18.5088286Z Obtaining file:///home/runner/work/momentumbot/momentumbot
2026-09-14T02:25:18.5104108Z   Installing build dependencies: started
2026-09-14T02:25:20.6809566Z   Installing build dependencies: finished with status 'done'
2026-09-14T02:25:20.6815612Z   Checking if build backend supports build_editable: started
2026-09-14T02:25:21.0545814Z   Checking if build backend supports build_editable: finished with status 'done'
2026-09-14T02:25:21.0555538Z   Getting requirements to build editable: started
2026-09-14T02:25:21.4140455Z   Getting requirements to build editable: finished with status 'done'
2026-09-14T02:25:21.4150018Z   Preparing editable metadata (pyproject.toml): started
2026-09-14T02:25:21.6171774Z   Preparing editable metadata (pyproject.toml): finished with status 'done'
2026-09-14T02:25:21.9283916Z Collecting numpy>=1.26 (from momentumbot==0.2.0)
2026-09-14T02:25:22.0025845Z   Downloading numpy-2.5.3-cp312-cp312-manylinux_2_27_x86_64.manylinux_2_28_x86_64.whl.metadata (6.6 kB)
2026-09-14T02:25:22.1293816Z Collecting pandas>=2.2 (from momentumbot==0.2.0)
2026-09-14T02:25:22.1457275Z   Downloading pandas-3.0.5-cp312-cp312-manylinux_2_24_x86_64.manylinux_2_28_x86_64.whl.metadata (79 kB)
2026-09-14T02:25:22.2343298Z Collecting PyYAML>=6.0 (from momentumbot==0.2.0)
2026-09-14T02:25:22.2481049Z   Downloading pyyaml-6.0.3-cp312-cp312-manylinux2014_x86_64.manylinux_2_17_x86_64.manylinux_2_28_x86_64.whl.metadata (2.4 kB)
2026-09-14T02:25:22.2685243Z Collecting python-dateutil>=2.8.2 (from pandas>=2.2->momentumbot==0.2.0)
2026-09-14T02:25:22.2817405Z   Downloading python_dateutil-2.9.0.post0-py2.py3-none-any.whl.metadata (8.4 kB)
2026-09-14T02:25:22.3027848Z Collecting six>=1.5 (from python-dateutil>=2.8.2->pandas>=2.2->momentumbot==0.2.0)
2026-09-14T02:25:22.3155239Z   Downloading six-1.17.0-py2.py3-none-any.whl.metadata (1.7 kB)
2026-09-14T02:25:22.3339207Z Downloading numpy-2.5.3-cp312-cp312-manylinux_2_27_x86_64.manylinux_2_28_x86_64.whl (16.7 MB)
2026-09-14T02:25:22.9417297Z    ━━━━━━━━━━━━━━━━━━━━━━━━━━━━━━━━━━━━━━━━ 16.7/16.7 MB 29.0 MB/s  0:00:00
2026-09-14T02:25:22.9551795Z Downloading pandas-3.0.5-cp312-cp312-manylinux_2_24_x86_64.manylinux_2_28_x86_64.whl (11.0 MB)
2026-09-14T02:25:23.0803040Z    ━━━━━━━━━━━━━━━━━━━━━━━━━━━━━━━━━━━━━━━━ 11.0/11.0 MB 88.3 MB/s  0:00:00
2026-09-14T02:25:23.0940709Z Downloading python_dateutil-2.9.0.post0-py2.py3-none-any.whl (229 kB)
2026-09-14T02:25:23.1109317Z Downloading pyyaml-6.0.3-cp312-cp312-manylinux2014_x86_64.manylinux_2_17_x86_64.manylinux_2_28_x86_64.whl (807 kB)
2026-09-14T02:25:23.1194355Z    ━━━━━━━━━━━━━━━━━━━━━━━━━━━━━━━━━━━━━━━━ 807.9/807.9 kB 88.4 MB/s  0:00:00
2026-09-14T02:25:23.1325280Z Downloading six-1.17.0-py2.py3-none-any.whl (11 kB)
2026-09-14T02:25:23.1999977Z Building wheels for collected packages: momentumbot
2026-09-14T02:25:23.2008352Z   Building editable for momentumbot (pyproject.toml): started
2026-09-14T02:25:23.4352404Z   Building editable for momentumbot (pyproject.toml): finished with status 'done'
2026-09-14T02:25:23.4360996Z   Created wheel for momentumbot: filename=momentumbot-0.2.0-0.editable-py3-none-any.whl size=4119 sha256=592ded0bcc4e28f94609bb8b0dc704424e95a9debec2c2eefda25b5a8481bb42
2026-09-14T02:25:23.4365011Z   Stored in directory: /tmp/pip-ephem-wheel-cache-rofx1ksf/wheels/07/cb/80/ea9ec0ff3434472434457f9dbf823fffe4e1a99167faeb982a
2026-09-14T02:25:23.4381462Z Successfully built momentumbot
2026-09-14T02:25:23.4818315Z Installing collected packages: six, PyYAML, numpy, python-dateutil, pandas, momentumbot
2026-09-14T02:25:30.3849691Z 
2026-09-14T02:25:30.3870507Z Successfully installed PyYAML-6.0.3 momentumbot-0.2.0 numpy-2.5.3 pandas-3.0.5 python-dateutil-2.9.0.post0 six-1.17.0
2026-09-14T02:25:30.4710525Z ##[group]Run python -m unittest discover -s tests -v
2026-09-14T02:25:30.4710977Z [36;1mpython -m unittest discover -s tests -v[0m
2026-09-14T02:25:30.4747927Z shell: /usr/bin/bash -e {0}
2026-09-14T02:25:30.4748252Z env:
2026-09-14T02:25:30.4748588Z   pythonLocation: /opt/hostedtoolcache/Python/3.12.14/x64
2026-09-14T02:25:30.4749307Z   PKG_CONFIG_PATH: /opt/hostedtoolcache/Python/3.12.14/x64/lib/pkgconfig
2026-09-14T02:25:30.4749873Z   Python_ROOT_DIR: /opt/hostedtoolcache/Python/3.12.14/x64
2026-09-14T02:25:30.4750382Z   Python2_ROOT_DIR: /opt/hostedtoolcache/Python/3.12.14/x64
2026-09-14T02:25:30.4750893Z   Python3_ROOT_DIR: /opt/hostedtoolcache/Python/3.12.14/x64
2026-09-14T02:25:30.4751400Z   LD_LIBRARY_PATH: /opt/hostedtoolcache/Python/3.12.14/x64/lib
2026-09-14T02:25:30.4751827Z ##[endgroup]
2026-09-14T02:25:34.6889235Z test_calendar_is_prospectively_frozen_after_review_cutoff (test_account_chronological_integration.AccountIntegrationContractTests.test_calendar_is_prospectively_frozen_after_review_cutoff) ... ok
2026-09-14T02:25:34.6895259Z test_contract_binds_exact_frozen_parents (test_account_chronological_integration.AccountIntegrationContractTests.test_contract_binds_exact_frozen_parents) ... ok
2026-09-14T02:25:34.6898582Z test_contract_has_no_completed_runtime_or_backtest_claim (test_account_chronological_integration.AccountIntegrationContractTests.test_contract_has_no_completed_runtime_or_backtest_claim) ... ok
2026-09-14T02:25:34.6906988Z test_dates_and_retrospective_keys_fail_closed (test_account_chronological_integration.AccountIntegrationContractTests.test_dates_and_retrospective_keys_fail_closed) ... ok
2026-09-14T02:25:34.6914181Z test_mechanical_audit_binds_contract_code_and_documentation (test_account_chronological_integration.AccountIntegrationContractTests.test_mechanical_audit_binds_contract_code_and_documentation) ... ok
2026-09-14T02:25:34.6933089Z test_main_and_small_profiles_cannot_be_mixed (test_account_chronological_integration.AccountSnapshotTests.test_main_and_small_profiles_cannot_be_mixed) ... ok
2026-09-14T02:25:34.6938638Z test_snapshot_must_be_hash_bound_and_predecision (test_account_chronological_integration.AccountSnapshotTests.test_snapshot_must_be_hash_bound_and_predecision) ... ok
2026-09-14T02:25:34.6950971Z test_accepted_plan_local_exit_uses_accepted_quantity (test_account_chronological_integration.ChronologicalIntegrationTests.test_accepted_plan_local_exit_uses_accepted_quantity) ... ok
2026-09-14T02:25:34.6962470Z test_artifact_is_json_safe_and_label_blind (test_account_chronological_integration.ChronologicalIntegrationTests.test_artifact_is_json_safe_and_label_blind) ... ok
2026-09-14T02:25:34.6973087Z test_buying_power_and_notional_can_bind_before_risk (test_account_chronological_integration.ChronologicalIntegrationTests.test_buying_power_and_notional_can_bind_before_risk) ... ok
2026-09-14T02:25:34.6987312Z test_chronology_precedes_rank (test_account_chronological_integration.ChronologicalIntegrationTests.test_chronology_precedes_rank) ... ok
2026-09-14T02:25:34.7000716Z test_exact_time_collision_uses_activation_rank (test_account_chronological_integration.ChronologicalIntegrationTests.test_exact_time_collision_uses_activation_rank) ... ok
2026-09-14T02:25:34.7011934Z test_full_remaining_risk_capacity_is_sized_in_whole_shares (test_account_chronological_integration.ChronologicalIntegrationTests.test_full_remaining_risk_capacity_is_sized_in_whole_shares) ... ok
2026-09-14T02:25:34.7019180Z test_inconsistent_micro_execution_status_fails_closed (test_account_chronological_integration.ChronologicalIntegrationTests.test_inconsistent_micro_execution_status_fails_closed) ... ok
2026-09-14T02:25:34.7040030Z test_input_order_does_not_change_artifact (test_account_chronological_integration.ChronologicalIntegrationTests.test_input_order_does_not_change_artifact) ... ok
2026-09-14T02:25:34.7051443Z test_mismatched_micro_policy_and_other_session_fail_closed (test_account_chronological_integration.ChronologicalIntegrationTests.test_mismatched_micro_policy_and_other_session_fail_closed) ... ok
2026-09-14T02:25:34.7060478Z test_open_outcome_remains_unresolved_and_not_a_backtest (test_account_chronological_integration.ChronologicalIntegrationTests.test_open_outcome_remains_unresolved_and_not_a_backtest) ... ok
2026-09-14T02:25:34.7066623Z test_rejected_or_unavailable_candidate_is_retained_without_events (test_account_chronological_integration.ChronologicalIntegrationTests.test_rejected_or_unavailable_candidate_is_retained_without_events) ... ok
2026-09-14T02:25:34.7080153Z test_same_time_exit_does_not_recycle_capacity_for_entry (test_account_chronological_integration.ChronologicalIntegrationTests.test_same_time_exit_does_not_recycle_capacity_for_entry) ... ok
2026-09-14T02:25:34.7088834Z test_zero_whole_share_capacity_records_no_submission (test_account_chronological_integration.ChronologicalIntegrationTests.test_zero_whole_share_capacity_records_no_submission) ... ok
2026-09-14T02:25:34.7092227Z test_permanent_success_audit_is_sanitized_and_hash_bound (test_account_credential_validation_audit.AccountCredentialValidationAuditTests.test_permanent_success_audit_is_sanitized_and_hash_bound) ... ok
2026-09-14T02:25:34.7096054Z test_contract_binds_exact_frozen_parents_and_two_accounts (test_account_priority_policy.AccountPriorityContractTests.test_contract_binds_exact_frozen_parents_and_two_accounts) ... ok
2026-09-14T02:25:34.7100516Z test_cross_account_priority_cannot_be_silently_enabled (test_account_priority_policy.AccountPriorityContractTests.test_cross_account_priority_cannot_be_silently_enabled) ... ok
2026-09-14T02:25:34.7107674Z test_mechanical_audit_binds_contract_bundle_code_and_documentation (test_account_priority_policy.AccountPriorityContractTests.test_mechanical_audit_binds_contract_bundle_code_and_documentation) ... ok
2026-09-14T02:25:34.7110610Z test_policy_bundle_matches_registered_order (test_account_priority_policy.AccountPriorityContractTests.test_policy_bundle_matches_registered_order) ... ok
2026-09-14T02:25:34.7115197Z test_registered_paper_safe_fraction_cannot_be_retuned (test_account_priority_policy.AccountPriorityContractTests.test_registered_paper_safe_fraction_cannot_be_retuned) ... ok
2026-09-14T02:25:34.7120013Z test_transcript_observations_cannot_set_runtime_risk (test_account_priority_policy.AccountPriorityContractTests.test_transcript_observations_cannot_set_runtime_risk) ... ok
2026-09-14T02:25:34.7122655Z test_main_policy_materializes_existing_paper_safe_fractions (test_account_priority_policy.PaperAccountMaterializationTests.test_main_policy_materializes_existing_paper_safe_fractions) ... ok
2026-09-14T02:25:34.7126825Z test_materialized_policy_composes_with_frozen_ledger (test_account_priority_policy.PaperAccountMaterializationTests.test_materialized_policy_composes_with_frozen_ledger) ... ok
2026-09-14T02:25:34.7129262Z test_parent_fingerprints_are_recomputed_from_current_code (test_account_priority_policy.PaperAccountMaterializationTests.test_parent_fingerprints_are_recomputed_from_current_code) ... ok
2026-09-14T02:25:34.7131817Z test_small_policy_is_separate_and_buying_power_binds_notional (test_account_priority_policy.PaperAccountMaterializationTests.test_small_policy_is_separate_and_buying_power_binds_notional) ... ok
2026-09-14T02:25:34.7134595Z test_unregistered_policy_mutation_fails_closed (test_account_priority_policy.PaperAccountMaterializationTests.test_unregistered_policy_mutation_fails_closed) ... ok
2026-09-14T02:25:34.7136947Z test_cross_account_batch_fails_closed (test_account_priority_policy.ScarceCapitalPriorityTests.test_cross_account_batch_fails_closed) ... ok
2026-09-14T02:25:34.7139899Z test_exact_time_collision_reuses_existing_candidate_ranking (test_account_priority_policy.ScarceCapitalPriorityTests.test_exact_time_collision_reuses_existing_candidate_ranking) ... ok
2026-09-14T02:25:34.7142201Z test_execution_chronology_precedes_candidate_rank (test_account_priority_policy.ScarceCapitalPriorityTests.test_execution_chronology_precedes_candidate_rank) ... ok
2026-09-14T02:25:34.7143528Z test_future_candidate_snapshot_is_rejected (test_account_priority_policy.ScarceCapitalPriorityTests.test_future_candidate_snapshot_is_rejected) ... ok
2026-09-14T02:25:34.7145491Z test_ordered_collision_has_deterministic_ledger_consequence (test_account_priority_policy.ScarceCapitalPriorityTests.test_ordered_collision_has_deterministic_ledger_consequence) ... ok
2026-09-14T02:25:34.7147309Z test_priority_artifact_is_json_safe_and_label_blind (test_account_priority_policy.ScarceCapitalPriorityTests.test_priority_artifact_is_json_safe_and_label_blind) ... ok
2026-09-14T02:25:34.7149477Z test_stable_tie_breakers_are_input_order_independent (test_account_priority_policy.ScarceCapitalPriorityTests.test_stable_tie_breakers_are_input_order_independent) ... ok
2026-09-14T02:25:34.7151477Z test_timezone_naive_execution_fails_closed (test_account_priority_policy.ScarceCapitalPriorityTests.test_timezone_naive_execution_fails_closed) ... ok
2026-09-14T02:25:34.7155885Z test_capture_rejects_start_or_completion_after_deadline (test_account_snapshot_capture.AccountSnapshotCaptureTests.test_capture_rejects_start_or_completion_after_deadline) ... ok
2026-09-14T02:25:34.7158128Z test_capture_rejects_unregistered_or_wrong_local_date (test_account_snapshot_capture.AccountSnapshotCaptureTests.test_capture_rejects_unregistered_or_wrong_local_date) ... ok
2026-09-14T02:25:34.7163452Z test_frozen_capture_contract_binds_accounts_schedule_and_parent (test_account_snapshot_capture.AccountSnapshotCaptureTests.test_frozen_capture_contract_binds_accounts_schedule_and_parent) ... ok
2026-09-14T02:25:34.7165558Z test_live_endpoint_and_provider_error_details_are_rejected (test_account_snapshot_capture.AccountSnapshotCaptureTests.test_live_endpoint_and_provider_error_details_are_rejected) ... ok
2026-09-14T02:25:34.7169307Z test_open_positions_or_orders_fail_closed (test_account_snapshot_capture.AccountSnapshotCaptureTests.test_open_positions_or_orders_fail_closed) ... ok
2026-09-14T02:25:34.7179343Z test_registered_capture_produces_integration_compatible_snapshots (test_account_snapshot_capture.AccountSnapshotCaptureTests.test_registered_capture_produces_integration_compatible_snapshots) ... ok
2026-09-14T02:25:34.7184648Z test_registration_audit_binds_contract_code_workflow_and_tests (test_account_snapshot_capture.AccountSnapshotCaptureTests.test_registration_audit_binds_contract_code_workflow_and_tests) ... ok
2026-09-14T02:25:34.7188595Z test_swapped_equity_and_duplicate_accounts_fail_closed (test_account_snapshot_capture.AccountSnapshotCaptureTests.test_swapped_equity_and_duplicate_accounts_fail_closed) ... ok
2026-09-14T02:25:34.7196415Z test_tampering_breaks_source_snapshot_and_manifest_hashes (test_account_snapshot_capture.AccountSnapshotCaptureTests.test_tampering_breaks_source_snapshot_and_manifest_hashes) ... ok
2026-09-14T02:25:34.7200775Z test_validation_is_clean_distinct_and_secret_safe (test_account_snapshot_capture.AccountSnapshotCaptureTests.test_validation_is_clean_distinct_and_secret_safe) ... ok
2026-09-14T02:25:34.7202862Z test_workflow_is_scoped_to_paper_capture_and_has_manual_fallback (test_account_snapshot_capture.AccountSnapshotCaptureTests.test_workflow_is_scoped_to_paper_capture_and_has_manual_fallback) ... ok
2026-09-14T02:25:34.7210251Z test_bars_rejects_unique_pagination_past_frozen_page_cap (test_alpaca_provider.AlpacaProviderTests.test_bars_rejects_unique_pagination_past_frozen_page_cap) ... ok
2026-09-14T02:25:34.7213496Z test_batched_bars_does_not_swallow_unrelated_provider_error (test_alpaca_provider.AlpacaProviderTests.test_batched_bars_does_not_swallow_unrelated_provider_error) ... ok
2026-09-14T02:25:34.7219546Z test_batched_bars_quarantines_only_named_invalid_symbol_and_retries (test_alpaca_provider.AlpacaProviderTests.test_batched_bars_quarantines_only_named_invalid_symbol_and_retries) ... ok
2026-09-14T02:25:34.7223452Z test_corporate_actions_paginates_grouped_response (test_alpaca_provider.AlpacaProviderTests.test_corporate_actions_paginates_grouped_response) ... ok
2026-09-14T02:25:34.7228633Z test_corporate_actions_rejects_repeated_page_token (test_alpaca_provider.AlpacaProviderTests.test_corporate_actions_rejects_repeated_page_token) ... ok
2026-09-14T02:25:34.7231883Z test_news_exhausts_pagination (test_alpaca_provider.AlpacaProviderTests.test_news_exhausts_pagination) ... ok
2026-09-14T02:25:34.7235406Z test_news_rejects_unbounded_unique_pagination (test_alpaca_provider.AlpacaProviderTests.test_news_rejects_unbounded_unique_pagination) ... ok
2026-09-14T02:25:34.7297818Z test_historical_trades_paginates_and_normalizes (test_alpaca_trades_provider.AlpacaTradesProviderTests.test_historical_trades_paginates_and_normalizes) ... ok
2026-09-14T02:25:34.7300226Z test_naive_bounds_are_rejected (test_alpaca_trades_provider.AlpacaTradesProviderTests.test_naive_bounds_are_rejected) ... ok
2026-09-14T02:25:34.7302411Z test_contract_freezes_features_but_no_trading_rule (test_attention_leadership.AttentionLeadershipTests.test_contract_freezes_features_but_no_trading_rule) ... ok
2026-09-14T02:25:34.7305260Z test_contract_rejects_strategy_gate (test_attention_leadership.AttentionLeadershipTests.test_contract_rejects_strategy_gate) ... ok
2026-09-14T02:25:34.7308314Z test_derives_handoff_persistence_competition_and_change (test_attention_leadership.AttentionLeadershipTests.test_derives_handoff_persistence_competition_and_change) ... ok
2026-09-14T02:25:34.7310861Z test_frozen_validation_audit_is_pinned_and_non_promotional (test_attention_leadership.AttentionLeadershipTests.test_frozen_validation_audit_is_pinned_and_non_promotional) ... ok
2026-09-14T02:25:34.7313032Z test_later_candidate_cannot_change_earlier_features (test_attention_leadership.AttentionLeadershipTests.test_later_candidate_cannot_change_earlier_features) ... ok
2026-09-14T02:25:34.7315577Z test_missing_exact_bar_keeps_causal_rank_but_nulls_bar_deltas (test_attention_leadership.AttentionLeadershipTests.test_missing_exact_bar_keeps_causal_rank_but_nulls_bar_deltas) ... ok
2026-09-14T02:25:34.7317817Z test_missing_rank_state_keeps_leadership_features_unknown (test_attention_leadership.AttentionLeadershipTests.test_missing_rank_state_keeps_leadership_features_unknown) ... ok
2026-09-14T02:25:34.7320155Z test_nonconsecutive_observation_resets_handoff_and_tenure (test_attention_leadership.AttentionLeadershipTests.test_nonconsecutive_observation_resets_handoff_and_tenure) ... ok
2026-09-14T02:25:34.7321567Z test_same_minute_rank_state_disagreement_fails_closed (test_attention_leadership.AttentionLeadershipTests.test_same_minute_rank_state_disagreement_fails_closed) ... ok
2026-09-14T02:25:34.7417067Z test_ranks_ordered_rejection_then_later_high_first (test_audit_benchmark_symbol_candidates.BenchmarkSymbolCandidateAuditTests.test_ranks_ordered_rejection_then_later_high_first) ... ok
2026-09-14T02:25:34.7421203Z test_requires_timezone_aware_bars (test_audit_benchmark_symbol_candidates.BenchmarkSymbolCandidateAuditTests.test_requires_timezone_aware_bars) ... ok
2026-09-14T02:25:34.7423826Z test_error_body_is_not_propagated (test_audit_fmp_universe_capability.FmpUniverseCapabilityAuditTests.test_error_body_is_not_propagated) ... ok
2026-09-14T02:25:34.7426487Z test_missing_active_listing_date_blocks_prototype (test_audit_fmp_universe_capability.FmpUniverseCapabilityAuditTests.test_missing_active_listing_date_blocks_prototype) ... ok
2026-09-14T02:25:34.7429855Z test_schema_probe_never_grants_historical_completeness (test_audit_fmp_universe_capability.FmpUniverseCapabilityAuditTests.test_schema_probe_never_grants_historical_completeness) ... ok
2026-09-14T02:25:34.7431590Z test_summary_exposes_schema_and_ranges_without_raw_rows (test_audit_fmp_universe_capability.FmpUniverseCapabilityAuditTests.test_summary_exposes_schema_and_ranges_without_raw_rows) ... ok
2026-09-14T02:25:34.7432880Z test_error_body_is_not_propagated (test_audit_massive_universe_capability.MassiveUniverseCapabilityAuditTests.test_error_body_is_not_propagated) ... ok
2026-09-14T02:25:34.7434330Z test_missing_exchange_field_blocks_prototype (test_audit_massive_universe_capability.MassiveUniverseCapabilityAuditTests.test_missing_exchange_field_blocks_prototype) ... ok
2026-09-14T02:25:34.7435820Z test_successful_samples_authorize_only_paginated_prototype (test_audit_massive_universe_capability.MassiveUniverseCapabilityAuditTests.test_successful_samples_authorize_only_paginated_prototype) ... ok
2026-09-14T02:25:34.7437399Z test_summary_exposes_counts_and_schema_without_identifiers (test_audit_massive_universe_capability.MassiveUniverseCapabilityAuditTests.test_summary_exposes_counts_and_schema_without_identifiers) ... ok
2026-09-14T02:25:34.9304038Z test_bad_gap_fill_rejected_when_two_r_no_longer_exists (test_backtest.BacktestTests.test_bad_gap_fill_rejected_when_two_r_no_longer_exists) ... ok
2026-09-14T02:25:35.1254993Z test_entry_occurs_after_plan_bar (test_backtest.BacktestTests.test_entry_occurs_after_plan_bar) ... ok
2026-09-14T02:25:35.2367655Z test_future_news_cannot_qualify_earlier_bars (test_backtest.BacktestTests.test_future_news_cannot_qualify_earlier_bars) ... ok
2026-09-14T02:25:35.4262854Z test_same_bar_trigger_and_stop_assumes_adverse_sequence (test_backtest.BacktestTests.test_same_bar_trigger_and_stop_assumes_adverse_sequence) ... ok
2026-09-14T02:25:35.4272698Z test_artl_source_correction_supersedes_historical_scores (test_benchmark_suite.BenchmarkSuiteTests.test_artl_source_correction_supersedes_historical_scores) ... ok
2026-09-14T02:25:35.4279792Z test_boundary_cases_cannot_be_accidentally_scored (test_benchmark_suite.BenchmarkSuiteTests.test_boundary_cases_cannot_be_accidentally_scored) ... ok
2026-09-14T02:25:35.4282059Z test_seed_suite_loads_and_has_balanced_roles (test_benchmark_suite.BenchmarkSuiteTests.test_seed_suite_loads_and_has_balanced_roles) ... ok
2026-09-14T02:25:35.4292222Z test_seed_suite_references_existing_safe_benchmarks (test_benchmark_suite.BenchmarkSuiteTests.test_seed_suite_references_existing_safe_benchmarks) ... ok
2026-09-14T02:25:35.4296396Z test_unsafe_knowledge_policy_is_rejected (test_benchmark_suite.BenchmarkSuiteTests.test_unsafe_knowledge_policy_is_rejected) ... ok
2026-09-14T02:25:35.4306644Z test_adapter_restores_identity_after_parent_failure (test_build_causal_downstream_identity_v07.DownstreamIdentityV07Tests.test_adapter_restores_identity_after_parent_failure) ... ok
2026-09-14T02:25:35.4311174Z test_legacy_failure_is_reproduced_and_scope_restores_parent (test_build_causal_downstream_identity_v07.DownstreamIdentityV07Tests.test_legacy_failure_is_reproduced_and_scope_restores_parent) ... ok
2026-09-14T02:25:35.4322949Z test_news_and_scanner_adapters_preflight_before_parent (test_build_causal_downstream_identity_v07.DownstreamIdentityV07Tests.test_news_and_scanner_adapters_preflight_before_parent) ... ok
2026-09-14T02:25:35.4325991Z test_receipt_is_exact_and_tamper_evident (test_build_causal_downstream_identity_v07.DownstreamIdentityV07Tests.test_receipt_is_exact_and_tamper_evident) ... ok
2026-09-14T02:25:35.4329268Z test_scope_restores_parent_after_exception (test_build_causal_downstream_identity_v07.DownstreamIdentityV07Tests.test_scope_restores_parent_after_exception) ... ok
2026-09-14T02:25:35.4334706Z test_adapter_restores_identity_after_parent_failure (test_build_causal_downstream_identity_v08.DownstreamIdentityV08Tests.test_adapter_restores_identity_after_parent_failure) ... ok
2026-09-14T02:25:35.4337555Z test_legacy_failure_is_reproduced_and_scope_restores_parent (test_build_causal_downstream_identity_v08.DownstreamIdentityV08Tests.test_legacy_failure_is_reproduced_and_scope_restores_parent) ... ok
2026-09-14T02:25:35.4349340Z test_news_and_scanner_adapters_preflight_before_parent (test_build_causal_downstream_identity_v08.DownstreamIdentityV08Tests.test_news_and_scanner_adapters_preflight_before_parent) ... ok
2026-09-14T02:25:35.4351418Z test_receipt_is_exact_and_tamper_evident (test_build_causal_downstream_identity_v08.DownstreamIdentityV08Tests.test_receipt_is_exact_and_tamper_evident) ... ok
2026-09-14T02:25:35.4353576Z test_scope_restores_parent_after_exception (test_build_causal_downstream_identity_v08.DownstreamIdentityV08Tests.test_scope_restores_parent_after_exception) ... ok
2026-09-14T02:25:35.4359337Z test_adapter_restores_identity_after_parent_failure (test_build_causal_downstream_identity_v09.DownstreamIdentityV09Tests.test_adapter_restores_identity_after_parent_failure) ... ok
2026-09-14T02:25:35.4361903Z test_legacy_failure_is_reproduced_and_scope_restores_parent (test_build_causal_downstream_identity_v09.DownstreamIdentityV09Tests.test_legacy_failure_is_reproduced_and_scope_restores_parent) ... ok
2026-09-14T02:25:35.4375081Z test_news_and_scanner_adapters_preflight_before_parent (test_build_causal_downstream_identity_v09.DownstreamIdentityV09Tests.test_news_and_scanner_adapters_preflight_before_parent) ... ok
2026-09-14T02:25:35.4377238Z test_receipt_is_exact_and_tamper_evident (test_build_causal_downstream_identity_v09.DownstreamIdentityV09Tests.test_receipt_is_exact_and_tamper_evident) ... ok
2026-09-14T02:25:35.4379438Z test_scope_restores_parent_after_exception (test_build_causal_downstream_identity_v09.DownstreamIdentityV09Tests.test_scope_restores_parent_after_exception) ... ok
2026-09-14T02:25:35.4381827Z test_evidence_status_does_not_overclaim_acceptance_precision (test_build_causal_float_enrichment.BuildCausalFloatEnrichmentTests.test_evidence_status_does_not_overclaim_acceptance_precision) ... ok
2026-09-14T02:25:35.4383618Z test_future_basis_date_fails_closed (test_build_causal_float_enrichment.BuildCausalFloatEnrichmentTests.test_future_basis_date_fails_closed) ... ok
2026-09-14T02:25:35.4385419Z test_old_basis_window_preserves_calendar_gap_buffer (test_build_causal_float_enrichment.BuildCausalFloatEnrichmentTests.test_old_basis_window_preserves_calendar_gap_buffer) ... ok
2026-09-14T02:25:35.4387883Z test_recent_basis_window_cannot_query_after_trading_date (test_build_causal_float_enrichment.BuildCausalFloatEnrichmentTests.test_recent_basis_window_cannot_query_after_trading_date) ... ok
2026-09-14T02:25:35.4389596Z test_sec_call_preserves_exhausted_provider_error (test_build_causal_float_enrichment.BuildCausalFloatEnrichmentTests.test_sec_call_preserves_exhausted_provider_error) ... ok
2026-09-14T02:25:35.4391045Z test_sec_call_retries_transient_failure (test_build_causal_float_enrichment.BuildCausalFloatEnrichmentTests.test_sec_call_retries_transient_failure) ... ok
2026-09-14T02:25:35.4392557Z test_sec_call_treats_not_found_as_fail_closed_data_absence (test_build_causal_float_enrichment.BuildCausalFloatEnrichmentTests.test_sec_call_treats_not_found_as_fail_closed_data_absence) ... ok
2026-09-14T02:25:35.4394161Z test_sec_payload_must_match_frozen_candidate_cik (test_build_causal_float_enrichment.BuildCausalFloatEnrichmentTests.test_sec_payload_must_match_frozen_candidate_cik) ... ok
2026-09-14T02:25:35.4441954Z test_adapter_restores_parent_and_writes_hashed_diagnostics (test_build_causal_float_enrichment_v05.BuildCausalFloatEnrichmentV05Tests.test_adapter_restores_parent_and_writes_hashed_diagnostics) ... ok
2026-09-14T02:25:35.4454109Z test_diagnostic_output_rejects_symlinked_parent (test_build_causal_float_enrichment_v05.BuildCausalFloatEnrichmentV05Tests.test_diagnostic_output_rejects_symlinked_parent) ... ok
2026-09-14T02:25:35.4456426Z test_diagnostics_tampering_is_rejected (test_build_causal_float_enrichment_v05.BuildCausalFloatEnrichmentV05Tests.test_diagnostics_tampering_is_rejected) ... ok
2026-09-14T02:25:35.4458823Z test_invalid_target_source_is_fatal_not_candidate_contained (test_build_causal_float_enrichment_v05.BuildCausalFloatEnrichmentV05Tests.test_invalid_target_source_is_fatal_not_candidate_contained) ... ok
2026-09-14T02:25:35.4467416Z test_observation_and_final_record_data_errors_are_candidate_contained (test_build_causal_float_enrichment_v05.BuildCausalFloatEnrichmentV05Tests.test_observation_and_final_record_data_errors_are_candidate_contained) ... ok
2026-09-14T02:25:35.4471038Z test_type_error_is_candidate_data_but_transport_error_remains_fatal (test_build_causal_float_enrichment_v05.BuildCausalFloatEnrichmentV05Tests.test_type_error_is_candidate_data_but_transport_error_remains_fatal) ... ok
2026-09-14T02:25:35.4482228Z test_valid_candidate_is_unchanged (test_build_causal_float_enrichment_v05.BuildCausalFloatEnrichmentV05Tests.test_valid_candidate_is_unchanged) ... ok
2026-09-14T02:25:35.4485839Z test_value_error_rejects_only_candidate_without_retaining_message (test_build_causal_float_enrichment_v05.BuildCausalFloatEnrichmentV05Tests.test_value_error_rejects_only_candidate_without_retaining_message) ... ok
2026-09-14T02:25:35.4498620Z test_adapter_preflights_before_parent_and_restores_legacy_function (test_build_causal_float_enrichment_v06.BuildCausalFloatEnrichmentV06Tests.test_adapter_preflights_before_parent_and_restores_legacy_function) ... ok
2026-09-14T02:25:35.4507907Z test_adapter_restores_legacy_function_after_parent_failure (test_build_causal_float_enrichment_v06.BuildCausalFloatEnrichmentV06Tests.test_adapter_restores_legacy_function_after_parent_failure) ... ok
2026-09-14T02:25:35.4511983Z test_authoritative_identity_kinds_are_accepted_without_rewriting (test_build_causal_float_enrichment_v06.BuildCausalFloatEnrichmentV06Tests.test_authoritative_identity_kinds_are_accepted_without_rewriting) ... ok
2026-09-14T02:25:35.4514935Z test_obsolete_or_ambiguous_identity_kind_fails_closed (test_build_causal_float_enrichment_v06.BuildCausalFloatEnrichmentV06Tests.test_obsolete_or_ambiguous_identity_kind_fails_closed) ... ok
2026-09-14T02:25:35.4517337Z test_preflight_tampering_is_rejected (test_build_causal_float_enrichment_v06.BuildCausalFloatEnrichmentV06Tests.test_preflight_tampering_is_rejected) ... ok
2026-09-14T02:25:35.4520363Z test_candidate_previous_close_corroboration_remains_fail_closed (test_build_causal_scanner_snapshot.BuildCausalScannerSnapshotTests.test_candidate_previous_close_corroboration_remains_fail_closed) ... ok
2026-09-14T02:25:35.4524346Z test_candidate_previous_close_is_corroborated_without_rewrite (test_build_causal_scanner_snapshot.BuildCausalScannerSnapshotTests.test_candidate_previous_close_is_corroborated_without_rewrite) ... ok
2026-09-14T02:25:35.4534841Z test_candidate_rank_binding_blocks_mismatch_and_shares_uniform_source (test_build_causal_scanner_snapshot.BuildCausalScannerSnapshotTests.test_candidate_rank_binding_blocks_mismatch_and_shares_uniform_source) ... ok
2026-09-14T02:25:35.4550844Z test_fake_provider_reacquires_all_members_on_causal_bases (test_build_causal_scanner_snapshot.BuildCausalScannerSnapshotTests.test_fake_provider_reacquires_all_members_on_causal_bases) ... ok
2026-09-14T02:25:35.4579804Z test_future_candidate_status_cannot_rewrite_earlier_rank_inputs (test_build_causal_scanner_snapshot.BuildCausalScannerSnapshotTests.test_future_candidate_status_cannot_rewrite_earlier_rank_inputs) ... ok
2026-09-14T02:25:35.4583381Z test_previous_close_rejects_unordered_daily_bars (test_build_causal_scanner_snapshot.BuildCausalScannerSnapshotTests.test_previous_close_rejects_unordered_daily_bars) ... ok
2026-09-14T02:25:35.4593425Z test_provider_failure_is_a_blocker_not_empty_rank_data (test_build_causal_scanner_snapshot.BuildCausalScannerSnapshotTests.test_provider_failure_is_a_blocker_not_empty_rank_data) ... ok
2026-09-14T02:25:35.4599413Z test_reconstruction_requires_exact_candidate_set_and_first_time (test_build_causal_scanner_snapshot.BuildCausalScannerSnapshotTests.test_reconstruction_requires_exact_candidate_set_and_first_time) ... ok
2026-09-14T02:25:35.4613561Z test_root_and_date_lineage_hashes_are_explicitly_enforced (test_build_causal_scanner_snapshot.BuildCausalScannerSnapshotTests.test_root_and_date_lineage_hashes_are_explicitly_enforced) ... ok
2026-09-14T02:25:35.4616674Z test_frozen_rows_are_hash_bound_and_shadow_only (test_build_discretion_shadow_runtime.BuildDiscretionShadowRuntimeTests.test_frozen_rows_are_hash_bound_and_shadow_only) ... ok
2026-09-14T02:25:35.4620144Z test_source_runtime_requires_unlabeled_frozen_all_candidate_replay (test_build_discretion_shadow_runtime.BuildDiscretionShadowRuntimeTests.test_source_runtime_requires_unlabeled_frozen_all_candidate_replay) ... ok
2026-09-14T02:25:35.4638076Z test_bundle_fingerprints_every_audit_component (test_build_identity_resolved_universe.BuildIdentityResolvedUniverseTests.test_bundle_fingerprints_every_audit_component) ... ok
2026-09-14T02:25:35.4641010Z test_date_payload_pins_source_and_remains_non_promotable (test_build_identity_resolved_universe.BuildIdentityResolvedUniverseTests.test_date_payload_pins_source_and_remains_non_promotable) ... ok
2026-09-14T02:25:35.4649632Z test_expected_result_rejects_changed_provider_content (test_build_identity_resolved_universe.BuildIdentityResolvedUniverseTests.test_expected_result_rejects_changed_provider_content) ... ok
2026-09-14T02:25:35.4652403Z test_intermediate_date_pins_provisional_root_without_audit_row (test_build_identity_resolved_universe.BuildIdentityResolvedUniverseTests.test_intermediate_date_pins_provisional_root_without_audit_row) ... ok
2026-09-14T02:25:35.4692369Z test_main_emits_every_panel_date_from_endpoint_audit (test_build_identity_resolved_universe.BuildIdentityResolvedUniverseTests.test_main_emits_every_panel_date_from_endpoint_audit) ... ok
2026-09-14T02:25:35.4695273Z test_panel_resolves_intermediate_date_and_binds_endpoints (test_build_identity_resolved_universe.BuildIdentityResolvedUniverseTests.test_panel_resolves_intermediate_date_and_binds_endpoints) ... ok
2026-09-14T02:25:35.4698517Z test_completed_pagination_still_cannot_promote_universe (test_build_massive_historical_census.MassiveHistoricalCensusBuilderTests.test_completed_pagination_still_cannot_promote_universe) ... ok
2026-09-14T02:25:35.4702328Z test_reconciliation_is_explicitly_current_only (test_build_massive_historical_census.MassiveHistoricalCensusBuilderTests.test_reconciliation_is_explicitly_current_only) ... ok
2026-09-14T02:25:35.4705372Z test_summary_distinguishes_ticker_collision_from_identity_duplicate (test_build_massive_historical_census.MassiveHistoricalCensusBuilderTests.test_summary_distinguishes_ticker_collision_from_identity_duplicate) ... ok
2026-09-14T02:25:35.4707833Z test_summary_preserves_missing_field_counts (test_build_massive_historical_census.MassiveHistoricalCensusBuilderTests.test_summary_preserves_missing_field_counts) ... ok
2026-09-14T02:25:35.4710201Z test_date_manifest_is_complete_relative_only_and_never_promotable (test_build_massive_provisional_universe.BuildMassiveProvisionalUniverseTests.test_date_manifest_is_complete_relative_only_and_never_promotable) ... ok
2026-09-14T02:25:35.4713236Z test_summary_fingerprints_included_membership_and_reasons (test_build_massive_provisional_universe.BuildMassiveProvisionalUniverseTests.test_summary_fingerprints_included_membership_and_reasons) ... ok
2026-09-14T02:25:35.4715479Z test_contract_fails_if_retrospective_labels_are_enabled (test_campaign_portfolio.CampaignPortfolioContractTests.test_contract_fails_if_retrospective_labels_are_enabled) ... ok
2026-09-14T02:25:35.4717533Z test_contract_fails_if_simultaneous_selection_authority_is_added (test_campaign_portfolio.CampaignPortfolioContractTests.test_contract_fails_if_simultaneous_selection_authority_is_added) ... ok
2026-09-14T02:25:35.4719224Z test_contract_fingerprint_is_order_independent (test_campaign_portfolio.CampaignPortfolioContractTests.test_contract_fingerprint_is_order_independent) ... ok
2026-09-14T02:25:35.4720658Z test_contract_preserves_frozen_parents_and_registers_no_account_values (test_campaign_portfolio.CampaignPortfolioContractTests.test_contract_preserves_frozen_parents_and_registers_no_account_values) ... ok
2026-09-14T02:25:35.4723192Z test_mechanical_audit_binds_contract_code_and_documentation (test_campaign_portfolio.CampaignPortfolioContractTests.test_mechanical_audit_binds_contract_code_and_documentation) ... ok
2026-09-14T02:25:35.4728374Z test_add_requires_open_position_and_cannot_average_down (test_campaign_portfolio.CampaignPortfolioLedgerTests.test_add_requires_open_position_and_cannot_average_down) ... ok
2026-09-14T02:25:35.4732374Z test_artifact_records_simultaneous_opportunities_and_is_label_blind (test_campaign_portfolio.CampaignPortfolioLedgerTests.test_artifact_records_simultaneous_opportunities_and_is_label_blind) ... ok
2026-09-14T02:25:35.4736280Z test_buying_power_and_position_count_fail_closed (test_campaign_portfolio.CampaignPortfolioLedgerTests.test_buying_power_and_position_count_fail_closed) ... ok
2026-09-14T02:25:35.4739153Z test_entry_slippage_is_recorded_and_can_fail_a_registered_limit (test_campaign_portfolio.CampaignPortfolioLedgerTests.test_entry_slippage_is_recorded_and_can_fail_a_registered_limit) ... ok
2026-09-14T02:25:35.4742254Z test_entry_updates_position_buying_power_and_open_risk (test_campaign_portfolio.CampaignPortfolioLedgerTests.test_entry_updates_position_buying_power_and_open_risk) ... ok
2026-09-14T02:25:35.4745798Z test_events_must_be_session_bounded_and_causally_ordered (test_campaign_portfolio.CampaignPortfolioLedgerTests.test_events_must_be_session_bounded_and_causally_ordered) ... ok
2026-09-14T02:25:35.4748555Z test_first_campaign_fill_cannot_be_mislabeled_as_an_add (test_campaign_portfolio.CampaignPortfolioLedgerTests.test_first_campaign_fill_cannot_be_mislabeled_as_an_add) ... ok
2026-09-14T02:25:35.4753514Z test_flat_campaign_requires_reentry_role_and_registered_permission (test_campaign_portfolio.CampaignPortfolioLedgerTests.test_flat_campaign_requires_reentry_role_and_registered_permission) ... ok
2026-09-14T02:25:35.4756951Z test_halt_blocks_fills_until_resume (test_campaign_portfolio.CampaignPortfolioLedgerTests.test_halt_blocks_fills_until_resume) ... ok
2026-09-14T02:25:35.4764898Z test_loss_lock_is_terminal_for_entries_but_never_blocks_exits (test_campaign_portfolio.CampaignPortfolioLedgerTests.test_loss_lock_is_terminal_for_entries_but_never_blocks_exits) ... ok
2026-09-14T02:25:35.4767822Z test_malformed_fill_values_reject_without_mutating_position_state (test_campaign_portfolio.CampaignPortfolioLedgerTests.test_malformed_fill_values_reject_without_mutating_position_state) ... ok
2026-09-14T02:25:35.4773080Z test_profit_giveback_lock_uses_ordered_realized_pnl (test_campaign_portfolio.CampaignPortfolioLedgerTests.test_profit_giveback_lock_uses_ordered_realized_pnl) ... ok
2026-09-14T02:25:35.4777614Z test_repeated_plans_share_one_campaign_but_accounts_do_not (test_campaign_portfolio.CampaignPortfolioLedgerTests.test_repeated_plans_share_one_campaign_but_accounts_do_not) ... ok
2026-09-14T02:25:35.4781094Z test_structurally_invalid_event_does_not_advance_ledger_clock (test_campaign_portfolio.CampaignPortfolioLedgerTests.test_structurally_invalid_event_does_not_advance_ledger_clock) ... ok
2026-09-14T02:25:35.4783148Z test_contract_freezes_evidence_envelope_without_semantic_rule (test_catalyst_evidence.CatalystEvidenceTests.test_contract_freezes_evidence_envelope_without_semantic_rule) ... ok
2026-09-14T02:25:35.4785329Z test_contract_rejects_ai_order_authority (test_catalyst_evidence.CatalystEvidenceTests.test_contract_rejects_ai_order_authority) ... ok
2026-09-14T02:25:35.4787225Z test_duplicate_symbol_headline_fails_closed (test_catalyst_evidence.CatalystEvidenceTests.test_duplicate_symbol_headline_fails_closed) ... ok
2026-09-14T02:25:35.4790011Z test_emits_activation_and_event_change_packets_only (test_catalyst_evidence.CatalystEvidenceTests.test_emits_activation_and_event_change_packets_only) ... ok
2026-09-14T02:25:35.4791874Z test_frozen_audit_is_pinned_causal_and_non_promotional (test_catalyst_evidence.CatalystEvidenceTests.test_frozen_audit_is_pinned_causal_and_non_promotional) ... ok
2026-09-14T02:25:35.4794109Z test_packet_hash_and_order_are_input_order_independent (test_catalyst_evidence.CatalystEvidenceTests.test_packet_hash_and_order_are_input_order_independent) ... ok
2026-09-14T02:25:35.4795865Z test_preserves_multi_symbol_scope_without_interpreting_it (test_catalyst_evidence.CatalystEvidenceTests.test_preserves_multi_symbol_scope_without_interpreting_it) ... ok
2026-09-14T02:25:35.4797483Z test_scanner_news_count_mismatch_fails_closed (test_catalyst_evidence.CatalystEvidenceTests.test_scanner_news_count_mismatch_fails_closed) ... ok
2026-09-14T02:25:35.4799614Z test_binds_structured_assessment_to_causal_packet (test_catalyst_interpretation.CatalystInterpretationTests.test_binds_structured_assessment_to_causal_packet) ... ok
2026-09-14T02:25:35.4801967Z test_contract_freezes_protocol_without_score_or_authority (test_catalyst_interpretation.CatalystInterpretationTests.test_contract_freezes_protocol_without_score_or_authority) ... ok
2026-09-14T02:25:35.4804305Z test_contract_rejects_strategy_effect (test_catalyst_interpretation.CatalystInterpretationTests.test_contract_rejects_strategy_effect) ... ok
2026-09-14T02:25:35.4806143Z test_frozen_audit_records_examples_without_promotion (test_catalyst_interpretation.CatalystInterpretationTests.test_frozen_audit_records_examples_without_promotion) ... ok
2026-09-14T02:25:35.4807842Z test_no_event_forces_not_assessable_axes (test_catalyst_interpretation.CatalystInterpretationTests.test_no_event_forces_not_assessable_axes) ... ok
2026-09-14T02:25:35.4809522Z test_packet_hash_tamper_fails_closed (test_catalyst_interpretation.CatalystInterpretationTests.test_packet_hash_tamper_fails_closed) ... ok
2026-09-14T02:25:35.4812191Z test_record_is_independent_of_set_like_input_order (test_catalyst_interpretation.CatalystInterpretationTests.test_record_is_independent_of_set_like_input_order) ... ok
2026-09-14T02:25:35.4813883Z test_rejects_unavailable_headline_reference (test_catalyst_interpretation.CatalystInterpretationTests.test_rejects_unavailable_headline_reference) ... ok
2026-09-14T02:25:35.4815771Z test_title_only_evidence_cannot_claim_materiality (test_catalyst_interpretation.CatalystInterpretationTests.test_title_only_evidence_cannot_claim_materiality) ... ok
2026-09-14T02:25:35.4817741Z test_audit_freezes_protocol_not_semantic_model (test_catalyst_interpretation_v02.CatalystInterpretationV02Tests.test_audit_freezes_protocol_not_semantic_model) ... ok
2026-09-14T02:25:35.4819893Z test_contract_adds_evidenced_axes_without_strategy_authority (test_catalyst_interpretation_v02.CatalystInterpretationV02Tests.test_contract_adds_evidenced_axes_without_strategy_authority) ... ok
2026-09-14T02:25:35.4823369Z test_contract_and_record_tampering_fail_closed (test_catalyst_interpretation_v02.CatalystInterpretationV02Tests.test_contract_and_record_tampering_fail_closed) ... ok
2026-09-14T02:25:35.4825352Z test_definitive_unquantified_title_is_structured_but_not_scored (test_catalyst_interpretation_v02.CatalystInterpretationV02Tests.test_definitive_unquantified_title_is_structured_but_not_scored) ... ok
2026-09-14T02:25:35.4827485Z test_no_event_forces_every_semantic_axis_not_assessable (test_catalyst_interpretation_v02.CatalystInterpretationV02Tests.test_no_event_forces_every_semantic_axis_not_assessable) ... ok
2026-09-14T02:25:35.4829491Z test_offering_withdrawal_is_signal_not_dilution_safety_claim (test_catalyst_interpretation_v02.CatalystInterpretationV02Tests.test_offering_withdrawal_is_signal_not_dilution_safety_claim) ... ok
2026-09-14T02:25:35.4832408Z test_possible_repetition_requires_two_available_headlines (test_catalyst_interpretation_v02.CatalystInterpretationV02Tests.test_possible_repetition_requires_two_available_headlines) ... ok
2026-09-14T02:25:35.4834343Z test_proposal_and_board_authorization_are_distinct_from_execution (test_catalyst_interpretation_v02.CatalystInterpretationV02Tests.test_proposal_and_board_authorization_are_distinct_from_execution) ... ok
2026-09-14T02:25:35.4836421Z test_semantic_claim_without_required_title_observation_fails_closed (test_catalyst_interpretation_v02.CatalystInterpretationV02Tests.test_semantic_claim_without_required_title_observation_fails_closed) ... ok
2026-09-14T02:25:35.4838429Z test_specific_amount_does_not_claim_materiality (test_catalyst_interpretation_v02.CatalystInterpretationV02Tests.test_specific_amount_does_not_claim_materiality) ... ok
2026-09-14T02:25:35.4840029Z test_v01_contract_remains_readable_and_unchanged (test_catalyst_interpretation_v02.CatalystInterpretationV02Tests.test_v01_contract_remains_readable_and_unchanged) ... ok
2026-09-14T02:25:35.4841768Z test_contract_freezes_timing_features_without_quality_or_gate (test_catalyst_timing.CatalystTimingTests.test_contract_freezes_timing_features_without_quality_or_gate) ... ok
2026-09-14T02:25:35.4844215Z test_contract_rejects_strategy_gate (test_catalyst_timing.CatalystTimingTests.test_contract_rejects_strategy_gate) ... ok
2026-09-14T02:25:35.4845492Z test_event_count_cannot_decrease (test_catalyst_timing.CatalystTimingTests.test_event_count_cannot_decrease) ... ok
2026-09-14T02:25:35.4847625Z test_frozen_validation_audit_is_pinned_and_non_promotional (test_catalyst_timing.CatalystTimingTests.test_frozen_validation_audit_is_pinned_and_non_promotional) ... ok
2026-09-14T02:25:35.4849344Z test_future_publication_fails_closed (test_catalyst_timing.CatalystTimingTests.test_future_publication_fails_closed) ... ok
2026-09-14T02:25:35.4850979Z test_news_arrival_after_activation_is_measured_causally (test_catalyst_timing.CatalystTimingTests.test_news_arrival_after_activation_is_measured_causally) ... ok
2026-09-14T02:25:35.4852730Z test_observation_gap_resets_transitions (test_catalyst_timing.CatalystTimingTests.test_observation_gap_resets_transitions) ... ok
2026-09-14T02:25:35.4854403Z test_preexisting_news_is_distinguished_from_post_activation_news (test_catalyst_timing.CatalystTimingTests.test_preexisting_news_is_distinguished_from_post_activation_news) ... ok
2026-09-14T02:25:35.4855708Z test_provider_error_remains_unknown_not_no_news (test_catalyst_timing.CatalystTimingTests.test_provider_error_remains_unknown_not_no_news) ... ok
2026-09-14T02:25:35.4856815Z test_exchange_translation_preserves_every_frozen_member (test_causal_market_discovery.CausalMarketDiscoveryTests.test_exchange_translation_preserves_every_frozen_member) ... ok
2026-09-14T02:25:35.4882378Z test_manifest_is_complete_only_through_market_discovery (test_causal_market_discovery.CausalMarketDiscoveryTests.test_manifest_is_complete_only_through_market_discovery) ... ok
2026-09-14T02:25:35.4884799Z test_manifest_rejects_member_without_required_daily_basis (test_causal_market_discovery.CausalMarketDiscoveryTests.test_manifest_rejects_member_without_required_daily_basis) ... ok
2026-09-14T02:25:35.4886998Z test_strategy_profile_fingerprint_changes_with_policy (test_causal_market_discovery.CausalMarketDiscoveryTests.test_strategy_profile_fingerprint_changes_with_policy) ... ok
2026-09-14T02:25:35.4911374Z test_core_uses_uniform_reacquired_candidate_previous_close (test_causal_scanner_snapshot.CausalScannerSnapshotTests.test_core_uses_uniform_reacquired_candidate_previous_close) ... ok
2026-09-14T02:25:35.4939999Z test_incomplete_rank_fails_closed_and_records_coverage (test_causal_scanner_snapshot.CausalScannerSnapshotTests.test_incomplete_rank_fails_closed_and_records_coverage) ... ok
2026-09-14T02:25:35.5001704Z test_input_tape_excludes_bars_unavailable_before_cutoff (test_causal_scanner_snapshot.CausalScannerSnapshotTests.test_input_tape_excludes_bars_unavailable_before_cutoff) ... ok
2026-09-14T02:25:35.5038749Z test_later_news_changes_disposition_only_at_publication (test_causal_scanner_snapshot.CausalScannerSnapshotTests.test_later_news_changes_disposition_only_at_publication) ... ok
2026-09-14T02:25:35.5073925Z test_market_input_hash_orders_membership_and_prior_closes (test_causal_scanner_snapshot.CausalScannerSnapshotTests.test_market_input_hash_orders_membership_and_prior_closes) ... ok
2026-09-14T02:25:35.5124695Z test_missing_exact_candidate_bar_nulls_all_market_features (test_causal_scanner_snapshot.CausalScannerSnapshotTests.test_missing_exact_candidate_bar_nulls_all_market_features) ... ok
2026-09-14T02:25:35.5154793Z test_normalized_rank_uses_split_gain_but_raw_price (test_causal_scanner_snapshot.CausalScannerSnapshotTests.test_normalized_rank_uses_split_gain_but_raw_price) ... ok
2026-09-14T02:25:35.5199331Z test_rank_includes_higher_gain_noncandidate_and_breaks_ties_by_symbol (test_causal_scanner_snapshot.CausalScannerSnapshotTests.test_rank_includes_higher_gain_noncandidate_and_breaks_ties_by_symbol) ... ok
2026-09-14T02:25:35.5223608Z test_session_frame_and_no_top_n_boundaries_are_enforced (test_causal_scanner_snapshot.CausalScannerSnapshotTests.test_session_frame_and_no_top_n_boundaries_are_enforced) ... ok
2026-09-14T02:25:35.5256937Z test_unknown_float_and_news_provider_error_fail_closed (test_causal_scanner_snapshot.CausalScannerSnapshotTests.test_unknown_float_and_news_provider_error_fail_closed) ... ok
2026-09-14T02:25:35.5408210Z test_validator_rejects_tamper_duplicate_and_missing_disposition (test_causal_scanner_snapshot.CausalScannerSnapshotTests.test_validator_rejects_tamper_duplicate_and_missing_disposition) ... ok
2026-09-14T02:25:35.5600512Z test_artifact_loaders_reject_duplicate_json_keys (test_causal_scanner_snapshot_v03.CausalScannerSnapshotV03Tests.test_artifact_loaders_reject_duplicate_json_keys) ... ok
2026-09-14T02:25:35.5802973Z test_forward_and_reverse_scale_factors_cancel_from_gain_and_rank (test_causal_scanner_snapshot_v03.CausalScannerSnapshotV03Tests.test_forward_and_reverse_scale_factors_cancel_from_gain_and_rank) ... ok
2026-09-14T02:25:35.6024184Z test_normalized_sidecar_and_snapshot_round_trip (test_causal_scanner_snapshot_v03.CausalScannerSnapshotV03Tests.test_normalized_sidecar_and_snapshot_round_trip) ... ok
2026-09-14T02:25:35.6027817Z test_policy_and_source_tape_have_new_versioned_identity (test_causal_scanner_snapshot_v03.CausalScannerSnapshotV03Tests.test_policy_and_source_tape_have_new_versioned_identity) ... ok
2026-09-14T02:25:35.6163193Z test_raw_price_is_separate_from_split_gain_and_rank (test_causal_scanner_snapshot_v03.CausalScannerSnapshotV03Tests.test_raw_price_is_separate_from_split_gain_and_rank) ... ok
2026-09-14T02:25:35.6234164Z test_raw_split_timestamp_mismatch_fails_closed (test_causal_scanner_snapshot_v03.CausalScannerSnapshotV03Tests.test_raw_split_timestamp_mismatch_fails_closed) ... ok
2026-09-14T02:25:35.6456077Z test_rehashed_raw_price_and_normalized_gain_tampering_fail (test_causal_scanner_snapshot_v03.CausalScannerSnapshotV03Tests.test_rehashed_raw_price_and_normalized_gain_tampering_fail) ... ok
2026-09-14T02:25:35.8947708Z test_changed_raw_member_is_detected_under_new_outer_pin (test_census_capture.CensusCaptureTests.test_changed_raw_member_is_detected_under_new_outer_pin) ... ok
2026-09-14T02:25:36.1670505Z test_complete_mixed_case_capture_and_raw_archive_replay (test_census_capture.CensusCaptureTests.test_complete_mixed_case_capture_and_raw_archive_replay) ... ok
2026-09-14T02:25:36.1865389Z test_cross_page_order_failure_keeps_body_projection_and_receipt (test_census_capture.CensusCaptureTests.test_cross_page_order_failure_keeps_body_projection_and_receipt) ... ok
2026-09-14T02:25:40.8254657Z test_exact_601_request_capture_and_archive_bound (test_census_capture.CensusCaptureTests.test_exact_601_request_capture_and_archive_bound) ... ok
2026-09-14T02:25:41.1616222Z test_extra_missing_unsafe_members_and_false_terminal_report_fail (test_census_capture.CensusCaptureTests.test_extra_missing_unsafe_members_and_false_terminal_report_fail) ... ok
2026-09-14T02:25:41.1758834Z test_failed_pacing_does_not_start_second_request (test_census_capture.CensusCaptureTests.test_failed_pacing_does_not_start_second_request) ... ok
2026-09-14T02:25:41.2218857Z test_http_incomplete_encoding_and_size_errors_stop_once (test_census_capture.CensusCaptureTests.test_http_incomplete_encoding_and_size_errors_stop_once) ... ok
2026-09-14T02:25:41.4149949Z test_intent_is_durable_before_transport_and_no_secret_is_retained (test_census_capture.CensusCaptureTests.test_intent_is_durable_before_transport_and_no_secret_is_retained) ... ok
2026-09-14T02:25:41.4227074Z test_interruption_preserves_intent_and_failure_inventory (test_census_capture.CensusCaptureTests.test_interruption_preserves_intent_and_failure_inventory) ... ok
2026-09-14T02:25:41.5998364Z test_no_restart_or_output_reuse (test_census_capture.CensusCaptureTests.test_no_restart_or_output_reuse) ... ok
2026-09-14T02:25:41.6079789Z test_non_json_provider_error_retains_hash_only (test_census_capture.CensusCaptureTests.test_non_json_provider_error_retains_hash_only) ... ok
2026-09-14T02:25:41.8780440Z test_original_quarantined_provider_page_survives_capture_and_replay (test_census_capture.CensusCaptureTests.test_original_quarantined_provider_page_survives_capture_and_replay) ... ok
2026-09-14T02:25:41.8888423Z test_partial_archive_cannot_claim_completion (test_census_capture.CensusCaptureTests.test_partial_archive_cannot_claim_completion) ... ok
2026-09-14T02:25:41.8963704Z test_payload_limit_preserves_failed_receipt_without_extra_call (test_census_capture.CensusCaptureTests.test_payload_limit_preserves_failed_receipt_without_extra_call) ... ok
2026-09-14T02:25:42.1099821Z test_raw_order_witness_tamper_fails_even_if_resealed (test_census_capture.CensusCaptureTests.test_raw_order_witness_tamper_fails_even_if_resealed) ... ok
2026-09-14T02:25:42.2128182Z test_required_page_21_is_failed_not_truncated_success (test_census_capture.CensusCaptureTests.test_required_page_21_is_failed_not_truncated_success) ... ok
2026-09-14T02:25:42.2267001Z test_safe_rejected_page_retained_with_fixed_reason_and_no_retry (test_census_capture.CensusCaptureTests.test_safe_rejected_page_retained_with_fixed_reason_and_no_retry) ... ok
2026-09-14T02:25:42.2339775Z test_transport_exception_never_discloses_text_or_retries (test_census_capture.CensusCaptureTests.test_transport_exception_never_discloses_text_or_retries) ... ok
2026-09-14T02:25:42.2413507Z test_unicode_and_duplicate_key_credential_echo_is_not_saved (test_census_capture.CensusCaptureTests.test_unicode_and_duplicate_key_credential_echo_is_not_saved) ... ok
2026-09-14T02:25:42.4529890Z test_wrong_outer_inventory_or_contract_pin_fails (test_census_capture.CensusCaptureTests.test_wrong_outer_inventory_or_contract_pin_fails) ... ok
2026-09-14T02:25:42.5132563Z test_authorization_is_time_bounded (test_census_capture_hosted.HostedCensusTests.test_authorization_is_time_bounded) ... ok
2026-09-14T02:25:42.8457894Z test_bad_inventory_output_pin_cannot_pass_hosted_verification (test_census_capture_hosted.HostedCensusTests.test_bad_inventory_output_pin_cannot_pass_hosted_verification) ... ok
2026-09-14T02:25:42.9098071Z test_changed_preflight_fails_before_key_or_transport (test_census_capture_hosted.HostedCensusTests.test_changed_preflight_fails_before_key_or_transport) ... ok
2026-09-14T02:25:42.9102271Z test_ci_wrong_code_failed_or_skipped_test_prevents_preparation (test_census_capture_hosted.HostedCensusTests.test_ci_wrong_code_failed_or_skipped_test_prevents_preparation) ... ok
2026-09-14T02:25:43.2881134Z test_existing_output_or_launch_blocks_second_credential_read (test_census_capture_hosted.HostedCensusTests.test_existing_output_or_launch_blocks_second_credential_read) ... ok
2026-09-14T02:25:43.7932056Z test_failed_skipped_or_wrong_capture_job_cannot_pass (test_census_capture_hosted.HostedCensusTests.test_failed_skipped_or_wrong_capture_job_cannot_pass) ... ok
2026-09-14T02:25:43.9155179Z test_missing_extra_preflight_and_reuse_fail (test_census_capture_hosted.HostedCensusTests.test_missing_extra_preflight_and_reuse_fail) ... ok
2026-09-14T02:25:43.9839876Z test_missing_key_preserves_launch_failure_and_zero_provider_calls (test_census_capture_hosted.HostedCensusTests.test_missing_key_preserves_launch_failure_and_zero_provider_calls) ... ok
2026-09-14T02:25:44.6144117Z test_offline_cli_validates_without_credential_discovery (test_census_capture_hosted.HostedCensusTests.test_offline_cli_validates_without_credential_discovery) ... ok
2026-09-14T02:25:44.6146740Z test_parent_dirty_merge_or_missing_new_contract_fails (test_census_capture_hosted.HostedCensusTests.test_parent_dirty_merge_or_missing_new_contract_fails) ... ok
2026-09-14T02:25:44.6149640Z test_registration_fixes_scope_and_preserves_uncertain_entitlement (test_census_capture_hosted.HostedCensusTests.test_registration_fixes_scope_and_preserves_uncertain_entitlement) ... ok
2026-09-14T02:25:45.0095633Z test_successful_credential_gated_capture_and_independent_hosted_replay (test_census_capture_hosted.HostedCensusTests.test_successful_credential_gated_capture_and_independent_hosted_replay) ... ok
2026-09-14T02:25:45.0227140Z test_workflow_ci_precedes_consumption_and_verifier_uses_original_zips (test_census_capture_hosted.HostedCensusTests.test_workflow_ci_precedes_consumption_and_verifier_uses_original_zips) ... ok
2026-09-14T02:25:45.0351325Z test_workflow_only_capture_step_has_provider_key (test_census_capture_hosted.HostedCensusTests.test_workflow_only_capture_step_has_provider_key) ... ok
2026-09-14T02:25:45.5310873Z test_wrong_artifact_code_run_role_id_or_digest_cannot_pass (test_census_capture_hosted.HostedCensusTests.test_wrong_artifact_code_run_role_id_or_digest_cannot_pass) ... ok
2026-09-14T02:25:45.5313720Z test_wrong_head_branch_event_attempt_or_workflow_fails (test_census_capture_hosted.HostedCensusTests.test_wrong_head_branch_event_attempt_or_workflow_fails) ... ok
2026-09-14T02:25:45.8300514Z test_wrong_ref_or_artifact_fails_before_key (test_census_capture_hosted.HostedCensusTests.test_wrong_ref_or_artifact_fails_before_key) ... ok
2026-09-14T02:25:46.0032892Z test_actual_page_replays_with_original_hash_and_cursor (test_census_order_repair.CensusOrderRepairTests.test_actual_page_replays_with_original_hash_and_cursor) ... ok
2026-09-14T02:25:46.0037702Z test_archive_symlink_is_rejected (test_census_order_repair.CensusOrderRepairTests.test_archive_symlink_is_rejected) ... ok
2026-09-14T02:25:46.0042824Z test_changed_archive_pin_is_rejected (test_census_order_repair.CensusOrderRepairTests.test_changed_archive_pin_is_rejected) ... ok
2026-09-14T02:25:46.0131638Z test_cross_page_uses_raw_last_not_canonical_maximum (test_census_order_repair.CensusOrderRepairTests.test_cross_page_uses_raw_last_not_canonical_maximum) ... ok
2026-09-14T02:25:46.0142583Z test_cursor_host_query_credentials_and_duplicates_still_rejected (test_census_order_repair.CensusOrderRepairTests.test_cursor_host_query_credentials_and_duplicates_still_rejected) ... ok
2026-09-14T02:25:46.0224266Z test_distinct_identities_and_missing_metadata_are_not_dropped (test_census_order_repair.CensusOrderRepairTests.test_distinct_identities_and_missing_metadata_are_not_dropped) ... ok
2026-09-14T02:25:46.0405887Z test_duplicate_canonical_identity_within_and_across_pages_rejected (test_census_order_repair.CensusOrderRepairTests.test_duplicate_canonical_identity_within_and_across_pages_rejected) ... ok
2026-09-14T02:25:46.0409325Z test_duplicate_keys_nonfinite_json_and_nonobject_root_still_rejected (test_census_order_repair.CensusOrderRepairTests.test_duplicate_keys_nonfinite_json_and_nonobject_root_still_rejected) ... ok
2026-09-14T02:25:46.0509842Z test_empty_intermediate_preserves_order_boundary (test_census_order_repair.CensusOrderRepairTests.test_empty_intermediate_preserves_order_boundary) ... ok
2026-09-14T02:25:46.0599629Z test_empty_terminal_after_members_is_valid_but_empty_census_is_not (test_census_order_repair.CensusOrderRepairTests.test_empty_terminal_after_members_is_valid_but_empty_census_is_not) ... ok
2026-09-14T02:25:46.1161913Z test_frozen_registration_has_no_capture_or_runtime_authority (test_census_order_repair.CensusOrderRepairTests.test_frozen_registration_has_no_capture_or_runtime_authority) ... ok
2026-09-14T02:25:46.1507626Z test_missing_forged_or_inconsistent_order_witness_rejected (test_census_order_repair.CensusOrderRepairTests.test_missing_forged_or_inconsistent_order_witness_rejected) ... ok
2026-09-14T02:25:46.1515488Z test_native_order_is_validated_before_any_sorting (test_census_order_repair.CensusOrderRepairTests.test_native_order_is_validated_before_any_sorting) ... ok
2026-09-14T02:25:46.2668460Z test_no_network_is_needed_for_evidence_and_projection (test_census_order_repair.CensusOrderRepairTests.test_no_network_is_needed_for_evidence_and_projection) ... ok
2026-09-14T02:25:46.4083011Z test_original_artifact_chain_and_rejected_body_reproduce (test_census_order_repair.CensusOrderRepairTests.test_original_artifact_chain_and_rejected_body_reproduce) ... ok
2026-09-14T02:25:46.4087598Z test_projection_preserves_raw_case_and_canonical_identity (test_census_order_repair.CensusOrderRepairTests.test_projection_preserves_raw_case_and_canonical_identity) ... ok
2026-09-14T02:25:47.1885533Z test_provider_free_cli_reverifies_saved_originals (test_census_order_repair.CensusOrderRepairTests.test_provider_free_cli_reverifies_saved_originals) ... ok
2026-09-14T02:25:47.1982524Z test_real_cross_page_regression_rejected_before_all_mutation (test_census_order_repair.CensusOrderRepairTests.test_real_cross_page_regression_rejected_before_all_mutation) ... ok
2026-09-14T02:25:47.2572053Z test_repeated_cursor_and_page_21_do_not_mutate_state (test_census_order_repair.CensusOrderRepairTests.test_repeated_cursor_and_page_21_do_not_mutate_state) ... ok
2026-09-14T02:25:47.2574736Z test_request_mutation_still_fails (test_census_order_repair.CensusOrderRepairTests.test_request_mutation_still_fails) ... ok
2026-09-14T02:25:47.2625138Z test_row_and_response_size_limits_still_apply (test_census_order_repair.CensusOrderRepairTests.test_row_and_response_size_limits_still_apply) ... ok
2026-09-14T02:25:47.2645440Z test_schema_filter_count_and_metadata_checks_are_not_bypassed (test_census_order_repair.CensusOrderRepairTests.test_schema_filter_count_and_metadata_checks_are_not_bypassed) ... ok
2026-09-14T02:25:47.3002670Z test_synthetic_complete_30_date_mixed_case_protocol (test_census_order_repair.CensusOrderRepairTests.test_synthetic_complete_30_date_mixed_case_protocol) ... ok
2026-09-14T02:25:48.8511845Z test_synthetic_exact_601_attempt_maximum (test_census_order_repair.CensusOrderRepairTests.test_synthetic_exact_601_attempt_maximum) ... ok
2026-09-14T02:25:48.8520206Z test_ticker_is_required_string_not_coerced (test_census_order_repair.CensusOrderRepairTests.test_ticker_is_required_string_not_coerced) ... ok
2026-09-14T02:25:48.8582391Z test_unchanged_type_dictionary_and_uppercase_projections (test_census_order_repair.CensusOrderRepairTests.test_unchanged_type_dictionary_and_uppercase_projections) ... ok
2026-09-14T02:25:48.8585269Z test_uppercase_cannot_hide_a_real_within_page_regression (test_census_order_repair.CensusOrderRepairTests.test_uppercase_cannot_hide_a_real_within_page_regression) ... ok
2026-09-14T02:25:48.8674514Z test_valid_mixed_case_across_pages (test_census_order_repair.CensusOrderRepairTests.test_valid_mixed_case_across_pages) ... ok
2026-09-14T02:25:48.8764136Z test_wrong_request_sequence_or_body_hash_rejected (test_census_order_repair.CensusOrderRepairTests.test_wrong_request_sequence_or_body_hash_rejected) ... ok
2026-09-14T02:25:48.9362379Z test_bad_preflight_never_reads_key (test_census_payload_diagnostic.PayloadDiagnosticTests.test_bad_preflight_never_reads_key) ... ok
2026-09-14T02:25:48.9485777Z test_bad_ref_artifact_or_runtime_never_passes (test_census_payload_diagnostic.PayloadDiagnosticTests.test_bad_ref_artifact_or_runtime_never_passes) ... ok
2026-09-14T02:25:48.9489165Z test_ci_must_match_code_and_succeed_in_every_step (test_census_payload_diagnostic.PayloadDiagnosticTests.test_ci_must_match_code_and_succeed_in_every_step) ... ok
2026-09-14T02:25:48.9492372Z test_dirty_merge_wrong_parent_or_missing_authorization_rejected (test_census_payload_diagnostic.PayloadDiagnosticTests.test_dirty_merge_wrong_parent_or_missing_authorization_rejected) ... ok
2026-09-14T02:25:48.9497119Z test_duplicate_key_body_is_safely_inspectable_but_legacy_rejected (test_census_payload_diagnostic.PayloadDiagnosticTests.test_duplicate_key_body_is_safely_inspectable_but_legacy_rejected) ... ok
2026-09-14T02:25:48.9499988Z test_duplicate_key_overwrite_cannot_hide_escaped_credential (test_census_payload_diagnostic.PayloadDiagnosticTests.test_duplicate_key_overwrite_cannot_hide_escaped_credential) ... ok
2026-09-14T02:25:48.9502825Z test_exact_frozen_parent_request_and_no_runtime_authority (test_census_payload_diagnostic.PayloadDiagnosticTests.test_exact_frozen_parent_request_and_no_runtime_authority) ... ok
2026-09-14T02:25:48.9505238Z test_exact_same_commit_launch_allows_batched_code_commit (test_census_payload_diagnostic.PayloadDiagnosticTests.test_exact_same_commit_launch_allows_batched_code_commit) ... ok
2026-09-14T02:25:48.9507797Z test_expired_and_future_authorization_rejected (test_census_payload_diagnostic.PayloadDiagnosticTests.test_expired_and_future_authorization_rejected) ... ok
2026-09-14T02:25:48.9973262Z test_incomplete_oversize_or_encoded_body_not_retained (test_census_payload_diagnostic.PayloadDiagnosticTests.test_incomplete_oversize_or_encoded_body_not_retained) ... ok
2026-09-14T02:25:49.0077987Z test_missing_credential_records_zero_attempts (test_census_payload_diagnostic.PayloadDiagnosticTests.test_missing_credential_records_zero_attempts) ... ok
2026-09-14T02:25:49.0218674Z test_output_reuse_blocks_second_key_read (test_census_payload_diagnostic.PayloadDiagnosticTests.test_output_reuse_blocks_second_key_read) ... ok
2026-09-14T02:25:49.0271191Z test_preflight_roundtrip_and_immutability (test_census_payload_diagnostic.PayloadDiagnosticTests.test_preflight_roundtrip_and_immutability) ... ok
2026-09-14T02:25:49.0394882Z test_provider_denial_does_not_retry (test_census_payload_diagnostic.PayloadDiagnosticTests.test_provider_denial_does_not_retry) ... ok
2026-09-14T02:25:49.0398495Z test_raw_percent_encoded_and_unicode_escaped_secrets_are_not_retained (test_census_payload_diagnostic.PayloadDiagnosticTests.test_raw_percent_encoded_and_unicode_escaped_secrets_are_not_retained) ... ok
2026-09-14T02:25:49.0522423Z test_rejected_order_body_is_retained_and_identified (test_census_payload_diagnostic.PayloadDiagnosticTests.test_rejected_order_body_is_retained_and_identified) ... ok
2026-09-14T02:25:49.0526287Z test_rerun_dispatch_wrong_sha_branch_workflow_or_repo_rejected (test_census_payload_diagnostic.PayloadDiagnosticTests.test_rerun_dispatch_wrong_sha_branch_workflow_or_repo_rejected) ... ok
2026-09-14T02:25:49.0639911Z test_secret_echo_capture_keeps_only_hash (test_census_payload_diagnostic.PayloadDiagnosticTests.test_secret_echo_capture_keeps_only_hash) ... ok
2026-09-14T02:25:49.0683603Z test_symlink_or_extra_preflight_rejected (test_census_payload_diagnostic.PayloadDiagnosticTests.test_symlink_or_extra_preflight_rejected) ... ok
2026-09-14T02:25:49.0797876Z test_transport_exception_does_not_retry_or_leak (test_census_payload_diagnostic.PayloadDiagnosticTests.test_transport_exception_does_not_retry_or_leak) ... ok
2026-09-14T02:25:49.0802476Z test_unexpected_exception_text_is_never_disclosed (test_census_payload_diagnostic.PayloadDiagnosticTests.test_unexpected_exception_text_is_never_disclosed) ... ok
2026-09-14T02:25:49.0804860Z test_uninspectable_json_not_retained (test_census_payload_diagnostic.PayloadDiagnosticTests.test_uninspectable_json_not_retained) ... ok
2026-09-14T02:25:49.0811036Z test_unknown_field_bad_filter_and_bad_cursor_keep_specific_reason (test_census_payload_diagnostic.PayloadDiagnosticTests.test_unknown_field_bad_filter_and_bad_cursor_keep_specific_reason) ... ok
2026-09-14T02:25:49.0936588Z test_valid_page_retained_once_without_pagination (test_census_payload_diagnostic.PayloadDiagnosticTests.test_valid_page_retained_once_without_pagination) ... ok
2026-09-14T02:25:49.1024076Z test_workflow_waits_same_commit_ci_then_consumes_before_secrets (test_census_payload_diagnostic.PayloadDiagnosticTests.test_workflow_waits_same_commit_ci_then_consumes_before_secrets) ... ok
2026-09-14T02:25:49.1034965Z test_cik_uniqueness_recomputed_after_coverage (test_census_scanner_bridge.CoverageTests.test_cik_uniqueness_recomputed_after_coverage) ... ok
2026-09-14T02:25:49.1047607Z test_complete_exact_coverage_population (test_census_scanner_bridge.CoverageTests.test_complete_exact_coverage_population) ... ok
2026-09-14T02:25:49.1063932Z test_coverage_observations_cannot_coerce_or_contradict (test_census_scanner_bridge.CoverageTests.test_coverage_observations_cannot_coerce_or_contradict) ... ok
2026-09-14T02:25:49.1066759Z test_coverage_projection_tamper_rejected (test_census_scanner_bridge.CoverageTests.test_coverage_projection_tamper_rejected) ... ok
2026-09-14T02:25:49.1069997Z test_coverage_requires_dated_envelope (test_census_scanner_bridge.CoverageTests.test_coverage_requires_dated_envelope) ... ok
2026-09-14T02:25:49.1077064Z test_exact_existing_membership_projection (test_census_scanner_bridge.CoverageTests.test_exact_existing_membership_projection) ... ok
2026-09-14T02:25:49.1086369Z test_metadata_exclusions_cannot_be_resurrected_by_coverage (test_census_scanner_bridge.CoverageTests.test_metadata_exclusions_cannot_be_resurrected_by_coverage) ... ok
2026-09-14T02:25:49.1092288Z test_missing_and_false_are_different (test_census_scanner_bridge.CoverageTests.test_missing_and_false_are_different) ... ok
2026-09-14T02:25:49.1098311Z test_raw_split_disagreement_retained (test_census_scanner_bridge.CoverageTests.test_raw_split_disagreement_retained) ... ok
2026-09-14T02:25:49.1105717Z test_wrong_coverage_date_or_reference_cannot_be_resealed (test_census_scanner_bridge.CoverageTests.test_wrong_coverage_date_or_reference_cannot_be_resealed) ... ok
2026-09-14T02:25:49.1109890Z test_dst_uses_inherited_utc_window_not_new_semantics (test_census_scanner_bridge.PlanAndPinsTests.test_dst_uses_inherited_utc_window_not_new_semantics) ... ok
2026-09-14T02:25:49.1740174Z test_frozen_registration_and_source_authority (test_census_scanner_bridge.PlanAndPinsTests.test_frozen_registration_and_source_authority) ... ok
2026-09-14T02:25:49.1743772Z test_no_requests_for_metadata_exclusions (test_census_scanner_bridge.PlanAndPinsTests.test_no_requests_for_metadata_exclusions) ... ok
2026-09-14T02:25:49.1964397Z test_request_union_all_candidates_and_adjustments (test_census_scanner_bridge.PlanAndPinsTests.test_request_union_all_candidates_and_adjustments) ... ok
2026-09-14T02:25:49.1969371Z test_symlink_cannot_substitute_original_source (test_census_scanner_bridge.PlanAndPinsTests.test_symlink_cannot_substitute_original_source) ... ok
2026-09-14T02:25:49.1973275Z test_wrong_archive_cannot_be_admitted_by_self_supplied_pins (test_census_scanner_bridge.PlanAndPinsTests.test_wrong_archive_cannot_be_admitted_by_self_supplied_pins) ... ok
2026-09-14T02:25:49.1977097Z test_collision_uses_frozen_semantics (test_census_scanner_bridge.ReferenceTests.test_collision_uses_frozen_semantics) ... ok
2026-09-14T02:25:49.1983966Z test_common_type_name_conflicts_retained (test_census_scanner_bridge.ReferenceTests.test_common_type_name_conflicts_retained) ... ok
2026-09-14T02:25:49.1985693Z test_duplicate_reference_identity_rejected (test_census_scanner_bridge.ReferenceTests.test_duplicate_reference_identity_rejected) ... ok
2026-09-14T02:25:49.1987856Z test_future_label_and_price_fields_rejected (test_census_scanner_bridge.ReferenceTests.test_future_label_and_price_fields_rejected) ... ok
2026-09-14T02:25:49.1992307Z test_input_not_modified (test_census_scanner_bridge.ReferenceTests.test_input_not_modified) ... ok
2026-09-14T02:25:49.1995470Z test_missing_cik_with_figi_accepted_by_existing_rule (test_census_scanner_bridge.ReferenceTests.test_missing_cik_with_figi_accepted_by_existing_rule) ... ok
2026-09-14T02:25:49.1998278Z test_missing_figi_unique_cik_is_only_provisional (test_census_scanner_bridge.ReferenceTests.test_missing_figi_unique_cik_is_only_provisional) ... ok
2026-09-14T02:25:49.2001437Z test_missing_identifiers_quarantined_without_dropping_source (test_census_scanner_bridge.ReferenceTests.test_missing_identifiers_quarantined_without_dropping_source) ... ok
2026-09-14T02:25:49.2003968Z test_missing_type_not_inferred_from_name_or_other_dates (test_census_scanner_bridge.ReferenceTests.test_missing_type_not_inferred_from_name_or_other_dates) ... ok
2026-09-14T02:25:49.2005558Z test_no_empty_source_or_replacement_dates (test_census_scanner_bridge.ReferenceTests.test_no_empty_source_or_replacement_dates) ... ok
2026-09-14T02:25:49.2009759Z test_no_fabricated_coverage (test_census_scanner_bridge.ReferenceTests.test_no_fabricated_coverage) ... ok
2026-09-14T02:25:49.2014932Z test_nonunique_cik_not_used_as_security_identity (test_census_scanner_bridge.ReferenceTests.test_nonunique_cik_not_used_as_security_identity) ... ok
2026-09-14T02:25:49.2019292Z test_two_common_identities_not_merged (test_census_scanner_bridge.ReferenceTests.test_two_common_identities_not_merged) ... ok
2026-09-14T02:25:49.2023015Z test_wrong_scope_and_scalar_types_rejected (test_census_scanner_bridge.ReferenceTests.test_wrong_scope_and_scalar_types_rejected) ... ok
2026-09-14T02:25:49.2046134Z test_assessment_requires_claim_citation_union_and_bounded_expiry (test_context_assessment.ContextAssessmentTests.test_assessment_requires_claim_citation_union_and_bounded_expiry) ... ok
2026-09-14T02:25:49.2075341Z test_assessment_tamper_fails_content_hash_validation (test_context_assessment.ContextAssessmentTests.test_assessment_tamper_fails_content_hash_validation) ... ok
2026-09-14T02:25:49.2080154Z test_contract_tamper_cannot_enable_strategy_authority (test_context_assessment.ContextAssessmentTests.test_contract_tamper_cannot_enable_strategy_authority) ... ok
2026-09-14T02:25:49.2362174Z test_frozen_daily_chart_record_binds_as_supplemental_evidence (test_context_assessment.ContextAssessmentTests.test_frozen_daily_chart_record_binds_as_supplemental_evidence) ... ok
2026-09-14T02:25:49.2384860Z test_frozen_theme_regime_record_binds_as_supplemental_evidence (test_context_assessment.ContextAssessmentTests.test_frozen_theme_regime_record_binds_as_supplemental_evidence) ... ok
2026-09-14T02:25:49.2401693Z test_missing_domain_forces_abstention (test_context_assessment.ContextAssessmentTests.test_missing_domain_forces_abstention) ... ok
2026-09-14T02:25:49.2406928Z test_protocol_audit_binds_contract_and_freezes_no_model_or_rule (test_context_assessment.ContextAssessmentTests.test_protocol_audit_binds_contract_and_freezes_no_model_or_rule) ... ok
2026-09-14T02:25:49.2409715Z test_protocol_is_preregistered_shadow_only_and_excludes_pilot_fit (test_context_assessment.ContextAssessmentTests.test_protocol_is_preregistered_shadow_only_and_excludes_pilot_fit) ... ok
2026-09-14T02:25:49.2434124Z test_shadow_assessment_cites_facts_and_inferences_and_abstains (test_context_assessment.ContextAssessmentTests.test_shadow_assessment_cites_facts_and_inferences_and_abstains) ... ok
2026-09-14T02:25:49.2445353Z test_snapshot_binds_exact_causal_sources_and_explicit_missing_domains (test_context_assessment.ContextAssessmentTests.test_snapshot_binds_exact_causal_sources_and_explicit_missing_domains) ... ok
2026-09-14T02:25:49.2447863Z test_snapshot_rejects_attention_scanner_lineage_mismatch (test_context_assessment.ContextAssessmentTests.test_snapshot_rejects_attention_scanner_lineage_mismatch) ... ok
2026-09-14T02:25:49.2454269Z test_snapshot_rejects_future_headline_even_after_self_rehash (test_context_assessment.ContextAssessmentTests.test_snapshot_rejects_future_headline_even_after_self_rehash) ... ok
2026-09-14T02:25:49.2469608Z test_snapshot_rejects_future_or_retrospective_evidence (test_context_assessment.ContextAssessmentTests.test_snapshot_rejects_future_or_retrospective_evidence) ... ok
2026-09-14T02:25:49.2481681Z test_snapshot_tamper_fails_content_hash_validation (test_context_assessment.ContextAssessmentTests.test_snapshot_tamper_fails_content_hash_validation) ... ok
2026-09-14T02:25:49.2497966Z test_value_specific_claim_requires_issuer_history (test_context_assessment.ContextAssessmentTests.test_value_specific_claim_requires_issuer_history) ... ok
2026-09-14T02:25:49.2537486Z test_account_action_groups_are_separate_and_descriptive (test_context_heldout_comparison.ContextHeldoutComparisonTests.test_account_action_groups_are_separate_and_descriptive) ... ok
2026-09-14T02:25:49.2576640Z test_activation_is_the_only_action_anchor_and_not_claimed_trade_time (test_context_heldout_comparison.ContextHeldoutComparisonTests.test_activation_is_the_only_action_anchor_and_not_claimed_trade_time) ... ok
2026-09-14T02:25:49.2615174Z test_candidate_acquisition_is_a_separate_gate (test_context_heldout_comparison.ContextHeldoutComparisonTests.test_candidate_acquisition_is_a_separate_gate) ... ok
2026-09-14T02:25:49.2655184Z test_deterministic_coverage_reports_missing_domains_without_imputation (test_context_heldout_comparison.ContextHeldoutComparisonTests.test_deterministic_coverage_reports_missing_domains_without_imputation) ... ok
2026-09-14T02:25:49.2693921Z test_every_frozen_semantic_record_is_bound_to_its_exact_snapshot (test_context_heldout_comparison.ContextHeldoutComparisonTests.test_every_frozen_semantic_record_is_bound_to_its_exact_snapshot) ... ok
2026-09-14T02:25:49.2732785Z test_no_score_threshold_or_policy_output_exists (test_context_heldout_comparison.ContextHeldoutComparisonTests.test_no_score_threshold_or_policy_output_exists) ... ok
2026-09-14T02:25:49.2771280Z test_off_candidate_actions_do_not_claim_context_components (test_context_heldout_comparison.ContextHeldoutComparisonTests.test_off_candidate_actions_do_not_claim_context_components) ... ok
2026-09-14T02:25:49.2812709Z test_result_is_bound_to_all_three_frozen_parents (test_context_heldout_comparison.ContextHeldoutComparisonTests.test_result_is_bound_to_all_three_frozen_parents) ... ok
2026-09-14T02:25:49.2914990Z test_self_rehashed_action_coverage_tamper_fails (test_context_heldout_comparison.ContextHeldoutComparisonTests.test_self_rehashed_action_coverage_tamper_fails) ... ok
2026-09-14T02:25:49.3006378Z test_self_rehashed_parent_tamper_fails (test_context_heldout_comparison.ContextHeldoutComparisonTests.test_self_rehashed_parent_tamper_fails) ... ok
2026-09-14T02:25:49.3108672Z test_self_rehashed_semantic_value_tamper_fails (test_context_heldout_comparison.ContextHeldoutComparisonTests.test_self_rehashed_semantic_value_tamper_fails) ... ok
2026-09-14T02:25:49.3147547Z test_semantic_abstention_and_confidence_remain_component_scoped (test_context_heldout_comparison.ContextHeldoutComparisonTests.test_semantic_abstention_and_confidence_remain_component_scoped) ... ok
2026-09-14T02:25:49.3393010Z test_account_scope_is_preserved_on_same_symbol (test_context_heldout_labels.ContextHeldoutLabelTests.test_account_scope_is_preserved_on_same_symbol) ... ok
2026-09-14T02:25:49.3632292Z test_all_eight_files_are_inventoried_but_raw_archive_is_not_committed (test_context_heldout_labels.ContextHeldoutLabelTests.test_all_eight_files_are_inventoried_but_raw_archive_is_not_committed) ... ok
2026-09-14T02:25:49.3872787Z test_labels_bind_exact_frozen_runtime_semantic_tree_and_candidates (test_context_heldout_labels.ContextHeldoutLabelTests.test_labels_bind_exact_frozen_runtime_semantic_tree_and_candidates) ... ok
2026-09-14T02:25:49.4124084Z test_labels_cannot_enable_strategy_authority (test_context_heldout_labels.ContextHeldoutLabelTests.test_labels_cannot_enable_strategy_authority) ... ok
2026-09-14T02:25:49.4380930Z test_no_trade_session_cannot_enable_skip_inference (test_context_heldout_labels.ContextHeldoutLabelTests.test_no_trade_session_cannot_enable_skip_inference) ... ok
2026-09-14T02:25:49.4620499Z test_off_candidate_actions_and_transcription_corrections_are_retained (test_context_heldout_labels.ContextHeldoutLabelTests.test_off_candidate_actions_and_transcription_corrections_are_retained) ... ok
2026-09-14T02:25:49.5155235Z test_publication_date_is_not_silently_used_as_trading_date (test_context_heldout_labels.ContextHeldoutLabelTests.test_publication_date_is_not_silently_used_as_trading_date) ... ok
2026-09-14T02:25:49.5516986Z test_self_rehashed_candidate_tamper_fails_against_semantic_parent (test_context_heldout_labels.ContextHeldoutLabelTests.test_self_rehashed_candidate_tamper_fails_against_semantic_parent) ... ok
2026-09-14T02:25:49.5757788Z test_sparse_counts_keep_unmentioned_candidates_unknown (test_context_heldout_labels.ContextHeldoutLabelTests.test_sparse_counts_keep_unmentioned_candidates_unknown) ... ok
2026-09-14T02:25:49.5761221Z test_dates_are_next_ten_calendar_only_sessions (test_context_heldout_panel.ContextHeldoutPanelTests.test_dates_are_next_ten_calendar_only_sessions) ... ok
2026-09-14T02:25:49.5769334Z test_dates_cannot_be_replaced_after_registration (test_context_heldout_panel.ContextHeldoutPanelTests.test_dates_cannot_be_replaced_after_registration) ... ok
2026-09-14T02:25:49.5777126Z test_missing_source_date_cannot_be_substituted_or_called_skip (test_context_heldout_panel.ContextHeldoutPanelTests.test_missing_source_date_cannot_be_substituted_or_called_skip) ... ok
2026-09-14T02:25:49.5782226Z test_registration_audit_binds_exact_contract (test_context_heldout_panel.ContextHeldoutPanelTests.test_registration_audit_binds_exact_contract) ... ok
2026-09-14T02:25:49.5785867Z test_registration_has_no_runtime_or_semantic_result (test_context_heldout_panel.ContextHeldoutPanelTests.test_registration_has_no_runtime_or_semantic_result) ... ok
2026-09-14T02:25:49.5788594Z test_reviewed_pilot_is_excluded_from_fit_and_evaluation (test_context_heldout_panel.ContextHeldoutPanelTests.test_reviewed_pilot_is_excluded_from_fit_and_evaluation) ... ok
2026-09-14T02:25:49.5800120Z test_source_or_behavior_information_cannot_enter_registration (test_context_heldout_panel.ContextHeldoutPanelTests.test_source_or_behavior_information_cannot_enter_registration) ... ok
2026-09-14T02:25:49.5958309Z test_daily_runtime_builds_activation_record_and_preserves_unavailable (test_context_runtime.ContextRuntimeTests.test_daily_runtime_builds_activation_record_and_preserves_unavailable) ... ok
2026-09-14T02:25:49.5986694Z test_daily_runtime_keeps_invalid_non_null_price_fail_closed (test_context_runtime.ContextRuntimeTests.test_daily_runtime_keeps_invalid_non_null_price_fail_closed) ... ok
2026-09-14T02:25:49.5999578Z test_daily_runtime_preserves_null_decision_price_as_unavailable (test_context_runtime.ContextRuntimeTests.test_daily_runtime_preserves_null_decision_price_as_unavailable) ... ok
2026-09-14T02:25:49.6034064Z test_final_market_manifest_path_loads_and_binds_frozen_registration (test_context_runtime.ContextRuntimeTests.test_final_market_manifest_path_loads_and_binds_frozen_registration) ... ok
2026-09-14T02:25:49.6036748Z test_first_runtime_failure_is_permanent_and_not_promotable (test_context_runtime.ContextRuntimeTests.test_first_runtime_failure_is_permanent_and_not_promotable) ... ok
2026-09-14T02:25:49.6044649Z test_generic_date_and_root_payloads_preserve_missing_records (test_context_runtime.ContextRuntimeTests.test_generic_date_and_root_payloads_preserve_missing_records) ... ok
2026-09-14T02:25:49.6048251Z test_market_manifest_is_hash_bound_label_blind_and_all_candidate (test_context_runtime.ContextRuntimeTests.test_market_manifest_is_hash_bound_label_blind_and_all_candidate) ... ok
2026-09-14T02:25:49.6055812Z test_prior_runtime_root_accepts_direct_or_named_artifact_layout_only (test_context_runtime.ContextRuntimeTests.test_prior_runtime_root_accepts_direct_or_named_artifact_layout_only) ... ok
2026-09-14T02:25:49.6058450Z test_provider_pipeline_uses_only_registered_dates_and_endpoint_identity_gate (test_context_runtime.ContextRuntimeTests.test_provider_pipeline_uses_only_registered_dates_and_endpoint_identity_gate) ... ok
2026-09-14T02:25:49.6062414Z test_run_32204337846_failures_are_permanent_and_not_promotable (test_context_runtime.ContextRuntimeTests.test_run_32204337846_failures_are_permanent_and_not_promotable) ... ok
2026-09-14T02:25:49.6064981Z test_run_32243689589_failure_is_permanent_and_not_promotable (test_context_runtime.ContextRuntimeTests.test_run_32243689589_failure_is_permanent_and_not_promotable) ... ok
2026-09-14T02:25:49.6069665Z test_run_32260356870_success_is_permanent_verified_and_not_promotable (test_context_runtime.ContextRuntimeTests.test_run_32260356870_success_is_permanent_verified_and_not_promotable) ... ok
2026-09-14T02:25:49.6076161Z test_runtime_request_hashes_the_exact_frozen_contract_files (test_context_runtime.ContextRuntimeTests.test_runtime_request_hashes_the_exact_frozen_contract_files) ... ok
2026-09-14T02:25:49.6079318Z test_runtime_request_is_fixed_label_blind_and_not_promotable (test_context_runtime.ContextRuntimeTests.test_runtime_request_is_fixed_label_blind_and_not_promotable) ... ok
2026-09-14T02:25:49.6081770Z test_workflow_uses_registered_builders_and_no_transcript_archive (test_context_runtime.ContextRuntimeTests.test_workflow_uses_registered_builders_and_no_transcript_archive) ... ok
2026-09-14T02:25:49.6083543Z test_builder_has_no_uploaded_transcript_or_recap_source_path (test_context_semantic_shadow.ContextSemanticShadowTests.test_builder_has_no_uploaded_transcript_or_recap_source_path) ... ok
2026-09-14T02:25:49.6085179Z test_frozen_files_have_stable_file_hashes (test_context_semantic_shadow.ContextSemanticShadowTests.test_frozen_files_have_stable_file_hashes) ... ok
2026-09-14T02:25:49.6547337Z test_frozen_semantic_artifact_recomputes_and_preserves_boundaries (test_context_semantic_shadow.ContextSemanticShadowTests.test_frozen_semantic_artifact_recomputes_and_preserves_boundaries) ... ok
2026-09-14T02:25:49.6550692Z test_manifest_tamper_cannot_enable_promotion (test_context_semantic_shadow.ContextSemanticShadowTests.test_manifest_tamper_cannot_enable_promotion) ... ok
2026-09-14T02:25:49.6552968Z test_permanent_audit_binds_frozen_artifact_and_allows_labels_only_after_freeze (test_context_semantic_shadow.ContextSemanticShadowTests.test_permanent_audit_binds_frozen_artifact_and_allows_labels_only_after_freeze) ... ok
2026-09-14T02:25:49.6555405Z test_rubric_is_frozen_label_blind_and_transparent_about_generation (test_context_semantic_shadow.ContextSemanticShadowTests.test_rubric_is_frozen_label_blind_and_transparent_about_generation) ... ok
2026-09-14T02:25:49.6560548Z test_rubric_tamper_cannot_add_authority_or_change_parent (test_context_semantic_shadow.ContextSemanticShadowTests.test_rubric_tamper_cannot_add_authority_or_change_parent) ... ok
2026-09-14T02:25:49.6571309Z test_as_of_quarantines_future_and_unknown_dates (test_corpus.CorpusTests.test_as_of_quarantines_future_and_unknown_dates) ... ok
2026-09-14T02:25:49.6592998Z test_audit_detects_duplicate_ids (test_corpus.CorpusTests.test_audit_detects_duplicate_ids) ... ok
2026-09-14T02:25:49.6594363Z test_normalizes_html_and_whitespace (test_corpus.CorpusTests.test_normalizes_html_and_whitespace) ... ok
2026-09-14T02:25:49.6595622Z test_parse_publication_date (test_corpus.CorpusTests.test_parse_publication_date) ... ok
2026-09-14T02:25:49.6605136Z test_action_dates_and_groups_fail_closed (test_coverage_capture.ActionTests.test_action_dates_and_groups_fail_closed) ... ok
2026-09-14T02:25:49.6625456Z test_action_page_limit (test_coverage_capture.ActionTests.test_action_page_limit) ... ok
2026-09-14T02:25:49.6632287Z test_alpaca_two_pages_preserve_optional_future_payment_without_claiming_availability (test_coverage_capture.ActionTests.test_alpaca_two_pages_preserve_optional_future_payment_without_claiming_availability) ... ok
2026-09-14T02:25:49.6636377Z test_duplicate_action_id_cannot_cross_pages (test_coverage_capture.ActionTests.test_duplicate_action_id_cannot_cross_pages) ... ok
2026-09-14T02:25:49.6643545Z test_empty_nonterminal_and_repeated_cursors_rejected (test_coverage_capture.ActionTests.test_empty_nonterminal_and_repeated_cursors_rejected) ... ok
2026-09-14T02:25:49.6656519Z test_massive_bad_continuations_fail (test_coverage_capture.ActionTests.test_massive_bad_continuations_fail) ... ok
2026-09-14T02:25:49.6662427Z test_massive_cursor_is_same_origin_path_and_original_parameters (test_coverage_capture.ActionTests.test_massive_cursor_is_same_origin_path_and_original_parameters) ... ok
2026-09-14T02:25:49.6673187Z test_split_invalid_ratio_scope_schema (test_coverage_capture.ActionTests.test_split_invalid_ratio_scope_schema) ... ok
2026-09-14T02:25:49.6866502Z test_all_three_credentials_and_duplicate_key_echo_are_blocked (test_coverage_capture.CaptureTests.test_all_three_credentials_and_duplicate_key_echo_are_blocked) ... ok
2026-09-14T02:25:49.9697646Z test_archive_bad_outer_or_inventory_pin_fails (test_coverage_capture.CaptureTests.test_archive_bad_outer_or_inventory_pin_fails) ... ok
2026-09-14T02:25:50.3457857Z test_complete_30_date_capture_replays_original_bytes (test_coverage_capture.CaptureTests.test_complete_30_date_capture_replays_original_bytes) ... ok
2026-09-14T02:25:50.3645718Z test_http_error_and_partial_json_are_retained (test_coverage_capture.CaptureTests.test_http_error_and_partial_json_are_retained) ... ok
2026-09-14T02:25:50.6304269Z test_intent_exists_before_transport_and_secrets_absent (test_coverage_capture.CaptureTests.test_intent_exists_before_transport_and_secrets_absent) ... ok
2026-09-14T02:25:50.6392366Z test_internal_deadline_preserves_failure_before_hosted_timeout (test_coverage_capture.CaptureTests.test_internal_deadline_preserves_failure_before_hosted_timeout) ... ok
2026-09-14T02:25:50.6761068Z test_non_json_compressed_oversized_and_transport_exception_have_safe_receipts (test_coverage_capture.CaptureTests.test_non_json_compressed_oversized_and_transport_exception_have_safe_receipts) ... ok
2026-09-14T02:25:50.6863321Z test_safe_bad_response_retained_without_retry (test_coverage_capture.CaptureTests.test_safe_bad_response_retained_without_retry) ... ok
2026-09-14T02:25:51.0681049Z test_tampered_report_fails_even_after_repinning_inventory_and_zip (test_coverage_capture.CaptureTests.test_tampered_report_fails_even_after_repinning_inventory_and_zip) ... ok
2026-09-14T02:25:51.2002052Z test_changed_preflight_blocks_credentials (test_coverage_capture.HostedTests.test_changed_preflight_blocks_credentials) ... ok
2026-09-14T02:25:51.2004643Z test_ci_failure_skip_and_wrong_code_fail (test_coverage_capture.HostedTests.test_ci_failure_skip_and_wrong_code_fail) ... ok
2026-09-14T02:25:51.7208238Z test_complete_hosted_capture_and_original_zip_verification (test_coverage_capture.HostedTests.test_complete_hosted_capture_and_original_zip_verification) ... ok
2026-09-14T02:25:51.7879600Z test_existing_output_blocks_credentials (test_coverage_capture.HostedTests.test_existing_output_blocks_credentials) ... ok
2026-09-14T02:25:56.9260035Z test_full_published_request_union_matches_capture_ceiling (test_coverage_capture.HostedTests.test_full_published_request_union_matches_capture_ceiling) ... ok
2026-09-14T02:25:56.9285403Z test_other_consumption_or_expired_artifact_fails (test_coverage_capture.HostedTests.test_other_consumption_or_expired_artifact_fails) ... ok
2026-09-14T02:25:56.9305097Z test_preflight_and_launch_exact_code_success (test_coverage_capture.HostedTests.test_preflight_and_launch_exact_code_success) ... ok
2026-09-14T02:25:56.9425791Z test_workflow_has_same_code_gate_single_use_and_secrets_only_in_capture_step (test_coverage_capture.HostedTests.test_workflow_has_same_code_gate_single_use_and_secrets_only_in_capture_step) ... ok
2026-09-14T02:25:56.9428433Z test_wrong_code_event_workflow_parent_or_expiry_fails (test_coverage_capture.HostedTests.test_wrong_code_event_workflow_parent_or_expiry_fails) ... ok
2026-09-14T02:25:56.9433463Z test_fixed_hosts_headers_length_and_close (test_coverage_capture.TransportTests.test_fixed_hosts_headers_length_and_close) ... ok
2026-09-14T02:25:56.9436320Z test_order_endpoint_and_credential_override_blocked_before_connection (test_coverage_capture.TransportTests.test_order_endpoint_and_credential_override_blocked_before_connection) ... ok
2026-09-14T02:25:56.9765594Z test_adapter_requires_frozen_artifact_hash_and_has_no_authority (test_daily_chart_context.DailyChartContextTests.test_adapter_requires_frozen_artifact_hash_and_has_no_authority) ... ok
2026-09-14T02:25:56.9853074Z test_builder_rejects_current_session_and_naive_source_timestamps (test_daily_chart_context.DailyChartContextTests.test_builder_rejects_current_session_and_naive_source_timestamps) ... ok
2026-09-14T02:25:57.0007963Z test_builder_uses_only_prior_completed_sessions_and_exact_formulas (test_daily_chart_context.DailyChartContextTests.test_builder_uses_only_prior_completed_sessions_and_exact_formulas) ... ok
2026-09-14T02:25:57.0010884Z test_contract_freezes_causal_sources_but_no_chart_threshold (test_daily_chart_context.DailyChartContextTests.test_contract_freezes_causal_sources_but_no_chart_threshold) ... ok
2026-09-14T02:25:57.0131232Z test_identity_window_must_cover_every_included_bar_and_decision (test_daily_chart_context.DailyChartContextTests.test_identity_window_must_cover_every_included_bar_and_decision) ... ok
2026-09-14T02:25:57.0179732Z test_partial_history_is_explicit_and_does_not_invent_features (test_daily_chart_context.DailyChartContextTests.test_partial_history_is_explicit_and_does_not_invent_features) ... ok
2026-09-14T02:25:57.0183230Z test_protocol_audit_binds_exact_contract_without_promotion (test_daily_chart_context.DailyChartContextTests.test_protocol_audit_binds_exact_contract_without_promotion) ... ok
2026-09-14T02:25:57.0431180Z test_tamper_fails_hash_and_deterministic_reconstruction (test_daily_chart_context.DailyChartContextTests.test_tamper_fails_hash_and_deterministic_reconstruction) ... ok
2026-09-14T02:25:57.0452673Z test_bad_tokens_fail (test_daily_coverage.DailyCoverageTests.test_bad_tokens_fail) ... ok
2026-09-14T02:25:57.0472822Z test_body_bound_and_exact_envelope (test_daily_coverage.DailyCoverageTests.test_body_bound_and_exact_envelope) ... ok
2026-09-14T02:25:57.0483338Z test_cross_page_symbol_regression_fails (test_daily_coverage.DailyCoverageTests.test_cross_page_symbol_regression_fails) ... ok
2026-09-14T02:25:57.0495040Z test_duplicate_and_regressing_bars_fail (test_daily_coverage.DailyCoverageTests.test_duplicate_and_regressing_bars_fail) ... ok
2026-09-14T02:25:57.0503100Z test_duplicate_json_keys_fail (test_daily_coverage.DailyCoverageTests.test_duplicate_json_keys_fail) ... ok
2026-09-14T02:25:57.0511868Z test_duplicate_local_session_with_distinct_timestamps_fails (test_daily_coverage.DailyCoverageTests.test_duplicate_local_session_with_distinct_timestamps_fails) ... ok
2026-09-14T02:25:57.0526867Z test_empty_exhausted_both_adjustments_is_failed_coverage_not_invalid (test_daily_coverage.DailyCoverageTests.test_empty_exhausted_both_adjustments_is_failed_coverage_not_invalid) ... ok
2026-09-14T02:25:57.0535087Z test_empty_nonterminal_page_fails (test_daily_coverage.DailyCoverageTests.test_empty_nonterminal_page_fails) ... ok
2026-09-14T02:25:57.0558350Z test_extra_fields_and_bad_numeric_types_fail (test_daily_coverage.DailyCoverageTests.test_extra_fields_and_bad_numeric_types_fail) ... ok
2026-09-14T02:25:57.0567979Z test_failed_date_cannot_restart (test_daily_coverage.DailyCoverageTests.test_failed_date_cannot_restart) ... ok
2026-09-14T02:25:57.0594614Z test_full_paginated_date_handoff (test_daily_coverage.DailyCoverageTests.test_full_paginated_date_handoff) ... ok
2026-09-14T02:25:57.0611059Z test_future_old_and_naive_stamps_fail (test_daily_coverage.DailyCoverageTests.test_future_old_and_naive_stamps_fail) ... ok
2026-09-14T02:25:57.0629567Z test_http_failures_do_not_infer_invalid_symbols_or_retry (test_daily_coverage.DailyCoverageTests.test_http_failures_do_not_infer_invalid_symbols_or_retry) ... ok
2026-09-14T02:25:57.0643441Z test_identity_scope_is_exact_120_days (test_daily_coverage.DailyCoverageTests.test_identity_scope_is_exact_120_days) ... ok
2026-09-14T02:25:57.0654172Z test_incomplete_date_has_no_coverage (test_daily_coverage.DailyCoverageTests.test_incomplete_date_has_no_coverage) ... ok
2026-09-14T02:25:57.0664851Z test_missing_symbols_only_after_exhaustion (test_daily_coverage.DailyCoverageTests.test_missing_symbols_only_after_exhaustion) ... ok
2026-09-14T02:25:57.0673801Z test_new_york_session_date_not_utc_date (test_daily_coverage.DailyCoverageTests.test_new_york_session_date_not_utc_date) ... ok
2026-09-14T02:25:57.0686850Z test_nonfinite_numbers_fail (test_daily_coverage.DailyCoverageTests.test_nonfinite_numbers_fail) ... ok
2026-09-14T02:25:57.0696034Z test_object_key_order_not_semantic (test_daily_coverage.DailyCoverageTests.test_object_key_order_not_semantic) ... ok
2026-09-14T02:25:57.0705042Z test_page_token_is_exact_and_not_a_new_query (test_daily_coverage.DailyCoverageTests.test_page_token_is_exact_and_not_a_new_query) ... ok
2026-09-14T02:25:57.0728834Z test_pagination_ceiling_is_fail_closed (test_daily_coverage.DailyCoverageTests.test_pagination_ceiling_is_fail_closed) ... ok
2026-09-14T02:25:57.0741567Z test_partial_or_compressed_response_fails (test_daily_coverage.DailyCoverageTests.test_partial_or_compressed_response_fails) ... ok
2026-09-14T02:26:00.8621111Z test_published_panel_and_initial_request_population (test_daily_coverage.DailyCoverageTests.test_published_panel_and_initial_request_population) ... ok
2026-09-14T02:26:00.8638295Z test_raw_split_disagreement_is_not_passing_coverage (test_daily_coverage.DailyCoverageTests.test_raw_split_disagreement_is_not_passing_coverage) ... ok
2026-09-14T02:26:00.8647835Z test_repeated_cursor_fails_closed (test_daily_coverage.DailyCoverageTests.test_repeated_cursor_fails_closed) ... ok
2026-09-14T02:26:00.8655921Z test_request_mutation_does_not_change_internal_root (test_daily_coverage.DailyCoverageTests.test_request_mutation_does_not_change_internal_root) ... ok
2026-09-14T02:26:00.8664396Z test_root_scope_cannot_change (test_daily_coverage.DailyCoverageTests.test_root_scope_cannot_change) ... ok
2026-09-14T02:26:00.8672832Z test_terminal_request_cannot_be_repeated (test_daily_coverage.DailyCoverageTests.test_terminal_request_cannot_be_repeated) ... ok
2026-09-14T02:26:00.8680349Z test_unexpected_symbols_fail (test_daily_coverage.DailyCoverageTests.test_unexpected_symbols_fail) ... ok
2026-09-14T02:26:00.8705590Z test_aggregate_budget_rejection_makes_zero_timeseries_calls (test_databento_behavioral_cohort_execution_v01.DatabentoBehavioralCohortExecutionV01Tests.test_aggregate_budget_rejection_makes_zero_timeseries_calls) ... ok
2026-09-14T02:26:00.9040105Z test_all_quotes_precede_exact_five_downloads_and_report_is_sanitized (test_databento_behavioral_cohort_execution_v01.DatabentoBehavioralCohortExecutionV01Tests.test_all_quotes_precede_exact_five_downloads_and_report_is_sanitized) ... ok
2026-09-14T02:26:00.9043296Z test_authorization_drift_fails_closed (test_databento_behavioral_cohort_execution_v01.DatabentoBehavioralCohortExecutionV01Tests.test_authorization_drift_fails_closed) ... ok
2026-09-14T02:26:00.9045806Z test_checkpoint_inside_atomic_event_fails_closed (test_databento_behavioral_cohort_execution_v01.DatabentoBehavioralCohortExecutionV01Tests.test_checkpoint_inside_atomic_event_fails_closed) ... ok
2026-09-14T02:26:00.9048403Z test_cohort_is_exact_hash_bound_and_harness_is_unarmed (test_databento_behavioral_cohort_execution_v01.DatabentoBehavioralCohortExecutionV01Tests.test_cohort_is_exact_hash_bound_and_harness_is_unarmed) ... ok
2026-09-14T02:26:00.9064844Z test_first_provider_failure_stops_without_retry (test_databento_behavioral_cohort_execution_v01.DatabentoBehavioralCohortExecutionV01Tests.test_first_provider_failure_stops_without_retry) ... ok
2026-09-14T02:26:00.9071211Z test_harness_registration_audit_binds_unarmed_files (test_databento_behavioral_cohort_execution_v01.DatabentoBehavioralCohortExecutionV01Tests.test_harness_registration_audit_binds_unarmed_files) ... ok
2026-09-14T02:26:00.9073182Z test_registration_does_not_contain_execution_file (test_databento_behavioral_cohort_execution_v01.DatabentoBehavioralCohortExecutionV01Tests.test_registration_does_not_contain_execution_file) ... ok
2026-09-14T02:26:00.9077564Z test_safe_failure_audit_is_hash_bound_and_records_no_retry (test_databento_behavioral_cohort_execution_v01.DatabentoBehavioralCohortExecutionV01Tests.test_safe_failure_audit_is_hash_bound_and_records_no_retry) ... ok
2026-09-14T02:26:00.9080624Z test_workflow_is_authorization_only_first_attempt_and_pinned (test_databento_behavioral_cohort_execution_v01.DatabentoBehavioralCohortExecutionV01Tests.test_workflow_is_authorization_only_first_attempt_and_pinned) ... ok
2026-09-14T02:26:00.9132871Z test_budget_rejection_makes_zero_timeseries_calls (test_databento_behavioral_cohort_execution_v02.DatabentoBehavioralCohortExecutionV02Tests.test_budget_rejection_makes_zero_timeseries_calls) ... ok
2026-09-14T02:26:00.9135693Z test_consumed_v01_authorization_cannot_validate_as_v02 (test_databento_behavioral_cohort_execution_v02.DatabentoBehavioralCohortExecutionV02Tests.test_consumed_v01_authorization_cannot_validate_as_v02) ... ok
2026-09-14T02:26:00.9140554Z test_contract_and_authorization_drift_fail_closed (test_databento_behavioral_cohort_execution_v02.DatabentoBehavioralCohortExecutionV02Tests.test_contract_and_authorization_drift_fail_closed) ... ok
2026-09-14T02:26:00.9143553Z test_contract_binds_safe_failure_and_exact_dataframe_repair (test_databento_behavioral_cohort_execution_v02.DatabentoBehavioralCohortExecutionV02Tests.test_contract_binds_safe_failure_and_exact_dataframe_repair) ... ok
2026-09-14T02:26:00.9150336Z test_contract_is_hash_bound_unarmed_and_future_authorization_is_valid (test_databento_behavioral_cohort_execution_v02.DatabentoBehavioralCohortExecutionV02Tests.test_contract_is_hash_bound_unarmed_and_future_authorization_is_valid) ... ok
2026-09-14T02:26:00.9183924Z test_first_provider_failure_stops_without_retry (test_databento_behavioral_cohort_execution_v02.DatabentoBehavioralCohortExecutionV02Tests.test_first_provider_failure_stops_without_retry) ... ok
2026-09-14T02:26:00.9190374Z test_registration_audit_binds_unarmed_v02_files (test_databento_behavioral_cohort_execution_v02.DatabentoBehavioralCohortExecutionV02Tests.test_registration_audit_binds_unarmed_v02_files) ... ok
2026-09-14T02:26:00.9536081Z test_repaired_success_delegates_exactly_and_versions_report (test_databento_behavioral_cohort_execution_v02.DatabentoBehavioralCohortExecutionV02Tests.test_repaired_success_delegates_exactly_and_versions_report) ... ok
2026-09-14T02:26:00.9539730Z test_workflow_is_v02_authorization_only_first_attempt_and_pinned (test_databento_behavioral_cohort_execution_v02.DatabentoBehavioralCohortExecutionV02Tests.test_workflow_is_v02_authorization_only_first_attempt_and_pinned) ... ok
2026-09-14T02:26:00.9543100Z test_permanent_success_audit_binds_consumed_first_attempt (test_databento_behavioral_cohort_v02_success_audit.DatabentoBehavioralCohortV02SuccessAuditTests.test_permanent_success_audit_binds_consumed_first_attempt) ... ok
2026-09-14T02:26:00.9546871Z test_sanitization_and_causality_guards_remained_closed (test_databento_behavioral_cohort_v02_success_audit.DatabentoBehavioralCohortV02SuccessAuditTests.test_sanitization_and_causality_guards_remained_closed) ... ok
2026-09-14T02:26:00.9549719Z test_success_is_complete_exact_and_not_a_policy_promotion (test_databento_behavioral_cohort_v02_success_audit.DatabentoBehavioralCohortV02SuccessAuditTests.test_success_is_complete_exact_and_not_a_policy_promotion) ... ok
2026-09-14T02:26:00.9556568Z test_activation_readiness_audit_binds_corrected_test_harness (test_databento_feature_coverage_v01.DatabentoFeatureCoverageV01Tests.test_activation_readiness_audit_binds_corrected_test_harness) ... ok
2026-09-14T02:26:00.9564780Z test_aggregate_budget_rejection_makes_zero_timeseries_calls (test_databento_feature_coverage_v01.DatabentoFeatureCoverageV01Tests.test_aggregate_budget_rejection_makes_zero_timeseries_calls) ... ok
2026-09-14T02:26:00.9566632Z test_authorization_overclaim_fails_closed (test_databento_feature_coverage_v01.DatabentoFeatureCoverageV01Tests.test_authorization_overclaim_fails_closed) ... ok
2026-09-14T02:26:00.9570518Z test_contract_is_hash_bound_to_verified_parent_and_unarmed (test_databento_feature_coverage_v01.DatabentoFeatureCoverageV01Tests.test_contract_is_hash_bound_to_verified_parent_and_unarmed) ... ok
2026-09-14T02:26:00.9605018Z test_first_provider_failure_stops_without_retry (test_databento_feature_coverage_v01.DatabentoFeatureCoverageV01Tests.test_first_provider_failure_stops_without_retry) ... ok
2026-09-14T02:26:00.9606894Z test_fixed_remaining_case_order_excludes_only_verified_intj (test_databento_feature_coverage_v01.DatabentoFeatureCoverageV01Tests.test_fixed_remaining_case_order_excludes_only_verified_intj) ... ok
2026-09-14T02:26:00.9608607Z test_frozen_repair_and_feature_engine_hashes_are_unchanged (test_databento_feature_coverage_v01.DatabentoFeatureCoverageV01Tests.test_frozen_repair_and_feature_engine_hashes_are_unchanged) ... ok
2026-09-14T02:26:00.9650267Z test_generalized_case_extractor_is_identical_on_frozen_intj_fixture (test_databento_feature_coverage_v01.DatabentoFeatureCoverageV01Tests.test_generalized_case_extractor_is_identical_on_frozen_intj_fixture) ... ok
2026-09-14T02:26:00.9657196Z test_registration_audit_binds_unarmed_bundle (test_databento_feature_coverage_v01.DatabentoFeatureCoverageV01Tests.test_registration_audit_binds_unarmed_bundle) ... ok
2026-09-14T02:26:00.9668079Z test_runner_rejects_absent_authorization_before_sdk_import (test_databento_feature_coverage_v01.DatabentoFeatureCoverageV01Tests.test_runner_rejects_absent_authorization_before_sdk_import) ... ok
2026-09-14T02:26:00.9747224Z test_three_case_replay_is_exact_threshold_free_and_sanitized (test_databento_feature_coverage_v01.DatabentoFeatureCoverageV01Tests.test_three_case_replay_is_exact_threshold_free_and_sanitized) ... ok
2026-09-14T02:26:00.9750025Z test_workflow_is_disjoint_from_unarmed_bundle (test_databento_feature_coverage_v01.DatabentoFeatureCoverageV01Tests.test_workflow_is_disjoint_from_unarmed_bundle) ... ok
2026-09-14T02:26:00.9772047Z test_aggregate_budget_rejection_makes_zero_timeseries_calls (test_databento_feature_coverage_v02.DatabentoFeatureCoverageV02Tests.test_aggregate_budget_rejection_makes_zero_timeseries_calls) ... ok
2026-09-14T02:26:00.9774501Z test_authorization_overclaim_fails_closed (test_databento_feature_coverage_v02.DatabentoFeatureCoverageV02Tests.test_authorization_overclaim_fails_closed) ... ok
2026-09-14T02:26:00.9818202Z test_contract_and_reports_exclude_retrospective_authority_inputs (test_databento_feature_coverage_v02.DatabentoFeatureCoverageV02Tests.test_contract_and_reports_exclude_retrospective_authority_inputs) ... ok
2026-09-14T02:26:00.9821870Z test_contract_is_hash_bound_to_verified_parents_and_unarmed (test_databento_feature_coverage_v02.DatabentoFeatureCoverageV02Tests.test_contract_is_hash_bound_to_verified_parents_and_unarmed) ... ok
2026-09-14T02:26:00.9824540Z test_exact_amc_gmm_order_caps_and_prior_quote_evidence_are_frozen (test_databento_feature_coverage_v02.DatabentoFeatureCoverageV02Tests.test_exact_amc_gmm_order_caps_and_prior_quote_evidence_are_frozen) ... ok
2026-09-14T02:26:00.9835688Z test_first_provider_failure_stops_without_retry (test_databento_feature_coverage_v02.DatabentoFeatureCoverageV02Tests.test_first_provider_failure_stops_without_retry) ... ok
2026-09-14T02:26:00.9838171Z test_frozen_repair_and_feature_engine_hashes_are_unchanged (test_databento_feature_coverage_v02.DatabentoFeatureCoverageV02Tests.test_frozen_repair_and_feature_engine_hashes_are_unchanged) ... ok
2026-09-14T02:26:00.9853613Z test_price_mismatch_replays_under_registered_repair_without_thresholds (test_databento_feature_coverage_v02.DatabentoFeatureCoverageV02Tests.test_price_mismatch_replays_under_registered_repair_without_thresholds) ... ok
2026-09-14T02:26:00.9861613Z test_registration_audit_binds_unarmed_bundle (test_databento_feature_coverage_v02.DatabentoFeatureCoverageV02Tests.test_registration_audit_binds_unarmed_bundle) ... ok
2026-09-14T02:26:00.9871252Z test_runner_rejects_absent_authorization_before_sdk_import (test_databento_feature_coverage_v02.DatabentoFeatureCoverageV02Tests.test_runner_rejects_absent_authorization_before_sdk_import) ... ok
2026-09-14T02:26:00.9898837Z test_second_provider_failure_preserves_amc_and_stops_without_retry (test_databento_feature_coverage_v02.DatabentoFeatureCoverageV02Tests.test_second_provider_failure_preserves_amc_and_stops_without_retry) ... ok
2026-09-14T02:26:00.9943989Z test_two_request_replay_is_ordered_exact_and_sanitized (test_databento_feature_coverage_v02.DatabentoFeatureCoverageV02Tests.test_two_request_replay_is_ordered_exact_and_sanitized) ... ok
2026-09-14T02:26:00.9946022Z test_workflow_is_disjoint_parent_bound_and_first_attempt_only (test_databento_feature_coverage_v02.DatabentoFeatureCoverageV02Tests.test_workflow_is_disjoint_parent_bound_and_first_attempt_only) ... ok
2026-09-14T02:26:00.9948685Z test_permanent_success_audit_binds_verified_four_case_coverage (test_databento_feature_coverage_v02_success_audit.DatabentoFeatureCoverageV02SuccessAuditTests.test_permanent_success_audit_binds_verified_four_case_coverage) ... ok
2026-09-14T02:26:01.0053465Z test_all_four_synthetic_streams_pass_and_delete_raw_files (test_databento_feature_diagnostic_v01.DatabentoFeatureDiagnosticV01Tests.test_all_four_synthetic_streams_pass_and_delete_raw_files) ... ok
2026-09-14T02:26:01.0056145Z test_atomic_group_failures_are_closed (test_databento_feature_diagnostic_v01.DatabentoFeatureDiagnosticV01Tests.test_atomic_group_failures_are_closed) ... ok
2026-09-14T02:26:01.0059084Z test_contract_is_hash_bound_and_unarmed (test_databento_feature_diagnostic_v01.DatabentoFeatureDiagnosticV01Tests.test_contract_is_hash_bound_and_unarmed) ... ok
2026-09-14T02:26:01.0061327Z test_exact_four_mbo_requests_and_ceilings_are_frozen (test_databento_feature_diagnostic_v01.DatabentoFeatureDiagnosticV01Tests.test_exact_four_mbo_requests_and_ceilings_are_frozen) ... ok
2026-09-14T02:26:01.0072874Z test_preflight_budget_failure_makes_zero_timeseries_calls (test_databento_feature_diagnostic_v01.DatabentoFeatureDiagnosticV01Tests.test_preflight_budget_failure_makes_zero_timeseries_calls) ... ok
2026-09-14T02:26:01.0116813Z test_provider_or_parser_failure_is_sanitized_without_retry (test_databento_feature_diagnostic_v01.DatabentoFeatureDiagnosticV01Tests.test_provider_or_parser_failure_is_sanitized_without_retry) ... ok
2026-09-14T02:26:01.0122118Z test_registration_audit_binds_the_inert_bundle (test_databento_feature_diagnostic_v01.DatabentoFeatureDiagnosticV01Tests.test_registration_audit_binds_the_inert_bundle) ... ok
2026-09-14T02:26:01.0125136Z test_separate_execution_child_is_hash_bound_to_published_parent (test_databento_feature_diagnostic_v01.DatabentoFeatureDiagnosticV01Tests.test_separate_execution_child_is_hash_bound_to_published_parent) ... ok
2026-09-14T02:26:01.0165465Z test_threshold_free_feature_extraction_is_deterministic (test_databento_feature_diagnostic_v01.DatabentoFeatureDiagnosticV01Tests.test_threshold_free_feature_extraction_is_deterministic) ... ok
2026-09-14T02:26:01.0172962Z test_unavailable_report_and_sanitization_boundary (test_databento_feature_diagnostic_v01.DatabentoFeatureDiagnosticV01Tests.test_unavailable_report_and_sanitization_boundary) ... ok
2026-09-14T02:26:01.0175983Z test_workflow_is_one_shot_after_separate_exact_authorization (test_databento_feature_diagnostic_v01.DatabentoFeatureDiagnosticV01Tests.test_workflow_is_one_shot_after_separate_exact_authorization) ... ok
2026-09-14T02:26:01.0179957Z test_xnas_trade_fill_cancel_is_ordered_and_classified (test_databento_feature_diagnostic_v01.DatabentoFeatureDiagnosticV01Tests.test_xnas_trade_fill_cancel_is_ordered_and_classified) ... ok
2026-09-14T02:26:01.0186865Z test_atomic_group_boundary_and_timestamp_failures_are_classified (test_databento_feature_diagnostic_v02.DatabentoFeatureDiagnosticV02Tests.test_atomic_group_boundary_and_timestamp_failures_are_classified) ... ok
2026-09-14T02:26:01.0189793Z test_child_remains_unarmed_and_workflow_only_awaits_future_authorization (test_databento_feature_diagnostic_v02.DatabentoFeatureDiagnosticV02Tests.test_child_remains_unarmed_and_workflow_only_awaits_future_authorization) ... ok
2026-09-14T02:26:01.0193232Z test_failure_audit_contract_and_frozen_sources_are_hash_bound (test_databento_feature_diagnostic_v02.DatabentoFeatureDiagnosticV02Tests.test_failure_audit_contract_and_frozen_sources_are_hash_bound) ... ok
2026-09-14T02:26:01.0198814Z test_feature_snapshot_failure_is_classified_without_exception_text (test_databento_feature_diagnostic_v02.DatabentoFeatureDiagnosticV02Tests.test_feature_snapshot_failure_is_classified_without_exception_text) ... ok
2026-09-14T02:26:01.0202004Z test_fill_cancel_and_normalization_failures_have_specific_codes (test_databento_feature_diagnostic_v02.DatabentoFeatureDiagnosticV02Tests.test_fill_cancel_and_normalization_failures_have_specific_codes) ... ok
2026-09-14T02:26:01.0225809Z test_preflight_query_or_budget_failure_makes_zero_timeseries_calls (test_databento_feature_diagnostic_v02.DatabentoFeatureDiagnosticV02Tests.test_preflight_query_or_budget_failure_makes_zero_timeseries_calls) ... ok
2026-09-14T02:26:01.0293827Z test_provider_file_metadata_iteration_and_replay_failures_are_one_shot (test_databento_feature_diagnostic_v02.DatabentoFeatureDiagnosticV02Tests.test_provider_file_metadata_iteration_and_replay_failures_are_one_shot) ... ok
2026-09-14T02:26:01.0301140Z test_registration_audit_binds_final_unarmed_bundle_when_present (test_databento_feature_diagnostic_v02.DatabentoFeatureDiagnosticV02Tests.test_registration_audit_binds_final_unarmed_bundle_when_present) ... ok
2026-09-14T02:26:01.0317306Z test_report_validator_rejects_unknown_codes_fields_messages_and_hashes (test_databento_feature_diagnostic_v02.DatabentoFeatureDiagnosticV02Tests.test_report_validator_rejects_unknown_codes_fields_messages_and_hashes) ... ok
2026-09-14T02:26:01.0712639Z test_runner_early_gates_never_import_sdk_or_construct_client (test_databento_feature_diagnostic_v02.DatabentoFeatureDiagnosticV02Tests.test_runner_early_gates_never_import_sdk_or_construct_client) ... ok
2026-09-14T02:26:01.0716292Z test_safe_failure_object_is_closed_and_non_reconstructive (test_databento_feature_diagnostic_v02.DatabentoFeatureDiagnosticV02Tests.test_safe_failure_object_is_closed_and_non_reconstructive) ... ok
2026-09-14T02:26:01.0796276Z test_success_is_deterministic_and_exactly_matches_frozen_v01_metrics (test_databento_feature_diagnostic_v02.DatabentoFeatureDiagnosticV02Tests.test_success_is_deterministic_and_exactly_matches_frozen_v01_metrics) ... ok
2026-09-14T02:26:01.0839227Z test_successful_gate_is_one_shot_and_deletes_raw_placeholder (test_databento_feature_diagnostic_v02.DatabentoFeatureDiagnosticV02Tests.test_successful_gate_is_one_shot_and_deletes_raw_placeholder) ... ok
2026-09-14T02:26:01.0848693Z test_activation_readiness_audit_binds_corrected_test_harness (test_databento_feature_diagnostic_v03.DatabentoFeatureDiagnosticV03Tests.test_activation_readiness_audit_binds_corrected_test_harness) ... ok
2026-09-14T02:26:01.0852546Z test_authorization_validation_is_strict (test_databento_feature_diagnostic_v03.DatabentoFeatureDiagnosticV03Tests.test_authorization_validation_is_strict) ... ok
2026-09-14T02:26:01.0856164Z test_contract_and_parent_failure_are_hash_bound_and_unarmed (test_databento_feature_diagnostic_v03.DatabentoFeatureDiagnosticV03Tests.test_contract_and_parent_failure_are_hash_bound_and_unarmed) ... ok
2026-09-14T02:26:01.0859932Z test_fill_cancel_match_is_sequence_scoped (test_databento_feature_diagnostic_v03.DatabentoFeatureDiagnosticV03Tests.test_fill_cancel_match_is_sequence_scoped) ... ok
2026-09-14T02:26:01.0862222Z test_frozen_parent_sources_and_feature_engine_are_unchanged (test_databento_feature_diagnostic_v03.DatabentoFeatureDiagnosticV03Tests.test_frozen_parent_sources_and_feature_engine_are_unchanged) ... ok
2026-09-14T02:26:01.0897857Z test_frozen_valid_fixture_preserves_all_parent_metrics (test_databento_feature_diagnostic_v03.DatabentoFeatureDiagnosticV03Tests.test_frozen_valid_fixture_preserves_all_parent_metrics) ... ok
2026-09-14T02:26:01.0901671Z test_incomplete_scope_fails_closed_even_when_another_scope_completes (test_databento_feature_diagnostic_v03.DatabentoFeatureDiagnosticV03Tests.test_incomplete_scope_fails_closed_even_when_another_scope_completes) ... ok
2026-09-14T02:26:01.0913109Z test_interleaved_scope_feature_engines_do_not_cross_contaminate (test_databento_feature_diagnostic_v03.DatabentoFeatureDiagnosticV03Tests.test_interleaved_scope_feature_engines_do_not_cross_contaminate) ... ok
2026-09-14T02:26:01.0914899Z test_interleaved_scopes_close_independently (test_databento_feature_diagnostic_v03.DatabentoFeatureDiagnosticV03Tests.test_interleaved_scopes_close_independently) ... ok
2026-09-14T02:26:01.0922822Z test_mixed_sequence_repair_replays_without_thresholds (test_databento_feature_diagnostic_v03.DatabentoFeatureDiagnosticV03Tests.test_mixed_sequence_repair_replays_without_thresholds) ... ok
2026-09-14T02:26:01.0937316Z test_preflight_budget_failure_makes_zero_timeseries_calls (test_databento_feature_diagnostic_v03.DatabentoFeatureDiagnosticV03Tests.test_preflight_budget_failure_makes_zero_timeseries_calls) ... ok
2026-09-14T02:26:01.0947137Z test_provider_failure_is_sanitized_without_retry (test_databento_feature_diagnostic_v03.DatabentoFeatureDiagnosticV03Tests.test_provider_failure_is_sanitized_without_retry) ... ok
2026-09-14T02:26:01.0954775Z test_registration_audit_binds_the_unarmed_repair_bundle (test_databento_feature_diagnostic_v03.DatabentoFeatureDiagnosticV03Tests.test_registration_audit_binds_the_unarmed_repair_bundle) ... ok
2026-09-14T02:26:01.0983074Z test_report_validator_rejects_raw_values_and_unlisted_failure_phase (test_databento_feature_diagnostic_v03.DatabentoFeatureDiagnosticV03Tests.test_report_validator_rejects_raw_values_and_unlisted_failure_phase) ... ok
2026-09-14T02:26:01.0992761Z test_runner_requires_future_authorization_before_provider_import (test_databento_feature_diagnostic_v03.DatabentoFeatureDiagnosticV03Tests.test_runner_requires_future_authorization_before_provider_import) ... ok
2026-09-14T02:26:01.0995713Z test_sequence_change_before_f_last_is_one_instrument_event (test_databento_feature_diagnostic_v03.DatabentoFeatureDiagnosticV03Tests.test_sequence_change_before_f_last_is_one_instrument_event) ... ok
2026-09-14T02:26:01.1012882Z test_synthetic_success_is_one_request_and_cleans_raw_file (test_databento_feature_diagnostic_v03.DatabentoFeatureDiagnosticV03Tests.test_synthetic_success_is_one_request_and_cleans_raw_file) ... ok
2026-09-14T02:26:01.1019047Z test_unarmed_bundle_does_not_import_databento (test_databento_feature_diagnostic_v03.DatabentoFeatureDiagnosticV03Tests.test_unarmed_bundle_does_not_import_databento) ... ok
2026-09-14T02:26:01.1021617Z test_workflow_is_disjoint_from_unarmed_bundle_and_one_shot (test_databento_feature_diagnostic_v03.DatabentoFeatureDiagnosticV03Tests.test_workflow_is_disjoint_from_unarmed_bundle_and_one_shot) ... ok
2026-09-14T02:26:01.1027870Z test_authorization_overclaim_and_bad_parent_fail_closed (test_databento_fill_cancel_classifier_v01.DatabentoFillCancelClassifierV01Tests.test_authorization_overclaim_and_bad_parent_fail_closed) ... ok
2026-09-14T02:26:01.1034143Z test_budget_rejection_makes_zero_timeseries_calls (test_databento_fill_cancel_classifier_v01.DatabentoFillCancelClassifierV01Tests.test_budget_rejection_makes_zero_timeseries_calls) ... ok
2026-09-14T02:26:01.1036772Z test_contract_and_parent_are_hash_bound_and_unarmed (test_databento_fill_cancel_classifier_v01.DatabentoFillCancelClassifierV01Tests.test_contract_and_parent_are_hash_bound_and_unarmed) ... ok
2026-09-14T02:26:01.1039879Z test_exact_fill_cancel_pair_matches_all_projections (test_databento_fill_cancel_classifier_v01.DatabentoFillCancelClassifierV01Tests.test_exact_fill_cancel_pair_matches_all_projections) ... ok
2026-09-14T02:26:01.1043082Z test_fill_without_cancel_and_fill_last_are_counted (test_databento_fill_cancel_classifier_v01.DatabentoFillCancelClassifierV01Tests.test_fill_without_cancel_and_fill_last_are_counted) ... ok
2026-09-14T02:26:01.1045760Z test_interleaved_instrument_events_remain_separate (test_databento_fill_cancel_classifier_v01.DatabentoFillCancelClassifierV01Tests.test_interleaved_instrument_events_remain_separate) ... ok
2026-09-14T02:26:01.1053674Z test_one_shot_gate_requotes_downloads_once_and_sanitizes (test_databento_fill_cancel_classifier_v01.DatabentoFillCancelClassifierV01Tests.test_one_shot_gate_requotes_downloads_once_and_sanitizes) ... ok
2026-09-14T02:26:01.1056094Z test_order_mismatch_does_not_false_match_any_projection (test_databento_fill_cancel_classifier_v01.DatabentoFillCancelClassifierV01Tests.test_order_mismatch_does_not_false_match_any_projection) ... ok
2026-09-14T02:26:01.1058722Z test_output_is_aggregate_only_and_source_has_no_provider_client (test_databento_fill_cancel_classifier_v01.DatabentoFillCancelClassifierV01Tests.test_output_is_aggregate_only_and_source_has_no_provider_client) ... ok
2026-09-14T02:26:01.1066461Z test_provider_failure_is_classified_without_retry_or_message (test_databento_fill_cancel_classifier_v01.DatabentoFillCancelClassifierV01Tests.test_provider_failure_is_classified_without_retry_or_message) ... ok
2026-09-14T02:26:01.1074539Z test_runner_rejects_absent_authorization_before_sdk_import (test_databento_fill_cancel_classifier_v01.DatabentoFillCancelClassifierV01Tests.test_runner_rejects_absent_authorization_before_sdk_import) ... ok
2026-09-14T02:26:01.1076896Z test_sequence_mismatch_isolated_by_registered_projection (test_databento_fill_cancel_classifier_v01.DatabentoFillCancelClassifierV01Tests.test_sequence_mismatch_isolated_by_registered_projection) ... ok
2026-09-14T02:26:01.1079786Z test_size_mismatch_isolated_by_registered_projection (test_databento_fill_cancel_classifier_v01.DatabentoFillCancelClassifierV01Tests.test_size_mismatch_isolated_by_registered_projection) ... ok
2026-09-14T02:26:01.1082111Z test_workflow_is_unarmed_and_parent_bound (test_databento_fill_cancel_classifier_v01.DatabentoFillCancelClassifierV01Tests.test_workflow_is_unarmed_and_parent_bound) ... ok
2026-09-14T02:26:01.1088734Z test_exact_match_is_identical_to_frozen_v03_translation (test_databento_fill_cancel_repair_v01.DatabentoFillCancelRepairV01Tests.test_exact_match_is_identical_to_frozen_v03_translation) ... ok
2026-09-14T02:26:01.1091303Z test_multiple_coarse_matches_preserve_multiset_counts (test_databento_fill_cancel_repair_v01.DatabentoFillCancelRepairV01Tests.test_multiple_coarse_matches_preserve_multiset_counts) ... ok
2026-09-14T02:26:01.1093741Z test_multiset_pairing_prefers_exact_then_stable_coarse_match (test_databento_fill_cancel_repair_v01.DatabentoFillCancelRepairV01Tests.test_multiset_pairing_prefers_exact_then_stable_coarse_match) ... ok
2026-09-14T02:26:01.1096031Z test_order_id_or_side_mismatch_fails_closed (test_databento_fill_cancel_repair_v01.DatabentoFillCancelRepairV01Tests.test_order_id_or_side_mismatch_fails_closed) ... ok
2026-09-14T02:26:01.1098267Z test_price_only_exception_uses_cancel_payload_for_removal (test_databento_fill_cancel_repair_v01.DatabentoFillCancelRepairV01Tests.test_price_only_exception_uses_cancel_payload_for_removal) ... ok
2026-09-14T02:26:01.1100814Z test_registration_is_unarmed_and_provider_free (test_databento_fill_cancel_repair_v01.DatabentoFillCancelRepairV01Tests.test_registration_is_unarmed_and_provider_free) ... ok
2026-09-14T02:26:01.1102910Z test_sequence_and_size_differences_are_coarse_only_matches (test_databento_fill_cancel_repair_v01.DatabentoFillCancelRepairV01Tests.test_sequence_and_size_differences_are_coarse_only_matches) ... ok
2026-09-14T02:26:01.1105330Z test_success_audit_and_repair_contract_are_hash_bound (test_databento_fill_cancel_repair_v01.DatabentoFillCancelRepairV01Tests.test_success_audit_and_repair_contract_are_hash_bound) ... ok
2026-09-14T02:26:01.1117949Z test_authorization_overclaim_fails_closed (test_databento_fill_cancel_repaired_feature_v01.DatabentoFillCancelRepairedFeatureV01Tests.test_authorization_overclaim_fails_closed) ... ok
2026-09-14T02:26:01.1128473Z test_budget_rejection_makes_zero_timeseries_calls (test_databento_fill_cancel_repaired_feature_v01.DatabentoFillCancelRepairedFeatureV01Tests.test_budget_rejection_makes_zero_timeseries_calls) ... ok
2026-09-14T02:26:01.1131381Z test_contract_is_hash_bound_to_published_repair_and_unarmed (test_databento_fill_cancel_repaired_feature_v01.DatabentoFillCancelRepairedFeatureV01Tests.test_contract_is_hash_bound_to_published_repair_and_unarmed) ... ok
2026-09-14T02:26:01.1133967Z test_exact_eqpt_request_and_caps_are_frozen (test_databento_fill_cancel_repaired_feature_v01.DatabentoFillCancelRepairedFeatureV01Tests.test_exact_eqpt_request_and_caps_are_frozen) ... ok
2026-09-14T02:26:01.1136404Z test_frozen_repair_and_feature_engine_hashes_are_unchanged (test_databento_fill_cancel_repaired_feature_v01.DatabentoFillCancelRepairedFeatureV01Tests.test_frozen_repair_and_feature_engine_hashes_are_unchanged) ... ok
2026-09-14T02:26:01.1164512Z test_one_request_replay_is_exact_threshold_free_and_sanitized (test_databento_fill_cancel_repaired_feature_v01.DatabentoFillCancelRepairedFeatureV01Tests.test_one_request_replay_is_exact_threshold_free_and_sanitized) ... ok
2026-09-14T02:26:01.1178027Z test_price_mismatch_fails_old_identity_but_replays_under_repair (test_databento_fill_cancel_repaired_feature_v01.DatabentoFillCancelRepairedFeatureV01Tests.test_price_mismatch_fails_old_identity_but_replays_under_repair) ... ok
2026-09-14T02:26:01.1190657Z test_provider_failure_stops_without_retry (test_databento_fill_cancel_repaired_feature_v01.DatabentoFillCancelRepairedFeatureV01Tests.test_provider_failure_stops_without_retry) ... ok
2026-09-14T02:26:01.1194851Z test_registration_audit_binds_unarmed_bundle (test_databento_fill_cancel_repaired_feature_v01.DatabentoFillCancelRepairedFeatureV01Tests.test_registration_audit_binds_unarmed_bundle) ... ok
2026-09-14T02:26:01.1203507Z test_runner_rejects_absent_authorization_before_sdk_import (test_databento_fill_cancel_repaired_feature_v01.DatabentoFillCancelRepairedFeatureV01Tests.test_runner_rejects_absent_authorization_before_sdk_import) ... ok
2026-09-14T02:26:01.1205839Z test_success_audit_is_sanitized_hash_bound_and_non_promotional (test_databento_fill_cancel_repaired_feature_v01.DatabentoFillCancelRepairedFeatureV01Tests.test_success_audit_is_sanitized_hash_bound_and_non_promotional) ... ok
2026-09-14T02:26:01.1208368Z test_workflow_is_disjoint_from_unarmed_bundle (test_databento_fill_cancel_repaired_feature_v01.DatabentoFillCancelRepairedFeatureV01Tests.test_workflow_is_disjoint_from_unarmed_bundle) ... ok
2026-09-14T02:26:01.1219070Z test_contract_is_hash_bound_and_download_surface_is_disabled (test_databento_quote.DatabentoQuoteTests.test_contract_is_hash_bound_and_download_surface_is_disabled) ... ok
2026-09-14T02:26:01.1229642Z test_metadata_only_quote_passes_and_is_sanitized (test_databento_quote.DatabentoQuoteTests.test_metadata_only_quote_passes_and_is_sanitized) ... ok
2026-09-14T02:26:01.1245598Z test_quote_over_ceiling_and_unresolved_symbol_fail_closed (test_databento_quote.DatabentoQuoteTests.test_quote_over_ceiling_and_unresolved_symbol_fail_closed) ... ok
2026-09-14T02:26:01.1250416Z test_registration_audit_binds_metadata_only_child (test_databento_quote.DatabentoQuoteTests.test_registration_audit_binds_metadata_only_child) ... ok
2026-09-14T02:26:01.1254755Z test_twenty_requests_are_exact_and_ten_minute_aligned (test_databento_quote.DatabentoQuoteTests.test_twenty_requests_are_exact_and_ten_minute_aligned) ... ok
2026-09-14T02:26:01.1256744Z test_unavailable_report_preserves_failure_without_authority (test_databento_quote.DatabentoQuoteTests.test_unavailable_report_preserves_failure_without_authority) ... ok
2026-09-14T02:26:01.1259068Z test_workflow_pins_sdk_scopes_secret_and_has_no_download_command (test_databento_quote.DatabentoQuoteTests.test_workflow_pins_sdk_scopes_secret_and_has_no_download_command) ... ok
2026-09-14T02:26:01.1302793Z test_all_three_cases_pass_the_unchanged_exact_replay (test_databento_replication_v03.DatabentoReplicationV03Tests.test_all_three_cases_pass_the_unchanged_exact_replay) ... ok
2026-09-14T02:26:01.1339714Z test_completed_mismatch_does_not_truncate_registered_cohort (test_databento_replication_v03.DatabentoReplicationV03Tests.test_completed_mismatch_does_not_truncate_registered_cohort) ... ok
2026-09-14T02:26:01.1342810Z test_exact_six_request_surface_and_ceilings_are_frozen (test_databento_replication_v03.DatabentoReplicationV03Tests.test_exact_six_request_surface_and_ceilings_are_frozen) ... ok
2026-09-14T02:26:01.1346515Z test_parent_success_contract_and_engine_are_hash_bound (test_databento_replication_v03.DatabentoReplicationV03Tests.test_parent_success_contract_and_engine_are_hash_bound) ... ok
2026-09-14T02:26:01.1359540Z test_preflight_cost_or_size_failure_makes_zero_timeseries_calls (test_databento_replication_v03.DatabentoReplicationV03Tests.test_preflight_cost_or_size_failure_makes_zero_timeseries_calls) ... ok
2026-09-14T02:26:01.1384766Z test_provider_or_parser_failure_is_sanitized_without_retry (test_databento_replication_v03.DatabentoReplicationV03Tests.test_provider_or_parser_failure_is_sanitized_without_retry) ... ok
2026-09-14T02:26:01.1392420Z test_registration_audit_binds_the_exact_v03_bundle (test_databento_replication_v03.DatabentoReplicationV03Tests.test_registration_audit_binds_the_exact_v03_bundle) ... ok
2026-09-14T02:26:01.1399410Z test_unavailable_report_has_no_market_data_or_runtime_authority (test_databento_replication_v03.DatabentoReplicationV03Tests.test_unavailable_report_has_no_market_data_or_runtime_authority) ... ok
2026-09-14T02:26:01.1402482Z test_workflow_is_one_shot_bounded_and_sanitized (test_databento_replication_v03.DatabentoReplicationV03Tests.test_workflow_is_one_shot_bounded_and_sanitized) ... ok
2026-09-14T02:26:01.1414166Z test_contract_is_hash_bound_and_authority_is_exact (test_databento_smoke.DatabentoSmokeTests.test_contract_is_hash_bound_and_authority_is_exact) ... ok
2026-09-14T02:26:01.1430596Z test_parser_failure_is_sanitized_and_raw_file_is_removed (test_databento_smoke.DatabentoSmokeTests.test_parser_failure_is_sanitized_and_raw_file_is_removed) ... ok
2026-09-14T02:26:01.1442214Z test_preflight_over_cost_ceiling_makes_zero_timeseries_calls (test_databento_smoke.DatabentoSmokeTests.test_preflight_over_cost_ceiling_makes_zero_timeseries_calls) ... ok
2026-09-14T02:26:01.1453133Z test_preflight_over_size_ceiling_makes_zero_timeseries_calls (test_databento_smoke.DatabentoSmokeTests.test_preflight_over_size_ceiling_makes_zero_timeseries_calls) ... ok
2026-09-14T02:26:01.1478688Z test_provider_failure_stops_without_retry_and_cleans_partial_file (test_databento_smoke.DatabentoSmokeTests.test_provider_failure_stops_without_retry_and_cleans_partial_file) ... ok
2026-09-14T02:26:01.1556328Z test_reference_mismatch_fails_g2_after_all_schemas_finish (test_databento_smoke.DatabentoSmokeTests.test_reference_mismatch_fails_g2_after_all_schemas_finish) ... ok
2026-09-14T02:26:01.1562400Z test_registration_audit_binds_the_exact_acquisition_bundle (test_databento_smoke.DatabentoSmokeTests.test_registration_audit_binds_the_exact_acquisition_bundle) ... ok
2026-09-14T02:26:01.1642324Z test_twenty_exact_ephemeral_downloads_pass_and_are_sanitized (test_databento_smoke.DatabentoSmokeTests.test_twenty_exact_ephemeral_downloads_pass_and_are_sanitized) ... ok
2026-09-14T02:26:01.1647691Z test_unavailable_report_has_no_market_data_authority (test_databento_smoke.DatabentoSmokeTests.test_unavailable_report_has_no_market_data_authority) ... ok
2026-09-14T02:26:01.1649705Z test_verified_quote_audit_is_hash_bound (test_databento_smoke.DatabentoSmokeTests.test_verified_quote_audit_is_hash_bound) ... ok
2026-09-14T02:26:01.1651864Z test_workflow_is_one_shot_and_uploads_only_sanitized_json (test_databento_smoke.DatabentoSmokeTests.test_workflow_is_one_shot_and_uploads_only_sanitized_json) ... ok
2026-09-14T02:26:01.1687579Z test_invalid_or_late_first_clear_fails_g1 (test_databento_smoke_v02.DatabentoSmokeV02Tests.test_invalid_or_late_first_clear_fails_g1) ... ok
2026-09-14T02:26:01.1705649Z test_later_clear_resets_both_books_before_comparison_resumes (test_databento_smoke_v02.DatabentoSmokeV02Tests.test_later_clear_resets_both_books_before_comparison_resumes) ... ok
2026-09-14T02:26:01.1709850Z test_parent_failure_and_v02_contract_are_hash_bound (test_databento_smoke_v02.DatabentoSmokeV02Tests.test_parent_failure_and_v02_contract_are_hash_bound) ... ok
2026-09-14T02:26:01.1718321Z test_preflight_cost_or_size_failure_makes_zero_timeseries_calls (test_databento_smoke_v02.DatabentoSmokeV02Tests.test_preflight_cost_or_size_failure_makes_zero_timeseries_calls) ... ok
2026-09-14T02:26:01.1739099Z test_provider_or_parser_failure_is_sanitized_without_retry (test_databento_smoke_v02.DatabentoSmokeV02Tests.test_provider_or_parser_failure_is_sanitized_without_retry) ... ok
2026-09-14T02:26:01.1755159Z test_reference_mismatch_fails_g2_after_both_downloads (test_databento_smoke_v02.DatabentoSmokeV02Tests.test_reference_mismatch_fails_g2_after_both_downloads) ... ok
2026-09-14T02:26:01.1760979Z test_registration_audit_binds_the_exact_v02_bundle (test_databento_smoke_v02.DatabentoSmokeV02Tests.test_registration_audit_binds_the_exact_v02_bundle) ... ok
2026-09-14T02:26:01.1777262Z test_snapshot_initialization_remains_supported (test_databento_smoke_v02.DatabentoSmokeV02Tests.test_snapshot_initialization_remains_supported) ... ok
2026-09-14T02:26:01.1783122Z test_unavailable_report_has_no_market_data_or_runtime_authority (test_databento_smoke_v02.DatabentoSmokeV02Tests.test_unavailable_report_has_no_market_data_or_runtime_authority) ... ok
2026-09-14T02:26:01.1799323Z test_unflagged_session_clear_passes_exact_replay (test_databento_smoke_v02.DatabentoSmokeV02Tests.test_unflagged_session_clear_passes_exact_replay) ... ok
2026-09-14T02:26:01.1801731Z test_workflow_is_one_shot_and_uploads_only_sanitized_json (test_databento_smoke_v02.DatabentoSmokeV02Tests.test_workflow_is_one_shot_and_uploads_only_sanitized_json) ... ok
2026-09-14T02:26:01.1819830Z test_canonical_fingerprint_is_order_independent (test_discretion_context.DiscretionContextTests.test_canonical_fingerprint_is_order_independent) ... ok
2026-09-14T02:26:01.1838396Z test_contextual_ai_must_remain_shadow_only (test_discretion_context.DiscretionContextTests.test_contextual_ai_must_remain_shadow_only) ... ok
2026-09-14T02:26:01.1855791Z test_frozen_contract_inventories_the_full_decision_chain (test_discretion_context.DiscretionContextTests.test_frozen_contract_inventories_the_full_decision_chain) ... ok
2026-09-14T02:26:01.1874137Z test_incomplete_context_cannot_be_enabled_as_a_strategy_gate (test_discretion_context.DiscretionContextTests.test_incomplete_context_cannot_be_enabled_as_a_strategy_gate) ... ok
2026-09-14T02:26:01.1892546Z test_retrospective_behavior_cannot_enter_runtime_inputs (test_discretion_context.DiscretionContextTests.test_retrospective_behavior_cannot_enter_runtime_inputs) ... ok
2026-09-14T02:26:01.1923462Z test_unknown_rule_link_fails_closed (test_discretion_context.DiscretionContextTests.test_unknown_rule_link_fails_closed) ... ok
2026-09-14T02:26:01.1926017Z test_artl_source_correction_separates_trade_label_from_catalyst_context (test_discretion_decision_context.DiscretionDecisionContextTests.test_artl_source_correction_separates_trade_label_from_catalyst_context) ... ok
2026-09-14T02:26:01.1929463Z test_dsy_context_preserves_theme_attention_and_cushion_without_runtime_use (test_discretion_decision_context.DiscretionDecisionContextTests.test_dsy_context_preserves_theme_attention_and_cushion_without_runtime_use) ... ok
2026-09-14T02:26:01.1932326Z test_vrax_context_preserves_comparison_skip_and_risk_reassessment (test_discretion_decision_context.DiscretionDecisionContextTests.test_vrax_context_preserves_comparison_skip_and_risk_reassessment) ... ok
2026-09-14T02:26:01.1934857Z test_zevai_context_captures_regime_catalyst_comparison_and_attention_split (test_discretion_decision_context.DiscretionDecisionContextTests.test_zevai_context_captures_regime_catalyst_comparison_and_attention_split) ... ok
2026-09-14T02:26:01.1959300Z test_artl_correction_and_zevai_catalyst_evidence_are_bound (test_discretion_evidence.DiscretionEvidenceTests.test_artl_correction_and_zevai_catalyst_evidence_are_bound) ... ok
2026-09-14T02:26:01.1992057Z test_benchmark_identity_and_evidence_paths_are_verified (test_discretion_evidence.DiscretionEvidenceTests.test_benchmark_identity_and_evidence_paths_are_verified) ... ok
2026-09-14T02:26:01.2023304Z test_claimed_complete_alternative_set_is_rejected (test_discretion_evidence.DiscretionEvidenceTests.test_claimed_complete_alternative_set_is_rejected) ... ok
2026-09-14T02:26:01.2054411Z test_context_domain_order_is_bound_to_contract (test_discretion_evidence.DiscretionEvidenceTests.test_context_domain_order_is_bound_to_contract) ... ok
2026-09-14T02:26:01.2083896Z test_frozen_audit_uses_all_context_domains_and_ten_benchmarks (test_discretion_evidence.DiscretionEvidenceTests.test_frozen_audit_uses_all_context_domains_and_ten_benchmarks) ... ok
2026-09-14T02:26:01.2114120Z test_runtime_or_policy_use_fails_closed (test_discretion_evidence.DiscretionEvidenceTests.test_runtime_or_policy_use_fails_closed) ... ok
2026-09-14T02:26:01.2125501Z test_first_fills_remain_descriptive_not_targets (test_discretion_heldout_comparison.DiscretionHeldoutComparisonTests.test_first_fills_remain_descriptive_not_targets) ... ok
2026-09-14T02:26:01.2135948Z test_micro_contingencies_are_account_scoped (test_discretion_heldout_comparison.DiscretionHeldoutComparisonTests.test_micro_contingencies_are_account_scoped) ... ok
2026-09-14T02:26:01.2146558Z test_off_candidate_participations_do_not_claim_runtime_features (test_discretion_heldout_comparison.DiscretionHeldoutComparisonTests.test_off_candidate_participations_do_not_claim_runtime_features) ... ok
2026-09-14T02:26:01.2161640Z test_result_is_bound_to_frozen_labels_and_components (test_discretion_heldout_comparison.DiscretionHeldoutComparisonTests.test_result_is_bound_to_frozen_labels_and_components) ... ok
2026-09-14T02:26:01.2172328Z test_scanner_acquisition_reports_known_misses_without_scoring (test_discretion_heldout_comparison.DiscretionHeldoutComparisonTests.test_scanner_acquisition_reports_known_misses_without_scoring) ... ok
2026-09-14T02:26:01.2199718Z test_self_rehashed_aggregate_tamper_fails (test_discretion_heldout_comparison.DiscretionHeldoutComparisonTests.test_self_rehashed_aggregate_tamper_fails) ... ok
2026-09-14T02:26:01.2225177Z test_self_rehashed_relation_tamper_fails (test_discretion_heldout_comparison.DiscretionHeldoutComparisonTests.test_self_rehashed_relation_tamper_fails) ... ok
2026-09-14T02:26:01.2251609Z test_self_rehashed_trade_completion_tamper_fails (test_discretion_heldout_comparison.DiscretionHeldoutComparisonTests.test_self_rehashed_trade_completion_tamper_fails) ... ok
2026-09-14T02:26:01.2263571Z test_unclear_actions_are_not_forced_into_trade_skip_contingencies (test_discretion_heldout_comparison.DiscretionHeldoutComparisonTests.test_unclear_actions_are_not_forced_into_trade_skip_contingencies) ... ok
2026-09-14T02:26:01.2281500Z test_account_scoped_counts_are_conservative (test_discretion_heldout_labels.DiscretionHeldoutLabelTests.test_account_scoped_counts_are_conservative) ... ok
2026-09-14T02:26:01.2298320Z test_all_candidates_are_bound_to_frozen_runtime (test_discretion_heldout_labels.DiscretionHeldoutLabelTests.test_all_candidates_are_bound_to_frozen_runtime) ... ok
2026-09-14T02:26:01.2331853Z test_no_trade_session_cannot_enable_skip_inference (test_discretion_heldout_labels.DiscretionHeldoutLabelTests.test_no_trade_session_cannot_enable_skip_inference) ... ok
2026-09-14T02:26:01.2349305Z test_off_candidate_trades_and_ticker_corrections_are_retained (test_discretion_heldout_labels.DiscretionHeldoutLabelTests.test_off_candidate_trades_and_ticker_corrections_are_retained) ... ok
2026-09-14T02:26:01.2385215Z test_participation_requires_completed_trade (test_discretion_heldout_labels.DiscretionHeldoutLabelTests.test_participation_requires_completed_trade) ... ok
2026-09-14T02:26:01.2422571Z test_self_rehashed_runtime_candidate_tamper_fails_against_audit (test_discretion_heldout_labels.DiscretionHeldoutLabelTests.test_self_rehashed_runtime_candidate_tamper_fails_against_audit) ... ok
2026-09-14T02:26:01.2439682Z test_sparse_labels_expand_unknown_without_inferred_skips (test_discretion_heldout_labels.DiscretionHeldoutLabelTests.test_sparse_labels_expand_unknown_without_inferred_skips) ... ok
2026-09-14T02:26:01.2456529Z test_unfilled_small_account_order_is_not_participation (test_discretion_heldout_labels.DiscretionHeldoutLabelTests.test_unfilled_small_account_order_is_not_participation) ... ok
2026-09-14T02:26:01.2465318Z test_a_known_trade_or_fill_label_cannot_enter_registration (test_discretion_heldout_panel.DiscretionHeldoutPanelTests.test_a_known_trade_or_fill_label_cannot_enter_registration) ... ok
2026-09-14T02:26:01.2471490Z test_account_scopes_must_remain_separate (test_discretion_heldout_panel.DiscretionHeldoutPanelTests.test_account_scopes_must_remain_separate) ... ok
2026-09-14T02:26:01.2475117Z test_fingerprint_is_stable_across_mapping_order (test_discretion_heldout_panel.DiscretionHeldoutPanelTests.test_fingerprint_is_stable_across_mapping_order) ... ok
2026-09-14T02:26:01.2481383Z test_fixed_dates_cannot_be_swapped_after_source_review (test_discretion_heldout_panel.DiscretionHeldoutPanelTests.test_fixed_dates_cannot_be_swapped_after_source_review) ... ok
2026-09-14T02:26:01.2488721Z test_panel_cannot_be_used_to_fit_or_promote_a_rule (test_discretion_heldout_panel.DiscretionHeldoutPanelTests.test_panel_cannot_be_used_to_fit_or_promote_a_rule) ... ok
2026-09-14T02:26:01.2494052Z test_registration_audit_binds_the_exact_contract (test_discretion_heldout_panel.DiscretionHeldoutPanelTests.test_registration_audit_binds_the_exact_contract) ... ok
2026-09-14T02:26:01.2497595Z test_registration_is_chronological_unlabeled_and_disjoint (test_discretion_heldout_panel.DiscretionHeldoutPanelTests.test_registration_is_chronological_unlabeled_and_disjoint) ... ok
2026-09-14T02:26:01.2506800Z test_unknown_or_missing_source_cannot_be_relabeled_as_skip (test_discretion_heldout_panel.DiscretionHeldoutPanelTests.test_unknown_or_missing_source_cannot_be_relabeled_as_skip) ... ok
2026-09-14T02:26:01.2512259Z test_all_dates_full_scheduled_sessions (test_early_pullback_capture_plan_v01.CapturePlanTests.test_all_dates_full_scheduled_sessions) ... ok
2026-09-14T02:26:01.2519768Z test_bad_receipts_and_after_terminal_rejected (test_early_pullback_capture_plan_v01.CapturePlanTests.test_bad_receipts_and_after_terminal_rejected) ... ok
2026-09-14T02:26:01.2523654Z test_cursor_cycle_rejected (test_early_pullback_capture_plan_v01.CapturePlanTests.test_cursor_cycle_rejected) ... ok
2026-09-14T02:26:01.2528077Z test_cursor_request_binds_parent_response_and_date (test_early_pullback_capture_plan_v01.CapturePlanTests.test_cursor_request_binds_parent_response_and_date) ... ok
2026-09-14T02:26:01.2533033Z test_dst_changes_utc_not_local_hours (test_early_pullback_capture_plan_v01.CapturePlanTests.test_dst_changes_utc_not_local_hours) ... ok
2026-09-14T02:26:01.2537485Z test_empty_census_is_not_zero_opportunities (test_early_pullback_capture_plan_v01.CapturePlanTests.test_empty_census_is_not_zero_opportunities) ... ok
2026-09-14T02:26:01.2540318Z test_empty_nonterminal_page_does_not_imply_exhaustion (test_early_pullback_capture_plan_v01.CapturePlanTests.test_empty_nonterminal_page_does_not_imply_exhaustion) ... ok
2026-09-14T02:26:01.2542001Z test_first_page_exact_filters (test_early_pullback_capture_plan_v01.CapturePlanTests.test_first_page_exact_filters) ... ok
2026-09-14T02:26:01.7270431Z test_frozen_parent_and_registration (test_early_pullback_capture_plan_v01.CapturePlanTests.test_frozen_parent_and_registration) ... ok
2026-09-14T02:26:01.7272651Z test_graph_is_topological_and_all_unresolved_nodes_remain (test_early_pullback_capture_plan_v01.CapturePlanTests.test_graph_is_topological_and_all_unresolved_nodes_remain) ... ok
2026-09-14T02:26:01.7287336Z test_initial_requests_and_ceiling_not_expected_count (test_early_pullback_capture_plan_v01.CapturePlanTests.test_initial_requests_and_ceiling_not_expected_count) ... ok
2026-09-14T02:26:01.7309287Z test_injection_and_route_substitution_rejected (test_early_pullback_capture_plan_v01.CapturePlanTests.test_injection_and_route_substitution_rejected) ... ok
2026-09-14T02:26:01.7324347Z test_no_capture_cost_or_financial_authority (test_early_pullback_capture_plan_v01.CapturePlanTests.test_no_capture_cost_or_financial_authority) ... ok
2026-09-14T02:26:01.7326225Z test_no_replacement_dates_or_bool_page (test_early_pullback_capture_plan_v01.CapturePlanTests.test_no_replacement_dates_or_bool_page) ... ok
2026-09-14T02:26:01.7328328Z test_official_sources_agree_and_keep_provenance_limits (test_early_pullback_capture_plan_v01.CapturePlanTests.test_official_sources_agree_and_keep_provenance_limits) ... ok
2026-09-14T02:26:01.7330652Z test_optional_root_parameters_must_match (test_early_pullback_capture_plan_v01.CapturePlanTests.test_optional_root_parameters_must_match) ... ok
2026-09-14T02:26:01.7462938Z test_page_21_blocked_without_truncating_to_success (test_early_pullback_capture_plan_v01.CapturePlanTests.test_page_21_blocked_without_truncating_to_success) ... ok
2026-09-14T02:26:01.7475076Z test_page_chain_tampering_rejected (test_early_pullback_capture_plan_v01.CapturePlanTests.test_page_chain_tampering_rejected) ... ok
2026-09-14T02:26:01.7510060Z test_planning_is_pure_and_deterministic (test_early_pullback_capture_plan_v01.CapturePlanTests.test_planning_is_pure_and_deterministic) ... ok
2026-09-14T02:26:08.3054208Z test_real_cli_normal_optimized_and_no_overwrite (test_early_pullback_capture_plan_v01.CapturePlanTests.test_real_cli_normal_optimized_and_no_overwrite) ... ok
2026-09-14T02:26:08.3062312Z test_rehashed_calendar_changes_rejected (test_early_pullback_capture_plan_v01.CapturePlanTests.test_rehashed_calendar_changes_rejected) ... ok
2026-09-14T02:26:08.3194287Z test_terminal_last_page_20_is_accepted (test_early_pullback_capture_plan_v01.CapturePlanTests.test_terminal_last_page_20_is_accepted) ... ok
2026-09-14T02:26:08.9817931Z test_actual_runtime_must_match_frozen_runtime (test_early_pullback_census_hosted_v01.HostedCensusTests.test_actual_runtime_must_match_frozen_runtime) ... ok
2026-09-14T02:26:08.9957199Z test_artifact_id_run_branch_expiry_size_digest_and_name_required (test_early_pullback_census_hosted_v01.HostedCensusTests.test_artifact_id_run_branch_expiry_size_digest_and_name_required) ... ok
2026-09-14T02:26:09.0060447Z test_bad_preflight_never_reads_credential_or_starts_transport (test_early_pullback_census_hosted_v01.HostedCensusTests.test_bad_preflight_never_reads_credential_or_starts_transport) ... ok
2026-09-14T02:26:09.0163896Z test_bad_runtime_never_reads_credential (test_early_pullback_census_hosted_v01.HostedCensusTests.test_bad_runtime_never_reads_credential) ... ok
2026-09-14T02:26:09.0277255Z test_changed_parent_tree_extra_file_merge_and_dirty_checkout_rejected (test_early_pullback_census_hosted_v01.HostedCensusTests.test_changed_parent_tree_extra_file_merge_and_dirty_checkout_rejected) ... ok
2026-09-14T02:26:09.9359659Z test_cli_has_provider_free_registration_validation (test_early_pullback_census_hosted_v01.HostedCensusTests.test_cli_has_provider_free_registration_validation) ... ok
2026-09-14T02:26:09.9571645Z test_cost_upgrade_date_route_and_entitlement_proof_changes_rejected (test_early_pullback_census_hosted_v01.HostedCensusTests.test_cost_upgrade_date_route_and_entitlement_proof_changes_rejected) ... ok
2026-09-14T02:26:09.9615174Z test_exact_first_attempt_execution_is_valid (test_early_pullback_census_hosted_v01.HostedCensusTests.test_exact_first_attempt_execution_is_valid) ... ok
2026-09-14T02:26:09.9644673Z test_exact_parent_ci_and_all_steps_required (test_early_pullback_census_hosted_v01.HostedCensusTests.test_exact_parent_ci_and_all_steps_required) ... ok
2026-09-14T02:26:09.9723626Z test_expired_future_overlong_naive_approval_rejected (test_early_pullback_census_hosted_v01.HostedCensusTests.test_expired_future_overlong_naive_approval_rejected) ... ok
2026-09-14T02:26:09.9753310Z test_frozen_registration_and_ancestors_unchanged (test_early_pullback_census_hosted_v01.HostedCensusTests.test_frozen_registration_and_ancestors_unchanged) ... ok
2026-09-14T02:26:10.0902423Z test_full_synthetic_launch_keeps_all_origin_runtime_gates_closed (test_early_pullback_census_hosted_v01.HostedCensusTests.test_full_synthetic_launch_keeps_all_origin_runtime_gates_closed) ... ok
2026-09-14T02:26:10.0935593Z test_green_workflow_cannot_hide_failed_skipped_or_missing_ci_steps (test_early_pullback_census_hosted_v01.HostedCensusTests.test_green_workflow_cannot_hide_failed_skipped_or_missing_ci_steps) ... ok
2026-09-14T02:26:10.1031772Z test_live_ref_drift_or_tag_object_rejected (test_early_pullback_census_hosted_v01.HostedCensusTests.test_live_ref_drift_or_tag_object_rejected) ... ok
2026-09-14T02:26:10.1173369Z test_missing_credential_retains_launch_failure_without_request (test_early_pullback_census_hosted_v01.HostedCensusTests.test_missing_credential_retains_launch_failure_without_request) ... ok
2026-09-14T02:26:10.1228381Z test_missing_or_placeholder_approval_and_entitlement_rejected (test_early_pullback_census_hosted_v01.HostedCensusTests.test_missing_or_placeholder_approval_and_entitlement_rejected) ... ok
2026-09-14T02:26:10.2353570Z test_output_reuse_blocked_before_second_credential_read (test_early_pullback_census_hosted_v01.HostedCensusTests.test_output_reuse_blocked_before_second_credential_read) ... ok
2026-09-14T02:26:10.2429442Z test_preflight_byte_tampering_missing_extra_and_wrong_pin_rejected (test_early_pullback_census_hosted_v01.HostedCensusTests.test_preflight_byte_tampering_missing_extra_and_wrong_pin_rejected) ... ok
2026-09-14T02:26:10.2514219Z test_preflight_roundtrip_exact_artifact_and_runtime (test_early_pullback_census_hosted_v01.HostedCensusTests.test_preflight_roundtrip_exact_artifact_and_runtime) ... ok
2026-09-14T02:26:10.2584871Z test_preparation_cannot_reuse_directory (test_early_pullback_census_hosted_v01.HostedCensusTests.test_preparation_cannot_reuse_directory) ... ok
2026-09-14T02:26:10.2637435Z test_preparation_rejects_bad_ci_before_creating_marker (test_early_pullback_census_hosted_v01.HostedCensusTests.test_preparation_rejects_bad_ci_before_creating_marker) ... ok
2026-09-14T02:26:10.2876306Z test_provider_failure_is_retained_without_retry (test_early_pullback_census_hosted_v01.HostedCensusTests.test_provider_failure_is_retained_without_retry) ... ok
2026-09-14T02:26:10.2958127Z test_rehashed_preflight_cannot_change_runtime_or_approval (test_early_pullback_census_hosted_v01.HostedCensusTests.test_rehashed_preflight_cannot_change_runtime_or_approval) ... ok
2026-09-14T02:26:10.3087466Z test_rerun_dispatch_wrong_branch_repo_or_workflow_rejected (test_early_pullback_census_hosted_v01.HostedCensusTests.test_rerun_dispatch_wrong_branch_repo_or_workflow_rejected) ... ok
2026-09-14T02:26:10.3185556Z test_rerun_never_reads_credential (test_early_pullback_census_hosted_v01.HostedCensusTests.test_rerun_never_reads_credential) ... ok
2026-09-14T02:26:10.3229242Z test_resealed_execution_scope_change_rejected (test_early_pullback_census_hosted_v01.HostedCensusTests.test_resealed_execution_scope_change_rejected) ... ok
2026-09-14T02:26:10.3402613Z test_symlink_and_oversize_preflight_rejected_before_read (test_early_pullback_census_hosted_v01.HostedCensusTests.test_symlink_and_oversize_preflight_rejected_before_read) ... ok
2026-09-14T02:26:10.3524527Z test_workflow_actions_pinned_and_no_credential_checkout_persistence (test_early_pullback_census_hosted_v01.HostedCensusTests.test_workflow_actions_pinned_and_no_credential_checkout_persistence) ... ok
2026-09-14T02:26:10.3644471Z test_workflow_consumes_atomically_before_upload_and_secrets (test_early_pullback_census_hosted_v01.HostedCensusTests.test_workflow_consumes_atomically_before_upload_and_secrets) ... ok
2026-09-14T02:26:10.3771189Z test_workflow_only_separate_execution_path_can_trigger (test_early_pullback_census_hosted_v01.HostedCensusTests.test_workflow_only_separate_execution_path_can_trigger) ... ok
2026-09-14T02:26:11.3893739Z test_actual_runtime_must_match_frozen_runtime (test_early_pullback_census_hosted_v02.HostedCensusV02Tests.test_actual_runtime_must_match_frozen_runtime) ... ok
2026-09-14T02:26:11.4070908Z test_artifact_id_run_branch_expiry_size_digest_and_name_required (test_early_pullback_census_hosted_v02.HostedCensusV02Tests.test_artifact_id_run_branch_expiry_size_digest_and_name_required) ... ok
2026-09-14T02:26:11.4241440Z test_bad_preflight_never_reads_credential_or_starts_transport (test_early_pullback_census_hosted_v02.HostedCensusV02Tests.test_bad_preflight_never_reads_credential_or_starts_transport) ... ok
2026-09-14T02:26:11.4415142Z test_bad_runtime_never_reads_credential (test_early_pullback_census_hosted_v02.HostedCensusV02Tests.test_bad_runtime_never_reads_credential) ... ok
2026-09-14T02:26:11.4728201Z test_changed_parent_tree_extra_file_merge_and_dirty_checkout_rejected (test_early_pullback_census_hosted_v02.HostedCensusV02Tests.test_changed_parent_tree_extra_file_merge_and_dirty_checkout_rejected) ... ok
2026-09-14T02:26:12.7462222Z test_cli_has_provider_free_registration_validation (test_early_pullback_census_hosted_v02.HostedCensusV02Tests.test_cli_has_provider_free_registration_validation) ... ok
2026-09-14T02:26:12.7988591Z test_cost_upgrade_date_route_and_entitlement_proof_changes_rejected (test_early_pullback_census_hosted_v02.HostedCensusV02Tests.test_cost_upgrade_date_route_and_entitlement_proof_changes_rejected) ... ok
2026-09-14T02:26:12.8098076Z test_exact_first_attempt_execution_is_valid (test_early_pullback_census_hosted_v02.HostedCensusV02Tests.test_exact_first_attempt_execution_is_valid) ... ok
2026-09-14T02:26:12.8167266Z test_exact_parent_ci_and_all_steps_required (test_early_pullback_census_hosted_v02.HostedCensusV02Tests.test_exact_parent_ci_and_all_steps_required) ... ok
2026-09-14T02:26:12.8338804Z test_expired_future_overlong_naive_approval_rejected (test_early_pullback_census_hosted_v02.HostedCensusV02Tests.test_expired_future_overlong_naive_approval_rejected) ... ok
2026-09-14T02:26:12.8408195Z test_frozen_registration_and_ancestors_unchanged (test_early_pullback_census_hosted_v02.HostedCensusV02Tests.test_frozen_registration_and_ancestors_unchanged) ... ok
2026-09-14T02:26:12.9554409Z test_full_synthetic_launch_keeps_all_origin_runtime_gates_closed (test_early_pullback_census_hosted_v02.HostedCensusV02Tests.test_full_synthetic_launch_keeps_all_origin_runtime_gates_closed) ... ok
2026-09-14T02:26:12.9626808Z test_green_workflow_cannot_hide_failed_skipped_or_missing_ci_steps (test_early_pullback_census_hosted_v02.HostedCensusV02Tests.test_green_workflow_cannot_hide_failed_skipped_or_missing_ci_steps) ... ok
2026-09-14T02:26:12.9762774Z test_live_ref_drift_or_tag_object_rejected (test_early_pullback_census_hosted_v02.HostedCensusV02Tests.test_live_ref_drift_or_tag_object_rejected) ... ok
2026-09-14T02:26:12.9970455Z test_missing_credential_retains_launch_failure_without_request (test_early_pullback_census_hosted_v02.HostedCensusV02Tests.test_missing_credential_retains_launch_failure_without_request) ... ok
2026-09-14T02:26:13.0168045Z test_missing_or_placeholder_approval_and_entitlement_rejected (test_early_pullback_census_hosted_v02.HostedCensusV02Tests.test_missing_or_placeholder_approval_and_entitlement_rejected) ... ok
2026-09-14T02:26:13.1373188Z test_output_reuse_blocked_before_second_credential_read (test_early_pullback_census_hosted_v02.HostedCensusV02Tests.test_output_reuse_blocked_before_second_credential_read) ... ok
2026-09-14T02:26:13.4949594Z test_owner_message_records_uncertainty_without_credit_provider_inference (test_early_pullback_census_hosted_v02.HostedCensusV02Tests.test_owner_message_records_uncertainty_without_credit_provider_inference) ... ok
2026-09-14T02:26:13.5068070Z test_preflight_byte_tampering_missing_extra_and_wrong_pin_rejected (test_early_pullback_census_hosted_v02.HostedCensusV02Tests.test_preflight_byte_tampering_missing_extra_and_wrong_pin_rejected) ... ok
2026-09-14T02:26:13.5189746Z test_preflight_roundtrip_exact_artifact_and_runtime (test_early_pullback_census_hosted_v02.HostedCensusV02Tests.test_preflight_roundtrip_exact_artifact_and_runtime) ... ok
2026-09-14T02:26:13.5299456Z test_preparation_cannot_reuse_directory (test_early_pullback_census_hosted_v02.HostedCensusV02Tests.test_preparation_cannot_reuse_directory) ... ok
2026-09-14T02:26:13.5395380Z test_preparation_rejects_bad_ci_before_creating_marker (test_early_pullback_census_hosted_v02.HostedCensusV02Tests.test_preparation_rejects_bad_ci_before_creating_marker) ... ok
2026-09-14T02:26:13.5685716Z test_provider_failure_is_retained_without_retry (test_early_pullback_census_hosted_v02.HostedCensusV02Tests.test_provider_failure_is_retained_without_retry) ... ok
2026-09-14T02:26:13.5810159Z test_rehashed_preflight_cannot_change_runtime_or_approval (test_early_pullback_census_hosted_v02.HostedCensusV02Tests.test_rehashed_preflight_cannot_change_runtime_or_approval) ... ok
2026-09-14T02:26:13.6161993Z test_rerun_dispatch_wrong_branch_repo_or_workflow_rejected (test_early_pullback_census_hosted_v02.HostedCensusV02Tests.test_rerun_dispatch_wrong_branch_repo_or_workflow_rejected) ... ok
2026-09-14T02:26:13.6324213Z test_rerun_never_reads_credential (test_early_pullback_census_hosted_v02.HostedCensusV02Tests.test_rerun_never_reads_credential) ... ok
2026-09-14T02:26:13.6434206Z test_resealed_execution_scope_change_rejected (test_early_pullback_census_hosted_v02.HostedCensusV02Tests.test_resealed_execution_scope_change_rejected) ... ok
2026-09-14T02:26:13.6694807Z test_source_hashes_and_expected_zero_cost_are_exact (test_early_pullback_census_hosted_v02.HostedCensusV02Tests.test_source_hashes_and_expected_zero_cost_are_exact) ... ok
2026-09-14T02:26:13.6801938Z test_stale_public_pricing_is_rejected_even_with_fresh_approval (test_early_pullback_census_hosted_v02.HostedCensusV02Tests.test_stale_public_pricing_is_rejected_even_with_fresh_approval) ... ok
2026-09-14T02:26:13.6916166Z test_symlink_and_oversize_preflight_rejected_before_read (test_early_pullback_census_hosted_v02.HostedCensusV02Tests.test_symlink_and_oversize_preflight_rejected_before_read) ... ok
2026-09-14T02:26:13.7370113Z test_truthful_approval_rejects_invented_entitlement_balance_and_billing_guarantee (test_early_pullback_census_hosted_v02.HostedCensusV02Tests.test_truthful_approval_rejects_invented_entitlement_balance_and_billing_guarantee) ... ok
2026-09-14T02:26:13.7531884Z test_workflow_actions_pinned_and_no_credential_checkout_persistence (test_early_pullback_census_hosted_v02.HostedCensusV02Tests.test_workflow_actions_pinned_and_no_credential_checkout_persistence) ... ok
2026-09-14T02:26:13.7691895Z test_workflow_consumes_atomically_before_upload_and_secrets (test_early_pullback_census_hosted_v02.HostedCensusV02Tests.test_workflow_consumes_atomically_before_upload_and_secrets) ... ok
2026-09-14T02:26:13.7850006Z test_workflow_only_separate_execution_path_can_trigger (test_early_pullback_census_hosted_v02.HostedCensusV02Tests.test_workflow_only_separate_execution_path_can_trigger) ... ok
2026-09-14T02:26:13.8900137Z test_archive_inner_hash_detects_changed_raw_bytes (test_early_pullback_census_v01.CensusTests.test_archive_inner_hash_detects_changed_raw_bytes) ... ok
2026-09-14T02:26:14.0697056Z test_archive_missing_extra_and_partial_evidence_cannot_pass (test_early_pullback_census_v01.CensusTests.test_archive_missing_extra_and_partial_evidence_cannot_pass) ... ok
2026-09-14T02:26:14.1722099Z test_archive_outer_and_inventory_pins_are_required (test_early_pullback_census_v01.CensusTests.test_archive_outer_and_inventory_pins_are_required) ... ok
2026-09-14T02:26:14.2807789Z test_archive_unsafe_duplicate_and_special_members_rejected (test_early_pullback_census_v01.CensusTests.test_archive_unsafe_duplicate_and_special_members_rejected) ... ok
2026-09-14T02:26:14.3471030Z test_bad_http_encoding_incomplete_and_oversize_stop_without_retry (test_early_pullback_census_v01.CensusTests.test_bad_http_encoding_incomplete_and_oversize_stop_without_retry) ... ok
2026-09-14T02:26:15.2518668Z test_cli_offline_validation_and_no_capture_mode (test_early_pullback_census_v01.CensusTests.test_cli_offline_validation_and_no_capture_mode) ... ok
2026-09-14T02:26:15.3741616Z test_complete_31_request_capture_and_independent_byte_replay (test_early_pullback_census_v01.CensusTests.test_complete_31_request_capture_and_independent_byte_replay) ... ok
2026-09-14T02:26:15.3821974Z test_current_type_dictionary_rejects_empty_duplicate_or_paginated (test_early_pullback_census_v01.CensusTests.test_current_type_dictionary_rejects_empty_duplicate_or_paginated) ... ok
2026-09-14T02:26:15.3918684Z test_duplicate_membership_within_or_across_pages_rejected (test_early_pullback_census_v01.CensusTests.test_duplicate_membership_within_or_across_pages_rejected) ... ok
2026-09-14T02:26:15.4046259Z test_empty_complete_census_is_failure_not_zero_opportunities (test_early_pullback_census_v01.CensusTests.test_empty_complete_census_is_failure_not_zero_opportunities) ... ok
2026-09-14T02:26:15.7016008Z test_empty_intermediate_or_terminal_after_members_can_complete (test_early_pullback_census_v01.CensusTests.test_empty_intermediate_or_terminal_after_members_can_complete) ... ok
2026-09-14T02:26:16.0066216Z test_frozen_parent_and_registration (test_early_pullback_census_v01.CensusTests.test_frozen_parent_and_registration) ... ok
2026-09-14T02:26:16.1085912Z test_independently_pinned_contract_must_match (test_early_pullback_census_v01.CensusTests.test_independently_pinned_contract_must_match) ... ok
2026-09-14T02:26:16.2007651Z test_intent_persisted_before_transport_and_no_credential_files (test_early_pullback_census_v01.CensusTests.test_intent_persisted_before_transport_and_no_credential_files) ... ok
2026-09-14T02:26:16.2076837Z test_interruption_preserves_pending_intent_and_failure_inventory (test_early_pullback_census_v01.CensusTests.test_interruption_preserves_pending_intent_and_failure_inventory) ... ok
2026-09-14T02:26:16.2299524Z test_literal_encoded_and_json_escaped_credential_echo_never_retained (test_early_pullback_census_v01.CensusTests.test_literal_encoded_and_json_escaped_credential_echo_never_retained) ... ok
2026-09-14T02:26:16.2402336Z test_no_early_request_when_sleeper_fails_to_advance_clock (test_early_pullback_census_v01.CensusTests.test_no_early_request_when_sleeper_fails_to_advance_clock) ... ok
2026-09-14T02:26:16.3236782Z test_no_restart_output_reuse_or_implicit_transport (test_early_pullback_census_v01.CensusTests.test_no_restart_output_reuse_or_implicit_transport) ... ok
2026-09-14T02:26:16.3242784Z test_output_symlink_and_metadata_overflow_rejected (test_early_pullback_census_v01.CensusTests.test_output_symlink_and_metadata_overflow_rejected) ... ok
2026-09-14T02:26:16.3304724Z test_page_and_cross_page_order_regression_rejected (test_early_pullback_census_v01.CensusTests.test_page_and_cross_page_order_regression_rejected) ... ok
2026-09-14T02:26:16.3389727Z test_payload_limit_stops_and_retains_failure_metadata (test_early_pullback_census_v01.CensusTests.test_payload_limit_stops_and_retains_failure_metadata) ... ok
2026-09-14T02:26:16.3394195Z test_request_mutations_fail_before_transport (test_early_pullback_census_v01.CensusTests.test_request_mutations_fail_before_transport) ... ok
2026-09-14T02:26:16.4347579Z test_required_page_21_fails_without_next_request (test_early_pullback_census_v01.CensusTests.test_required_page_21_fails_without_next_request) ... ok
2026-09-14T02:26:16.5870871Z test_resealed_normalization_report_and_pacing_forgery_rejected (test_early_pullback_census_v01.CensusTests.test_resealed_normalization_report_and_pacing_forgery_rejected) ... ok
2026-09-14T02:26:16.5902714Z test_schema_rejects_labels_coercion_nonfinite_and_duplicate_json (test_early_pullback_census_v01.CensusTests.test_schema_rejects_labels_coercion_nonfinite_and_duplicate_json) ... ok
2026-09-14T02:26:16.5947763Z test_ticker_collisions_missing_identity_and_unknown_types_retained (test_early_pullback_census_v01.CensusTests.test_ticker_collisions_missing_identity_and_unknown_types_retained) ... ok
2026-09-14T02:26:16.6031955Z test_transport_exception_sanitized_and_not_retried (test_early_pullback_census_v01.CensusTests.test_transport_exception_sanitized_and_not_retried) ... ok
2026-09-14T02:26:19.3468721Z test_twentieth_terminal_page_and_601_attempt_ceiling (test_early_pullback_census_v01.CensusTests.test_twentieth_terminal_page_and_601_attempt_ceiling) ... ok
2026-09-14T02:26:19.5326467Z test_two_pages_all_dates_are_exhausted (test_early_pullback_census_v01.CensusTests.test_two_pages_all_dates_are_exhausted) ... ok
2026-09-14T02:26:19.5439829Z test_unicode_escaped_credential_in_unprojected_metadata_not_retained (test_early_pullback_census_v01.CensusTests.test_unicode_escaped_credential_in_unprojected_metadata_not_retained) ... ok
2026-09-14T02:26:19.5466632Z test_content_length_mismatch_marks_incomplete (test_early_pullback_census_v01.HTTPTests.test_content_length_mismatch_marks_incomplete) ... ok
2026-09-14T02:26:19.5493592Z test_fixed_host_exact_get_identity_encoding_and_close (test_early_pullback_census_v01.HTTPTests.test_fixed_host_exact_get_identity_encoding_and_close) ... ok
2026-09-14T02:26:19.5520116Z test_invalid_request_never_constructs_connection (test_early_pullback_census_v01.HTTPTests.test_invalid_request_never_constructs_connection) ... ok
2026-09-14T02:26:19.5596853Z test_read_error_preserves_partial_failure_and_closes (test_early_pullback_census_v01.HTTPTests.test_read_error_preserves_partial_failure_and_closes) ... ok
2026-09-14T02:26:19.5623398Z test_redirect_is_returned_without_following (test_early_pullback_census_v01.HTTPTests.test_redirect_is_returned_without_following) ... ok
2026-09-14T02:26:19.5649613Z test_transport_stops_at_oversize_sentinel (test_early_pullback_census_v01.HTTPTests.test_transport_stops_at_oversize_sentinel) ... ok
2026-09-14T02:26:19.9619653Z test_all_allowed_control_and_child_preserve_parent_account_state_and_events (test_early_pullback_paired_adapter_v01.PairedMechanicsTests.test_all_allowed_control_and_child_preserve_parent_account_state_and_events) ... ok
2026-09-14T02:26:21.8494283Z test_all_twelve_original_fixture_paths_have_independent_thirty_session_arms (test_early_pullback_paired_adapter_v01.PairedMechanicsTests.test_all_twelve_original_fixture_paths_have_independent_thirty_session_arms) ... ok
2026-09-14T02:26:23.4216166Z test_both_accounts_and_execution_scenarios_preserve_parent_fills_and_fees (test_early_pullback_paired_adapter_v01.PairedMechanicsTests.test_both_accounts_and_execution_scenarios_preserve_parent_fills_and_fees) ... ok
2026-09-14T02:26:23.4389628Z test_changed_new_catalogue_and_non_synthetic_mode_fail_closed (test_early_pullback_paired_adapter_v01.PairedMechanicsTests.test_changed_new_catalogue_and_non_synthetic_mode_fail_closed) ... ok
2026-09-14T02:26:23.8315853Z test_each_arm_carries_own_cash_and_own_previous_close (test_early_pullback_paired_adapter_v01.PairedMechanicsTests.test_each_arm_carries_own_cash_and_own_previous_close) ... ok
2026-09-14T02:26:24.4058305Z test_input_immutability_and_recomputed_result_rejects_cash_tampering (test_early_pullback_paired_adapter_v01.PairedMechanicsTests.test_input_immutability_and_recomputed_result_rejects_cash_tampering) ... ok
2026-09-14T02:26:24.5947647Z test_late_withhold_creates_no_order_campaign_fee_or_position (test_early_pullback_paired_adapter_v01.PairedMechanicsTests.test_late_withhold_creates_no_order_campaign_fee_or_position) ... ok
2026-09-14T02:26:24.7410127Z test_missing_and_extra_source_cannot_be_a_withhold (test_early_pullback_paired_adapter_v01.PairedMechanicsTests.test_missing_and_extra_source_cannot_be_a_withhold) ... ok
2026-09-14T02:26:24.9294254Z test_open_position_and_blocked_carry_are_independent_between_arms (test_early_pullback_paired_adapter_v01.PairedMechanicsTests.test_open_position_and_blocked_carry_are_independent_between_arms) ... ok
2026-09-14T02:26:25.0968410Z test_trailing_stream_error_is_not_erased_for_withheld_opportunity (test_early_pullback_paired_adapter_v01.PairedMechanicsTests.test_trailing_stream_error_is_not_erased_for_withheld_opportunity) ... ok
2026-09-14T02:26:25.1272862Z test_unavailable_reference_retained_and_not_strategy_withheld (test_early_pullback_paired_adapter_v01.PairedMechanicsTests.test_unavailable_reference_retained_and_not_strategy_withheld) ... ok
2026-09-14T02:26:25.4646785Z test_withholding_releases_capacity_for_other_symbol_in_same_session (test_early_pullback_paired_adapter_v01.PairedMechanicsTests.test_withholding_releases_capacity_for_other_symbol_in_same_session) ... ok
2026-09-14T02:26:25.4664432Z test_bounded_plan_has_exact_fixed_dates_four_unarmed_calls_no_cost_guess (test_early_pullback_paired_adapter_v01.RegistrationTests.test_bounded_plan_has_exact_fixed_dates_four_unarmed_calls_no_cost_guess) ... ok
2026-09-14T02:26:25.5854239Z test_frozen_registration_and_original_selection_unchanged (test_early_pullback_paired_adapter_v01.RegistrationTests.test_frozen_registration_and_original_selection_unchanged) ... ok
2026-09-14T02:26:25.6833820Z test_earlier_crossing_cannot_be_hidden_by_later_decision (test_early_pullback_paired_adapter_v01.TriggerBindingTests.test_earlier_crossing_cannot_be_hidden_by_later_decision) ... ok
2026-09-14T02:26:26.0755339Z test_forged_plan_or_prefix_rejected_even_with_rehashed_source (test_early_pullback_paired_adapter_v01.TriggerBindingTests.test_forged_plan_or_prefix_rejected_even_with_rehashed_source) ... ok
2026-09-14T02:26:26.1802401Z test_future_trade_or_uncompleted_minute_rejected (test_early_pullback_paired_adapter_v01.TriggerBindingTests.test_future_trade_or_uncompleted_minute_rejected) ... ok
2026-09-14T02:26:26.2310469Z test_independent_source_and_decision_pins_required (test_early_pullback_paired_adapter_v01.TriggerBindingTests.test_independent_source_and_decision_pins_required) ... ok
2026-09-14T02:26:26.4345773Z test_labels_and_extra_market_columns_rejected (test_early_pullback_paired_adapter_v01.TriggerBindingTests.test_labels_and_extra_market_columns_rejected) ... ok
2026-09-14T02:26:26.7343453Z test_original_plans_prefixes_and_ordinals_reproduce (test_early_pullback_paired_adapter_v01.TriggerBindingTests.test_original_plans_prefixes_and_ordinals_reproduce) ... ok
2026-09-14T02:26:26.8393735Z test_prior_session_warmup_and_clock_order_enforced (test_early_pullback_paired_adapter_v01.TriggerBindingTests.test_prior_session_warmup_and_clock_order_enforced) ... ok
2026-09-14T02:26:26.9369921Z test_same_timestamp_trade_order_binds_original_prefix (test_early_pullback_paired_adapter_v01.TriggerBindingTests.test_same_timestamp_trade_order_binds_original_prefix) ... ok
2026-09-14T02:26:27.0347728Z test_source_normalization_change_breaks_original_prefix (test_early_pullback_paired_adapter_v01.TriggerBindingTests.test_source_normalization_change_breaks_original_prefix) ... ok
2026-09-14T02:26:27.1354004Z test_wrong_activation_or_profiles_rejected (test_early_pullback_paired_adapter_v01.TriggerBindingTests.test_wrong_activation_or_profiles_rejected) ... ok
2026-09-14T02:26:27.1356817Z test_dated_2026_schedule_and_original_guard (test_early_pullback_panel_accounts_v01.FeeContextTests.test_dated_2026_schedule_and_original_guard) ... ok
2026-09-14T02:26:27.1394092Z test_same_fee_arithmetic_capping_and_daily_increment_on_new_dates (test_early_pullback_panel_accounts_v01.FeeContextTests.test_same_fee_arithmetic_capping_and_daily_increment_on_new_dates) ... ok
2026-09-14T02:26:27.1838788Z test_context_ports_preserve_every_frozen_mechanical_statement (test_early_pullback_panel_accounts_v01.MechanicalParityTests.test_context_ports_preserve_every_frozen_mechanical_statement) ... ok
2026-09-14T02:26:27.1843126Z test_final_management_and_account_methods_are_inherited_unchanged (test_early_pullback_panel_accounts_v01.MechanicalParityTests.test_final_management_and_account_methods_are_inherited_unchanged) ... ok
2026-09-14T02:26:32.3726025Z test_all_24_paths_run_720_real_new_date_slots_seed_once (test_early_pullback_panel_accounts_v01.PanelAccountTests.test_all_24_paths_run_720_real_new_date_slots_seed_once) ... ok
2026-09-14T02:26:32.5170723Z test_ancestor_date_guards_and_old_entry_points_stay_frozen (test_early_pullback_panel_accounts_v01.PanelAccountTests.test_ancestor_date_guards_and_old_entry_points_stay_frozen) ... ok
2026-09-14T02:26:32.5173476Z test_both_arms_have_identical_economics_when_gate_admits (test_early_pullback_panel_accounts_v01.PanelAccountTests.test_both_arms_have_identical_economics_when_gate_admits) ... ok
2026-09-14T02:26:32.5175825Z test_evaluation_provider_and_brokerage_gates_remain_closed (test_early_pullback_panel_accounts_v01.PanelAccountTests.test_evaluation_provider_and_brokerage_gates_remain_closed) ... ok
2026-09-14T02:26:34.9885847Z test_full_replay_is_reproducible (test_early_pullback_panel_accounts_v01.PanelAccountTests.test_full_replay_is_reproducible) ... ok
2026-09-14T02:26:35.0635946Z test_independent_inventory_and_result_commitments_required (test_early_pullback_panel_accounts_v01.PanelAccountTests.test_independent_inventory_and_result_commitments_required) ... ok
2026-09-14T02:26:35.0639997Z test_label_inside_carried_state_is_rejected (test_early_pullback_panel_accounts_v01.PanelAccountTests.test_label_inside_carried_state_is_rejected) ... ok
2026-09-14T02:26:35.8238839Z test_late_stream_corruption_retains_known_state_and_blocks_next_day (test_early_pullback_panel_accounts_v01.PanelAccountTests.test_late_stream_corruption_retains_known_state_and_blocks_next_day) ... ok
2026-09-14T02:26:39.3419526Z test_late_withhold_cannot_hide_invalid_entry_or_exit_sources (test_early_pullback_panel_accounts_v01.PanelAccountTests.test_late_withhold_cannot_hide_invalid_entry_or_exit_sources) ... ok
2026-09-14T02:26:41.8257714Z test_missing_extra_or_mutated_inventory_cannot_filter_plans (test_early_pullback_panel_accounts_v01.PanelAccountTests.test_missing_extra_or_mutated_inventory_cannot_filter_plans) ... ok
2026-09-14T02:26:46.1162142Z test_new_dates_across_dst_and_last_date_execute_and_carry (test_early_pullback_panel_accounts_v01.PanelAccountTests.test_new_dates_across_dst_and_last_date_execute_and_carry) ... ok
2026-09-14T02:26:48.9584982Z test_no_fresh_quote_at_stress_arrival_means_no_fill_or_fee (test_early_pullback_panel_accounts_v01.PanelAccountTests.test_no_fresh_quote_at_stress_arrival_means_no_fill_or_fee) ... ok
2026-09-14T02:26:48.9587928Z test_original_causal_candidate_projection_and_new_opportunity_identity (test_early_pullback_panel_accounts_v01.PanelAccountTests.test_original_causal_candidate_projection_and_new_opportunity_identity) ... ok
2026-09-14T02:26:48.9599727Z test_previous_close_requires_same_arm_cell_and_immediate_date (test_early_pullback_panel_accounts_v01.PanelAccountTests.test_previous_close_requires_same_arm_cell_and_immediate_date) ... ok
2026-09-14T02:26:48.9609515Z test_slot_changes_cannot_reseed_move_dates_or_alias_arms (test_early_pullback_panel_accounts_v01.PanelAccountTests.test_slot_changes_cannot_reseed_move_dates_or_alias_arms) ... ok
2026-09-14T02:26:52.3621614Z test_small_profile_executes_with_own_seed_on_qualifying_price (test_early_pullback_panel_accounts_v01.PanelAccountTests.test_small_profile_executes_with_own_seed_on_qualifying_price) ... ok
2026-09-14T02:26:55.6510292Z test_unavailable_early_plans_preserved_late_gate_changes_only_child (test_early_pullback_panel_accounts_v01.PanelAccountTests.test_unavailable_early_plans_preserved_late_gate_changes_only_child) ... ok
2026-09-14T02:26:58.5951812Z test_unresolved_position_carries_without_invented_liquidation_or_reset (test_early_pullback_panel_accounts_v01.PanelAccountTests.test_unresolved_position_carries_without_invented_liquidation_or_reset) ... ok
2026-09-14T02:26:58.7630618Z test_registration_and_exact_unarmed_four_call_preparation (test_early_pullback_panel_accounts_v01.RegistrationTests.test_registration_and_exact_unarmed_four_call_preparation) ... ok
2026-09-14T02:27:00.4648627Z test_archive_and_manifest_external_pins_required (test_early_pullback_panel_sources_v01.ArchiveTests.test_archive_and_manifest_external_pins_required) ... ok
2026-09-14T02:27:02.5870901Z test_byte_verified_full_panel_retains_all_dates_and_same_arm_source_union (test_early_pullback_panel_sources_v01.ArchiveTests.test_byte_verified_full_panel_retains_all_dates_and_same_arm_source_union) ... ok
2026-09-14T02:27:06.0097646Z test_duplicate_json_key_and_mutated_manifest_rejected (test_early_pullback_panel_sources_v01.ArchiveTests.test_duplicate_json_key_and_mutated_manifest_rejected) ... ok
2026-09-14T02:27:07.7216370Z test_member_tamper_rejected_even_with_new_outer_archive_hash (test_early_pullback_panel_sources_v01.ArchiveTests.test_member_tamper_rejected_even_with_new_outer_archive_hash) ... ok
2026-09-14T02:27:16.5699297Z test_missing_date_extra_file_duplicate_and_symlink_rejected (test_early_pullback_panel_sources_v01.ArchiveTests.test_missing_date_extra_file_duplicate_and_symlink_rejected) ... ok
2026-09-14T02:27:20.2907926Z test_wrong_day_content_and_altered_catalogue_rejected (test_early_pullback_panel_sources_v01.ArchiveTests.test_wrong_day_content_and_altered_catalogue_rejected) ... ok
2026-09-14T02:27:20.3190152Z test_dst_conversion_preserves_full_new_york_session (test_early_pullback_panel_sources_v01.CatalogueTests.test_dst_conversion_preserves_full_new_york_session) ... ok
2026-09-14T02:27:20.3433194Z test_exact_24_paths_720_new_date_slots_and_once_only_seeds (test_early_pullback_panel_sources_v01.CatalogueTests.test_exact_24_paths_720_new_date_slots_and_once_only_seeds) ... ok
2026-09-14T02:27:20.4244046Z test_external_pin_and_catalogue_tamper_rejected (test_early_pullback_panel_sources_v01.CatalogueTests.test_external_pin_and_catalogue_tamper_rejected) ... ok
2026-09-14T02:27:20.4470815Z test_missing_replaced_reordered_half_day_or_naive_calendar_rejected (test_early_pullback_panel_sources_v01.CatalogueTests.test_missing_replaced_reordered_half_day_or_naive_calendar_rejected) ... ok
2026-09-14T02:27:20.4709681Z test_original_date_guard_unchanged_and_rejects_new_slots (test_early_pullback_panel_sources_v01.CatalogueTests.test_original_date_guard_unchanged_and_rejects_new_slots) ... ok
2026-09-14T02:27:21.3675142Z test_active_source_reconstruction_crosses_dst_and_last_panel_date (test_early_pullback_panel_sources_v01.DaySourceTests.test_active_source_reconstruction_crosses_dst_and_last_panel_date) ... ok
2026-09-14T02:27:21.5406394Z test_dropped_census_rank_or_candidate_source_rejected (test_early_pullback_panel_sources_v01.DaySourceTests.test_dropped_census_rank_or_candidate_source_rejected) ... ok
2026-09-14T02:27:21.9670379Z test_factor_tamper_inconsistent_basis_and_raw_bridge_rejected (test_early_pullback_panel_sources_v01.DaySourceTests.test_factor_tamper_inconsistent_basis_and_raw_bridge_rejected) ... ok
2026-09-14T02:27:22.4922614Z test_future_news_does_not_change_earlier_activation_or_prefix (test_early_pullback_panel_sources_v01.DaySourceTests.test_future_news_does_not_change_earlier_activation_or_prefix) ... ok
2026-09-14T02:27:22.7839258Z test_input_immutability_and_unverified_provenance_not_overclaimed (test_early_pullback_panel_sources_v01.DaySourceTests.test_input_immutability_and_unverified_provenance_not_overclaimed) ... ok
2026-09-14T02:27:23.1224391Z test_labels_extra_market_columns_and_real_symbol_rejected (test_early_pullback_panel_sources_v01.DaySourceTests.test_labels_extra_market_columns_and_real_symbol_rejected) ... ok
2026-09-14T02:27:23.6520046Z test_later_trade_never_enters_earlier_source_prefix (test_early_pullback_panel_sources_v01.DaySourceTests.test_later_trade_never_enters_earlier_source_prefix) ... ok
2026-09-14T02:27:23.8201541Z test_missing_micro_cannot_be_no_trigger_or_filter_opportunity (test_early_pullback_panel_sources_v01.DaySourceTests.test_missing_micro_cannot_be_no_trigger_or_filter_opportunity) ... ok
2026-09-14T02:27:23.9350996Z test_new_dates_and_synthetic_scope_are_not_caller_selectable (test_early_pullback_panel_sources_v01.DaySourceTests.test_new_dates_and_synthetic_scope_are_not_caller_selectable) ... ok
2026-09-14T02:27:24.1007001Z test_parent_profile_grouping_agrees_except_child_identity (test_early_pullback_panel_sources_v01.DaySourceTests.test_parent_profile_grouping_agrees_except_child_identity) ... ok
2026-09-14T02:27:25.1008782Z test_scanner_normalization_original_micro_and_first_two_reproduce (test_early_pullback_panel_sources_v01.DaySourceTests.test_scanner_normalization_original_micro_and_first_two_reproduce) ... ok
2026-09-14T02:27:25.6945555Z test_tied_receive_order_and_source_pin_preserved (test_early_pullback_panel_sources_v01.DaySourceTests.test_tied_receive_order_and_source_pin_preserved) ... ok
2026-09-14T02:27:25.9457660Z test_verified_no_candidate_and_verified_empty_trade_tape_are_distinct (test_early_pullback_panel_sources_v01.DaySourceTests.test_verified_no_candidate_and_verified_empty_trade_tape_are_distinct) ... ok
2026-09-14T02:27:26.4798524Z test_warmup_session_clock_and_noncausal_support_rejected (test_early_pullback_panel_sources_v01.DaySourceTests.test_warmup_session_clock_and_noncausal_support_rejected) ... ok
2026-09-14T02:27:26.7476534Z test_registration_binds_unchanged_parent_and_closed_authority (test_early_pullback_panel_sources_v01.RegistrationTests.test_registration_binds_unchanged_parent_and_closed_authority) ... ok
2026-09-14T02:27:26.9778400Z test_alpaca_next_page_fails_without_following (test_early_pullback_provider_check_v01.ProviderCheckTests.test_alpaca_next_page_fails_without_following) ... ok
2026-09-14T02:27:27.0013231Z test_archive_external_pins_and_changed_bytes_rejected (test_early_pullback_provider_check_v01.ProviderCheckTests.test_archive_external_pins_and_changed_bytes_rejected) ... ok
2026-09-14T02:27:27.0201869Z test_complete_probe_and_independent_artifact_check (test_early_pullback_provider_check_v01.ProviderCheckTests.test_complete_probe_and_independent_artifact_check) ... ok
2026-09-14T02:27:27.0206745Z test_consumption_from_other_run_rejected (test_early_pullback_provider_check_v01.ProviderCheckTests.test_consumption_from_other_run_rejected) ... ok
2026-09-14T02:27:27.0213616Z test_daily_dates_handle_dst_and_missing_date_without_replacement (test_early_pullback_provider_check_v01.ProviderCheckTests.test_daily_dates_handle_dst_and_missing_date_without_replacement) ... ok
2026-09-14T02:27:27.0216726Z test_duplicate_json_and_nonfinite_json_rejected (test_early_pullback_provider_check_v01.ProviderCheckTests.test_duplicate_json_and_nonfinite_json_rejected) ... ok
2026-09-14T02:27:27.0227764Z test_execution_wrong_event_attempt_checkout_and_extra_files_rejected (test_early_pullback_provider_check_v01.ProviderCheckTests.test_execution_wrong_event_attempt_checkout_and_extra_files_rejected) ... ok
2026-09-14T02:27:27.0363396Z test_extra_raw_fields_and_forged_conclusion_rejected (test_early_pullback_provider_check_v01.ProviderCheckTests.test_extra_raw_fields_and_forged_conclusion_rejected) ... ok
2026-09-14T02:27:27.0497945Z test_fresh_process_cannot_reuse_output (test_early_pullback_provider_check_v01.ProviderCheckTests.test_fresh_process_cannot_reuse_output) ... ok
2026-09-14T02:27:27.0504220Z test_frozen_requests_and_parent_unchanged (test_early_pullback_provider_check_v01.ProviderCheckTests.test_frozen_requests_and_parent_unchanged) ... ok
2026-09-14T02:27:27.0689199Z test_http_failure_preserved_and_other_requests_attempted_once (test_early_pullback_provider_check_v01.ProviderCheckTests.test_http_failure_preserved_and_other_requests_attempted_once) ... ok
2026-09-14T02:27:27.0752881Z test_in_memory_retries_and_out_of_order_attempts_rejected (test_early_pullback_provider_check_v01.ProviderCheckTests.test_in_memory_retries_and_out_of_order_attempts_rejected) ... ok
2026-09-14T02:27:27.0883366Z test_intent_is_written_before_each_network_attempt (test_early_pullback_provider_check_v01.ProviderCheckTests.test_intent_is_written_before_each_network_attempt) ... ok
2026-09-14T02:27:27.0948835Z test_interruption_preserves_consumed_intent_without_invented_response (test_early_pullback_provider_check_v01.ProviderCheckTests.test_interruption_preserves_consumed_intent_without_invented_response) ... ok
2026-09-14T02:27:27.0960965Z test_invalid_daily_clock_order_and_duplicate_rejected (test_early_pullback_provider_check_v01.ProviderCheckTests.test_invalid_daily_clock_order_and_duplicate_rejected) ... ok
2026-09-14T02:27:27.0968841Z test_membership_row_filter_or_provider_status_mismatch_fails (test_early_pullback_provider_check_v01.ProviderCheckTests.test_membership_row_filter_or_provider_status_mismatch_fails) ... ok
2026-09-14T02:27:27.0975854Z test_missing_credentials_fail_before_output_or_network (test_early_pullback_provider_check_v01.ProviderCheckTests.test_missing_credentials_fail_before_output_or_network) ... ok
2026-09-14T02:27:27.1106628Z test_no_secret_price_ticker_company_or_next_url_retained (test_early_pullback_provider_check_v01.ProviderCheckTests.test_no_secret_price_ticker_company_or_next_url_retained) ... ok
2026-09-14T02:27:27.1270159Z test_non_json_response_is_retained_as_failure (test_early_pullback_provider_check_v01.ProviderCheckTests.test_non_json_response_is_retained_as_failure) ... ok
2026-09-14T02:27:27.1273747Z test_only_successful_exact_code_ci_permits_consumption (test_early_pullback_provider_check_v01.ProviderCheckTests.test_only_successful_exact_code_ci_permits_consumption) ... ok
2026-09-14T02:27:27.1413806Z test_oversized_body_reads_only_one_bounded_prefix (test_early_pullback_provider_check_v01.ProviderCheckTests.test_oversized_body_reads_only_one_bounded_prefix) ... ok
2026-09-14T02:27:27.1548290Z test_polygon_route_chosen_before_attempts_without_runtime_fallback (test_early_pullback_provider_check_v01.ProviderCheckTests.test_polygon_route_chosen_before_attempts_without_runtime_fallback) ... ok
2026-09-14T02:27:27.1551421Z test_redirect_handler_refuses_new_request (test_early_pullback_provider_check_v01.ProviderCheckTests.test_redirect_handler_refuses_new_request) ... ok
2026-09-14T02:27:27.1682060Z test_requests_match_exact_parameters_with_no_pagination (test_early_pullback_provider_check_v01.ProviderCheckTests.test_requests_match_exact_parameters_with_no_pagination) ... ok
2026-09-14T02:27:27.1817121Z test_response_digest_is_raw_bytes_not_projected_values (test_early_pullback_provider_check_v01.ProviderCheckTests.test_response_digest_is_raw_bytes_not_projected_values) ... ok
2026-09-14T02:27:27.1947874Z test_run_cannot_repeat_after_completion (test_early_pullback_provider_check_v01.ProviderCheckTests.test_run_cannot_repeat_after_completion) ... ok
2026-09-14T02:27:27.1953860Z test_schema_subset_and_exclusive_end_enforced (test_early_pullback_provider_check_v01.ProviderCheckTests.test_schema_subset_and_exclusive_end_enforced) ... ok
2026-09-14T02:27:27.2080152Z test_transport_exception_text_never_retained (test_early_pullback_provider_check_v01.ProviderCheckTests.test_transport_exception_text_never_retained) ... ok
2026-09-14T02:27:27.2205698Z test_unexpected_content_encoding_rejected_without_read (test_early_pullback_provider_check_v01.ProviderCheckTests.test_unexpected_content_encoding_rejected_without_read) ... ok
2026-09-14T02:27:27.2299291Z test_workflow_consumes_before_separate_read_only_provider_job (test_early_pullback_provider_check_v01.ProviderCheckTests.test_workflow_consumes_before_separate_read_only_provider_job) ... ok
2026-09-14T02:27:27.2460657Z test_wrong_external_execution_identity_rejected (test_early_pullback_provider_check_v01.ProviderCheckTests.test_wrong_external_execution_identity_rejected) ... ok
2026-09-14T02:27:27.2532431Z test_decision_cannot_use_incomplete_or_expired_bar (test_early_pullback_selection_v01.CausalEarlyPullbackTests.test_decision_cannot_use_incomplete_or_expired_bar) ... ok
2026-09-14T02:27:27.2548726Z test_empty_prefix_fails (test_early_pullback_selection_v01.CausalEarlyPullbackTests.test_empty_prefix_fails) ... ok
2026-09-14T02:27:27.2575275Z test_equal_running_high_does_not_confirm_resumption (test_early_pullback_selection_v01.CausalEarlyPullbackTests.test_equal_running_high_does_not_confirm_resumption) ... ok
2026-09-14T02:27:27.2640353Z test_first_and_second_selected_third_withheld (test_early_pullback_selection_v01.CausalEarlyPullbackTests.test_first_and_second_selected_third_withheld) ... ok
2026-09-14T02:27:27.2653830Z test_future_prefix_is_rejected_not_silently_sliced (test_early_pullback_selection_v01.CausalEarlyPullbackTests.test_future_prefix_is_rejected_not_silently_sliced) ... ok
2026-09-14T02:27:27.2704708Z test_input_not_mutated_and_prefix_identity_changes_with_market_evidence (test_early_pullback_selection_v01.CausalEarlyPullbackTests.test_input_not_mutated_and_prefix_identity_changes_with_market_evidence) ... ok
2026-09-14T02:27:27.2767422Z test_invalid_indices_fail (test_early_pullback_selection_v01.CausalEarlyPullbackTests.test_invalid_indices_fail) ... ok
2026-09-14T02:27:27.2900441Z test_invalid_market_values_fail (test_early_pullback_selection_v01.CausalEarlyPullbackTests.test_invalid_market_values_fail) ... ok
2026-09-14T02:27:27.2945965Z test_naive_or_missing_clock_fails (test_early_pullback_selection_v01.CausalEarlyPullbackTests.test_naive_or_missing_clock_fails) ... ok
2026-09-14T02:27:27.3019677Z test_prefix_only_no_fill_or_label_inputs (test_early_pullback_selection_v01.CausalEarlyPullbackTests.test_prefix_only_no_fill_or_label_inputs) ... ok
2026-09-14T02:27:27.3032737Z test_prequalification_prefix_fails (test_early_pullback_selection_v01.CausalEarlyPullbackTests.test_prequalification_prefix_fails) ... ok
2026-09-14T02:27:27.3055926Z test_qualification_anchor_is_not_first_entry (test_early_pullback_selection_v01.CausalEarlyPullbackTests.test_qualification_anchor_is_not_first_entry) ... ok
2026-09-14T02:27:27.3175197Z test_timestamp_resolution_does_not_change_decision (test_early_pullback_selection_v01.CausalEarlyPullbackTests.test_timestamp_resolution_does_not_change_decision) ... ok
2026-09-14T02:27:27.3230753Z test_withheld_prefix_does_not_reset_on_next_bar (test_early_pullback_selection_v01.CausalEarlyPullbackTests.test_withheld_prefix_does_not_reset_on_next_bar) ... ok
2026-09-14T02:27:27.3236311Z test_date_only_inventory_includes_path_and_nested_archives (test_early_pullback_selection_v01.PanelSelectionTests.test_date_only_inventory_includes_path_and_nested_archives) ... ok
2026-09-14T02:27:27.3239240Z test_duplicate_exclusions_fail_even_if_rehashed (test_early_pullback_selection_v01.PanelSelectionTests.test_duplicate_exclusions_fail_even_if_rehashed) ... ok
2026-09-14T02:27:27.3241912Z test_empty_duplicate_or_corrupt_inventory_fails (test_early_pullback_selection_v01.PanelSelectionTests.test_empty_duplicate_or_corrupt_inventory_fails) ... ok
2026-09-14T02:27:27.3265257Z test_exhausted_panel_fails_without_relaxing_exclusions (test_early_pullback_selection_v01.PanelSelectionTests.test_exhausted_panel_fails_without_relaxing_exclusions) ... ok
2026-09-14T02:27:27.3268020Z test_inventory_order_irrelevant_and_bytes_bound (test_early_pullback_selection_v01.PanelSelectionTests.test_inventory_order_irrelevant_and_bytes_bound) ... ok
2026-09-14T02:27:27.3281953Z test_selection_deterministic_full_block_no_excluded_date (test_early_pullback_selection_v01.PanelSelectionTests.test_selection_deterministic_full_block_no_excluded_date) ... ok
2026-09-14T02:27:27.3284958Z test_tampered_exclusion_hash_and_parent_fail (test_early_pullback_selection_v01.PanelSelectionTests.test_tampered_exclusion_hash_and_parent_fail) ... ok
2026-09-14T02:27:27.3302175Z test_all_authority_closed_and_both_complete_arms_required (test_early_pullback_selection_v01.SavedRegistrationTests.test_all_authority_closed_and_both_complete_arms_required) ... ok
2026-09-14T02:27:27.3321292Z test_old_baseline_and_prior_exclusions_cannot_be_holdout (test_early_pullback_selection_v01.SavedRegistrationTests.test_old_baseline_and_prior_exclusions_cannot_be_holdout) ... ok
2026-09-14T02:27:27.3336634Z test_registration_and_implementation_bindings (test_early_pullback_selection_v01.SavedRegistrationTests.test_registration_and_implementation_bindings) ... ok
2026-09-14T02:27:27.3413922Z test_saved_panel_reproduces_and_no_claim_of_fresh_external_exposure (test_early_pullback_selection_v01.SavedRegistrationTests.test_saved_panel_reproduces_and_no_claim_of_fresh_external_exposure) ... ok
2026-09-14T02:27:27.3416184Z test_fee_types_aggregate_daily_then_round_up_separately (test_execution_realism.EquityFeeTests.test_fee_types_aggregate_daily_then_round_up_separately) ... ok
2026-09-14T02:27:27.3418083Z test_taf_cap_is_per_sell_trade_before_daily_aggregation (test_execution_realism.EquityFeeTests.test_taf_cap_is_per_sell_trade_before_daily_aggregation) ... ok
2026-09-14T02:27:27.3420461Z test_fresh_arrival_quote_fills_buy_at_ask_and_records_spread (test_execution_realism.MarketableLimitExecutionTests.test_fresh_arrival_quote_fills_buy_at_ask_and_records_spread) ... ok
2026-09-14T02:27:27.3422625Z test_invalid_book_or_out_of_order_stream_fails_closed (test_execution_realism.MarketableLimitExecutionTests.test_invalid_book_or_out_of_order_stream_fails_closed) ... ok
2026-09-14T02:27:27.3424925Z test_non_marketable_limit_cancels_and_halt_can_resume_before_ack (test_execution_realism.MarketableLimitExecutionTests.test_non_marketable_limit_cancels_and_halt_can_resume_before_ack) ... ok
2026-09-14T02:27:27.3426322Z test_partial_fill_haircuts_first_state_once_and_cancels_remainder (test_execution_realism.MarketableLimitExecutionTests.test_partial_fill_haircuts_first_state_once_and_cancels_remainder) ... ok
2026-09-14T02:27:27.3427630Z test_sell_crosses_bid_and_limit_offset_is_directional (test_execution_realism.MarketableLimitExecutionTests.test_sell_crosses_bid_and_limit_offset_is_directional) ... ok
2026-09-14T02:27:27.3428888Z test_stale_quote_fails_unavailable_instead_of_inventing_fill (test_execution_realism.MarketableLimitExecutionTests.test_stale_quote_fails_unavailable_instead_of_inventing_fill) ... ok
2026-09-14T02:27:27.3430646Z test_contract_is_hash_bound_source_selected_and_non_authoritative (test_execution_realism.ProspectiveExecutionContractTests.test_contract_is_hash_bound_source_selected_and_non_authoritative) ... ok
2026-09-14T02:27:27.3431863Z test_contract_mutation_fails_closed (test_execution_realism.ProspectiveExecutionContractTests.test_contract_mutation_fails_closed) ... ok
2026-09-14T02:27:27.3433075Z test_fixed_scenarios_are_conservative_and_stress_not_candidates (test_execution_realism.ProspectiveExecutionContractTests.test_fixed_scenarios_are_conservative_and_stress_not_candidates) ... ok
2026-09-14T02:27:27.3434615Z test_registration_audit_binds_child_without_runtime_authority (test_execution_realism.ProspectiveExecutionContractTests.test_registration_audit_binds_child_without_runtime_authority) ... ok
2026-09-14T02:27:27.3435806Z test_invalid_manual_pass_bound_is_rejected (test_finalize_sec_float_join.FinalizeSecFloatJoinTests.test_invalid_manual_pass_bound_is_rejected) ... ok
2026-09-14T02:27:27.3502586Z test_manual_bounds_produce_deterministic_pass_fail_and_unknown (test_finalize_sec_float_join.FinalizeSecFloatJoinTests.test_manual_bounds_produce_deterministic_pass_fail_and_unknown) ... ok
2026-09-14T02:27:27.3505076Z test_activation_row_must_be_exact_and_complete (test_historical_account_diagnostic.CandidateProjectionTests.test_activation_row_must_be_exact_and_complete) ... ok
2026-09-14T02:27:27.3506953Z test_profiles_are_reapplied_to_same_causal_activation (test_historical_account_diagnostic.CandidateProjectionTests.test_profiles_are_reapplied_to_same_causal_activation) ... ok
2026-09-14T02:27:27.3508677Z test_provider_relative_no_news_exception_remains_narrow (test_historical_account_diagnostic.CandidateProjectionTests.test_provider_relative_no_news_exception_remains_narrow) ... ok
2026-09-14T02:27:27.3512044Z test_runtime_parser_preserves_frozen_plan_and_outcome (test_historical_account_diagnostic.HistoricalCompositionTests.test_runtime_parser_preserves_frozen_plan_and_outcome) ... ok
2026-09-14T02:27:27.3514693Z test_separate_historical_snapshot_does_not_weaken_prospective_guard (test_historical_account_diagnostic.HistoricalCompositionTests.test_separate_historical_snapshot_does_not_weaken_prospective_guard) ... ok
2026-09-14T02:27:27.3527510Z test_unchanged_engine_sizes_and_applies_historical_events (test_historical_account_diagnostic.HistoricalCompositionTests.test_unchanged_engine_sizes_and_applies_historical_events) ... ok
2026-09-14T02:27:27.3530962Z test_contract_is_retrospective_non_promotable_and_separate (test_historical_account_diagnostic.HistoricalDiagnosticContractTests.test_contract_is_retrospective_non_promotable_and_separate) ... ok
2026-09-14T02:27:27.3536154Z test_contract_mutations_fail_closed (test_historical_account_diagnostic.HistoricalDiagnosticContractTests.test_contract_mutations_fail_closed) ... ok
2026-09-14T02:27:27.3545740Z test_mechanical_audit_binds_deliverables (test_historical_account_diagnostic.HistoricalDiagnosticContractTests.test_mechanical_audit_binds_deliverables) ... ok
2026-09-14T02:27:27.3547592Z test_asset_master_fingerprint_is_order_independent (test_historical_data.HistoricalDataTests.test_asset_master_fingerprint_is_order_independent) ... ok
2026-09-14T02:27:27.3549189Z test_asset_master_status_counts_preserve_inactive_members (test_historical_data.HistoricalDataTests.test_asset_master_status_counts_preserve_inactive_members) ... ok
2026-09-14T02:27:27.3573523Z test_daily_scan_basis_is_unchanged_without_split (test_historical_data.HistoricalDataTests.test_daily_scan_basis_is_unchanged_without_split) ... ok
2026-09-14T02:27:27.3610065Z test_daily_scan_basis_normalizes_same_day_reverse_split (test_historical_data.HistoricalDataTests.test_daily_scan_basis_normalizes_same_day_reverse_split) ... ok
2026-09-14T02:27:27.4183238Z test_discovery_audit_accounts_for_complete_candidate_path (test_historical_data.HistoricalDataTests.test_discovery_audit_accounts_for_complete_candidate_path) ... ok
2026-09-14T02:27:27.4722295Z test_discovery_bounds_daily_bar_requests_to_explicit_causal_end (test_historical_data.HistoricalDataTests.test_discovery_bounds_daily_bar_requests_to_explicit_causal_end) ... ok
2026-09-14T02:27:27.4725269Z test_discovery_disposition_fails_closed_at_first_missing_stage (test_historical_data.HistoricalDataTests.test_discovery_disposition_fails_closed_at_first_missing_stage) ... ok
2026-09-14T02:27:27.4767893Z test_discovery_rejects_naive_daily_bar_end (test_historical_data.HistoricalDataTests.test_discovery_rejects_naive_daily_bar_end) ... ok
2026-09-14T02:27:27.4781753Z test_scan_cutoff_is_applied_when_one_minute_bar_is_available (test_historical_data.HistoricalDataTests.test_scan_cutoff_is_applied_when_one_minute_bar_is_available) ... ok
2026-09-14T02:27:27.4821938Z test_split_consistent_basis_cancels_future_adjustment_factor (test_historical_data.HistoricalDataTests.test_split_consistent_basis_cancels_future_adjustment_factor) ... ok
2026-09-14T02:27:27.4827055Z test_basis_observation_never_uses_a_forward_price (test_historical_float.HistoricalFloatTests.test_basis_observation_never_uses_a_forward_price) ... ok
2026-09-14T02:27:27.4829702Z test_evidence_selection_excludes_disclosure_after_qualification (test_historical_float.HistoricalFloatTests.test_evidence_selection_excludes_disclosure_after_qualification) ... ok
2026-09-14T02:27:27.4847009Z test_float_loader_verifies_source_counts_and_record_hash (test_historical_float.HistoricalFloatTests.test_float_loader_verifies_source_counts_and_record_hash) ... ok
2026-09-14T02:27:27.4851588Z test_float_record_contract_rejects_tampered_future_evidence (test_historical_float.HistoricalFloatTests.test_float_record_contract_rejects_tampered_future_evidence) ... ok
2026-09-14T02:27:27.4853595Z test_latest_measure_date_wins_over_later_old_amendment (test_historical_float.HistoricalFloatTests.test_latest_measure_date_wins_over_later_old_amendment) ... ok
2026-09-14T02:27:27.4855377Z test_legacy_float_estimate_does_not_invent_a_missing_bar_start (test_historical_float.HistoricalFloatTests.test_legacy_float_estimate_does_not_invent_a_missing_bar_start) ... ok
2026-09-14T02:27:27.4858647Z test_selected_evidence_produces_split_normalized_bound (test_historical_float.HistoricalFloatTests.test_selected_evidence_produces_split_normalized_bound) ... ok
2026-09-14T02:27:27.4863613Z test_final_preflight_preserves_full_authoritative_census (test_historical_float_identity_v11.HistoricalFloatIdentityV11Tests.test_final_preflight_preserves_full_authoritative_census) ... ok
2026-09-14T02:27:27.4867564Z test_final_summarizer_is_the_only_protected_loader (test_historical_float_identity_v11.HistoricalFloatIdentityV11Tests.test_final_summarizer_is_the_only_protected_loader) ... ok
2026-09-14T02:27:27.4872296Z test_final_summarizer_restores_identity_after_failure (test_historical_float_identity_v11.HistoricalFloatIdentityV11Tests.test_final_summarizer_restores_identity_after_failure) ... ok
2026-09-14T02:27:27.4874669Z test_legacy_failure_is_reproduced_and_scope_restores_parent (test_historical_float_identity_v11.HistoricalFloatIdentityV11Tests.test_legacy_failure_is_reproduced_and_scope_restores_parent) ... ok
2026-09-14T02:27:27.4876769Z test_scope_restores_parent_after_exception (test_historical_float_identity_v11.HistoricalFloatIdentityV11Tests.test_scope_restores_parent_after_exception) ... ok
2026-09-14T02:27:27.4878305Z test_builder_daily_window_stops_after_measure_basis (test_historical_float_v04.HistoricalFloatV04Tests.test_builder_daily_window_stops_after_measure_basis) ... ok
2026-09-14T02:27:27.4953798Z test_date_and_root_loaders_reject_file_tampering (test_historical_float_v04.HistoricalFloatV04Tests.test_date_and_root_loaders_reject_file_tampering) ... ok
2026-09-14T02:27:27.4961839Z test_exact_qualification_minute_target_pair_is_required (test_historical_float_v04.HistoricalFloatV04Tests.test_exact_qualification_minute_target_pair_is_required) ... ok
2026-09-14T02:27:27.4973130Z test_forward_split_before_target_multiplies_shares (test_historical_float_v04.HistoricalFloatV04Tests.test_forward_split_before_target_multiplies_shares) ... ok
2026-09-14T02:27:27.4975368Z test_legacy_v01_contract_is_unchanged (test_historical_float_v04.HistoricalFloatV04Tests.test_legacy_v01_contract_is_unchanged) ... ok
2026-09-14T02:27:27.4988627Z test_malformed_or_misaligned_raw_split_pair_fails_closed (test_historical_float_v04.HistoricalFloatV04Tests.test_malformed_or_misaligned_raw_split_pair_fails_closed) ... ok
2026-09-14T02:27:27.4998216Z test_measure_frames_do_not_retreat_to_an_older_common_session (test_historical_float_v04.HistoricalFloatV04Tests.test_measure_frames_do_not_retreat_to_an_older_common_session) ... ok
2026-09-14T02:27:27.5001375Z test_no_selected_sec_evidence_makes_no_alpaca_basis_call (test_historical_float_v04.HistoricalFloatV04Tests.test_no_selected_sec_evidence_makes_no_alpaca_basis_call) ... ok
2026-09-14T02:27:27.5013494Z test_nonfinite_public_float_and_nonintegral_shares_are_rejected (test_historical_float_v04.HistoricalFloatV04Tests.test_nonfinite_public_float_and_nonintegral_shares_are_rejected) ... ok
2026-09-14T02:27:27.5024097Z test_post_target_split_factor_cancels (test_historical_float_v04.HistoricalFloatV04Tests.test_post_target_split_factor_cancels) ... ok
2026-09-14T02:27:27.5035364Z test_public_float_uses_raw_measure_price_then_target_factor (test_historical_float_v04.HistoricalFloatV04Tests.test_public_float_uses_raw_measure_price_then_target_factor) ... ok
2026-09-14T02:27:27.5057634Z test_record_validation_recomputes_factor_decision_and_lineage (test_historical_float_v04.HistoricalFloatV04Tests.test_record_validation_recomputes_factor_decision_and_lineage) ... ok
2026-09-14T02:27:27.5068463Z test_reverse_split_before_target_divides_shares (test_historical_float_v04.HistoricalFloatV04Tests.test_reverse_split_before_target_divides_shares) ... ok
2026-09-14T02:27:27.5087789Z test_target_basis_payload_round_trip_and_tampering (test_historical_float_v04.HistoricalFloatV04Tests.test_target_basis_payload_round_trip_and_tampering) ... ok
2026-09-14T02:27:27.5101086Z test_threshold_rounding_is_exact_and_conservative (test_historical_float_v04.HistoricalFloatV04Tests.test_threshold_rounding_is_exact_and_conservative) ... ok
2026-09-14T02:27:27.5133636Z test_alias_validation_requires_matching_bars_in_both_directions (test_historical_identity_audit.HistoricalIdentityAuditTests.test_alias_validation_requires_matching_bars_in_both_directions) ... ok
2026-09-14T02:27:27.5137190Z test_failed_alias_inside_later_lookback_remains_unresolved (test_historical_identity_audit.HistoricalIdentityAuditTests.test_failed_alias_inside_later_lookback_remains_unresolved) ... ok
2026-09-14T02:27:27.5140741Z test_failed_full_gap_alias_is_safe_when_change_precedes_lookback (test_historical_identity_audit.HistoricalIdentityAuditTests.test_failed_full_gap_alias_is_safe_when_change_precedes_lookback) ... ok
2026-09-14T02:27:27.5143223Z test_recursive_symbol_extraction_and_relevance_filter (test_historical_identity_audit.HistoricalIdentityAuditTests.test_recursive_symbol_extraction_and_relevance_filter) ... ok
2026-09-14T02:27:27.5145461Z test_as_of_projection_is_inclusive_and_requires_aware_time (test_historical_news.HistoricalNewsTests.test_as_of_projection_is_inclusive_and_requires_aware_time) ... ok
2026-09-14T02:27:27.5165583Z test_loader_checks_hashes_coverage_and_as_of_projection (test_historical_news.HistoricalNewsTests.test_loader_checks_hashes_coverage_and_as_of_projection) ... ok
2026-09-14T02:27:27.5167715Z test_post_only_event_stays_on_tape_but_not_in_status (test_historical_news.HistoricalNewsTests.test_post_only_event_stays_on_tape_but_not_in_status) ... ok
2026-09-14T02:27:27.5171846Z test_prior_session_comes_from_market_calendar_proxy (test_historical_news.HistoricalNewsTests.test_prior_session_comes_from_market_calendar_proxy) ... ok
2026-09-14T02:27:27.5173970Z test_provider_failure_is_unknown_not_no_news (test_historical_news.HistoricalNewsTests.test_provider_failure_is_unknown_not_no_news) ... ok
2026-09-14T02:27:27.5175908Z test_v0_2_preserves_v0_1_provenance_and_hardens_boundary (test_historical_news.HistoricalNewsTests.test_v0_2_preserves_v0_1_provenance_and_hardens_boundary) ... ok
2026-09-14T02:27:27.5177575Z test_validator_rejects_ambiguous_full_window_status_field (test_historical_news.HistoricalNewsTests.test_validator_rejects_ambiguous_full_window_status_field) ... ok
2026-09-14T02:27:27.6296839Z test_low_price_small_account_candidate_is_retained_by_union (test_historical_profile_union_v01.HistoricalProfileUnionV01Tests.test_low_price_small_account_candidate_is_retained_by_union) ... ok
2026-09-14T02:27:27.6303596Z test_union_is_exactly_derived_without_mutating_strategy_profiles (test_historical_profile_union_v01.HistoricalProfileUnionV01Tests.test_union_is_exactly_derived_without_mutating_strategy_profiles) ... ok
2026-09-14T02:27:27.6313620Z test_union_proves_coverage_of_both_frozen_profiles (test_historical_profile_union_v01.HistoricalProfileUnionV01Tests.test_union_proves_coverage_of_both_frozen_profiles) ... ok
2026-09-14T02:27:27.6324730Z test_union_rejects_changed_parent_or_changed_union (test_historical_profile_union_v01.HistoricalProfileUnionV01Tests.test_union_rejects_changed_parent_or_changed_union) ... ok
2026-09-14T02:27:27.6331982Z test_v04_mode_is_fixed_before_any_provider_or_file_access (test_historical_profile_union_v01.HistoricalProfileUnionV01Tests.test_v04_mode_is_fixed_before_any_provider_or_file_access) ... ok
2026-09-14T02:27:27.6334667Z test_clean_common_equity_with_complete_bars_is_included (test_historical_universe.HistoricalUniverseTests.test_clean_common_equity_with_complete_bars_is_included) ... ok
2026-09-14T02:27:27.6337308Z test_collision_selects_one_clean_identity_but_not_two (test_historical_universe.HistoricalUniverseTests.test_collision_selects_one_clean_identity_but_not_two) ... ok
2026-09-14T02:27:27.6342867Z test_market_data_failure_reasons_are_structural_and_deterministic (test_historical_universe.HistoricalUniverseTests.test_market_data_failure_reasons_are_structural_and_deterministic) ... ok
2026-09-14T02:27:27.6346081Z test_missing_coverage_and_disallowed_exchange_fail_closed (test_historical_universe.HistoricalUniverseTests.test_missing_coverage_and_disallowed_exchange_fail_closed) ... ok
2026-09-14T02:27:27.6348792Z test_policy_manifest_is_stable_and_non_promotable_by_status (test_historical_universe.HistoricalUniverseTests.test_policy_manifest_is_stable_and_non_promotable_by_status) ... ok
2026-09-14T02:27:27.6350643Z test_type_name_conflict_and_units_fail_closed (test_historical_universe.HistoricalUniverseTests.test_type_name_conflict_and_units_fail_closed) ... ok
2026-09-14T02:27:27.6352754Z test_bridge_fingerprint_is_input_order_independent (test_identity_continuity.IdentityContinuityTests.test_bridge_fingerprint_is_input_order_independent) ... ok
2026-09-14T02:27:27.6354880Z test_different_nonblank_figis_are_not_collapsed_by_cik (test_identity_continuity.IdentityContinuityTests.test_different_nonblank_figis_are_not_collapsed_by_cik) ... ok
2026-09-14T02:27:27.6357297Z test_figi_primary_cik_fallback_and_symbol_reuse_are_explicit (test_identity_continuity.IdentityContinuityTests.test_figi_primary_cik_fallback_and_symbol_reuse_are_explicit) ... ok
2026-09-14T02:27:27.6359382Z test_nonunique_cik_without_figi_is_quarantined (test_identity_continuity.IdentityContinuityTests.test_nonunique_cik_without_figi_is_quarantined) ... ok
2026-09-14T02:27:27.6360608Z test_single_date_status_uses_the_same_frozen_rule (test_identity_continuity.IdentityContinuityTests.test_single_date_status_uses_the_same_frozen_rule) ... ok
2026-09-14T02:27:27.6373272Z test_loader_verifies_complete_bundle_before_returning_rows (test_identity_resolved_universe.IdentityResolvedUniverseTests.test_loader_verifies_complete_bundle_before_returning_rows) ... ok
2026-09-14T02:27:27.6375352Z test_policy_is_fingerprinted_and_non_promotable (test_identity_resolved_universe.IdentityResolvedUniverseTests.test_policy_is_fingerprinted_and_non_promotable) ... ok
2026-09-14T02:27:27.6377407Z test_provisional_membership_fingerprint_is_order_invariant (test_identity_resolved_universe.IdentityResolvedUniverseTests.test_provisional_membership_fingerprint_is_order_invariant) ... ok
2026-09-14T02:27:27.6379713Z test_resolution_removes_only_quarantine_and_attaches_identity (test_identity_resolved_universe.IdentityResolvedUniverseTests.test_resolution_removes_only_quarantine_and_attaches_identity) ... ok
2026-09-14T02:27:27.6381236Z test_statuses_must_cover_every_provisional_ticker (test_identity_resolved_universe.IdentityResolvedUniverseTests.test_statuses_must_cover_every_provisional_ticker) ... ok
2026-09-14T02:27:27.6382609Z test_unique_cik_fallback_requires_missing_figi (test_identity_resolved_universe.IdentityResolvedUniverseTests.test_unique_cik_fallback_requires_missing_figi) ... ok
2026-09-14T02:27:27.6454138Z test_completed_bar_support_is_timestamped_when_bar_closes (test_indicators.IndicatorTests.test_completed_bar_support_is_timestamped_when_bar_closes) ... ok
2026-09-14T02:27:27.6480750Z test_completed_bar_support_requires_timezone_aware_bars (test_indicators.IndicatorTests.test_completed_bar_support_requires_timezone_aware_bars) ... ok
2026-09-14T02:27:27.6530648Z test_ema_warmup_requires_timezone_aware_bars (test_indicators.IndicatorTests.test_ema_warmup_requires_timezone_aware_bars) ... ok
2026-09-14T02:27:27.6697985Z test_ema_warmup_uses_only_bars_before_session_start (test_indicators.IndicatorTests.test_ema_warmup_uses_only_bars_before_session_start) ... ok
2026-09-14T02:27:27.6839679Z test_prior_bars_warm_ema_without_changing_session_vwap (test_indicators.IndicatorTests.test_prior_bars_warm_ema_without_changing_session_vwap) ... ok
2026-09-14T02:27:27.6853671Z test_standard_macd_is_positive_on_strong_rise (test_indicators.IndicatorTests.test_standard_macd_is_positive_on_strong_rise) ... ok
2026-09-14T02:27:27.6858755Z test_upper_wick_fraction (test_indicators.IndicatorTests.test_upper_wick_fraction) ... ok
2026-09-14T02:27:27.6917445Z test_vwap_is_causal (test_indicators.IndicatorTests.test_vwap_is_causal) ... ok
2026-09-14T02:27:27.6920742Z test_company_names_do_not_trigger_broad_keyword_false_positives (test_instrument_metadata.InstrumentMetadataTests.test_company_names_do_not_trigger_broad_keyword_false_positives) ... ok
2026-09-14T02:27:27.6924612Z test_explicit_preferred_debt_and_rights_fail_closed (test_instrument_metadata.InstrumentMetadataTests.test_explicit_preferred_debt_and_rights_fail_closed) ... ok
2026-09-14T02:27:27.6927870Z test_manifest_is_deterministic_and_explicitly_not_eligibility (test_instrument_metadata.InstrumentMetadataTests.test_manifest_is_deterministic_and_explicitly_not_eligibility) ... ok
2026-09-14T02:27:27.6931323Z test_non_common_provider_type_stays_outside_common_family (test_instrument_metadata.InstrumentMetadataTests.test_non_common_provider_type_stays_outside_common_family) ... ok
2026-09-14T02:27:27.6932912Z test_plain_depositary_structure_is_reviewed_but_american_adr_is_not (test_instrument_metadata.InstrumentMetadataTests.test_plain_depositary_structure_is_reviewed_but_american_adr_is_not) ... ok
2026-09-14T02:27:27.6934479Z test_summary_and_date_manifest_remain_non_promotable (test_instrument_metadata.InstrumentMetadataTests.test_summary_and_date_manifest_remain_non_promotable) ... ok
2026-09-14T02:27:27.6936232Z test_units_are_quarantined_for_review_not_called_debt (test_instrument_metadata.InstrumentMetadataTests.test_units_are_quarantined_for_review_not_called_debt) ... ok
2026-09-14T02:27:27.7186411Z test_legacy_provider_workflows_are_manual_only (test_legacy_provider_workflow_gates.LegacyProviderWorkflowGateTests.test_legacy_provider_workflows_are_manual_only) ... ok
2026-09-14T02:27:27.7190130Z test_naive_response_timestamp_is_interpreted_as_documented_utc (test_marketaux_provider.MarketAuxProviderTests.test_naive_response_timestamp_is_interpreted_as_documented_utc) ... ok
2026-09-14T02:27:27.7192830Z test_naive_timestamp_is_rejected (test_marketaux_provider.MarketAuxProviderTests.test_naive_timestamp_is_rejected) ... ok
2026-09-14T02:27:27.7194478Z test_offset_response_timestamp_is_normalized_to_utc (test_marketaux_provider.MarketAuxProviderTests.test_offset_response_timestamp_is_normalized_to_utc) ... ok
2026-09-14T02:27:27.7196392Z test_timestamp_is_converted_to_utc_without_offset_suffix (test_marketaux_provider.MarketAuxProviderTests.test_timestamp_is_converted_to_utc_without_offset_suffix) ... ok
2026-09-14T02:27:27.7198321Z test_coverage_manifest_is_never_policy_promotable (test_massive_market_coverage.MassiveMarketCoverageTests.test_coverage_manifest_is_never_policy_promotable) ... ok
2026-09-14T02:27:27.7200724Z test_groups_colliding_security_records_into_one_market_query (test_massive_market_coverage.MassiveMarketCoverageTests.test_groups_colliding_security_records_into_one_market_query) ... ok
2026-09-14T02:27:27.7203381Z test_requires_prior_and_target_in_both_adjustment_series (test_massive_market_coverage.MassiveMarketCoverageTests.test_requires_prior_and_target_in_both_adjustment_series) ... ok
2026-09-14T02:27:27.7204844Z test_summary_preserves_type_and_exchange_failure_rates (test_massive_market_coverage.MassiveMarketCoverageTests.test_summary_preserves_type_and_exchange_failure_rates) ... ok
2026-09-14T02:27:27.7206869Z test_cursor_order_regression_is_recorded_not_rejected (test_massive_provider.MassiveProviderTests.test_cursor_order_regression_is_recorded_not_rejected) ... ok
2026-09-14T02:27:27.7230449Z test_exact_membership_identity_duplicate_fails_closed (test_massive_provider.MassiveProviderTests.test_exact_membership_identity_duplicate_fails_closed) ... ok
2026-09-14T02:27:27.7241085Z test_fingerprints_are_order_independent_and_membership_scoped (test_massive_provider.MassiveProviderTests.test_fingerprints_are_order_independent_and_membership_scoped) ... ok
2026-09-14T02:27:27.7242297Z test_non_active_row_fails_closed (test_massive_provider.MassiveProviderTests.test_non_active_row_fails_closed) ... ok
2026-09-14T02:27:27.7243385Z test_paginates_normalizes_and_never_preserves_cursor_secret (test_massive_provider.MassiveProviderTests.test_paginates_normalizes_and_never_preserves_cursor_secret) ... ok
2026-09-14T02:27:27.7244501Z test_repeated_cursor_is_rejected (test_massive_provider.MassiveProviderTests.test_repeated_cursor_is_rejected) ... ok
2026-09-14T02:27:27.7245619Z test_same_ticker_with_distinct_security_identities_is_preserved (test_massive_provider.MassiveProviderTests.test_same_ticker_with_distinct_security_identities_is_preserved) ... ok
2026-09-14T02:27:27.7246888Z test_stock_splits_paginate_and_keep_secret_out_of_result (test_massive_provider.MassiveProviderTests.test_stock_splits_paginate_and_keep_secret_out_of_result) ... ok
2026-09-14T02:27:27.7248149Z test_ticker_events_accept_composite_figi_and_normalize_events (test_massive_provider.MassiveProviderTests.test_ticker_events_accept_composite_figi_and_normalize_events) ... ok
2026-09-14T02:27:27.7249497Z test_ticker_types_normalize_documented_response (test_massive_provider.MassiveProviderTests.test_ticker_types_normalize_documented_response) ... ok
2026-09-14T02:27:27.7250574Z test_unofficial_pagination_host_is_rejected (test_massive_provider.MassiveProviderTests.test_unofficial_pagination_host_is_rejected) ... ok
2026-09-14T02:27:27.7265747Z test_aggregate_ten_second_bars_excludes_odd_lot_from_prices (test_micro_bars.MicroBarTests.test_aggregate_ten_second_bars_excludes_odd_lot_from_prices) ... ok
2026-09-14T02:27:27.7267161Z test_condition_rules_apply_strictest_semantics (test_micro_bars.MicroBarTests.test_condition_rules_apply_strictest_semantics) ... ok
2026-09-14T02:27:27.7285212Z test_fully_filtered_nonempty_tape_keeps_aware_empty_index (test_micro_bars.MicroBarTests.test_fully_filtered_nonempty_tape_keeps_aware_empty_index) ... ok
2026-09-14T02:27:27.7311912Z test_high_low_timestamps_preserve_intrabar_sequence (test_micro_bars.MicroBarTests.test_high_low_timestamps_preserve_intrabar_sequence) ... ok
2026-09-14T02:27:27.7337156Z test_unknown_condition_fails_closed_and_is_counted (test_micro_bars.MicroBarTests.test_unknown_condition_fails_closed_and_is_counted) ... ok
2026-09-14T02:27:27.7340313Z test_comparison_reports_matches_and_price_mismatches_without_selecting_variant (test_micro_benchmark.MicroBenchmarkTests.test_comparison_reports_matches_and_price_mismatches_without_selecting_variant) ... ok
2026-09-14T02:27:27.7343990Z test_dsy_style_fill_list_is_preserved_as_all_references (test_micro_benchmark.MicroBenchmarkTests.test_dsy_style_fill_list_is_preserved_as_all_references) ... ok
2026-09-14T02:27:27.7345754Z test_label_knowledge_policy_is_enforced (test_micro_benchmark.MicroBenchmarkTests.test_label_knowledge_policy_is_enforced) ... ok
2026-09-14T02:27:27.7347240Z test_runtime_and_label_symbols_must_match (test_micro_benchmark.MicroBenchmarkTests.test_runtime_and_label_symbols_must_match) ... ok
2026-09-14T02:27:27.7348756Z test_runtime_knowledge_policy_is_enforced (test_micro_benchmark.MicroBenchmarkTests.test_runtime_knowledge_policy_is_enforced) ... ok
2026-09-14T02:27:27.7477411Z test_ablation_artifact_is_label_blind_and_parent_provenanced (test_micro_context_ablation.PrequalificationContextAblationTests.test_ablation_artifact_is_label_blind_and_parent_provenanced) ... ok
2026-09-14T02:27:27.7480266Z test_context_bound_is_derived_from_parent_geometry (test_micro_context_ablation.PrequalificationContextAblationTests.test_context_bound_is_derived_from_parent_geometry) ... ok
2026-09-14T02:27:27.7651549Z test_context_can_recognize_existing_pullback_without_prequal_action (test_micro_context_ablation.PrequalificationContextAblationTests.test_context_can_recognize_existing_pullback_without_prequal_action) ... ok
2026-09-14T02:27:27.7659053Z test_context_start_uses_only_bars_completed_before_qualification (test_micro_context_ablation.PrequalificationContextAblationTests.test_context_start_uses_only_bars_completed_before_qualification) ... ok
2026-09-14T02:27:27.7662562Z test_bar_that_finishes_at_high_does_not_arm (test_micro_execution.MicroExecutionTests.test_bar_that_finishes_at_high_does_not_arm) ... ok
2026-09-14T02:27:27.7850885Z test_batch_execution_matches_single_plan_semantics (test_micro_execution.MicroExecutionTests.test_batch_execution_matches_single_plan_semantics) ... ok
2026-09-14T02:27:27.8004870Z test_clean_odd_lot_is_execution_visible_but_not_chart_visible (test_micro_execution.MicroExecutionTests.test_clean_odd_lot_is_execution_visible_but_not_chart_visible) ... ok
2026-09-14T02:27:27.8008753Z test_completed_bar_arms_only_after_close_and_for_one_next_bar (test_micro_execution.MicroExecutionTests.test_completed_bar_arms_only_after_close_and_for_one_next_bar) ... ok
2026-09-14T02:27:27.8139225Z test_dsy_shaped_trigger_modes_bracket_observed_price_path (test_micro_execution.MicroExecutionTests.test_dsy_shaped_trigger_modes_bracket_observed_price_path) ... ok
2026-09-14T02:27:27.8255501Z test_entry_latency_delays_fill_without_changing_trigger (test_micro_execution.MicroExecutionTests.test_entry_latency_delays_fill_without_changing_trigger) ... ok
2026-09-14T02:27:27.8317923Z test_gap_above_trigger_is_recorded_as_entry_slippage (test_micro_execution.MicroExecutionTests.test_gap_above_trigger_is_recorded_as_entry_slippage) ... ok
2026-09-14T02:27:27.8349661Z test_odd_lot_does_not_override_another_disqualifying_condition (test_micro_execution.MicroExecutionTests.test_odd_lot_does_not_override_another_disqualifying_condition) ... ok
2026-09-14T02:27:27.8397573Z test_plan_expires_before_late_breakout (test_micro_execution.MicroExecutionTests.test_plan_expires_before_late_breakout) ... ok
2026-09-14T02:27:27.8537294Z test_stop_and_target_use_ordered_post_fill_prints (test_micro_execution.MicroExecutionTests.test_stop_and_target_use_ordered_post_fill_prints) ... ok
2026-09-14T02:27:27.8697384Z test_only_qualification_base_changes_retrace_decision (test_micro_impulse_base_ablation.QualificationAnchoredImpulseBaseTests.test_only_qualification_base_changes_retrace_decision) ... ok
2026-09-14T02:27:27.8718017Z test_prequalification_low_is_never_used (test_micro_impulse_base_ablation.QualificationAnchoredImpulseBaseTests.test_prequalification_low_is_never_used) ... ok
2026-09-14T02:27:27.8917089Z test_replay_and_runtime_artifact_remain_label_blind (test_micro_impulse_base_ablation.QualificationAnchoredImpulseBaseTests.test_replay_and_runtime_artifact_remain_label_blind) ... ok
2026-09-14T02:27:27.8920468Z test_spec_changes_no_threshold_or_peak_rule (test_micro_impulse_base_ablation.QualificationAnchoredImpulseBaseTests.test_spec_changes_no_threshold_or_peak_rule) ... ok
2026-09-14T02:27:27.8946746Z test_local_peak_accepts_lower_impulse_that_parent_running_high_rejects (test_micro_local_peak_ablation.LocalImpulsePeakAblationTests.test_local_peak_accepts_lower_impulse_that_parent_running_high_rejects) ... ok
2026-09-14T02:27:27.9341125Z test_replay_changes_only_peak_scope_and_fills_postqualification (test_micro_local_peak_ablation.LocalImpulsePeakAblationTests.test_replay_changes_only_peak_scope_and_fills_postqualification) ... ok
2026-09-14T02:27:27.9575277Z test_runtime_artifact_is_label_blind_and_parent_provenanced (test_micro_local_peak_ablation.LocalImpulsePeakAblationTests.test_runtime_artifact_is_label_blind_and_parent_provenanced) ... ok
2026-09-14T02:27:27.9579180Z test_spec_uses_parent_impulse_lookback_without_new_constant (test_micro_local_peak_ablation.LocalImpulsePeakAblationTests.test_spec_uses_parent_impulse_lookback_without_new_constant) ... ok
2026-09-14T02:27:27.9581404Z test_manifest_is_stable_and_fingerprinted (test_micro_policy.FrozenMicroPolicyTests.test_manifest_is_stable_and_fingerprinted) ... ok
2026-09-14T02:27:27.9583028Z test_micro_v0_1_exact_contract (test_micro_policy.FrozenMicroPolicyTests.test_micro_v0_1_exact_contract) ... ok
2026-09-14T02:27:27.9605795Z test_active_pullback_number_advances_only_after_confirmed_resumption (test_micro_replay.MicroReplayTests.test_active_pullback_number_advances_only_after_confirmed_resumption) ... ok
2026-09-14T02:27:27.9875065Z test_replay_attaches_only_second_pullback_fill_without_labels (test_micro_replay.MicroReplayTests.test_replay_attaches_only_second_pullback_fill_without_labels) ... ok
2026-09-14T02:27:27.9889819Z test_replay_rejects_timezone_naive_candidate_anchor (test_micro_replay.MicroReplayTests.test_replay_rejects_timezone_naive_candidate_anchor) ... ok
2026-09-14T02:27:28.0161961Z test_runtime_artifact_is_json_safe_and_label_blind (test_micro_replay.MicroReplayTests.test_runtime_artifact_is_json_safe_and_label_blind) ... ok
2026-09-14T02:27:28.0194954Z test_canonical_micro_plan_uses_last_pullback_high_and_pullback_low (test_micro_setup.MicroSetupTests.test_canonical_micro_plan_uses_last_pullback_high_and_pullback_low) ... ok
2026-09-14T02:27:28.0217925Z test_canonical_policy_fails_closed_without_support_context (test_micro_setup.MicroSetupTests.test_canonical_policy_fails_closed_without_support_context) ... ok
2026-09-14T02:27:28.0244179Z test_equal_high_retest_does_not_replace_strict_running_high_peak (test_micro_setup.MicroSetupTests.test_equal_high_retest_does_not_replace_strict_running_high_peak) ... ok
2026-09-14T02:27:28.0270619Z test_geometry_research_policy_can_run_without_support_series (test_micro_setup.MicroSetupTests.test_geometry_research_policy_can_run_without_support_series) ... ok
2026-09-14T02:27:28.0303907Z test_psychological_levels_are_context_not_canonical_trigger (test_micro_setup.MicroSetupTests.test_psychological_levels_are_context_not_canonical_trigger) ... ok
2026-09-14T02:27:28.0333407Z test_pullback_below_support_is_rejected (test_micro_setup.MicroSetupTests.test_pullback_below_support_is_rejected) ... ok
2026-09-14T02:27:28.0358502Z test_pullback_volume_must_be_lighter (test_micro_setup.MicroSetupTests.test_pullback_volume_must_be_lighter) ... ok
2026-09-14T02:27:28.0372868Z test_pullbacks_are_counted_only_after_candidate_start (test_micro_setup.MicroSetupTests.test_pullbacks_are_counted_only_after_candidate_start) ... ok
2026-09-14T02:27:28.0396020Z test_retrace_above_half_is_rejected (test_micro_setup.MicroSetupTests.test_retrace_above_half_is_rejected) ... ok
2026-09-14T02:27:28.0426228Z test_support_series_does_not_read_future_values (test_micro_setup.MicroSetupTests.test_support_series_does_not_read_future_values) ... ok
2026-09-14T02:27:28.0435949Z test_unconfirmed_pullback_is_not_reported (test_micro_setup.MicroSetupTests.test_unconfirmed_pullback_is_not_reported) ... ok
2026-09-14T02:27:28.0603329Z test_context_volume_cell_can_use_completed_prequalification_structure (test_micro_volume_ablation.MicroVolumeAblationTests.test_context_volume_cell_can_use_completed_prequalification_structure) ... ok
2026-09-14T02:27:28.0607049Z test_specs_and_child_policy_are_isolated (test_micro_volume_ablation.MicroVolumeAblationTests.test_specs_and_child_policy_are_isolated) ... ok
2026-09-14T02:27:28.0811453Z test_volume_gate_off_can_admit_same_geometry (test_micro_volume_ablation.MicroVolumeAblationTests.test_volume_gate_off_can_admit_same_geometry) ... ok
2026-09-14T02:27:28.0830723Z test_contract_is_hash_bound_and_unarmed (test_microstructure_behavioral_cohort.MicrostructureBehavioralCohortTests.test_contract_is_hash_bound_and_unarmed) ... ok
2026-09-14T02:27:28.0944392Z test_every_opportunity_maps_to_one_exact_request (test_microstructure_behavioral_cohort.MicrostructureBehavioralCohortTests.test_every_opportunity_maps_to_one_exact_request) ... ok
2026-09-14T02:27:28.0958256Z test_execution_gate_is_absent_or_exactly_valid (test_microstructure_behavioral_cohort.MicrostructureBehavioralCohortTests.test_execution_gate_is_absent_or_exactly_valid) ... ok
2026-09-14T02:27:28.0970966Z test_exhaustive_panel_slice_and_quantities_are_frozen (test_microstructure_behavioral_cohort.MicrostructureBehavioralCohortTests.test_exhaustive_panel_slice_and_quantities_are_frozen) ... ok
2026-09-14T02:27:28.0986845Z test_registration_audit_binds_the_implementation (test_microstructure_behavioral_cohort.MicrostructureBehavioralCohortTests.test_registration_audit_binds_the_implementation) ... ok
2026-09-14T02:27:28.1000971Z test_requests_group_dates_and_minimize_the_registered_end (test_microstructure_behavioral_cohort.MicrostructureBehavioralCohortTests.test_requests_group_dates_and_minimize_the_registered_end) ... ok
2026-09-14T02:27:28.1026865Z test_selection_quantity_request_and_authority_drift_fail_closed (test_microstructure_behavioral_cohort.MicrostructureBehavioralCohortTests.test_selection_quantity_request_and_authority_drift_fail_closed) ... ok
2026-09-14T02:27:28.1037126Z test_contract_overclaim_or_provider_authority_fails_closed (test_microstructure_behavioral_comparison.MicrostructureBehavioralComparisonTests.test_contract_overclaim_or_provider_authority_fails_closed) ... ok
2026-09-14T02:27:28.1051130Z test_exact_disjoint_pre_post_comparison_reports_every_horizon (test_microstructure_behavioral_comparison.MicrostructureBehavioralComparisonTests.test_exact_disjoint_pre_post_comparison_reports_every_horizon) ... ok
2026-09-14T02:27:28.1055194Z test_registration_audit_binds_the_unarmed_bundle (test_microstructure_behavioral_comparison.MicrostructureBehavioralComparisonTests.test_registration_audit_binds_the_unarmed_bundle) ... ok
2026-09-14T02:27:28.1058626Z test_registration_is_hash_bound_unarmed_and_preoutcome (test_microstructure_behavioral_comparison.MicrostructureBehavioralComparisonTests.test_registration_is_hash_bound_unarmed_and_preoutcome) ... ok
2026-09-14T02:27:28.1070269Z test_scope_anchor_breakout_and_horizon_drift_fail_closed (test_microstructure_behavioral_comparison.MicrostructureBehavioralComparisonTests.test_scope_anchor_breakout_and_horizon_drift_fail_closed) ... ok
2026-09-14T02:27:28.1084665Z test_snapshot_tamper_labels_thresholds_and_authority_fail_closed (test_microstructure_behavioral_comparison.MicrostructureBehavioralComparisonTests.test_snapshot_tamper_labels_thresholds_and_authority_fail_closed) ... ok
2026-09-14T02:27:28.1094777Z test_unavailable_tape_families_fail_closed_without_book_loss (test_microstructure_behavioral_comparison.MicrostructureBehavioralComparisonTests.test_unavailable_tape_families_fail_closed_without_book_loss) ... ok
2026-09-14T02:27:28.1108127Z test_bridge_reports_complete_six_cell_pending_matrix (test_microstructure_behavioral_execution_bridge.MicrostructureBehavioralExecutionBridgeTests.test_bridge_reports_complete_six_cell_pending_matrix) ... ok
2026-09-14T02:27:28.1111065Z test_contract_binds_success_and_remains_unarmed (test_microstructure_behavioral_execution_bridge.MicrostructureBehavioralExecutionBridgeTests.test_contract_binds_success_and_remains_unarmed) ... ok
2026-09-14T02:27:28.1115831Z test_contract_mutation_cannot_enable_selection_or_authority (test_microstructure_behavioral_execution_bridge.MicrostructureBehavioralExecutionBridgeTests.test_contract_mutation_cannot_enable_selection_or_authority) ... ok
2026-09-14T02:27:28.1119964Z test_each_scenario_reuses_the_same_aggregate_for_each_horizon (test_microstructure_behavioral_execution_bridge.MicrostructureBehavioralExecutionBridgeTests.test_each_scenario_reuses_the_same_aggregate_for_each_horizon) ... ok
2026-09-14T02:27:28.1123177Z test_registration_audit_is_hash_bound_and_provider_inert (test_microstructure_behavioral_execution_bridge.MicrostructureBehavioralExecutionBridgeTests.test_registration_audit_is_hash_bound_and_provider_inert) ... ok
2026-09-14T02:27:28.1127094Z test_activity_spread_selection_rejects_outcomes (test_microstructure_contract.MicrostructureContractTests.test_activity_spread_selection_rejects_outcomes) ... ok
2026-09-14T02:27:28.1129274Z test_complete_snapshot_then_live_event_is_valid (test_microstructure_contract.MicrostructureContractTests.test_complete_snapshot_then_live_event_is_valid) ... ok
2026-09-14T02:27:28.1138388Z test_frozen_zip_inspector_uses_only_label_blind_rows (test_microstructure_contract.MicrostructureContractTests.test_frozen_zip_inspector_uses_only_label_blind_rows) ... ok
2026-09-14T02:27:28.1142522Z test_missing_clear_incomplete_snapshot_and_bad_clock_fail_closed (test_microstructure_contract.MicrostructureContractTests.test_missing_clear_incomplete_snapshot_and_bad_clock_fail_closed) ... ok
2026-09-14T02:27:28.1147142Z test_permanent_audit_binds_feasibility_deliverables (test_microstructure_contract.MicrostructureContractTests.test_permanent_audit_binds_feasibility_deliverables) ... ok
2026-09-14T02:27:28.1161612Z test_purchase_or_consolidated_depth_overclaim_fails_closed (test_microstructure_contract.MicrostructureContractTests.test_purchase_or_consolidated_depth_overclaim_fails_closed) ... ok
2026-09-14T02:27:28.1169520Z test_registration_is_hash_bound_and_keeps_single_venue_scope_explicit (test_microstructure_contract.MicrostructureContractTests.test_registration_is_hash_bound_and_keeps_single_venue_scope_explicit) ... ok
2026-09-14T02:27:28.1171930Z test_tape_preserves_unknown_aggressor_and_rejects_duplicate_ids (test_microstructure_contract.MicrostructureContractTests.test_tape_preserves_unknown_aggressor_and_rejects_duplicate_ids) ... ok
2026-09-14T02:27:28.1175752Z test_registered_windows_are_start_exclusive_and_history_is_bounded (test_microstructure_features.MicrostructureFeatureMechanicsTests.test_registered_windows_are_start_exclusive_and_history_is_bounded) ... ok
2026-09-14T02:27:28.1186099Z test_registration_is_hash_bound_threshold_free_and_unspendable (test_microstructure_features.MicrostructureFeatureMechanicsTests.test_registration_is_hash_bound_threshold_free_and_unspendable) ... ok
2026-09-14T02:27:28.1190682Z test_replenishment_matches_same_price_depletion_fifo (test_microstructure_features.MicrostructureFeatureMechanicsTests.test_replenishment_matches_same_price_depletion_fifo) ... ok
2026-09-14T02:27:28.1197463Z test_reset_incomplete_state_scope_and_time_fail_closed (test_microstructure_features.MicrostructureFeatureMechanicsTests.test_reset_incomplete_state_scope_and_time_fail_closed) ... ok
2026-09-14T02:27:28.1202162Z test_signed_tape_preserves_unknown_and_emits_breakout_context (test_microstructure_features.MicrostructureFeatureMechanicsTests.test_signed_tape_preserves_unknown_and_emits_breakout_context) ... ok
2026-09-14T02:27:28.1208150Z test_snapshot_fingerprint_is_reproducible_and_has_no_authority (test_microstructure_features.MicrostructureFeatureMechanicsTests.test_snapshot_fingerprint_is_reproducible_and_has_no_authority) ... ok
2026-09-14T02:27:28.1211538Z test_tape_correction_fails_affected_families_closed (test_microstructure_features.MicrostructureFeatureMechanicsTests.test_tape_correction_fails_affected_families_closed) ... ok
2026-09-14T02:27:28.1215889Z test_top_depth_imbalance_and_depth_walk_are_exact_rationals (test_microstructure_features.MicrostructureFeatureMechanicsTests.test_top_depth_imbalance_and_depth_walk_are_exact_rationals) ... ok
2026-09-14T02:27:28.1218384Z test_v03_success_audit_is_permanently_hash_bound (test_microstructure_features.MicrostructureFeatureMechanicsTests.test_v03_success_audit_is_permanently_hash_bound) ... ok
2026-09-14T02:27:28.1332921Z test_account_scoped_component_metrics_keep_unknowns_out (test_prospective_account_evaluation.ProspectiveAccountEvaluationTests.test_account_scoped_component_metrics_keep_unknowns_out) ... ok
2026-09-14T02:27:28.1335918Z test_all_reported_entry_and_exit_references_are_retained (test_prospective_account_evaluation.ProspectiveAccountEvaluationTests.test_all_reported_entry_and_exit_references_are_retained) ... ok
2026-09-14T02:27:28.1683144Z test_any_open_or_unavailable_session_nulls_only_its_account_cell (test_prospective_account_evaluation.ProspectiveAccountEvaluationTests.test_any_open_or_unavailable_session_nulls_only_its_account_cell) ... ok
2026-09-14T02:27:28.1823309Z test_candidate_set_and_session_hash_mismatches_fail_closed (test_prospective_account_evaluation.ProspectiveAccountEvaluationTests.test_candidate_set_and_session_hash_mismatches_fail_closed) ... ok
2026-09-14T02:27:29.1220153Z test_cli_writes_once_and_validates_before_output (test_prospective_account_evaluation.ProspectiveAccountEvaluationTests.test_cli_writes_once_and_validates_before_output) ... ok
2026-09-14T02:27:29.1222103Z test_complete_flat_portfolio_metrics_are_deterministic (test_prospective_account_evaluation.ProspectiveAccountEvaluationTests.test_complete_flat_portfolio_metrics_are_deterministic) ... ok
2026-09-14T02:27:29.1223876Z test_contract_binds_parents_cells_metrics_and_no_authority (test_prospective_account_evaluation.ProspectiveAccountEvaluationTests.test_contract_binds_parents_cells_metrics_and_no_authority) ... ok
2026-09-14T02:27:29.1322102Z test_labels_must_be_opened_after_exact_runtime_freeze (test_prospective_account_evaluation.ProspectiveAccountEvaluationTests.test_labels_must_be_opened_after_exact_runtime_freeze) ... ok
2026-09-14T02:27:29.1327832Z test_registration_audit_is_hash_bound_and_inert (test_prospective_account_evaluation.ProspectiveAccountEvaluationTests.test_registration_audit_is_hash_bound_and_inert) ... ok
2026-09-14T02:27:29.1331315Z test_rehashed_contract_scope_expansion_is_rejected (test_prospective_account_evaluation.ProspectiveAccountEvaluationTests.test_rehashed_contract_scope_expansion_is_rejected) ... ok
2026-09-14T02:27:29.1780643Z test_rehashed_report_tampering_is_recomputed_and_rejected (test_prospective_account_evaluation.ProspectiveAccountEvaluationTests.test_rehashed_report_tampering_is_recomputed_and_rejected) ... ok
2026-09-14T02:27:29.1793882Z test_report_has_no_best_cell_or_overall_imitation_score (test_prospective_account_evaluation.ProspectiveAccountEvaluationTests.test_report_has_no_best_cell_or_overall_imitation_score) ... ok
2026-09-14T02:27:29.1893399Z test_report_validator_accepts_builder_output (test_prospective_account_evaluation.ProspectiveAccountEvaluationTests.test_report_validator_accepts_builder_output) ... ok
2026-09-14T02:27:29.1944351Z test_runtime_rejects_retrospective_keys_even_when_rehashed (test_prospective_account_evaluation.ProspectiveAccountEvaluationTests.test_runtime_rejects_retrospective_keys_even_when_rehashed) ... ok
2026-09-14T02:27:29.2107711Z test_account_profile_difference_retains_unqualified_candidate (test_prospective_daily_account_runtime.ProspectiveDailyAccountRuntimeTests.test_account_profile_difference_retains_unqualified_candidate) ... ok
2026-09-14T02:27:29.7336333Z test_cli_materializes_exact_parent_directories_without_credentials (test_prospective_daily_account_runtime.ProspectiveDailyAccountRuntimeTests.test_cli_materializes_exact_parent_directories_without_credentials) ... ok
2026-09-14T02:27:29.7338800Z test_contract_is_hash_bound_and_provider_free (test_prospective_daily_account_runtime.ProspectiveDailyAccountRuntimeTests.test_contract_is_hash_bound_and_provider_free) ... ok
2026-09-14T02:27:29.7611224Z test_full_synthetic_chain_emits_twelve_hash_bound_open_sessions (test_prospective_daily_account_runtime.ProspectiveDailyAccountRuntimeTests.test_full_synthetic_chain_emits_twelve_hash_bound_open_sessions) ... ok
2026-09-14T02:27:29.7617153Z test_registration_audit_binds_the_inert_composer_surface (test_prospective_daily_account_runtime.ProspectiveDailyAccountRuntimeTests.test_registration_audit_binds_the_inert_composer_surface) ... ok
2026-09-14T02:27:29.7924714Z test_rehash_cannot_hide_session_or_retrospective_tampering (test_prospective_daily_account_runtime.ProspectiveDailyAccountRuntimeTests.test_rehash_cannot_hide_session_or_retrospective_tampering) ... ok
2026-09-14T02:27:29.8102870Z test_scenarios_remain_separate_and_horizons_do_not_select (test_prospective_daily_account_runtime.ProspectiveDailyAccountRuntimeTests.test_scenarios_remain_separate_and_horizons_do_not_select) ... ok
2026-09-14T02:27:29.8255826Z test_unavailable_status_is_retained_without_fallback (test_prospective_daily_account_runtime.ProspectiveDailyAccountRuntimeTests.test_unavailable_status_is_retained_without_fallback) ... ok
2026-09-14T02:27:29.8405591Z test_workflow_is_manual_parent_bound_and_credential_free (test_prospective_daily_account_runtime.ProspectiveDailyAccountRuntimeTests.test_workflow_is_manual_parent_bound_and_credential_free) ... ok
2026-09-14T02:27:29.8632427Z test_write_once_preserves_frozen_artifact (test_prospective_daily_account_runtime.ProspectiveDailyAccountRuntimeTests.test_write_once_preserves_frozen_artifact) ... ok
2026-09-14T02:27:29.8747122Z test_zero_opportunity_date_still_emits_every_session_and_candidate (test_prospective_daily_account_runtime.ProspectiveDailyAccountRuntimeTests.test_zero_opportunity_date_still_emits_every_session_and_candidate) ... ok
2026-09-14T02:27:29.8753071Z test_august_26_operational_repair_audit_is_hash_bound_and_future_only (test_prospective_daily_source.ProspectiveDailySourceTests.test_august_26_operational_repair_audit_is_hash_bound_and_future_only) ... ok
2026-09-14T02:27:29.8763789Z test_daily_basis_activity_resolution_cannot_mask_provider_wide_empty_data (test_prospective_daily_source.ProspectiveDailySourceTests.test_daily_basis_activity_resolution_cannot_mask_provider_wide_empty_data) ... ok
2026-09-14T02:27:29.8774958Z test_daily_basis_activity_resolution_confirms_only_explicit_empty_frames (test_prospective_daily_source.ProspectiveDailySourceTests.test_daily_basis_activity_resolution_confirms_only_explicit_empty_frames) ... ok
2026-09-14T02:27:29.8784213Z test_daily_basis_activity_resolution_is_hash_and_membership_bound (test_prospective_daily_source.ProspectiveDailySourceTests.test_daily_basis_activity_resolution_is_hash_and_membership_bound) ... ok
2026-09-14T02:27:29.8787970Z test_daily_basis_activity_resolution_makes_no_call_when_not_needed (test_prospective_daily_source.ProspectiveDailySourceTests.test_daily_basis_activity_resolution_makes_no_call_when_not_needed) ... ok
2026-09-14T02:27:29.8797921Z test_daily_basis_activity_resolution_rejects_mismatch_and_omission (test_prospective_daily_source.ProspectiveDailySourceTests.test_daily_basis_activity_resolution_rejects_mismatch_and_omission) ... ok
2026-09-14T02:27:29.8803797Z test_daily_basis_activity_resolution_rejects_provider_and_symbol_failures (test_prospective_daily_source.ProspectiveDailySourceTests.test_daily_basis_activity_resolution_rejects_provider_and_symbol_failures) ... ok
2026-09-14T02:27:29.8810348Z test_daily_basis_activity_resolution_rejects_target_activity (test_prospective_daily_source.ProspectiveDailySourceTests.test_daily_basis_activity_resolution_rejects_target_activity) ... ok
2026-09-14T02:27:29.8818675Z test_daily_source_binds_scanner_and_micro_without_account_state (test_prospective_daily_source.ProspectiveDailySourceTests.test_daily_source_binds_scanner_and_micro_without_account_state) ... ok
2026-09-14T02:27:29.8932305Z test_micro_source_stops_at_chart_trigger_without_fill_or_exit (test_prospective_daily_source.ProspectiveDailySourceTests.test_micro_source_stops_at_chart_trigger_without_fill_or_exit) ... ok
2026-09-14T02:27:29.8938358Z test_pre_session_prerequisite_is_hash_bound_and_before_strategy (test_prospective_daily_source.ProspectiveDailySourceTests.test_pre_session_prerequisite_is_hash_bound_and_before_strategy) ... ok
2026-09-14T02:27:29.8942619Z test_pre_session_provider_capture_rejects_deadline_before_any_read (test_prospective_daily_source.ProspectiveDailySourceTests.test_pre_session_provider_capture_rejects_deadline_before_any_read) ... ok
2026-09-14T02:27:29.8945287Z test_profile_activations_preserve_later_small_account_qualification (test_prospective_daily_source.ProspectiveDailySourceTests.test_profile_activations_preserve_later_small_account_qualification) ... ok
2026-09-14T02:27:29.9004177Z test_provider_orchestrator_composes_a_nonzero_source (test_prospective_daily_source.ProspectiveDailySourceTests.test_provider_orchestrator_composes_a_nonzero_source) ... ok
2026-09-14T02:27:29.9010694Z test_provider_orchestrator_does_not_hide_a_rejected_member_as_zero (test_prospective_daily_source.ProspectiveDailySourceTests.test_provider_orchestrator_does_not_hide_a_rejected_member_as_zero) ... ok
2026-09-14T02:27:29.9016589Z test_provider_orchestrator_rejects_pre_cutoff_and_wrong_date_runs (test_prospective_daily_source.ProspectiveDailySourceTests.test_provider_orchestrator_rejects_pre_cutoff_and_wrong_date_runs) ... ok
2026-09-14T02:27:29.9030784Z test_provider_orchestrator_retains_an_explicit_zero_candidate_date (test_prospective_daily_source.ProspectiveDailySourceTests.test_provider_orchestrator_retains_an_explicit_zero_candidate_date) ... ok
2026-09-14T02:27:29.9051938Z test_provider_orchestrator_retains_confirmed_inactive_member_as_audited_zero (test_prospective_daily_source.ProspectiveDailySourceTests.test_provider_orchestrator_retains_confirmed_inactive_member_as_audited_zero) ... ok
2026-09-14T02:27:29.9056796Z test_rank_reacquisition_cannot_contradict_confirmed_inactivity (test_prospective_daily_source.ProspectiveDailySourceTests.test_rank_reacquisition_cannot_contradict_confirmed_inactivity) ... ok
2026-09-14T02:27:29.9064666Z test_registered_contract_binds_parent_profiles_and_zero_execution_authority (test_prospective_daily_source.ProspectiveDailySourceTests.test_registered_contract_binds_parent_profiles_and_zero_execution_authority) ... ok
2026-09-14T02:27:29.9074480Z test_registration_audit_is_hash_bound_and_unarmed (test_prospective_daily_source.ProspectiveDailySourceTests.test_registration_audit_is_hash_bound_and_unarmed) ... ok
2026-09-14T02:27:29.9085358Z test_same_date_sip_reads_use_the_registered_causal_end (test_prospective_daily_source.ProspectiveDailySourceTests.test_same_date_sip_reads_use_the_registered_causal_end) ... ok
2026-09-14T02:27:29.9088553Z test_same_minute_profile_union_is_emitted_once (test_prospective_daily_source.ProspectiveDailySourceTests.test_same_minute_profile_union_is_emitted_once) ... ok
2026-09-14T02:27:29.9090961Z test_sec_crosswalk_normalization_is_strict_and_canonical (test_prospective_daily_source.ProspectiveDailySourceTests.test_sec_crosswalk_normalization_is_strict_and_canonical) ... ok
2026-09-14T02:27:29.9093355Z test_union_profile_covers_both_registered_price_and_gain_ranges (test_prospective_daily_source.ProspectiveDailySourceTests.test_union_profile_covers_both_registered_price_and_gain_ranges) ... ok
2026-09-14T02:27:29.9251961Z test_workflow_has_two_phase_schedule_and_only_registered_read_paths (test_prospective_daily_source.ProspectiveDailySourceTests.test_workflow_has_two_phase_schedule_and_only_registered_read_paths) ... ok
2026-09-14T02:27:29.9275271Z test_write_once_artifacts_and_prerequisites (test_prospective_daily_source.ProspectiveDailySourceTests.test_write_once_artifacts_and_prerequisites) ... ok
2026-09-14T02:27:29.9442324Z test_capture_filters_unknown_conditions_and_retains_odd_lot_proxy (test_prospective_management_window.ProspectiveManagementWindowTests.test_capture_filters_unknown_conditions_and_retains_odd_lot_proxy) ... ok
2026-09-14T02:27:29.9445752Z test_contract_is_hash_bound_and_keeps_portfolio_ineligible (test_prospective_management_window.ProspectiveManagementWindowTests.test_contract_is_hash_bound_and_keeps_portfolio_ineligible) ... ok
2026-09-14T02:27:29.9629508Z test_hash_and_write_once_guards_reject_tampering (test_prospective_management_window.ProspectiveManagementWindowTests.test_hash_and_write_once_guards_reject_tampering) ... ok
2026-09-14T02:27:30.0080845Z test_incomplete_path_is_unavailable_and_never_liquidated (test_prospective_management_window.ProspectiveManagementWindowTests.test_incomplete_path_is_unavailable_and_never_liquidated) ... ok
2026-09-14T02:27:30.5266912Z test_manifest_cli_is_provider_free (test_prospective_management_window.ProspectiveManagementWindowTests.test_manifest_cli_is_provider_free) ... ok
2026-09-14T02:27:30.6244824Z test_projection_rejects_rehashed_cell_that_differs_from_flattened_rows (test_prospective_management_window.ProspectiveManagementWindowTests.test_projection_rejects_rehashed_cell_that_differs_from_flattened_rows) ... ok
2026-09-14T02:27:30.7201783Z test_projection_resolves_descriptive_exits_but_leaves_ledger_open (test_prospective_management_window.ProspectiveManagementWindowTests.test_projection_resolves_descriptive_exits_but_leaves_ledger_open) ... ok
2026-09-14T02:27:30.7315831Z test_provider_capture_uses_exact_sip_raw_asof_requests (test_prospective_management_window.ProspectiveManagementWindowTests.test_provider_capture_uses_exact_sip_raw_asof_requests) ... ok
2026-09-14T02:27:30.7321730Z test_registration_audit_binds_the_unrun_capture_surface (test_prospective_management_window.ProspectiveManagementWindowTests.test_registration_audit_binds_the_unrun_capture_surface) ... ok
2026-09-14T02:27:30.7429405Z test_request_manifest_merges_fixed_symbol_window_without_provider_call (test_prospective_management_window.ProspectiveManagementWindowTests.test_request_manifest_merges_fixed_symbol_window_without_provider_call) ... ok
2026-09-14T02:27:30.7654586Z test_workflow_is_date_bounded_first_attempt_and_immutably_pinned (test_prospective_management_window.ProspectiveManagementWindowTests.test_workflow_is_date_bounded_first_attempt_and_immutably_pinned) ... ok
2026-09-14T02:27:30.7690848Z test_zero_opportunity_date_makes_no_provider_call (test_prospective_management_window.ProspectiveManagementWindowTests.test_zero_opportunity_date_makes_no_provider_call) ... ok
2026-09-14T02:27:30.7836611Z test_authorization_binds_quote_freeze_ceilings_and_first_attempt (test_prospective_market_input_acquisition.ProspectiveMarketInputAcquisitionTests.test_authorization_binds_quote_freeze_ceilings_and_first_attempt) ... ok
2026-09-14T02:27:32.1659418Z test_cli_authorization_is_provider_free_write_once_and_missing_key_is_safe (test_prospective_market_input_acquisition.ProspectiveMarketInputAcquisitionTests.test_cli_authorization_is_provider_free_write_once_and_missing_key_is_safe) ... ok
2026-09-14T02:27:32.1662762Z test_contract_is_hash_bound_unarmed_and_exact (test_prospective_market_input_acquisition.ProspectiveMarketInputAcquisitionTests.test_contract_is_hash_bound_unarmed_and_exact) ... ok
2026-09-14T02:27:32.1814422Z test_cost_or_availability_drift_stops_before_every_download (test_prospective_market_input_acquisition.ProspectiveMarketInputAcquisitionTests.test_cost_or_availability_drift_stops_before_every_download) ... ok
2026-09-14T02:27:32.1994985Z test_download_metadata_symbol_and_window_mismatches_fail_closed (test_prospective_market_input_acquisition.ProspectiveMarketInputAcquisitionTests.test_download_metadata_symbol_and_window_mismatches_fail_closed) ... ok
2026-09-14T02:27:32.2048370Z test_first_download_failure_stops_later_requests_and_discards_partial_capture (test_prospective_market_input_acquisition.ProspectiveMarketInputAcquisitionTests.test_first_download_failure_stops_later_requests_and_discards_partial_capture) ... ok
2026-09-14T02:27:32.2084421Z test_only_a_successful_exact_quote_can_create_authority (test_prospective_market_input_acquisition.ProspectiveMarketInputAcquisitionTests.test_only_a_successful_exact_quote_can_create_authority) ... ok
2026-09-14T02:27:32.2135033Z test_pre_provider_failure_and_execution_context_are_exact (test_prospective_market_input_acquisition.ProspectiveMarketInputAcquisitionTests.test_pre_provider_failure_and_execution_context_are_exact) ... ok
2026-09-14T02:27:32.2141159Z test_registration_audit_is_hash_bound_and_inert (test_prospective_market_input_acquisition.ProspectiveMarketInputAcquisitionTests.test_registration_audit_is_hash_bound_and_inert) ... ok
2026-09-14T02:27:32.2333970Z test_report_tampering_and_retrospective_scope_expansion_are_rejected (test_prospective_market_input_acquisition.ProspectiveMarketInputAcquisitionTests.test_report_tampering_and_retrospective_scope_expansion_are_rejected) ... ok
2026-09-14T02:27:32.2413830Z test_success_requotes_then_downloads_each_exact_request_once (test_prospective_market_input_acquisition.ProspectiveMarketInputAcquisitionTests.test_success_requotes_then_downloads_each_exact_request_once) ... ok
2026-09-14T02:27:32.2417261Z test_workflow_push_is_provider_free_and_dispatch_is_exact (test_prospective_market_input_acquisition.ProspectiveMarketInputAcquisitionTests.test_workflow_push_is_provider_free_and_dispatch_is_exact) ... ok
2026-09-14T02:27:32.2545214Z test_zero_request_date_makes_no_provider_calls_and_emits_empty_capture (test_prospective_market_input_acquisition.ProspectiveMarketInputAcquisitionTests.test_zero_request_date_makes_no_provider_calls_and_emits_empty_capture) ... ok
2026-09-14T02:27:32.2558602Z test_complete_capture_preserves_receive_time_quotes_and_halts (test_prospective_market_input_capture.ProspectiveMarketInputCaptureTests.test_complete_capture_preserves_receive_time_quotes_and_halts) ... ok
2026-09-14T02:27:32.2561447Z test_contract_binds_parents_and_authorizes_zero_calls (test_prospective_market_input_capture.ProspectiveMarketInputCaptureTests.test_contract_binds_parents_and_authorizes_zero_calls) ... ok
2026-09-14T02:27:32.2570708Z test_contract_mutations_cannot_add_scope_or_authority (test_prospective_market_input_capture.ProspectiveMarketInputCaptureTests.test_contract_mutations_cannot_add_scope_or_authority) ... ok
2026-09-14T02:27:32.2574007Z test_future_or_retrospective_fields_cannot_enter_manifest (test_prospective_market_input_capture.ProspectiveMarketInputCaptureTests.test_future_or_retrospective_fields_cannot_enter_manifest) ... ok
2026-09-14T02:27:32.2580793Z test_locked_undefined_and_equal_status_time_quotes_are_unusable (test_prospective_market_input_capture.ProspectiveMarketInputCaptureTests.test_locked_undefined_and_equal_status_time_quotes_are_unusable) ... ok
2026-09-14T02:27:32.2590988Z test_missing_or_unknown_status_fails_closed (test_prospective_market_input_capture.ProspectiveMarketInputCaptureTests.test_missing_or_unknown_status_fails_closed) ... ok
2026-09-14T02:27:32.2595999Z test_registration_audit_is_hash_bound_and_unarmed (test_prospective_market_input_capture.ProspectiveMarketInputCaptureTests.test_registration_audit_is_hash_bound_and_unarmed) ... ok
2026-09-14T02:27:32.2605678Z test_rehashed_capture_cannot_tamper_with_halt_or_runtime_authority (test_prospective_market_input_capture.ProspectiveMarketInputCaptureTests.test_rehashed_capture_cannot_tamper_with_halt_or_runtime_authority) ... ok
2026-09-14T02:27:32.2615410Z test_request_evidence_must_reconcile_counts_and_ranges (test_prospective_market_input_capture.ProspectiveMarketInputCaptureTests.test_request_evidence_must_reconcile_counts_and_ranges) ... ok
2026-09-14T02:27:32.2618109Z test_request_manifest_is_exact_offline_and_label_blind (test_prospective_market_input_capture.ProspectiveMarketInputCaptureTests.test_request_manifest_is_exact_offline_and_label_blind) ... ok
2026-09-14T02:27:32.2625473Z test_status_is_isolated_to_the_same_registered_symbol_date (test_prospective_market_input_capture.ProspectiveMarketInputCaptureTests.test_status_is_isolated_to_the_same_registered_symbol_date) ... ok
2026-09-14T02:27:32.2669713Z test_authorization_is_deterministic_exact_and_does_not_authorize_download (test_prospective_market_input_quote.ProspectiveMarketInputQuoteTests.test_authorization_is_deterministic_exact_and_does_not_authorize_download) ... ok
2026-09-14T02:27:32.2684980Z test_bundle_rederives_every_request_and_rejects_rehashed_tamper (test_prospective_market_input_quote.ProspectiveMarketInputQuoteTests.test_bundle_rederives_every_request_and_rejects_rehashed_tamper) ... ok
2026-09-14T02:27:33.1650368Z test_cli_authorization_and_missing_credential_quote_are_provider_free (test_prospective_market_input_quote.ProspectiveMarketInputQuoteTests.test_cli_authorization_and_missing_credential_quote_are_provider_free) ... ok
2026-09-14T02:27:33.1677825Z test_contract_and_report_scope_expansion_is_rejected (test_prospective_market_input_quote.ProspectiveMarketInputQuoteTests.test_contract_and_report_scope_expansion_is_rejected) ... ok
2026-09-14T02:27:33.1681331Z test_contract_is_hash_bound_unarmed_and_metadata_only (test_prospective_market_input_quote.ProspectiveMarketInputQuoteTests.test_contract_is_hash_bound_unarmed_and_metadata_only) ... ok
2026-09-14T02:27:33.1683966Z test_execution_context_requires_exact_freeze_and_first_attempt (test_prospective_market_input_quote.ProspectiveMarketInputQuoteTests.test_execution_context_requires_exact_freeze_and_first_attempt) ... ok
2026-09-14T02:27:33.1703884Z test_partial_provider_failure_is_sanitized_and_totals_are_incomplete (test_prospective_market_input_quote.ProspectiveMarketInputQuoteTests.test_partial_provider_failure_is_sanitized_and_totals_are_incomplete) ... ok
2026-09-14T02:27:33.1725719Z test_pre_provider_failure_retains_every_request_without_messages (test_prospective_market_input_quote.ProspectiveMarketInputQuoteTests.test_pre_provider_failure_retains_every_request_without_messages) ... ok
2026-09-14T02:27:33.1731773Z test_registration_audit_is_hash_bound_and_unarmed (test_prospective_market_input_quote.ProspectiveMarketInputQuoteTests.test_registration_audit_is_hash_bound_and_unarmed) ... ok
2026-09-14T02:27:33.1755012Z test_success_quotes_all_exact_rows_with_two_methods_each (test_prospective_market_input_quote.ProspectiveMarketInputQuoteTests.test_success_quotes_all_exact_rows_with_two_methods_each) ... ok
2026-09-14T02:27:33.1758049Z test_workflow_push_is_provider_free_and_dispatch_requires_exact_authority (test_prospective_market_input_quote.ProspectiveMarketInputQuoteTests.test_workflow_push_is_provider_free_and_dispatch_requires_exact_authority) ... ok
2026-09-14T02:27:33.1811652Z test_zero_opportunity_date_is_success_without_client_or_credential (test_prospective_market_input_quote.ProspectiveMarketInputQuoteTests.test_zero_opportunity_date_is_success_without_client_or_credential) ... ok
2026-09-14T02:27:33.1835232Z test_zero_size_is_unavailable_without_substitution (test_prospective_market_input_quote.ProspectiveMarketInputQuoteTests.test_zero_size_is_unavailable_without_substitution) ... ok
2026-09-14T02:27:33.6237986Z test_cli_materializes_without_credentials (test_prospective_opportunity_freeze.ProspectiveOpportunityFreezeTests.test_cli_materializes_without_credentials) ... ok
2026-09-14T02:27:33.6241230Z test_contract_binds_parent_profiles_and_zero_authority (test_prospective_opportunity_freeze.ProspectiveOpportunityFreezeTests.test_contract_binds_parent_profiles_and_zero_authority) ... ok
2026-09-14T02:27:33.6258156Z test_contract_mutations_cannot_expand_scope_or_authority (test_prospective_opportunity_freeze.ProspectiveOpportunityFreezeTests.test_contract_mutations_cannot_expand_scope_or_authority) ... ok
2026-09-14T02:27:33.6278174Z test_daily_freeze_derives_exact_unquoted_request_pairs (test_prospective_opportunity_freeze.ProspectiveOpportunityFreezeTests.test_daily_freeze_derives_exact_unquoted_request_pairs) ... ok
2026-09-14T02:27:33.6283225Z test_materializer_strips_provenance_to_exact_market_input_boundary (test_prospective_opportunity_freeze.ProspectiveOpportunityFreezeTests.test_materializer_strips_provenance_to_exact_market_input_boundary) ... ok
2026-09-14T02:27:33.6288165Z test_registration_audit_is_hash_bound_and_unarmed (test_prospective_opportunity_freeze.ProspectiveOpportunityFreezeTests.test_registration_audit_is_hash_bound_and_unarmed) ... ok
2026-09-14T02:27:33.6336407Z test_rehashed_request_or_freeze_tamper_is_rejected (test_prospective_opportunity_freeze.ProspectiveOpportunityFreezeTests.test_rehashed_request_or_freeze_tamper_is_rejected) ... ok
2026-09-14T02:27:33.6343232Z test_same_symbol_time_is_sorted_by_opportunity_identity_for_handoff (test_prospective_opportunity_freeze.ProspectiveOpportunityFreezeTests.test_same_symbol_time_is_sorted_by_opportunity_identity_for_handoff) ... ok
2026-09-14T02:27:33.6347892Z test_source_builder_is_deterministic_and_profile_union_is_not_duplicated (test_prospective_opportunity_freeze.ProspectiveOpportunityFreezeTests.test_source_builder_is_deterministic_and_profile_union_is_not_duplicated) ... ok
2026-09-14T02:27:33.6353361Z test_source_builder_rejects_invalid_date_order_profiles_and_counts (test_prospective_opportunity_freeze.ProspectiveOpportunityFreezeTests.test_source_builder_rejects_invalid_date_order_profiles_and_counts) ... ok
2026-09-14T02:27:33.6360240Z test_source_rejects_account_execution_and_retrospective_boundaries (test_prospective_opportunity_freeze.ProspectiveOpportunityFreezeTests.test_source_rejects_account_execution_and_retrospective_boundaries) ... ok
2026-09-14T02:27:33.6368197Z test_source_rejects_forbidden_fields_even_when_rehashed (test_prospective_opportunity_freeze.ProspectiveOpportunityFreezeTests.test_source_rejects_forbidden_fields_even_when_rehashed) ... ok
2026-09-14T02:27:33.6377286Z test_source_rejects_tamper_duplicate_and_wrong_date (test_prospective_opportunity_freeze.ProspectiveOpportunityFreezeTests.test_source_rejects_tamper_duplicate_and_wrong_date) ... ok
2026-09-14T02:27:33.6381549Z test_stable_identity_excludes_profile_eligibility (test_prospective_opportunity_freeze.ProspectiveOpportunityFreezeTests.test_stable_identity_excludes_profile_eligibility) ... ok
2026-09-14T02:27:33.6385719Z test_workflow_is_source_bound_provider_free_and_not_prematurely_scheduled (test_prospective_opportunity_freeze.ProspectiveOpportunityFreezeTests.test_workflow_is_source_bound_provider_free_and_not_prematurely_scheduled) ... ok
2026-09-14T02:27:33.6415296Z test_writer_and_loader_round_trip_exact_three_file_handoff (test_prospective_opportunity_freeze.ProspectiveOpportunityFreezeTests.test_writer_and_loader_round_trip_exact_three_file_handoff) ... ok
2026-09-14T02:27:33.6427759Z test_zero_opportunity_date_is_retained_without_substitution (test_prospective_opportunity_freeze.ProspectiveOpportunityFreezeTests.test_zero_opportunity_date_is_retained_without_substitution) ... ok
2026-09-14T02:27:33.6437404Z test_audit_hook_checks_urllib_requests_only (test_provider_entrypoint_v04.ProviderEntrypointV04Tests.test_audit_hook_checks_urllib_requests_only) ... ok
2026-09-14T02:27:33.6491988Z test_blocked_attempt_ledger_is_strict_and_contains_only_counts (test_provider_entrypoint_v04.ProviderEntrypointV04Tests.test_blocked_attempt_ledger_is_strict_and_contains_only_counts) ... ok
2026-09-14T02:27:33.6494366Z test_direct_sockets_and_process_escape_are_blocked (test_provider_entrypoint_v04.ProviderEntrypointV04Tests.test_direct_sockets_and_process_escape_are_blocked) ... ok
2026-09-14T02:27:33.6517645Z test_each_urllib_audit_event_consumes_one_attempt_before_network (test_provider_entrypoint_v04.ProviderEntrypointV04Tests.test_each_urllib_audit_event_consumes_one_attempt_before_network) ... ok
2026-09-14T02:27:33.6520371Z test_exact_https_hosts_are_allowed (test_provider_entrypoint_v04.ProviderEntrypointV04Tests.test_exact_https_hosts_are_allowed) ... ok
2026-09-14T02:27:33.7637222Z test_frozen_transport_call_graph_has_no_alternate_network_stack (test_provider_entrypoint_v04.ProviderEntrypointV04Tests.test_frozen_transport_call_graph_has_no_alternate_network_stack) ... ok
2026-09-14T02:27:33.8724869Z test_guarded_urllib_allows_only_direct_registered_https_transport (test_provider_entrypoint_v04.ProviderEntrypointV04Tests.test_guarded_urllib_allows_only_direct_registered_https_transport) ... ok
2026-09-14T02:27:33.8746005Z test_https_connection_cannot_replace_the_validated_socket_target (test_provider_entrypoint_v04.ProviderEntrypointV04Tests.test_https_connection_cannot_replace_the_validated_socket_target) ... ok
2026-09-14T02:27:33.9845434Z test_installed_guard_centralizes_legacy_and_redirect_accounting (test_provider_entrypoint_v04.ProviderEntrypointV04Tests.test_installed_guard_centralizes_legacy_and_redirect_accounting) ... ok
2026-09-14T02:27:33.9850722Z test_only_frozen_repository_entrypoints_are_resolved (test_provider_entrypoint_v04.ProviderEntrypointV04Tests.test_only_frozen_repository_entrypoints_are_resolved) ... ok
2026-09-14T02:27:33.9855976Z test_redirect_is_rejected_without_disclosing_either_url (test_provider_entrypoint_v04.ProviderEntrypointV04Tests.test_redirect_is_rejected_without_disclosing_either_url) ... ok
2026-09-14T02:27:33.9860178Z test_scheme_credentials_port_and_lookalike_hosts_fail_closed (test_provider_entrypoint_v04.ProviderEntrypointV04Tests.test_scheme_credentials_port_and_lookalike_hosts_fail_closed) ... ok
2026-09-14T02:27:33.9870813Z test_symlink_and_non_regular_entrypoints_are_rejected (test_provider_entrypoint_v04.ProviderEntrypointV04Tests.test_symlink_and_non_regular_entrypoints_are_rejected) ... ok
2026-09-14T02:27:34.0708027Z test_uncaught_provider_error_is_replaced_by_one_sanitized_line (test_provider_entrypoint_v04.ProviderEntrypointV04Tests.test_uncaught_provider_error_is_replaced_by_one_sanitized_line) ... ok
2026-09-14T02:27:34.0714242Z test_allowlist_contains_only_remaining_recovery_routes (test_provider_entrypoint_v05.ProviderEntrypointV05Tests.test_allowlist_contains_only_remaining_recovery_routes) ... ok
2026-09-14T02:27:34.5867166Z test_exact_workflow_script_invocations_resolve_peer_modules (test_provider_entrypoint_v05.ProviderEntrypointV05Tests.test_exact_workflow_script_invocations_resolve_peer_modules) ... ok
2026-09-14T02:27:34.5879772Z test_main_installs_guard_before_running_exact_file (test_provider_entrypoint_v05.ProviderEntrypointV05Tests.test_main_installs_guard_before_running_exact_file) ... ok
2026-09-14T02:27:34.5881932Z test_parent_market_and_massive_entrypoints_are_prohibited (test_provider_entrypoint_v05.ProviderEntrypointV05Tests.test_parent_market_and_massive_entrypoints_are_prohibited) ... ok
2026-09-14T02:27:34.5886555Z test_symlink_entrypoint_is_rejected (test_provider_entrypoint_v05.ProviderEntrypointV05Tests.test_symlink_entrypoint_is_rejected) ... ok
2026-09-14T02:27:34.5892734Z test_allowlist_contains_only_remaining_recovery_routes (test_provider_entrypoint_v06.ProviderEntrypointV06Tests.test_allowlist_contains_only_remaining_recovery_routes) ... ok
2026-09-14T02:27:35.1116390Z test_exact_workflow_script_invocations_resolve_peer_modules (test_provider_entrypoint_v06.ProviderEntrypointV06Tests.test_exact_workflow_script_invocations_resolve_peer_modules) ... ok
2026-09-14T02:27:35.1130679Z test_main_installs_guard_before_running_exact_file (test_provider_entrypoint_v06.ProviderEntrypointV06Tests.test_main_installs_guard_before_running_exact_file) ... ok
2026-09-14T02:27:35.1133926Z test_parent_routes_and_obsolete_float_adapters_are_prohibited (test_provider_entrypoint_v06.ProviderEntrypointV06Tests.test_parent_routes_and_obsolete_float_adapters_are_prohibited) ... ok
2026-09-14T02:27:35.1137536Z test_symlink_entrypoint_is_rejected (test_provider_entrypoint_v06.ProviderEntrypointV06Tests.test_symlink_entrypoint_is_rejected) ... ok
2026-09-14T02:27:35.1143358Z test_allowlist_contains_only_remaining_recovery_routes (test_provider_entrypoint_v07.ProviderEntrypointV07Tests.test_allowlist_contains_only_remaining_recovery_routes) ... ok
2026-09-14T02:27:35.6242870Z test_exact_workflow_script_invocations_resolve_peer_modules (test_provider_entrypoint_v07.ProviderEntrypointV07Tests.test_exact_workflow_script_invocations_resolve_peer_modules) ... ok
2026-09-14T02:27:35.6255283Z test_main_installs_guard_before_running_exact_file (test_provider_entrypoint_v07.ProviderEntrypointV07Tests.test_main_installs_guard_before_running_exact_file) ... ok
2026-09-14T02:27:35.6258462Z test_parent_routes_and_obsolete_float_adapters_are_prohibited (test_provider_entrypoint_v07.ProviderEntrypointV07Tests.test_parent_routes_and_obsolete_float_adapters_are_prohibited) ... ok
2026-09-14T02:27:35.6262808Z test_symlink_entrypoint_is_rejected (test_provider_entrypoint_v07.ProviderEntrypointV07Tests.test_symlink_entrypoint_is_rejected) ... ok
2026-09-14T02:27:35.6268892Z test_allowlist_contains_only_remaining_recovery_routes (test_provider_entrypoint_v08.ProviderEntrypointV08Tests.test_allowlist_contains_only_remaining_recovery_routes) ... ok
2026-09-14T02:27:36.1618696Z test_exact_workflow_script_invocations_resolve_peer_modules (test_provider_entrypoint_v08.ProviderEntrypointV08Tests.test_exact_workflow_script_invocations_resolve_peer_modules) ... ok
2026-09-14T02:27:36.1631307Z test_main_installs_guard_before_running_exact_file (test_provider_entrypoint_v08.ProviderEntrypointV08Tests.test_main_installs_guard_before_running_exact_file) ... ok
2026-09-14T02:27:36.1633898Z test_parent_routes_and_obsolete_float_adapters_are_prohibited (test_provider_entrypoint_v08.ProviderEntrypointV08Tests.test_parent_routes_and_obsolete_float_adapters_are_prohibited) ... ok
2026-09-14T02:27:36.1637461Z test_symlink_entrypoint_is_rejected (test_provider_entrypoint_v08.ProviderEntrypointV08Tests.test_symlink_entrypoint_is_rejected) ... ok
2026-09-14T02:27:36.1642345Z test_allowlist_contains_only_remaining_recovery_routes (test_provider_entrypoint_v09.ProviderEntrypointV09Tests.test_allowlist_contains_only_remaining_recovery_routes) ... ok
2026-09-14T02:27:36.6793946Z test_exact_workflow_script_invocations_resolve_peer_modules (test_provider_entrypoint_v09.ProviderEntrypointV09Tests.test_exact_workflow_script_invocations_resolve_peer_modules) ... ok
2026-09-14T02:27:36.6804818Z test_main_installs_guard_before_running_exact_file (test_provider_entrypoint_v09.ProviderEntrypointV09Tests.test_main_installs_guard_before_running_exact_file) ... ok
2026-09-14T02:27:36.6807009Z test_parent_routes_and_obsolete_float_adapters_are_prohibited (test_provider_entrypoint_v09.ProviderEntrypointV09Tests.test_parent_routes_and_obsolete_float_adapters_are_prohibited) ... ok
2026-09-14T02:27:36.6812090Z test_symlink_entrypoint_is_rejected (test_provider_entrypoint_v09.ProviderEntrypointV09Tests.test_symlink_entrypoint_is_rejected) ... ok
2026-09-14T02:27:36.6815059Z test_allowlist_contains_only_remaining_scanner_route (test_provider_entrypoint_v10.ProviderEntrypointV10Tests.test_allowlist_contains_only_remaining_scanner_route) ... ok
2026-09-14T02:27:37.2044801Z test_exact_workflow_script_invocations_resolve_peer_modules (test_provider_entrypoint_v10.ProviderEntrypointV10Tests.test_exact_workflow_script_invocations_resolve_peer_modules) ... ok
2026-09-14T02:27:37.2057784Z test_main_installs_guard_before_running_exact_file (test_provider_entrypoint_v10.ProviderEntrypointV10Tests.test_main_installs_guard_before_running_exact_file) ... ok
2026-09-14T02:27:37.2061332Z test_parent_routes_and_obsolete_float_adapters_are_prohibited (test_provider_entrypoint_v10.ProviderEntrypointV10Tests.test_parent_routes_and_obsolete_float_adapters_are_prohibited) ... ok
2026-09-14T02:27:37.2066070Z test_symlink_entrypoint_is_rejected (test_provider_entrypoint_v10.ProviderEntrypointV10Tests.test_symlink_entrypoint_is_rejected) ... ok
2026-09-14T02:27:37.2068533Z test_float_estimate_is_unavailable_before_filing (test_provider_parsers.ProviderParserTests.test_float_estimate_is_unavailable_before_filing) ... ok
2026-09-14T02:27:37.2070928Z test_float_estimate_uses_historical_price (test_provider_parsers.ProviderParserTests.test_float_estimate_uses_historical_price) ... ok
2026-09-14T02:27:37.2073284Z test_sec_api_parser_sums_share_classes_and_preserves_public_float_dollars (test_provider_parsers.ProviderParserTests.test_sec_api_parser_sums_share_classes_and_preserves_public_float_dollars) ... ok
2026-09-14T02:27:37.2093883Z test_budget_exhaustion_fails_before_an_extra_attempt (test_provider_request_budget.ProviderRequestBudgetTests.test_budget_exhaustion_fails_before_an_extra_attempt) ... ok
2026-09-14T02:27:37.2102074Z test_budget_is_inactive_when_unconfigured (test_provider_request_budget.ProviderRequestBudgetTests.test_budget_is_inactive_when_unconfigured) ... ok
2026-09-14T02:27:37.2117040Z test_partial_or_relative_configuration_is_rejected (test_provider_request_budget.ProviderRequestBudgetTests.test_partial_or_relative_configuration_is_rejected) ... ok
2026-09-14T02:27:37.2145329Z test_shared_budget_counts_attempts_by_host_without_urls (test_provider_request_budget.ProviderRequestBudgetTests.test_shared_budget_counts_attempts_by_host_without_urls) ... ok
2026-09-14T02:27:37.2157151Z test_action_bars_require_completion_before_entry_cutoff (test_reconstruct_discretion_heldout_micro_date.ReconstructDiscretionHeldoutMicroDateTests.test_action_bars_require_completion_before_entry_cutoff) ... ok
2026-09-14T02:27:37.2162737Z test_anchor_uses_completed_bar_decision_without_intraminute_backdating (test_reconstruct_discretion_heldout_micro_date.ReconstructDiscretionHeldoutMicroDateTests.test_anchor_uses_completed_bar_decision_without_intraminute_backdating) ... ok
2026-09-14T02:27:37.2190894Z test_deterministic_gzip_and_unavailable_state_are_hash_bound (test_reconstruct_discretion_heldout_micro_date.ReconstructDiscretionHeldoutMicroDateTests.test_deterministic_gzip_and_unavailable_state_are_hash_bound) ... ok
2026-09-14T02:27:37.2193834Z test_replay_is_pinned_to_the_registered_micro_policy (test_reconstruct_discretion_heldout_micro_date.ReconstructDiscretionHeldoutMicroDateTests.test_replay_is_pinned_to_the_registered_micro_policy) ... ok
2026-09-14T02:27:37.2262187Z test_session_support_uses_frozen_bar_grid_and_blocks_drift (test_reconstruct_discretion_heldout_micro_date.ReconstructDiscretionHeldoutMicroDateTests.test_session_support_uses_frozen_bar_grid_and_blocks_drift) ... ok
2026-09-14T02:27:37.2265857Z test_source_requires_frozen_unlabeled_all_candidate_runtime (test_reconstruct_discretion_heldout_micro_date.ReconstructDiscretionHeldoutMicroDateTests.test_source_requires_frozen_unlabeled_all_candidate_runtime) ... ok
2026-09-14T02:27:37.2269541Z test_cell_summary_measures_first_plan_latency_when_plan_is_armed (test_reconstruct_micro_volume_cohort_case.MicroVolumeCohortCaseTests.test_cell_summary_measures_first_plan_latency_when_plan_is_armed) ... ok
2026-09-14T02:27:37.2272458Z test_paired_delta_reports_activity_and_earlier_onset (test_reconstruct_micro_volume_cohort_case.MicroVolumeCohortCaseTests.test_paired_delta_reports_activity_and_earlier_onset) ... ok
2026-09-14T02:27:37.2275297Z test_qualification_anchors_reject_bar_start_as_decision_time (test_reconstruct_micro_volume_cohort_case.MicroVolumeCohortCaseTests.test_qualification_anchors_reject_bar_start_as_decision_time) ... ok
2026-09-14T02:27:37.2278280Z test_qualification_anchors_separate_bar_start_from_decision_time (test_reconstruct_micro_volume_cohort_case.MicroVolumeCohortCaseTests.test_qualification_anchors_separate_bar_start_from_decision_time) ... ok
2026-09-14T02:27:37.2281509Z test_refinement_cannot_backdate_the_0700_strategy_boundary (test_reconstruct_micro_volume_cohort_case.MicroVolumeCohortCaseTests.test_refinement_cannot_backdate_the_0700_strategy_boundary) ... ok
2026-09-14T02:27:37.2284549Z test_refinement_inside_strategy_window_is_retained (test_reconstruct_micro_volume_cohort_case.MicroVolumeCohortCaseTests.test_refinement_inside_strategy_window_is_retained) ... ok
2026-09-14T02:27:37.2286657Z test_daily_max_loss_locks_session (test_risk.RiskTests.test_daily_max_loss_locks_session) ... ok
2026-09-14T02:27:37.2288228Z test_half_profit_giveback_locks_session (test_risk.RiskTests.test_half_profit_giveback_locks_session) ... ok
2026-09-14T02:27:37.2289976Z test_lock_is_terminal (test_risk.RiskTests.test_lock_is_terminal) ... ok
2026-09-14T02:27:37.2291407Z test_duplicate_rule_ids_rejected (test_rulebook.RulebookTests.test_duplicate_rule_ids_rejected) ... ok
2026-09-14T02:27:37.2293210Z test_evidence_registry_checks_title_and_date (test_rulebook.RulebookTests.test_evidence_registry_checks_title_and_date) ... ok
2026-09-14T02:27:37.2294876Z test_load_and_filter (test_rulebook.RulebookTests.test_load_and_filter) ... ok
2026-09-14T02:27:37.2302945Z test_manifest_loads_rule_bundles (test_rulebook.RulebookTests.test_manifest_loads_rule_bundles) ... ok
2026-09-14T02:27:37.2344512Z test_coarse_curve_is_an_upper_bound_inside_current_bucket (test_rvol.RvolTests.test_coarse_curve_is_an_upper_bound_inside_current_bucket) ... ok
2026-09-14T02:27:37.2350709Z test_prior_session_dates_are_chronological_and_bounded (test_rvol.RvolTests.test_prior_session_dates_are_chronological_and_bounded) ... ok
2026-09-14T02:27:37.2381968Z test_same_time_rvol_compares_cumulative_volume_at_same_minute (test_rvol.RvolTests.test_same_time_rvol_compares_cumulative_volume_at_same_minute) ... ok
2026-09-14T02:27:37.2409808Z test_all_five_pillars_are_a_quality (test_scanner.ScannerTests.test_all_five_pillars_are_a_quality) ... ok
2026-09-14T02:27:37.2436561Z test_float_is_strictly_below_ten_million (test_scanner.ScannerTests.test_float_is_strictly_below_ten_million) ... ok
2026-09-14T02:27:37.2484113Z test_missing_news_is_conditional_only_for_number_one_gainer (test_scanner.ScannerTests.test_missing_news_is_conditional_only_for_number_one_gainer) ... ok
2026-09-14T02:27:37.2510601Z test_small_account_profile_requires_top_three_and_tighter_price_gain (test_scanner.ScannerTests.test_small_account_profile_requires_top_three_and_tighter_price_gain) ... ok
2026-09-14T02:27:37.2536522Z test_time_of_day_rvol_override_replaces_legacy_daily_ratio (test_scanner.ScannerTests.test_time_of_day_rvol_override_replaces_legacy_daily_ratio) ... ok
2026-09-14T02:27:37.2565920Z test_total_volume_is_not_a_canonical_pillar (test_scanner.ScannerTests.test_total_volume_is_not_a_canonical_pillar) ... ok
2026-09-14T02:27:37.2589750Z test_extra_symbols_and_duplicate_rvol_timestamps_fail_closed (test_scanner_rvol_alignment_v10.ScannerRvolAlignmentV10Tests.test_extra_symbols_and_duplicate_rvol_timestamps_fail_closed) ... ok
2026-09-14T02:27:37.2614248Z test_missing_raw_timestamp_fails_closed_without_imputation (test_scanner_rvol_alignment_v10.ScannerRvolAlignmentV10Tests.test_missing_raw_timestamp_fails_closed_without_imputation) ... ok
2026-09-14T02:27:37.3628265Z test_real_blrx_sparse_prefix_round_trips_without_value_change (test_scanner_rvol_alignment_v10.ScannerRvolAlignmentV10Tests.test_real_blrx_sparse_prefix_round_trips_without_value_change) ... ok
2026-09-14T02:27:37.3658621Z test_scoped_writer_adapter_projects_then_restores_frozen_writer (test_scanner_rvol_alignment_v10.ScannerRvolAlignmentV10Tests.test_scoped_writer_adapter_projects_then_restores_frozen_writer) ... ok
2026-09-14T02:27:37.3697897Z test_compressed_file_tamper_fails_closed (test_scanner_source_inputs.ScannerSourceInputTests.test_compressed_file_tamper_fails_closed) ... ok
2026-09-14T02:27:37.3747462Z test_compressed_sidecar_is_deterministic (test_scanner_source_inputs.ScannerSourceInputTests.test_compressed_sidecar_is_deterministic) ... ok
2026-09-14T02:27:37.3779644Z test_manifest_knowledge_tamper_fails_closed (test_scanner_source_inputs.ScannerSourceInputTests.test_manifest_knowledge_tamper_fails_closed) ... ok
2026-09-14T02:27:37.3820730Z test_rehashed_out_of_order_stream_is_rejected (test_scanner_source_inputs.ScannerSourceInputTests.test_rehashed_out_of_order_stream_is_rejected) ... ok
2026-09-14T02:27:37.3852767Z test_root_manifest_binds_ordered_dates_without_promotion (test_scanner_source_inputs.ScannerSourceInputTests.test_root_manifest_binds_ordered_dates_without_promotion) ... ok
2026-09-14T02:27:37.3981276Z test_round_trip_preserves_existing_hash_and_empty_candidate (test_scanner_source_inputs.ScannerSourceInputTests.test_round_trip_preserves_existing_hash_and_empty_candidate) ... ok
2026-09-14T02:27:37.4015325Z test_cash_fee_pnl_and_share_mutations_rejected (test_sealed_historical_account_conditional_evaluation_v01.CashFlowTests.test_cash_fee_pnl_and_share_mutations_rejected) ... ok
2026-09-14T02:27:37.4020208Z test_confirmed_fill_cannot_be_known_in_future (test_sealed_historical_account_conditional_evaluation_v01.CashFlowTests.test_confirmed_fill_cannot_be_known_in_future) ... ok
2026-09-14T02:27:37.4022852Z test_empty_session_has_no_phantom_trade_or_fee (test_sealed_historical_account_conditional_evaluation_v01.CashFlowTests.test_empty_session_has_no_phantom_trade_or_fee) ... ok
2026-09-14T02:27:37.4032925Z test_fee_component_and_accumulation_mismatches_rejected (test_sealed_historical_account_conditional_evaluation_v01.CashFlowTests.test_fee_component_and_accumulation_mismatches_rejected) ... ok
2026-09-14T02:27:37.4035756Z test_invalid_monetary_and_share_inputs_rejected (test_sealed_historical_account_conditional_evaluation_v01.CashFlowTests.test_invalid_monetary_and_share_inputs_rejected) ... ok
2026-09-14T02:27:37.4038753Z test_open_position_is_not_closed_trade (test_sealed_historical_account_conditional_evaluation_v01.CashFlowTests.test_open_position_is_not_closed_trade) ... ok
2026-09-14T02:27:37.4047258Z test_outer_decimal_precision_cannot_change_money (test_sealed_historical_account_conditional_evaluation_v01.CashFlowTests.test_outer_decimal_precision_cannot_change_money) ... ok
2026-09-14T02:27:37.4053113Z test_partial_exits_and_reentry_are_two_net_episodes (test_sealed_historical_account_conditional_evaluation_v01.CashFlowTests.test_partial_exits_and_reentry_are_two_net_episodes) ... ok
2026-09-14T02:27:37.4057939Z test_sell_must_bind_exact_entry (test_sealed_historical_account_conditional_evaluation_v01.CashFlowTests.test_sell_must_bind_exact_entry) ... ok
2026-09-14T02:27:37.4062440Z test_unknown_side_rejected (test_sealed_historical_account_conditional_evaluation_v01.CashFlowTests.test_unknown_side_rejected) ... ok
2026-09-14T02:27:37.4065863Z test_unsealed_journal_tampering_rejected (test_sealed_historical_account_conditional_evaluation_v01.CashFlowTests.test_unsealed_journal_tampering_rejected) ... ok
2026-09-14T02:27:37.4069454Z test_changed_source_evidence_is_rejected (test_sealed_historical_account_conditional_evaluation_v01.EntryBindingTests.test_changed_source_evidence_is_rejected) ... ok
2026-09-14T02:27:37.4072534Z test_missing_fill_event_is_rejected (test_sealed_historical_account_conditional_evaluation_v01.EntryBindingTests.test_missing_fill_event_is_rejected) ... ok
2026-09-14T02:27:37.4075343Z test_unavailable_cannot_be_relabelled (test_sealed_historical_account_conditional_evaluation_v01.EntryBindingTests.test_unavailable_cannot_be_relabelled) ... ok
2026-09-14T02:27:37.4078507Z test_unverified_observation_is_not_known_abstention (test_sealed_historical_account_conditional_evaluation_v01.EntryBindingTests.test_unverified_observation_is_not_known_abstention) ... ok
2026-09-14T02:27:37.4081712Z test_withheld_opportunity_cannot_have_any_execution_event (test_sealed_historical_account_conditional_evaluation_v01.EntryBindingTests.test_withheld_opportunity_cannot_have_any_execution_event) ... ok
2026-09-14T02:27:37.4084511Z test_withhold_preserved_and_available_fill_bound (test_sealed_historical_account_conditional_evaluation_v01.EntryBindingTests.test_withhold_preserved_and_available_fill_bound) ... ok
2026-09-14T02:27:37.4087738Z test_wrong_opportunity_fill_cannot_bypass_gate (test_sealed_historical_account_conditional_evaluation_v01.EntryBindingTests.test_wrong_opportunity_fill_cannot_bypass_gate) ... ok
2026-09-14T02:27:37.4406283Z test_registered_code_and_scope (test_sealed_historical_account_conditional_evaluation_v01.FrozenScopeTests.test_registered_code_and_scope) ... ok
2026-09-14T02:27:39.6501557Z test_saved_report_reproduces_from_saved_artifacts_without_replay (test_sealed_historical_account_conditional_evaluation_v01.FrozenScopeTests.test_saved_report_reproduces_from_saved_artifacts_without_replay) ... ok
2026-09-14T02:27:39.6809378Z test_wrong_external_registration_rejected (test_sealed_historical_account_conditional_evaluation_v01.FrozenScopeTests.test_wrong_external_registration_rejected) ... ok
2026-09-14T02:27:39.6813949Z test_account_reseed_cannot_hide_loss (test_sealed_historical_account_conditional_evaluation_v01.MetricTests.test_account_reseed_cannot_hide_loss) ... ok
2026-09-14T02:27:39.6821277Z test_all_losses_profit_factor_is_zero (test_sealed_historical_account_conditional_evaluation_v01.MetricTests.test_all_losses_profit_factor_is_zero) ... ok
2026-09-14T02:27:39.6830950Z test_exact_nanosecond_identity (test_sealed_historical_account_conditional_evaluation_v01.MetricTests.test_exact_nanosecond_identity) ... ok
2026-09-14T02:27:39.6833342Z test_null_ratio_and_deterministic_rounding (test_sealed_historical_account_conditional_evaluation_v01.MetricTests.test_null_ratio_and_deterministic_rounding) ... ok
2026-09-14T02:27:39.6835994Z test_seed_highwater_and_zero_trade_dates_preserved (test_sealed_historical_account_conditional_evaluation_v01.MetricTests.test_seed_highwater_and_zero_trade_dates_preserved) ... ok
2026-09-14T02:27:39.6839392Z test_zero_loss_profit_factor_is_null_and_flats_in_win_denominator (test_sealed_historical_account_conditional_evaluation_v01.MetricTests.test_zero_loss_profit_factor_is_null_and_flats_in_win_denominator) ... ok
2026-09-14T02:27:39.9025288Z test_ack_tie_still_blocks_reentry (test_sealed_historical_account_continuity_v01.ContinuityMechanicsTests.test_ack_tie_still_blocks_reentry) ... ok
2026-09-14T02:27:40.0314727Z test_activation_cannot_change_symbols (test_sealed_historical_account_continuity_v01.ContinuityMechanicsTests.test_activation_cannot_change_symbols) ... ok
2026-09-14T02:27:40.1710192Z test_campaign_history_fees_and_exact_cash_persist (test_sealed_historical_account_continuity_v01.ContinuityMechanicsTests.test_campaign_history_fees_and_exact_cash_persist) ... ok
2026-09-14T02:27:40.2717854Z test_changed_source_and_cross_path_checkpoint_rejected (test_sealed_historical_account_continuity_v01.ContinuityMechanicsTests.test_changed_source_and_cross_path_checkpoint_rejected) ... ok
2026-09-14T02:27:40.5491780Z test_checkpoint_before_fill_has_only_reservation (test_sealed_historical_account_continuity_v01.ContinuityMechanicsTests.test_checkpoint_before_fill_has_only_reservation) ... ok
2026-09-14T02:27:40.7221161Z test_checkpoint_hash_and_rehashed_money_cannot_be_imported (test_sealed_historical_account_continuity_v01.ContinuityMechanicsTests.test_checkpoint_hash_and_rehashed_money_cannot_be_imported) ... ok
2026-09-14T02:27:40.8651566Z test_cutoffs_reject_backwards_and_cross_session_times (test_sealed_historical_account_continuity_v01.ContinuityMechanicsTests.test_cutoffs_reject_backwards_and_cross_session_times) ... ok
2026-09-14T02:27:41.2485666Z test_expired_window_retains_position_and_exact_state (test_sealed_historical_account_continuity_v01.ContinuityMechanicsTests.test_expired_window_retains_position_and_exact_state) ... ok
2026-09-14T02:27:41.3973672Z test_future_execution_price_does_not_change_public_prefix (test_sealed_historical_account_continuity_v01.ContinuityMechanicsTests.test_future_execution_price_does_not_change_public_prefix) ... ok
2026-09-14T02:27:41.4791924Z test_known_guard_still_blocks_reentry (test_sealed_historical_account_continuity_v01.ContinuityMechanicsTests.test_known_guard_still_blocks_reentry) ... ok
2026-09-14T02:27:41.5927754Z test_missing_exit_preserves_intent_through_resume (test_sealed_historical_account_continuity_v01.ContinuityMechanicsTests.test_missing_exit_preserves_intent_through_resume) ... ok
2026-09-14T02:27:41.9781503Z test_next_session_preserves_unresolved_carried_position (test_sealed_historical_account_continuity_v01.ContinuityMechanicsTests.test_next_session_preserves_unresolved_carried_position) ... ok
2026-09-14T02:27:42.1244875Z test_open_partial_campaign_cannot_reenter_or_add (test_sealed_historical_account_continuity_v01.ContinuityMechanicsTests.test_open_partial_campaign_cannot_reenter_or_add) ... ok
2026-09-14T02:27:42.4773939Z test_partial_target_does_not_move_stop_during_resume (test_sealed_historical_account_continuity_v01.ContinuityMechanicsTests.test_partial_target_does_not_move_stop_during_resume) ... ok
2026-09-14T02:27:44.1257033Z test_pending_input_failure_stays_failed_after_resume (test_sealed_historical_account_continuity_v01.ContinuityMechanicsTests.test_pending_input_failure_stays_failed_after_resume) ... ok
2026-09-14T02:27:44.2196357Z test_reentry_has_fresh_target_and_stop (test_sealed_historical_account_continuity_v01.ContinuityMechanicsTests.test_reentry_has_fresh_target_and_stop) ... ok
2026-09-14T02:27:44.3376201Z test_reentry_uses_new_fill_cost_basis (test_sealed_historical_account_continuity_v01.ContinuityMechanicsTests.test_reentry_uses_new_fill_cost_basis) ... ok
2026-09-14T02:27:44.7199861Z test_rehashed_stop_attempt_and_entry_history_tampering_rejected (test_sealed_historical_account_continuity_v01.ContinuityMechanicsTests.test_rehashed_stop_attempt_and_entry_history_tampering_rejected) ... ok
2026-09-14T02:27:46.1851969Z test_resume_at_entry_fill_and_ack_boundaries (test_sealed_historical_account_continuity_v01.ContinuityMechanicsTests.test_resume_at_entry_fill_and_ack_boundaries) ... ok
2026-09-14T02:27:46.5493754Z test_resume_preserves_target_confirmation_and_pending_cancel (test_sealed_historical_account_continuity_v01.ContinuityMechanicsTests.test_resume_preserves_target_confirmation_and_pending_cancel) ... ok
2026-09-14T02:27:46.7655351Z test_resume_preserves_used_liquidity_and_confirmed_journal (test_sealed_historical_account_continuity_v01.ContinuityMechanicsTests.test_resume_preserves_used_liquidity_and_confirmed_journal) ... ok
2026-09-14T02:27:46.8079410Z test_retrospective_keys_rejected_in_source_and_checkpoint (test_sealed_historical_account_continuity_v01.ContinuityMechanicsTests.test_retrospective_keys_rejected_in_source_and_checkpoint) ... ok
2026-09-14T02:27:48.5303772Z test_same_symbol_new_activation_is_a_new_campaign (test_sealed_historical_account_continuity_v01.ContinuityMechanicsTests.test_same_symbol_new_activation_is_a_new_campaign) ... ok
2026-09-14T02:27:48.6754717Z test_small_account_keeps_frozen_risk_sizing (test_sealed_historical_account_continuity_v01.ContinuityMechanicsTests.test_small_account_keeps_frozen_risk_sizing) ... ok
2026-09-14T02:27:48.9366356Z test_terminal_partial_resume_does_not_retry (test_sealed_historical_account_continuity_v01.ContinuityMechanicsTests.test_terminal_partial_resume_does_not_retry) ... ok
2026-09-14T02:27:49.4743750Z test_two_entries_one_campaign_third_is_blocked (test_sealed_historical_account_continuity_v01.ContinuityMechanicsTests.test_two_entries_one_campaign_third_is_blocked) ... ok
2026-09-14T02:27:49.5576616Z test_unfilled_order_does_not_spend_an_entry (test_sealed_historical_account_continuity_v01.ContinuityMechanicsTests.test_unfilled_order_does_not_spend_an_entry) ... ok
2026-09-14T02:27:49.6581196Z test_valuation_handoff_retains_open_basis_without_window_extension (test_sealed_historical_account_continuity_v01.ContinuityMechanicsTests.test_valuation_handoff_retains_open_basis_without_window_extension) ... ok
2026-09-14T02:27:49.9340649Z test_all_original_slots_and_unavailable_references_unchanged (test_sealed_historical_account_continuity_v01.ContinuityRegistrationTests.test_all_original_slots_and_unavailable_references_unchanged) ... ok
2026-09-14T02:28:09.2503806Z test_direct_offline_cli_produces_independently_verified_artifacts (test_sealed_historical_account_continuity_v01.ContinuityRegistrationTests.test_direct_offline_cli_produces_independently_verified_artifacts) ... ok
2026-09-14T02:28:09.3118290Z test_entrypoints_have_no_undefined_globals_and_checker_is_stdlib (test_sealed_historical_account_continuity_v01.ContinuityRegistrationTests.test_entrypoints_have_no_undefined_globals_and_checker_is_stdlib) ... ok
2026-09-14T02:28:21.9314686Z test_independent_checker_recomputes_and_rejects_rehashed_scarcity (test_sealed_historical_account_continuity_v01.ContinuityRegistrationTests.test_independent_checker_recomputes_and_rejects_rehashed_scarcity) ... ok
2026-09-14T02:28:22.1381625Z test_independent_checker_rejects_rehashed_campaign_and_checkpoint_state (test_sealed_historical_account_continuity_v01.ContinuityRegistrationTests.test_independent_checker_rejects_rehashed_campaign_and_checkpoint_state) ... ok
2026-09-14T02:28:22.1384569Z test_management_execution_methods_remain_frozen (test_sealed_historical_account_continuity_v01.ContinuityRegistrationTests.test_management_execution_methods_remain_frozen) ... ok
2026-09-14T02:28:22.4244787Z test_metadata_build_cannot_run_mechanics_or_open_market_bundle (test_sealed_historical_account_continuity_v01.ContinuityRegistrationTests.test_metadata_build_cannot_run_mechanics_or_open_market_bundle) ... ok
2026-09-14T02:28:22.7064754Z test_parent_and_implementation_mutations_fail_registration (test_sealed_historical_account_continuity_v01.ContinuityRegistrationTests.test_parent_and_implementation_mutations_fail_registration) ... ok
2026-09-14T02:28:22.9731106Z test_registration_binds_immutable_parent_and_scope (test_sealed_historical_account_continuity_v01.ContinuityRegistrationTests.test_registration_binds_immutable_parent_and_scope) ... ok
2026-09-14T02:28:22.9740921Z test_symlink_and_frozen_output_paths_rejected (test_sealed_historical_account_continuity_v01.ContinuityRegistrationTests.test_symlink_and_frozen_output_paths_rejected) ... ok
2026-09-14T02:28:24.1072890Z test_write_once_rehashed_metadata_and_extra_files_fail (test_sealed_historical_account_continuity_v01.ContinuityRegistrationTests.test_write_once_rehashed_metadata_and_extra_files_fail) ... ok
2026-09-14T02:28:24.2663424Z test_expired_wait_blocks_all_later_slots_with_exact_shares (test_sealed_historical_account_exit_waiting_v01.WaitingAccountTests.test_expired_wait_blocks_all_later_slots_with_exact_shares) ... ok
2026-09-14T02:28:30.6792614Z test_no_wait_path_objects_match_risk_parent_exactly (test_sealed_historical_account_exit_waiting_v01.WaitingAccountTests.test_no_wait_path_objects_match_risk_parent_exactly) ... ok
2026-09-14T02:28:31.3961351Z test_waiting_closes_and_preserves_audit_after_capacity_release (test_sealed_historical_account_exit_waiting_v01.WaitingAccountTests.test_waiting_closes_and_preserves_audit_after_capacity_release) ... ok
2026-09-14T02:28:31.5669325Z test_delayed_submission_after_an_earlier_fresh_print_is_rejected (test_sealed_historical_account_exit_waiting_v01.WaitingIndependentTests.test_delayed_submission_after_an_earlier_fresh_print_is_rejected) ... ok
2026-09-14T02:28:31.6644348Z test_failed_submission_preserves_causal_proposal_without_attempt (test_sealed_historical_account_exit_waiting_v01.WaitingIndependentTests.test_failed_submission_preserves_causal_proposal_without_attempt) ... ok
2026-09-14T02:28:31.6777509Z test_independent_reference_matches_frozen_index_on_status_ties_and_unknowns (test_sealed_historical_account_exit_waiting_v01.WaitingIndependentTests.test_independent_reference_matches_frozen_index_on_status_ties_and_unknowns) ... ok
2026-09-14T02:28:32.1914013Z test_independent_wait_sources_and_unchanged_account_checks (test_sealed_historical_account_exit_waiting_v01.WaitingIndependentTests.test_independent_wait_sources_and_unchanged_account_checks) ... ok
2026-09-14T02:28:33.1451791Z test_mutated_parent_or_child_invalidates_registration (test_sealed_historical_account_exit_waiting_v01.WaitingIndependentTests.test_mutated_parent_or_child_invalidates_registration) ... ok
2026-09-14T02:28:33.1457799Z test_registration_and_source_authority_fail_before_original_access (test_sealed_historical_account_exit_waiting_v01.WaitingIndependentTests.test_registration_and_source_authority_fail_before_original_access) ... ok
2026-09-14T02:28:34.0467398Z test_registration_reproduces_and_metadata_build_never_opens_originals (test_sealed_historical_account_exit_waiting_v01.WaitingIndependentTests.test_registration_reproduces_and_metadata_build_never_opens_originals) ... ok
2026-09-14T02:28:34.2087695Z test_rehashed_attempt_consumption_before_submission_is_rejected (test_sealed_historical_account_exit_waiting_v01.WaitingIndependentTests.test_rehashed_attempt_consumption_before_submission_is_rejected) ... ok
2026-09-14T02:28:34.3052941Z test_rehashed_false_expiry_and_dropped_wait_end_are_rejected (test_sealed_historical_account_exit_waiting_v01.WaitingIndependentTests.test_rehashed_false_expiry_and_dropped_wait_end_are_rejected) ... ok
2026-09-14T02:28:34.4675857Z test_rehashed_quote_witness_mutation_is_rejected (test_sealed_historical_account_exit_waiting_v01.WaitingIndependentTests.test_rehashed_quote_witness_mutation_is_rejected) ... ok
2026-09-14T02:28:34.4694802Z test_runtime_output_is_external_and_write_once (test_sealed_historical_account_exit_waiting_v01.WaitingIndependentTests.test_runtime_output_is_external_and_write_once) ... ok
2026-09-14T02:28:34.6518684Z test_supersession_is_independently_reconstructed (test_sealed_historical_account_exit_waiting_v01.WaitingIndependentTests.test_supersession_is_independently_reconstructed) ... ok
2026-09-14T02:28:34.6597219Z test_account_risk_latch_can_supersede_target_but_stop_has_priority (test_sealed_historical_account_exit_waiting_v01.WaitingManagementTests.test_account_risk_latch_can_supersede_target_but_stop_has_priority) ... ok
2026-09-14T02:28:34.6668366Z test_changed_tape_while_waiting_is_rejected (test_sealed_historical_account_exit_waiting_v01.WaitingManagementTests.test_changed_tape_while_waiting_is_rejected) ... ok
2026-09-14T02:28:34.6808580Z test_completed_red_bar_supersedes_target_but_never_stop (test_sealed_historical_account_exit_waiting_v01.WaitingManagementTests.test_completed_red_bar_supersedes_target_but_never_stop) ... ok
2026-09-14T02:28:34.6866767Z test_first_signal_without_full_tail_still_fails (test_sealed_historical_account_exit_waiting_v01.WaitingManagementTests.test_first_signal_without_full_tail_still_fails) ... ok
2026-09-14T02:28:34.6907605Z test_freshness_is_inclusive_and_native_ties_keep_last_record (test_sealed_historical_account_exit_waiting_v01.WaitingManagementTests.test_freshness_is_inclusive_and_native_ties_keep_last_record) ... ok
2026-09-14T02:28:34.6982270Z test_ineligible_print_does_not_reconsider_but_clean_odd_lot_does (test_sealed_historical_account_exit_waiting_v01.WaitingManagementTests.test_ineligible_print_does_not_reconsider_but_clean_odd_lot_does) ... ok
2026-09-14T02:28:34.7105517Z test_known_halt_waits_and_unknown_status_is_not_a_wait (test_sealed_historical_account_exit_waiting_v01.WaitingManagementTests.test_known_halt_waits_and_unknown_status_is_not_a_wait) ... ok
2026-09-14T02:28:34.7182405Z test_no_future_quote_then_first_fresh_print_submits_latched_target (test_sealed_historical_account_exit_waiting_v01.WaitingManagementTests.test_no_future_quote_then_first_fresh_print_submits_latched_target) ... ok
2026-09-14T02:28:34.7251186Z test_reference_index_is_immutable_and_matches_frozen_capture (test_sealed_historical_account_exit_waiting_v01.WaitingManagementTests.test_reference_index_is_immutable_and_matches_frozen_capture) ... ok
2026-09-14T02:28:34.7316454Z test_stale_reference_waits_without_reserving_or_consuming_attempt (test_sealed_historical_account_exit_waiting_v01.WaitingManagementTests.test_stale_reference_waits_without_reserving_or_consuming_attempt) ... ok
2026-09-14T02:28:34.7392180Z test_stop_supersedes_waiting_target_and_preserves_origin (test_sealed_historical_account_exit_waiting_v01.WaitingManagementTests.test_stop_supersedes_waiting_target_and_preserves_origin) ... ok
2026-09-14T02:28:34.7447430Z test_tape_mutation_or_wrong_pin_never_becomes_waiting (test_sealed_historical_account_exit_waiting_v01.WaitingManagementTests.test_tape_mutation_or_wrong_pin_never_becomes_waiting) ... ok
2026-09-14T02:28:34.7525376Z test_terminal_partial_fill_does_not_retry (test_sealed_historical_account_exit_waiting_v01.WaitingManagementTests.test_terminal_partial_fill_does_not_retry) ... ok
2026-09-14T02:28:34.7593967Z test_unknown_status_in_frozen_execution_tail_still_fails_closed (test_sealed_historical_account_exit_waiting_v01.WaitingManagementTests.test_unknown_status_in_frozen_execution_tail_still_fails_closed) ... ok
2026-09-14T02:28:34.7663748Z test_window_expiry_preserves_open_intent_and_shares (test_sealed_historical_account_exit_waiting_v01.WaitingManagementTests.test_window_expiry_preserves_open_intent_and_shares) ... ok
2026-09-14T02:28:34.8662200Z test_cli_has_no_replay_option_and_does_not_overwrite_output (test_sealed_historical_account_hosted_acceptance_v01.ArtifactAndRegistrationTests.test_cli_has_no_replay_option_and_does_not_overwrite_output) ... ok
2026-09-14T02:28:34.8673984Z test_duplicate_and_unsafe_zip_members_rejected (test_sealed_historical_account_hosted_acceptance_v01.ArtifactAndRegistrationTests.test_duplicate_and_unsafe_zip_members_rejected) ... ok
2026-09-14T02:28:34.8682371Z test_exact_zip_bytes_crc_inventory_and_no_extraction (test_sealed_historical_account_hosted_acceptance_v01.ArtifactAndRegistrationTests.test_exact_zip_bytes_crc_inventory_and_no_extraction) ... ok
2026-09-14T02:28:34.9301871Z test_external_commitment_and_changed_implementation_rejected (test_sealed_historical_account_hosted_acceptance_v01.ArtifactAndRegistrationTests.test_external_commitment_and_changed_implementation_rejected) ... ok
2026-09-14T02:28:34.9305807Z test_nonfinite_or_float_account_values_rejected (test_sealed_historical_account_hosted_acceptance_v01.ArtifactAndRegistrationTests.test_nonfinite_or_float_account_values_rejected) ... ok
2026-09-14T02:28:34.9485559Z test_registration_waives_only_local_rerun_and_is_post_result (test_sealed_historical_account_hosted_acceptance_v01.ArtifactAndRegistrationTests.test_registration_waives_only_local_rerun_and_is_post_result) ... ok
2026-09-14T02:28:34.9489947Z test_seals_canonical_bytes_and_duplicate_json_keys (test_sealed_historical_account_hosted_acceptance_v01.ArtifactAndRegistrationTests.test_seals_canonical_bytes_and_duplicate_json_keys) ... ok
2026-09-14T02:28:34.9520596Z test_available_input_cannot_be_silently_left_unprocessed (test_sealed_historical_account_hosted_acceptance_v01.CoverageTests.test_available_input_cannot_be_silently_left_unprocessed) ... ok
2026-09-14T02:28:34.9534051Z test_dropped_unavailable_history_is_rejected (test_sealed_historical_account_hosted_acceptance_v01.CoverageTests.test_dropped_unavailable_history_is_rejected) ... ok
2026-09-14T02:28:34.9541040Z test_exact_decimal_reconciliation_without_financial_output (test_sealed_historical_account_hosted_acceptance_v01.CoverageTests.test_exact_decimal_reconciliation_without_financial_output) ... ok
2026-09-14T02:28:34.9566906Z test_false_full_path_completion_and_wrong_chain_are_rejected (test_sealed_historical_account_hosted_acceptance_v01.CoverageTests.test_false_full_path_completion_and_wrong_chain_are_rejected) ... ok
2026-09-14T02:28:34.9590733Z test_first_gap_after_available_prefix_and_empty_gap_population (test_sealed_historical_account_hosted_acceptance_v01.CoverageTests.test_first_gap_after_available_prefix_and_empty_gap_population) ... ok
2026-09-14T02:28:34.9610229Z test_flat_execution_does_not_turn_missing_inputs_into_no_trade (test_sealed_historical_account_hosted_acceptance_v01.CoverageTests.test_flat_execution_does_not_turn_missing_inputs_into_no_trade) ... ok
2026-09-14T02:28:34.9629678Z test_missing_path_and_reordered_paths_are_rejected (test_sealed_historical_account_hosted_acceptance_v01.CoverageTests.test_missing_path_and_reordered_paths_are_rejected) ... ok
2026-09-14T02:28:34.9654333Z test_omitted_or_reclassified_unavailable_opportunity_is_rejected (test_sealed_historical_account_hosted_acceptance_v01.CoverageTests.test_omitted_or_reclassified_unavailable_opportunity_is_rejected) ... ok
2026-09-14T02:28:34.9677754Z test_omitted_session_and_duplicate_slot_are_rejected (test_sealed_historical_account_hosted_acceptance_v01.CoverageTests.test_omitted_session_and_duplicate_slot_are_rejected) ... ok
2026-09-14T02:28:34.9725346Z test_open_positions_pending_orders_and_window_are_rejected (test_sealed_historical_account_hosted_acceptance_v01.CoverageTests.test_open_positions_pending_orders_and_window_are_rejected) ... ok
2026-09-14T02:28:34.9737793Z test_prior_gap_conditions_later_fully_available_session (test_sealed_historical_account_hosted_acceptance_v01.CoverageTests.test_prior_gap_conditions_later_fully_available_session) ... ok
2026-09-14T02:28:34.9761984Z test_runtime_failure_and_incomplete_streams_are_rejected (test_sealed_historical_account_hosted_acceptance_v01.CoverageTests.test_runtime_failure_and_incomplete_streams_are_rejected) ... ok
2026-09-14T02:28:34.9786090Z test_unknown_gap_reason_and_false_complete_status_are_rejected (test_sealed_historical_account_hosted_acceptance_v01.CoverageTests.test_unknown_gap_reason_and_false_complete_status_are_rejected) ... ok
2026-09-14T02:28:34.9868028Z test_wrong_cash_fee_carry_or_reseed_is_rejected (test_sealed_historical_account_hosted_acceptance_v01.CoverageTests.test_wrong_cash_fee_carry_or_reseed_is_rejected) ... ok
2026-09-14T02:28:34.9945507Z test_complete_verification_accepts_hosted_only_without_financial_promotion (test_sealed_historical_account_hosted_acceptance_v01.EndToEndAcceptanceTests.test_complete_verification_accepts_hosted_only_without_financial_promotion) ... ok
2026-09-14T02:28:35.0049344Z test_failed_checker_or_incomplete_steps_do_not_qualify (test_sealed_historical_account_hosted_acceptance_v01.EndToEndAcceptanceTests.test_failed_checker_or_incomplete_steps_do_not_qualify) ... ok
2026-09-14T02:28:35.0260572Z test_missing_progress_or_changed_local_evidence_is_rejected (test_sealed_historical_account_hosted_acceptance_v01.EndToEndAcceptanceTests.test_missing_progress_or_changed_local_evidence_is_rejected) ... ok
2026-09-14T02:28:35.0345975Z test_rerun_or_wrong_artifact_do_not_qualify (test_sealed_historical_account_hosted_acceptance_v01.EndToEndAcceptanceTests.test_rerun_or_wrong_artifact_do_not_qualify) ... ok
2026-09-14T02:28:35.7171805Z test_12_paths_360_sessions_and_exactly_12_initial_seeds (test_sealed_historical_account_inputs_v01.HistoricalAccountInputsTests.test_12_paths_360_sessions_and_exactly_12_initial_seeds) ... ok
2026-09-14T02:28:35.9224129Z test_30_session_synthetic_handoff_carries_profit_loss_fees_and_positions (test_sealed_historical_account_inputs_v01.HistoricalAccountInputsTests.test_30_session_synthetic_handoff_carries_profit_loss_fees_and_positions) ... ok
2026-09-14T02:28:35.9242229Z test_all_profiles_unavailable_opportunities_and_empty_dates_preserved (test_sealed_historical_account_inputs_v01.HistoricalAccountInputsTests.test_all_profiles_unavailable_opportunities_and_empty_dates_preserved) ... ok
2026-09-14T02:28:35.9299859Z test_close_from_wrong_account_horizon_scenario_or_date_is_rejected (test_sealed_historical_account_inputs_v01.HistoricalAccountInputsTests.test_close_from_wrong_account_horizon_scenario_or_date_is_rejected) ... ok
2026-09-14T02:28:35.9452417Z test_currency_must_be_exact_cents_and_complete_state_must_survive (test_sealed_historical_account_inputs_v01.HistoricalAccountInputsTests.test_currency_must_be_exact_cents_and_complete_state_must_survive) ... ok
2026-09-14T02:28:38.1693400Z test_extra_output_file_and_symlinks_are_rejected (test_sealed_historical_account_inputs_v01.HistoricalAccountInputsTests.test_extra_output_file_and_symlinks_are_rejected) ... ok
2026-09-14T02:28:38.1706452Z test_first_date_rejects_a_supplied_previous_balance (test_sealed_historical_account_inputs_v01.HistoricalAccountInputsTests.test_first_date_rejects_a_supplied_previous_balance) ... ok
2026-09-14T02:28:38.1711483Z test_first_session_limits_reuse_frozen_policy_for_both_accounts (test_sealed_historical_account_inputs_v01.HistoricalAccountInputsTests.test_first_session_limits_reuse_frozen_policy_for_both_accounts) ... ok
2026-09-14T02:28:38.1724018Z test_handoff_does_not_share_mutable_state_with_prior_close (test_sealed_historical_account_inputs_v01.HistoricalAccountInputsTests.test_handoff_does_not_share_mutable_state_with_prior_close) ... ok
2026-09-14T02:28:38.1735743Z test_insolvent_state_is_preserved_without_reseeding (test_sealed_historical_account_inputs_v01.HistoricalAccountInputsTests.test_insolvent_state_is_preserved_without_reseeding) ... ok
2026-09-14T02:28:38.1764330Z test_merged_bounds_equal_union_not_larger_or_outcome_extended (test_sealed_historical_account_inputs_v01.HistoricalAccountInputsTests.test_merged_bounds_equal_union_not_larger_or_outcome_extended) ... ok
2026-09-14T02:28:38.1768573Z test_missing_or_duplicate_opportunity_population_is_rejected (test_sealed_historical_account_inputs_v01.HistoricalAccountInputsTests.test_missing_or_duplicate_opportunity_population_is_rejected) ... ok
2026-09-14T02:28:38.1893057Z test_missing_previous_close_blocks_every_later_date_including_zero_dates (test_sealed_historical_account_inputs_v01.HistoricalAccountInputsTests.test_missing_previous_close_blocks_every_later_date_including_zero_dates) ... ok
2026-09-14T02:28:38.1905228Z test_pending_orders_and_unavailable_state_are_not_inferred_flat (test_sealed_historical_account_inputs_v01.HistoricalAccountInputsTests.test_pending_orders_and_unavailable_state_are_not_inferred_flat) ... ok
2026-09-14T02:28:38.8966222Z test_real_parent_plan_reconstructs_without_provider_or_execution_calls (test_sealed_historical_account_inputs_v01.HistoricalAccountInputsTests.test_real_parent_plan_reconstructs_without_provider_or_execution_calls) ... ok
2026-09-14T02:28:39.4216987Z test_registration_binds_approved_values_and_unchanged_parent (test_sealed_historical_account_inputs_v01.HistoricalAccountInputsTests.test_registration_binds_approved_values_and_unchanged_parent) ... ok
2026-09-14T02:28:39.4230505Z test_rehashed_changed_balance_cannot_match_pinned_close (test_sealed_historical_account_inputs_v01.HistoricalAccountInputsTests.test_rehashed_changed_balance_cannot_match_pinned_close) ... ok
2026-09-14T02:28:39.4270257Z test_rehashed_registration_and_changed_parent_bytes_are_rejected (test_sealed_historical_account_inputs_v01.HistoricalAccountInputsTests.test_rehashed_registration_and_changed_parent_bytes_are_rejected) ... ok
2026-09-14T02:28:39.4320351Z test_rehashed_slot_cannot_reset_or_skip_registered_session (test_sealed_historical_account_inputs_v01.HistoricalAccountInputsTests.test_rehashed_slot_cannot_reset_or_skip_registered_session) ... ok
2026-09-14T02:28:39.4350273Z test_request_windows_keep_exact_nanoseconds_and_all_109_identities (test_sealed_historical_account_inputs_v01.HistoricalAccountInputsTests.test_request_windows_keep_exact_nanoseconds_and_all_109_identities) ... ok
2026-09-14T02:28:39.4373862Z test_retrospective_keys_and_unbound_source_runtime_are_rejected (test_sealed_historical_account_inputs_v01.HistoricalAccountInputsTests.test_retrospective_keys_and_unbound_source_runtime_are_rejected) ... ok
2026-09-14T02:28:42.3148308Z test_write_once_and_full_reconstruction_reject_rehashed_output (test_sealed_historical_account_inputs_v01.HistoricalAccountInputsTests.test_write_once_and_full_reconstruction_reject_rehashed_output) ... ok
2026-09-14T02:28:43.5795464Z test_all_twelve_paths_use_one_seed_and_thirty_slots (test_sealed_historical_account_replay_v01.HistoricalReplayMechanicsTests.test_all_twelve_paths_use_one_seed_and_thirty_slots) ... ok
2026-09-14T02:28:43.5799762Z test_external_registration_pin_is_required_before_source_access (test_sealed_historical_account_replay_v01.HistoricalReplayMechanicsTests.test_external_registration_pin_is_required_before_source_access) ... ok
2026-09-14T02:28:48.3270537Z test_frozen_parent_state_parity_across_mechanics (test_sealed_historical_account_replay_v01.HistoricalReplayMechanicsTests.test_frozen_parent_state_parity_across_mechanics) ... ok
2026-09-14T02:28:52.2145929Z test_independent_checker_accepts_every_frozen_mechanics_case (test_sealed_historical_account_replay_v01.HistoricalReplayMechanicsTests.test_independent_checker_accepts_every_frozen_mechanics_case) ... ok
2026-09-14T02:28:52.3210598Z test_independent_checker_rejects_financial_promotion (test_sealed_historical_account_replay_v01.HistoricalReplayMechanicsTests.test_independent_checker_rejects_financial_promotion) ... ok
2026-09-14T02:28:54.0907267Z test_independent_checker_rejects_lost_open_window (test_sealed_historical_account_replay_v01.HistoricalReplayMechanicsTests.test_independent_checker_rejects_lost_open_window) ... ok
2026-09-14T02:28:55.9030788Z test_independent_checker_rejects_rehashed_cash_reseed (test_sealed_historical_account_replay_v01.HistoricalReplayMechanicsTests.test_independent_checker_rejects_rehashed_cash_reseed) ... ok
2026-09-14T02:28:57.7205149Z test_independent_checker_rejects_stream_substitution (test_sealed_historical_account_replay_v01.HistoricalReplayMechanicsTests.test_independent_checker_rejects_stream_substitution) ... ok
2026-09-14T02:28:59.3630342Z test_omitted_original_source_fails_and_preserves_last_state (test_sealed_historical_account_replay_v01.HistoricalReplayMechanicsTests.test_omitted_original_source_fails_and_preserves_last_state) ... ok
2026-09-14T02:29:00.9947319Z test_omitted_unavailable_ref_is_rejected_before_execution (test_sealed_historical_account_replay_v01.HistoricalReplayMechanicsTests.test_omitted_unavailable_ref_is_rejected_before_execution) ... ok
2026-09-14T02:29:02.7121353Z test_open_position_blocks_all_later_slots_with_exact_basis_and_cash (test_sealed_historical_account_replay_v01.HistoricalReplayMechanicsTests.test_open_position_blocks_all_later_slots_with_exact_basis_and_cash) ... ok
2026-09-14T02:29:02.7262953Z test_original_registration_preserves_panel_and_closed_metrics (test_sealed_historical_account_replay_v01.HistoricalReplayMechanicsTests.test_original_registration_preserves_panel_and_closed_metrics) ... ok
2026-09-14T02:29:02.7350450Z test_parent_historical_guards_are_unchanged (test_sealed_historical_account_replay_v01.HistoricalReplayMechanicsTests.test_parent_historical_guards_are_unchanged) ... ok
2026-09-14T02:29:04.4052938Z test_pending_entry_failure_keeps_unreconciled_feedback (test_sealed_historical_account_replay_v01.HistoricalReplayMechanicsTests.test_pending_entry_failure_keeps_unreconciled_feedback) ... ok
2026-09-14T02:29:04.4055885Z test_public_api_rejects_caller_source_objects (test_sealed_historical_account_replay_v01.HistoricalReplayMechanicsTests.test_public_api_rejects_caller_source_objects) ... ok
2026-09-14T02:29:04.4061140Z test_public_api_rejects_rehashed_synthetic_binding_manifest (test_sealed_historical_account_replay_v01.HistoricalReplayMechanicsTests.test_public_api_rejects_rehashed_synthetic_binding_manifest) ... ok
2026-09-14T02:29:05.2000590Z test_registration_is_reproducible_and_parent_pins_are_real (test_sealed_historical_account_replay_v01.HistoricalReplayMechanicsTests.test_registration_is_reproducible_and_parent_pins_are_real) ... ok
2026-09-14T02:29:06.8006722Z test_resolved_foreign_opportunity_fails_before_order_submission (test_sealed_historical_account_replay_v01.HistoricalReplayMechanicsTests.test_resolved_foreign_opportunity_fails_before_order_submission) ... ok
2026-09-14T02:29:08.8491523Z test_stream_iterators_produce_identical_account_results (test_sealed_historical_account_replay_v01.HistoricalReplayMechanicsTests.test_stream_iterators_produce_identical_account_results) ... ok
2026-09-14T02:29:10.4942920Z test_unavailable_is_retained_and_never_resolved (test_sealed_historical_account_replay_v01.HistoricalReplayMechanicsTests.test_unavailable_is_retained_and_never_resolved) ... ok
2026-09-14T02:29:10.8844404Z test_native_quote_gap_produces_valid_feedback_rejected_by_frozen_checker (test_sealed_historical_account_residual_exit_diagnostic_v01.FrozenCheckerDefectRegressionTests.test_native_quote_gap_produces_valid_feedback_rejected_by_frozen_checker) ... ok
2026-09-14T02:29:11.0617368Z test_ordinary_unfilled_cancellation_does_not_imply_a_quote_gap (test_sealed_historical_account_residual_exit_diagnostic_v01.FrozenCheckerDefectRegressionTests.test_ordinary_unfilled_cancellation_does_not_imply_a_quote_gap) ... ok
2026-09-14T02:29:11.0621401Z test_arrival_freshness_includes_exact_age_boundary_only (test_sealed_historical_account_residual_exit_diagnostic_v01.QuoteLifecycleDiagnosticTests.test_arrival_freshness_includes_exact_age_boundary_only) ... ok
2026-09-14T02:29:11.0624330Z test_arrival_is_inclusive_and_cancellation_ack_is_exclusive (test_sealed_historical_account_residual_exit_diagnostic_v01.QuoteLifecycleDiagnosticTests.test_arrival_is_inclusive_and_cancellation_ack_is_exclusive) ... ok
2026-09-14T02:29:11.0627352Z test_changed_clock_and_missing_capture_coverage_fail_closed (test_sealed_historical_account_residual_exit_diagnostic_v01.QuoteLifecycleDiagnosticTests.test_changed_clock_and_missing_capture_coverage_fail_closed) ... ok
2026-09-14T02:29:11.0630497Z test_diagnostic_constants_equal_both_frozen_execution_policies (test_sealed_historical_account_residual_exit_diagnostic_v01.QuoteLifecycleDiagnosticTests.test_diagnostic_constants_equal_both_frozen_execution_policies) ... ok
2026-09-14T02:29:11.0633149Z test_equal_time_status_and_unusable_quotes_cannot_fill_a_gap (test_sealed_historical_account_residual_exit_diagnostic_v01.QuoteLifecycleDiagnosticTests.test_equal_time_status_and_unusable_quotes_cannot_fill_a_gap) ... ok
2026-09-14T02:29:11.0635837Z test_halted_fresh_candidate_is_distinct_from_no_fresh_quote (test_sealed_historical_account_residual_exit_diagnostic_v01.QuoteLifecycleDiagnosticTests.test_halted_fresh_candidate_is_distinct_from_no_fresh_quote) ... ok
2026-09-14T02:29:11.0638810Z test_quote_fresh_at_decision_can_be_stale_at_arrival (test_sealed_historical_account_residual_exit_diagnostic_v01.QuoteLifecycleDiagnosticTests.test_quote_fresh_at_decision_can_be_stale_at_arrival) ... ok
2026-09-14T02:29:11.0641687Z test_unknown_status_is_not_reclassified_as_a_quote_gap (test_sealed_historical_account_residual_exit_diagnostic_v01.QuoteLifecycleDiagnosticTests.test_unknown_status_is_not_reclassified_as_a_quote_gap) ... ok
2026-09-14T02:29:11.0644428Z test_bad_authority_or_internal_output_never_starts_an_attempt (test_sealed_historical_account_residual_exit_reproduction_v01.ReproductionAttemptTests.test_bad_authority_or_internal_output_never_starts_an_attempt) ... ok
2026-09-14T02:29:11.0728328Z test_changed_reproduced_byte_cannot_be_accepted_after_mocked_verifier_pass (test_sealed_historical_account_residual_exit_reproduction_v01.ReproductionAttemptTests.test_changed_reproduced_byte_cannot_be_accepted_after_mocked_verifier_pass) ... ok
2026-09-14T02:29:11.0842815Z test_extra_output_and_mutated_receipt_are_rejected (test_sealed_historical_account_residual_exit_reproduction_v01.ReproductionAttemptTests.test_extra_output_and_mutated_receipt_are_rejected) ... ok
2026-09-14T02:29:11.0899731Z test_original_failure_and_partial_output_survive_and_retry_is_refused (test_sealed_historical_account_residual_exit_reproduction_v01.ReproductionAttemptTests.test_original_failure_and_partial_output_survive_and_retry_is_refused) ... ok
2026-09-14T02:29:11.0999350Z test_receipt_precedes_sources_and_success_requires_six_exact_components (test_sealed_historical_account_residual_exit_reproduction_v01.ReproductionAttemptTests.test_receipt_precedes_sources_and_success_requires_six_exact_components) ... ok
2026-09-14T02:29:11.1024666Z test_source_mismatch_retains_receipt_and_failure_without_entering_replay (test_sealed_historical_account_residual_exit_reproduction_v01.ReproductionAttemptTests.test_source_mismatch_retains_receipt_and_failure_without_entering_replay) ... ok
2026-09-14T02:29:11.1030285Z test_symlink_output_is_rejected_without_touching_target (test_sealed_historical_account_residual_exit_reproduction_v01.ReproductionAttemptTests.test_symlink_output_is_rejected_without_touching_target) ... ok
2026-09-14T02:29:11.1073795Z test_verifier_failure_is_separately_retained_after_original_output (test_sealed_historical_account_residual_exit_reproduction_v01.ReproductionAttemptTests.test_verifier_failure_is_separately_retained_after_original_output) ... ok
2026-09-14T02:29:11.1910089Z test_metadata_cli_succeeds_under_offline_guard (test_sealed_historical_account_residual_exit_reproduction_v01.ReproductionRegistrationTests.test_metadata_cli_succeeds_under_offline_guard) ... ok
2026-09-14T02:29:11.2123071Z test_metadata_registration_preserves_original_producer_and_verifier (test_sealed_historical_account_residual_exit_reproduction_v01.ReproductionRegistrationTests.test_metadata_registration_preserves_original_producer_and_verifier) ... ok
2026-09-14T02:29:11.2142720Z test_original_cli_receives_exact_registration_and_restores_arguments (test_sealed_historical_account_residual_exit_reproduction_v01.ReproductionRegistrationTests.test_original_cli_receives_exact_registration_and_restores_arguments) ... ok
2026-09-14T02:29:11.2541853Z test_wrong_external_commitment_or_changed_orchestrator_is_rejected (test_sealed_historical_account_residual_exit_reproduction_v01.ReproductionRegistrationTests.test_wrong_external_commitment_or_changed_orchestrator_is_rejected) ... ok
2026-09-14T02:29:11.2653680Z test_inherited_checks_and_native_lifecycle_are_exact_original_functions (test_sealed_historical_account_residual_exit_status_v01.FrozenParityTests.test_inherited_checks_and_native_lifecycle_are_exact_original_functions) ... ok
2026-09-14T02:29:11.2884667Z test_outer_verification_body_is_identical (test_sealed_historical_account_residual_exit_status_v01.FrozenParityTests.test_outer_verification_body_is_identical) ... ok
2026-09-14T02:29:11.3198568Z test_residual_body_changes_only_the_expected_status_expression (test_sealed_historical_account_residual_exit_status_v01.FrozenParityTests.test_residual_body_changes_only_the_expected_status_expression) ... ok
2026-09-14T02:29:11.3217323Z test_attempt_receipt_precedes_verification_and_success_is_sealed (test_sealed_historical_account_residual_exit_status_v01.RegistrationAndAttemptTests.test_attempt_receipt_precedes_verification_and_success_is_sealed) ... ok
2026-09-14T02:29:11.3233609Z test_new_failure_is_retained_and_attempt_directory_cannot_be_reused (test_sealed_historical_account_residual_exit_status_v01.RegistrationAndAttemptTests.test_new_failure_is_retained_and_attempt_directory_cannot_be_reused) ... ok
2026-09-14T02:29:11.3412426Z test_registration_is_metadata_only_and_all_original_pins_are_unchanged (test_sealed_historical_account_residual_exit_status_v01.RegistrationAndAttemptTests.test_registration_is_metadata_only_and_all_original_pins_are_unchanged) ... ok
2026-09-14T02:29:11.4299995Z test_wrong_external_freeze_and_mutated_child_or_parent_fail_before_evidence (test_sealed_historical_account_residual_exit_status_v01.RegistrationAndAttemptTests.test_wrong_external_freeze_and_mutated_child_or_parent_fail_before_evidence) ... ok
2026-09-14T02:29:11.4315053Z test_wrong_registration_creates_no_attempt_and_draft_writer_never_overwrites (test_sealed_historical_account_residual_exit_status_v01.RegistrationAndAttemptTests.test_wrong_registration_creates_no_attempt_and_draft_writer_never_overwrites) ... ok
2026-09-14T02:29:11.4320728Z test_wrong_stored_runtime_cannot_reach_original_verifier (test_sealed_historical_account_residual_exit_status_v01.RegistrationAndAttemptTests.test_wrong_stored_runtime_cannot_reach_original_verifier) ... ok
2026-09-14T02:29:11.4325074Z test_exact_age_and_half_open_active_interval_classify_status (test_sealed_historical_account_residual_exit_status_v01.SourceDerivedStatusTests.test_exact_age_and_half_open_active_interval_classify_status) ... ok
2026-09-14T02:29:14.6638468Z test_existing_unfilled_partial_delayed_and_exhausted_paths_keep_checks (test_sealed_historical_account_residual_exit_status_v01.SourceDerivedStatusTests.test_existing_unfilled_partial_delayed_and_exhausted_paths_keep_checks) ... ok
2026-09-14T02:29:15.7768660Z test_no_quote_and_halted_feedback_pass_only_corrected_checker (test_sealed_historical_account_residual_exit_status_v01.SourceDerivedStatusTests.test_no_quote_and_halted_feedback_pass_only_corrected_checker) ... ok
2026-09-14T02:29:15.7772464Z test_positive_fill_rule_is_unchanged_and_invalid_quantity_rejected (test_sealed_historical_account_residual_exit_status_v01.SourceDerivedStatusTests.test_positive_fill_rule_is_unchanged_and_invalid_quantity_rejected) ... ok
2026-09-14T02:29:16.6170450Z test_rehashed_forged_status_is_not_an_allowlisted_cancellation (test_sealed_historical_account_residual_exit_status_v01.SourceDerivedStatusTests.test_rehashed_forged_status_is_not_an_allowlisted_cancellation) ... ok
2026-09-14T02:29:16.8942175Z test_removed_authority_and_changed_shares_still_fail (test_sealed_historical_account_residual_exit_status_v01.SourceDerivedStatusTests.test_removed_authority_and_changed_shares_still_fail) ... ok
2026-09-14T02:29:16.8945458Z test_unknown_status_and_changed_clocks_fail_closed (test_sealed_historical_account_residual_exit_status_v01.SourceDerivedStatusTests.test_unknown_status_and_changed_clocks_fail_closed) ... ok
2026-09-14T02:29:17.1289720Z test_acknowledged_authority_cannot_be_omitted_when_no_replacement_fills (test_sealed_historical_account_residual_exit_v01.ResidualAccountAndIndependentTests.test_acknowledged_authority_cannot_be_omitted_when_no_replacement_fills) ... ok
2026-09-14T02:29:17.3990407Z test_changed_parent_prefix_is_rejected (test_sealed_historical_account_residual_exit_v01.ResidualAccountAndIndependentTests.test_changed_parent_prefix_is_rejected) ... ok
2026-09-14T02:29:18.5462521Z test_confirmed_residual_close_releases_capacity_and_keeps_audit (test_sealed_historical_account_residual_exit_v01.ResidualAccountAndIndependentTests.test_confirmed_residual_close_releases_capacity_and_keeps_audit) ... ok
2026-09-14T02:29:18.8322580Z test_earlier_eligible_source_print_cannot_be_omitted (test_sealed_historical_account_residual_exit_v01.ResidualAccountAndIndependentTests.test_earlier_eligible_source_print_cannot_be_omitted) ... ok
2026-09-14T02:29:18.8446399Z test_frozen_finisher_arithmetic_is_unchanged (test_sealed_historical_account_residual_exit_v01.ResidualAccountAndIndependentTests.test_frozen_finisher_arithmetic_is_unchanged) ... ok
2026-09-14T02:29:18.8666213Z test_independent_account_checks_are_unchanged_except_parent_namespace (test_sealed_historical_account_residual_exit_v01.ResidualAccountAndIndependentTests.test_independent_account_checks_are_unchanged_except_parent_namespace) ... ok
2026-09-14T02:29:18.8872593Z test_independent_chronology_delta_is_only_registered_terminal_ceiling (test_sealed_historical_account_residual_exit_v01.ResidualAccountAndIndependentTests.test_independent_chronology_delta_is_only_registered_terminal_ceiling) ... ok
2026-09-14T02:29:19.1769323Z test_mutated_ack_remaining_count_and_first_print_are_rejected (test_sealed_historical_account_residual_exit_v01.ResidualAccountAndIndependentTests.test_mutated_ack_remaining_count_and_first_print_are_rejected) ... ok
2026-09-14T02:29:20.1174716Z test_mutated_parent_or_child_invalidates_registration (test_sealed_historical_account_residual_exit_v01.ResidualAccountAndIndependentTests.test_mutated_parent_or_child_invalidates_registration) ... ok
2026-09-14T02:29:20.2309745Z test_no_post_ack_print_records_expiry_and_preserves_shares (test_sealed_historical_account_residual_exit_v01.ResidualAccountAndIndependentTests.test_no_post_ack_print_records_expiry_and_preserves_shares) ... ok
2026-09-14T02:29:26.6642785Z test_no_residual_paths_are_byte_identical_to_waiting_parent (test_sealed_historical_account_residual_exit_v01.ResidualAccountAndIndependentTests.test_no_residual_paths_are_byte_identical_to_waiting_parent) ... ok
2026-09-14T02:29:26.9859377Z test_original_wait_and_residual_wait_remain_separate_bound_episodes (test_sealed_historical_account_residual_exit_v01.ResidualAccountAndIndependentTests.test_original_wait_and_residual_wait_remain_separate_bound_episodes) ... ok
2026-09-14T02:29:26.9863273Z test_registration_and_original_reader_are_required (test_sealed_historical_account_residual_exit_v01.ResidualAccountAndIndependentTests.test_registration_and_original_reader_are_required) ... ok
2026-09-14T02:29:27.8760319Z test_registration_is_metadata_only_and_parent_remains_frozen (test_sealed_historical_account_residual_exit_v01.ResidualAccountAndIndependentTests.test_registration_is_metadata_only_and_parent_remains_frozen) ... ok
2026-09-14T02:29:28.1640642Z test_rehashed_invalid_cancellation_context_is_rejected (test_sealed_historical_account_residual_exit_v01.ResidualAccountAndIndependentTests.test_rehashed_invalid_cancellation_context_is_rejected) ... ok
2026-09-14T02:29:28.2983781Z test_rehashed_third_terminal_order_exceeds_independent_budget (test_sealed_historical_account_residual_exit_v01.ResidualAccountAndIndependentTests.test_rehashed_third_terminal_order_exceeds_independent_budget) ... ok
2026-09-14T02:29:28.5860957Z test_removed_residual_audit_cannot_hide_second_order (test_sealed_historical_account_residual_exit_v01.ResidualAccountAndIndependentTests.test_removed_residual_audit_cannot_hide_second_order) ... ok
2026-09-14T02:29:28.9713593Z test_residual_release_can_change_later_capacity_decision_not_earlier_prefix (test_sealed_historical_account_residual_exit_v01.ResidualAccountAndIndependentTests.test_residual_release_can_change_later_capacity_decision_not_earlier_prefix) ... ok
2026-09-14T02:29:28.9731934Z test_runtime_output_is_external_and_write_once (test_sealed_historical_account_residual_exit_v01.ResidualAccountAndIndependentTests.test_runtime_output_is_external_and_write_once) ... ok
2026-09-14T02:29:29.4101792Z test_second_remainder_or_expired_wait_preserves_all_later_blocked_slots (test_sealed_historical_account_residual_exit_v01.ResidualAccountAndIndependentTests.test_second_remainder_or_expired_wait_preserves_all_later_blocked_slots) ... ok
2026-09-14T02:29:30.0145468Z test_stale_replacement_waits_then_closes_independently (test_sealed_historical_account_residual_exit_v01.ResidualAccountAndIndependentTests.test_stale_replacement_waits_then_closes_independently) ... ok
2026-09-14T02:29:30.0230720Z test_consumed_liquidity_is_not_reset_or_reused (test_sealed_historical_account_residual_exit_v01.ResidualManagementTests.test_consumed_liquidity_is_not_reset_or_reused) ... ok
2026-09-14T02:29:30.0399793Z test_first_later_eligible_print_uses_only_remainder_and_closes (test_sealed_historical_account_residual_exit_v01.ResidualManagementTests.test_first_later_eligible_print_uses_only_remainder_and_closes) ... ok
2026-09-14T02:29:30.0467288Z test_fully_filled_terminal_never_arms_residual (test_sealed_historical_account_residual_exit_v01.ResidualManagementTests.test_fully_filled_terminal_never_arms_residual) ... ok
2026-09-14T02:29:30.0554611Z test_known_halt_waits_without_consuming_additional_order (test_sealed_historical_account_residual_exit_v01.ResidualManagementTests.test_known_halt_waits_without_consuming_additional_order) ... ok
2026-09-14T02:29:30.0658484Z test_missing_reference_waits_without_spending_residual_budget (test_sealed_historical_account_residual_exit_v01.ResidualManagementTests.test_missing_reference_waits_without_spending_residual_budget) ... ok
2026-09-14T02:29:30.0731144Z test_no_later_print_expires_authority_without_order (test_sealed_historical_account_residual_exit_v01.ResidualManagementTests.test_no_later_print_expires_authority_without_order) ... ok
2026-09-14T02:29:30.0802782Z test_no_replacement_before_or_on_equal_time_ack_print (test_sealed_historical_account_residual_exit_v01.ResidualManagementTests.test_no_replacement_before_or_on_equal_time_ack_print) ... ok
2026-09-14T02:29:30.0867790Z test_partial_target_does_not_receive_replacement_authority (test_sealed_historical_account_residual_exit_v01.ResidualManagementTests.test_partial_target_does_not_receive_replacement_authority) ... ok
2026-09-14T02:29:30.0937823Z test_partial_terminal_ack_arms_without_resetting_attempt_or_liquidity (test_sealed_historical_account_residual_exit_v01.ResidualManagementTests.test_partial_terminal_ack_arms_without_resetting_attempt_or_liquidity) ... ok
2026-09-14T02:29:30.1103075Z test_second_partial_or_unfilled_exit_exhausts_budget_without_third_attempt (test_sealed_historical_account_residual_exit_v01.ResidualManagementTests.test_second_partial_or_unfilled_exit_exhausts_budget_without_third_attempt) ... ok
2026-09-14T02:29:30.1174334Z test_stop_can_supersede_prior_red_terminal_for_remainder (test_sealed_historical_account_residual_exit_v01.ResidualManagementTests.test_stop_can_supersede_prior_red_terminal_for_remainder) ... ok
2026-09-14T02:29:30.1255706Z test_unfilled_original_has_no_consumed_liquidity_but_valid_authority (test_sealed_historical_account_residual_exit_v01.ResidualManagementTests.test_unfilled_original_has_no_consumed_liquidity_but_valid_authority) ... ok
2026-09-14T02:29:30.1331004Z test_unknown_status_is_a_failure_not_permission_to_retry (test_sealed_historical_account_residual_exit_v01.ResidualManagementTests.test_unknown_status_is_a_failure_not_permission_to_retry) ... ok
2026-09-14T02:29:30.1414865Z test_wait_expiry_preserves_unsubmitted_remainder (test_sealed_historical_account_residual_exit_v01.ResidualManagementTests.test_wait_expiry_preserves_unsubmitted_remainder) ... ok
2026-09-14T02:29:30.1500284Z test_wrong_tape_rejected_without_spending_attempt (test_sealed_historical_account_residual_exit_v01.ResidualManagementTests.test_wrong_tape_rejected_without_spending_attempt) ... ok
2026-09-14T02:29:30.1506598Z test_confirmed_breakeven_and_flat_risk_are_exact_zero (test_sealed_historical_account_risk_projection_v01.DecimalRiskTests.test_confirmed_breakeven_and_flat_risk_are_exact_zero) ... ok
2026-09-14T02:29:30.1509442Z test_excess_precision_fails_instead_of_rounding (test_sealed_historical_account_risk_projection_v01.DecimalRiskTests.test_excess_precision_fails_instead_of_rounding) ... ok
2026-09-14T02:29:30.1514166Z test_internal_ledger_and_frozen_entry_evidence_are_untouched (test_sealed_historical_account_risk_projection_v01.DecimalRiskTests.test_internal_ledger_and_frozen_entry_evidence_are_untouched) ... ok
2026-09-14T02:29:30.1517120Z test_invalid_share_and_stop_inputs_are_rejected (test_sealed_historical_account_risk_projection_v01.DecimalRiskTests.test_invalid_share_and_stop_inputs_are_rejected) ... ok
2026-09-14T02:29:30.1522739Z test_multi_lot_risk_is_summed_before_numeric_projection (test_sealed_historical_account_risk_projection_v01.DecimalRiskTests.test_multi_lot_risk_is_summed_before_numeric_projection) ... ok
2026-09-14T02:29:30.1525211Z test_no_epsilon_quantization_or_rounding_is_allowed (test_sealed_historical_account_risk_projection_v01.DecimalRiskTests.test_no_epsilon_quantization_or_rounding_is_allowed) ... ok
2026-09-14T02:29:30.1543176Z test_nonbinary_cent_and_subcent_vectors (test_sealed_historical_account_risk_projection_v01.DecimalRiskTests.test_nonbinary_cent_and_subcent_vectors) ... ok
2026-09-14T02:29:30.1552269Z test_parent_equal_risk_representation_is_byte_identical (test_sealed_historical_account_risk_projection_v01.DecimalRiskTests.test_parent_equal_risk_representation_is_byte_identical) ... ok
2026-09-14T02:29:30.1557568Z test_partial_exit_uses_confirmed_remaining_shares (test_sealed_historical_account_risk_projection_v01.DecimalRiskTests.test_partial_exit_uses_confirmed_remaining_shares) ... ok
2026-09-14T02:29:30.1562675Z test_precision_does_not_depend_on_callers_decimal_context (test_sealed_historical_account_risk_projection_v01.DecimalRiskTests.test_precision_does_not_depend_on_callers_decimal_context) ... ok
2026-09-14T02:29:30.1568861Z test_projection_is_idempotent_and_does_not_alias_events (test_sealed_historical_account_risk_projection_v01.DecimalRiskTests.test_projection_is_idempotent_and_does_not_alias_events) ... ok
2026-09-14T02:29:30.3488391Z test_all_nonrisk_state_and_commitments_match_parent (test_sealed_historical_account_risk_projection_v01.RiskReplayTests.test_all_nonrisk_state_and_commitments_match_parent) ... ok
2026-09-14T02:29:32.5303348Z test_all_twelve_empty_paths_preserve_exact_parent_bytes (test_sealed_historical_account_risk_projection_v01.RiskReplayTests.test_all_twelve_empty_paths_preserve_exact_parent_bytes) ... ok
2026-09-14T02:29:32.5316163Z test_independent_rational_checker_rejects_total_and_campaign_risk (test_sealed_historical_account_risk_projection_v01.RiskReplayTests.test_independent_rational_checker_rejects_total_and_campaign_risk) ... ok
2026-09-14T02:29:32.5874293Z test_internal_ledger_copy_stays_frozen_before_and_after_entry (test_sealed_historical_account_risk_projection_v01.RiskReplayTests.test_internal_ledger_copy_stays_frozen_before_and_after_entry) ... ok
2026-09-14T02:29:33.4041514Z test_main_small_and_both_scenarios_preserve_entry_sizing (test_sealed_historical_account_risk_projection_v01.RiskReplayTests.test_main_small_and_both_scenarios_preserve_entry_sizing) ... ok
2026-09-14T02:29:33.4253765Z test_old_checker_rejects_parent_and_accepts_decimal_child (test_sealed_historical_account_risk_projection_v01.RiskReplayTests.test_old_checker_rejects_parent_and_accepts_decimal_child) ... ok
2026-09-14T02:29:40.0889584Z test_parent_cases_reentry_partial_fills_locks_and_failures_still_match (test_sealed_historical_account_risk_projection_v01.RiskReplayTests.test_parent_cases_reentry_partial_fills_locks_and_failures_still_match) ... ok
2026-09-14T02:29:40.0892747Z test_parity_does_not_ignore_arbitrary_hash_strings (test_sealed_historical_account_risk_projection_v01.RiskReplayTests.test_parity_does_not_ignore_arbitrary_hash_strings) ... ok
2026-09-14T02:29:40.2270222Z test_parity_rejects_rehashed_arbitrary_nonrisk_changes (test_sealed_historical_account_risk_projection_v01.RiskReplayTests.test_parity_rejects_rehashed_arbitrary_nonrisk_changes) ... ok
2026-09-14T02:29:40.2273786Z test_registration_and_source_objects_fail_before_historical_access (test_sealed_historical_account_risk_projection_v01.RiskReplayTests.test_registration_and_source_objects_fail_before_historical_access) ... ok
2026-09-14T02:29:41.0491270Z test_registration_is_reproducible_with_all_parent_pins (test_sealed_historical_account_risk_projection_v01.RiskReplayTests.test_registration_is_reproducible_with_all_parent_pins) ... ok
2026-09-14T02:29:41.8319378Z test_write_once_output_and_parent_replay_are_preserved (test_sealed_historical_account_risk_projection_v01.RiskReplayTests.test_write_once_output_and_parent_replay_are_preserved) ... ok
2026-09-14T02:29:41.9613517Z test_all_thirty_empty_slots_seed_once (test_sealed_historical_account_scheduler_v01.SchedulerMechanicsTests.test_all_thirty_empty_slots_seed_once) ... ok
2026-09-14T02:29:41.9834140Z test_boundary_flags_do_not_claim_complete_historical_integration (test_sealed_historical_account_scheduler_v01.SchedulerMechanicsTests.test_boundary_flags_do_not_claim_complete_historical_integration) ... ok
2026-09-14T02:29:41.9883420Z test_context_preflight_is_exact_frozen_prefix (test_sealed_historical_account_scheduler_v01.SchedulerMechanicsTests.test_context_preflight_is_exact_frozen_prefix) ... ok
2026-09-14T02:29:42.0103781Z test_continuation_requires_independent_session_pin (test_sealed_historical_account_scheduler_v01.SchedulerMechanicsTests.test_continuation_requires_independent_session_pin) ... ok
2026-09-14T02:29:42.2426897Z test_delayed_entry_does_not_expose_future_fill_or_cash (test_sealed_historical_account_scheduler_v01.SchedulerMechanicsTests.test_delayed_entry_does_not_expose_future_fill_or_cash) ... ok
2026-09-14T02:29:42.4370767Z test_duplicate_and_unknown_opportunities_fail_closed (test_sealed_historical_account_scheduler_v01.SchedulerMechanicsTests.test_duplicate_and_unknown_opportunities_fail_closed) ... ok
2026-09-14T02:29:42.5589537Z test_entry_ack_tie_cannot_recycle_capacity_but_next_ns_can (test_sealed_historical_account_scheduler_v01.SchedulerMechanicsTests.test_entry_ack_tie_cannot_recycle_capacity_but_next_ns_can) ... ok
2026-09-14T02:29:42.6337455Z test_entry_fill_tie_is_still_reserved_and_not_yet_booked (test_sealed_historical_account_scheduler_v01.SchedulerMechanicsTests.test_entry_fill_tie_is_still_reserved_and_not_yet_booked) ... ok
2026-09-14T02:29:42.6513815Z test_exact_slot_order_and_foreign_path_rejected (test_sealed_historical_account_scheduler_v01.SchedulerMechanicsTests.test_exact_slot_order_and_foreign_path_rejected) ... ok
2026-09-14T02:29:42.9405188Z test_exact_time_collision_uses_frozen_rank_not_input_order (test_sealed_historical_account_scheduler_v01.SchedulerMechanicsTests.test_exact_time_collision_uses_frozen_rank_not_input_order) ... ok
2026-09-14T02:29:43.1821111Z test_exit_ack_tie_cannot_recycle_capacity_but_next_ns_can (test_sealed_historical_account_scheduler_v01.SchedulerMechanicsTests.test_exit_ack_tie_cannot_recycle_capacity_but_next_ns_can) ... ok
2026-09-14T02:29:43.2849872Z test_flat_valuation_handoff_replays_parent_and_keeps_capital (test_sealed_historical_account_scheduler_v01.SchedulerMechanicsTests.test_flat_valuation_handoff_replays_parent_and_keeps_capital) ... ok
2026-09-14T02:29:43.4783915Z test_future_candidate_is_rejected (test_sealed_historical_account_scheduler_v01.SchedulerMechanicsTests.test_future_candidate_is_rejected) ... ok
2026-09-14T02:29:43.7583613Z test_future_entry_price_cannot_change_earlier_scarcity (test_sealed_historical_account_scheduler_v01.SchedulerMechanicsTests.test_future_entry_price_cannot_change_earlier_scarcity) ... ok
2026-09-14T02:29:43.9608083Z test_future_reconciliation_failure_is_deferred_and_preserves_feedback (test_sealed_historical_account_scheduler_v01.SchedulerMechanicsTests.test_future_reconciliation_failure_is_deferred_and_preserves_feedback) ... ok
2026-09-14T02:29:44.7738208Z test_invalid_candidate_numeric_shapes_fail_before_execution (test_sealed_historical_account_scheduler_v01.SchedulerMechanicsTests.test_invalid_candidate_numeric_shapes_fail_before_execution) ... ok
2026-09-14T02:29:44.8481396Z test_known_profit_giveback_lock_blocks_later_entry (test_sealed_historical_account_scheduler_v01.SchedulerMechanicsTests.test_known_profit_giveback_lock_blocks_later_entry) ... ok
2026-09-14T02:29:45.2402892Z test_missing_available_source_blocks_but_unavailable_receipt_does_not (test_sealed_historical_account_scheduler_v01.SchedulerMechanicsTests.test_missing_available_source_blocks_but_unavailable_receipt_does_not) ... ok
2026-09-14T02:29:45.3463767Z test_open_valuation_handoff_cannot_extend_original_window (test_sealed_historical_account_scheduler_v01.SchedulerMechanicsTests.test_open_valuation_handoff_cannot_extend_original_window) ... ok
2026-09-14T02:29:46.1533822Z test_overlapping_windows_release_before_old_window_end (test_sealed_historical_account_scheduler_v01.SchedulerMechanicsTests.test_overlapping_windows_release_before_old_window_end) ... ok
2026-09-14T02:29:46.3883195Z test_parent_and_input_objects_are_unchanged (test_sealed_historical_account_scheduler_v01.SchedulerMechanicsTests.test_parent_and_input_objects_are_unchanged) ... ok
2026-09-14T02:29:46.6265376Z test_partial_position_survives_next_day_without_seed_reset (test_sealed_historical_account_scheduler_v01.SchedulerMechanicsTests.test_partial_position_survives_next_day_without_seed_reset) ... ok
2026-09-14T02:29:46.6442977Z test_retrospective_inputs_and_historical_mode_rejected (test_sealed_historical_account_scheduler_v01.SchedulerMechanicsTests.test_retrospective_inputs_and_historical_mode_rejected) ... ok
2026-09-14T02:29:46.9713274Z test_risk_exit_missing_tape_retains_unsubmitted_intent (test_sealed_historical_account_scheduler_v01.SchedulerMechanicsTests.test_risk_exit_missing_tape_retains_unsubmitted_intent) ... ok
2026-09-14T02:29:47.2671743Z test_risk_exit_partial_fill_has_no_automatic_retry (test_sealed_historical_account_scheduler_v01.SchedulerMechanicsTests.test_risk_exit_partial_fill_has_no_automatic_retry) ... ok
2026-09-14T02:29:47.5605214Z test_risk_guard_executes_one_frozen_terminal_attempt (test_sealed_historical_account_scheduler_v01.SchedulerMechanicsTests.test_risk_guard_executes_one_frozen_terminal_attempt) ... ok
2026-09-14T02:29:47.7986989Z test_same_symbol_reentry_is_explicit_blocking_dependency (test_sealed_historical_account_scheduler_v01.SchedulerMechanicsTests.test_same_symbol_reentry_is_explicit_blocking_dependency) ... ok
2026-09-14T02:29:48.1014544Z test_source_pin_tamper_and_rehashed_result_tamper_are_rejected (test_sealed_historical_account_scheduler_v01.SchedulerMechanicsTests.test_source_pin_tamper_and_rehashed_result_tamper_are_rejected) ... ok
2026-09-14T02:29:48.1734429Z test_subcent_cash_survives_next_session (test_sealed_historical_account_scheduler_v01.SchedulerMechanicsTests.test_subcent_cash_survives_next_session) ... ok
2026-09-14T02:29:48.3005306Z test_trailing_old_source_is_verified_after_capacity_reuse (test_sealed_historical_account_scheduler_v01.SchedulerMechanicsTests.test_trailing_old_source_is_verified_after_capacity_reuse) ... ok
2026-09-14T02:29:48.4981866Z test_unconfirmed_entry_is_preserved_after_stream_failure (test_sealed_historical_account_scheduler_v01.SchedulerMechanicsTests.test_unconfirmed_entry_is_preserved_after_stream_failure) ... ok
2026-09-14T02:29:48.6968662Z test_unfilled_entry_holds_capacity_until_ack_and_has_no_fee (test_sealed_historical_account_scheduler_v01.SchedulerMechanicsTests.test_unfilled_entry_holds_capacity_until_ack_and_has_no_fee) ... ok
2026-09-14T02:29:48.7273977Z test_wrong_source_decision_hash_blocks_submission (test_sealed_historical_account_scheduler_v01.SchedulerMechanicsTests.test_wrong_source_decision_hash_blocks_submission) ... ok
2026-09-14T02:29:48.9693342Z test_all_original_slots_and_unavailable_references_unchanged (test_sealed_historical_account_scheduler_v01.SchedulerRegistrationTests.test_all_original_slots_and_unavailable_references_unchanged) ... ok
2026-09-14T02:29:55.9000818Z test_direct_offline_cli_produces_independently_verified_artifacts (test_sealed_historical_account_scheduler_v01.SchedulerRegistrationTests.test_direct_offline_cli_produces_independently_verified_artifacts) ... ok
2026-09-14T02:29:55.9921721Z test_entrypoints_have_no_undefined_globals_and_checker_is_stdlib (test_sealed_historical_account_scheduler_v01.SchedulerRegistrationTests.test_entrypoints_have_no_undefined_globals_and_checker_is_stdlib) ... ok
2026-09-14T02:29:59.3607154Z test_independent_checker_recomputes_and_rejects_rehashed_scarcity (test_sealed_historical_account_scheduler_v01.SchedulerRegistrationTests.test_independent_checker_recomputes_and_rejects_rehashed_scarcity) ... ok
2026-09-14T02:29:59.5994442Z test_metadata_build_cannot_run_mechanics_or_open_market_bundle (test_sealed_historical_account_scheduler_v01.SchedulerRegistrationTests.test_metadata_build_cannot_run_mechanics_or_open_market_bundle) ... ok
2026-09-14T02:29:59.8338709Z test_parent_and_implementation_mutations_fail_registration (test_sealed_historical_account_scheduler_v01.SchedulerRegistrationTests.test_parent_and_implementation_mutations_fail_registration) ... ok
2026-09-14T02:30:00.0559552Z test_registration_binds_immutable_parent_and_scope (test_sealed_historical_account_scheduler_v01.SchedulerRegistrationTests.test_registration_binds_immutable_parent_and_scope) ... ok
2026-09-14T02:30:00.0566221Z test_symlink_and_frozen_output_paths_rejected (test_sealed_historical_account_scheduler_v01.SchedulerRegistrationTests.test_symlink_and_frozen_output_paths_rejected) ... ok
2026-09-14T02:30:01.0033172Z test_write_once_rehashed_metadata_and_extra_files_fail (test_sealed_historical_account_scheduler_v01.SchedulerRegistrationTests.test_write_once_rehashed_metadata_and_extra_files_fail) ... ok
2026-09-14T02:30:01.0306967Z test_bad_exit_pin_cannot_debit_entry_cash (test_sealed_historical_account_state_producer_v01.ProducerMechanicsTests.test_bad_exit_pin_cannot_debit_entry_cash) ... ok
2026-09-14T02:30:01.0550950Z test_caller_balance_or_prior_close_fields_are_rejected (test_sealed_historical_account_state_producer_v01.ProducerMechanicsTests.test_caller_balance_or_prior_close_fields_are_rejected) ... ok
2026-09-14T02:30:01.0768766Z test_canonical_exact_money_and_retrospective_field_exclusion (test_sealed_historical_account_state_producer_v01.ProducerMechanicsTests.test_canonical_exact_money_and_retrospective_field_exclusion) ... ok
2026-09-14T02:30:01.0995411Z test_changed_date_and_duplicate_opportunity_rejected (test_sealed_historical_account_state_producer_v01.ProducerMechanicsTests.test_changed_date_and_duplicate_opportunity_rejected) ... ok
2026-09-14T02:30:01.1430022Z test_complete_trailing_stream_is_checked_after_flat (test_sealed_historical_account_state_producer_v01.ProducerMechanicsTests.test_complete_trailing_stream_is_checked_after_flat) ... ok
2026-09-14T02:30:01.3558199Z test_exact_cent_legacy_transport_remains_transport_only (test_sealed_historical_account_state_producer_v01.ProducerMechanicsTests.test_exact_cent_legacy_transport_remains_transport_only) ... ok
2026-09-14T02:30:01.6126030Z test_extending_prefix_preserves_prior_checkpoints (test_sealed_historical_account_state_producer_v01.ProducerMechanicsTests.test_extending_prefix_preserves_prior_checkpoints) ... ok
2026-09-14T02:30:01.6380981Z test_external_program_and_result_pins_required (test_sealed_historical_account_state_producer_v01.ProducerMechanicsTests.test_external_program_and_result_pins_required) ... ok
2026-09-14T02:30:01.6709909Z test_failure_before_entry_cancel_ack_preserves_the_entry_order (test_sealed_historical_account_state_producer_v01.ProducerMechanicsTests.test_failure_before_entry_cancel_ack_preserves_the_entry_order) ... ok
2026-09-14T02:30:01.8506240Z test_fee_book_persists_across_two_serial_positions (test_sealed_historical_account_state_producer_v01.ProducerMechanicsTests.test_fee_book_persists_across_two_serial_positions) ... ok
2026-09-14T02:30:01.9967086Z test_fractional_cent_survives_next_day_without_rounding (test_sealed_historical_account_state_producer_v01.ProducerMechanicsTests.test_fractional_cent_survives_next_day_without_rounding) ... ok
2026-09-14T02:30:02.0602303Z test_frozen_runner_management_parity (test_sealed_historical_account_state_producer_v01.ProducerMechanicsTests.test_frozen_runner_management_parity) ... ok
2026-09-14T02:30:02.0686272Z test_historical_scope_rejected (test_sealed_historical_account_state_producer_v01.ProducerMechanicsTests.test_historical_scope_rejected) ... ok
2026-09-14T02:30:02.2573291Z test_input_and_output_copies_are_isolated (test_sealed_historical_account_state_producer_v01.ProducerMechanicsTests.test_input_and_output_copies_are_isolated) ... ok
2026-09-14T02:30:02.2838838Z test_ledger_injection_is_rejected (test_sealed_historical_account_state_producer_v01.ProducerMechanicsTests.test_ledger_injection_is_rejected) ... ok
2026-09-14T02:30:02.4072266Z test_mid_stream_failure_retains_pending_order_and_confirmed_cash (test_sealed_historical_account_state_producer_v01.ProducerMechanicsTests.test_mid_stream_failure_retains_pending_order_and_confirmed_cash) ... ok
2026-09-14T02:30:02.5204427Z test_omitted_available_opportunity_blocks_an_empty_day_claim (test_sealed_historical_account_state_producer_v01.ProducerMechanicsTests.test_omitted_available_opportunity_blocks_an_empty_day_claim) ... ok
2026-09-14T02:30:02.6644415Z test_open_position_carried_without_inventing_equity (test_sealed_historical_account_state_producer_v01.ProducerMechanicsTests.test_open_position_carried_without_inventing_equity) ... ok
2026-09-14T02:30:02.7312550Z test_overlapping_complete_windows_do_not_reset_the_clock (test_sealed_historical_account_state_producer_v01.ProducerMechanicsTests.test_overlapping_complete_windows_do_not_reset_the_clock) ... ok
2026-09-14T02:30:02.8792095Z test_prior_open_position_prevents_new_execution (test_sealed_historical_account_state_producer_v01.ProducerMechanicsTests.test_prior_open_position_prevents_new_execution) ... ok
2026-09-14T02:30:03.2216494Z test_profit_fee_continuity_and_thirty_day_prefix (test_sealed_historical_account_state_producer_v01.ProducerMechanicsTests.test_profit_fee_continuity_and_thirty_day_prefix) ... ok
2026-09-14T02:30:03.2481565Z test_real_symbol_cannot_use_synthetic_component_entrypoint (test_sealed_historical_account_state_producer_v01.ProducerMechanicsTests.test_real_symbol_cannot_use_synthetic_component_entrypoint) ... ok
2026-09-14T02:30:03.5927274Z test_rehashed_forged_state_does_not_authenticate (test_sealed_historical_account_state_producer_v01.ProducerMechanicsTests.test_rehashed_forged_state_does_not_authenticate) ... ok
2026-09-14T02:30:03.7072956Z test_seed_once_and_all_empty_session_states (test_sealed_historical_account_state_producer_v01.ProducerMechanicsTests.test_seed_once_and_all_empty_session_states) ... ok
2026-09-14T02:30:03.7650865Z test_sessions_must_be_contiguous_same_path_and_start_at_seed (test_sealed_historical_account_state_producer_v01.ProducerMechanicsTests.test_sessions_must_be_contiguous_same_path_and_start_at_seed) ... ok
2026-09-14T02:30:03.9064785Z test_small_daily_guard_resets_with_carried_capital (test_sealed_historical_account_state_producer_v01.ProducerMechanicsTests.test_small_daily_guard_resets_with_carried_capital) ... ok
2026-09-14T02:30:04.0105821Z test_stress_scenario_reconciles_and_carries_its_own_path (test_sealed_historical_account_state_producer_v01.ProducerMechanicsTests.test_stress_scenario_reconciles_and_carries_its_own_path) ... ok
2026-09-14T02:30:04.1270719Z test_unavailable_gap_is_preserved_without_an_order (test_sealed_historical_account_state_producer_v01.ProducerMechanicsTests.test_unavailable_gap_is_preserved_without_an_order) ... ok
2026-09-14T02:30:04.1273803Z test_unrepresentable_frozen_float_projection_is_blocked (test_sealed_historical_account_state_producer_v01.ProducerMechanicsTests.test_unrepresentable_frozen_float_projection_is_blocked) ... ok
2026-09-14T02:30:06.8188012Z test_all_twelve_paths_and_independent_accounting (test_sealed_historical_account_state_producer_v01.ProducerRegistrationTests.test_all_twelve_paths_and_independent_accounting) ... ok
2026-09-14T02:30:06.8615507Z test_entrypoints_have_no_undefined_globals_and_checker_is_independent (test_sealed_historical_account_state_producer_v01.ProducerRegistrationTests.test_entrypoints_have_no_undefined_globals_and_checker_is_independent) ... ok
2026-09-14T02:30:07.0192073Z test_independent_checker_rejects_forged_cash_despite_resealed_chain (test_sealed_historical_account_state_producer_v01.ProducerRegistrationTests.test_independent_checker_rejects_forged_cash_despite_resealed_chain) ... ok
2026-09-14T02:30:07.0649668Z test_metadata_does_not_replay_or_open_source_tapes (test_sealed_historical_account_state_producer_v01.ProducerRegistrationTests.test_metadata_does_not_replay_or_open_source_tapes) ... ok
2026-09-14T02:30:07.1121496Z test_metadata_preserves_all_original_slots_and_unavailable_inputs (test_sealed_historical_account_state_producer_v01.ProducerRegistrationTests.test_metadata_preserves_all_original_slots_and_unavailable_inputs) ... ok
2026-09-14T02:30:12.2582173Z test_offline_cli_build_verify_vectors_and_independent_checker (test_sealed_historical_account_state_producer_v01.ProducerRegistrationTests.test_offline_cli_build_verify_vectors_and_independent_checker) ... ok
2026-09-14T02:30:12.2589461Z test_output_cannot_replace_frozen_paths_or_follow_symlinks (test_sealed_historical_account_state_producer_v01.ProducerRegistrationTests.test_output_cannot_replace_frozen_paths_or_follow_symlinks) ... ok
2026-09-14T02:30:12.2990259Z test_parent_or_implementation_mutation_invalidates_registration (test_sealed_historical_account_state_producer_v01.ProducerRegistrationTests.test_parent_or_implementation_mutation_invalidates_registration) ... ok
2026-09-14T02:30:12.3293392Z test_registration_pins_parent_and_closed_boundaries (test_sealed_historical_account_state_producer_v01.ProducerRegistrationTests.test_registration_pins_parent_and_closed_boundaries) ... ok
2026-09-14T02:30:12.5189240Z test_write_once_rehashed_metadata_and_extra_inventory (test_sealed_historical_account_state_producer_v01.ProducerRegistrationTests.test_write_once_rehashed_metadata_and_extra_inventory) ... ok
2026-09-14T02:30:12.9196238Z test_earlier_eligible_third_print_cannot_be_skipped (test_sealed_historical_account_terminal_continuation_v01.AccountAndVerificationTests.test_earlier_eligible_third_print_cannot_be_skipped) ... ok
2026-09-14T02:30:13.7609818Z test_expired_no_quote_no_print_and_unfilled_keep_later_slots_blocked (test_sealed_historical_account_terminal_continuation_v01.AccountAndVerificationTests.test_expired_no_quote_no_print_and_unfilled_keep_later_slots_blocked) ... ok
2026-09-14T02:30:15.2852109Z test_independent_account_close_and_cash_carry_all_cells (test_sealed_historical_account_terminal_continuation_v01.AccountAndVerificationTests.test_independent_account_close_and_cash_carry_all_cells) ... ok
2026-09-14T02:30:15.4460413Z test_original_account_arithmetic_and_corrected_status_checks_are_preserved (test_sealed_historical_account_terminal_continuation_v01.AccountAndVerificationTests.test_original_account_arithmetic_and_corrected_status_checks_are_preserved) ... ok
2026-09-14T02:30:16.5310555Z test_parent_paths_without_new_authority_are_exact (test_sealed_historical_account_terminal_continuation_v01.AccountAndVerificationTests.test_parent_paths_without_new_authority_are_exact) ... ok
2026-09-14T02:30:17.0628705Z test_release_permits_only_frozen_reentry_and_fee_accounting (test_sealed_historical_account_terminal_continuation_v01.AccountAndVerificationTests.test_release_permits_only_frozen_reentry_and_fee_accounting) ... ok
2026-09-14T02:30:17.4684095Z test_removed_audit_or_rehashed_semantic_mutations_fail (test_sealed_historical_account_terminal_continuation_v01.AccountAndVerificationTests.test_removed_audit_or_rehashed_semantic_mutations_fail) ... ok
2026-09-14T02:30:17.7550954Z test_unsubmitted_expiry_cannot_be_omitted (test_sealed_historical_account_terminal_continuation_v01.AccountAndVerificationTests.test_unsubmitted_expiry_cannot_be_omitted) ... ok
2026-09-14T02:30:18.6006701Z test_waited_third_submission_preserves_authority (test_sealed_historical_account_terminal_continuation_v01.AccountAndVerificationTests.test_waited_third_submission_preserves_authority) ... ok
2026-09-14T02:30:18.9370692Z test_zero_fill_without_active_quote_uses_corrected_cancellation_classifier (test_sealed_historical_account_terminal_continuation_v01.AccountAndVerificationTests.test_zero_fill_without_active_quote_uses_corrected_cancellation_classifier) ... ok
2026-09-14T02:30:19.0867466Z test_registration_binds_completed_parent_and_all_implementation (test_sealed_historical_account_terminal_continuation_v01.RegistrationTests.test_registration_binds_completed_parent_and_all_implementation) ... ok
2026-09-14T02:30:19.7834872Z test_wrong_external_registration_rejects_before_receipt_or_source_access (test_sealed_historical_account_terminal_continuation_v01.RegistrationTests.test_wrong_external_registration_rejects_before_receipt_or_source_access) ... ok
2026-09-14T02:30:19.7951633Z test_consumed_third_order_liquidity_cannot_be_reused (test_sealed_historical_account_terminal_continuation_v01.TerminalContinuationTests.test_consumed_third_order_liquidity_cannot_be_reused) ... ok
2026-09-14T02:30:19.8061637Z test_equal_ack_print_and_ineligible_print_cannot_replace (test_sealed_historical_account_terminal_continuation_v01.TerminalContinuationTests.test_equal_ack_print_and_ineligible_print_cannot_replace) ... ok
2026-09-14T02:30:19.8153153Z test_foreign_context_and_quantity_fail_before_order (test_sealed_historical_account_terminal_continuation_v01.TerminalContinuationTests.test_foreign_context_and_quantity_fail_before_order) ... ok
2026-09-14T02:30:19.8273371Z test_missing_reference_waits_without_spending_attempt (test_sealed_historical_account_terminal_continuation_v01.TerminalContinuationTests.test_missing_reference_waits_without_spending_attempt) ... ok
2026-09-14T02:30:19.8413109Z test_original_two_order_prefix_is_exact (test_sealed_historical_account_terminal_continuation_v01.TerminalContinuationTests.test_original_two_order_prefix_is_exact) ... ok
2026-09-14T02:30:19.8483021Z test_partial_target_never_arms_continuation (test_sealed_historical_account_terminal_continuation_v01.TerminalContinuationTests.test_partial_target_never_arms_continuation) ... ok
2026-09-14T02:30:19.8573236Z test_stop_supersedes_risk_latch_on_continuation_print (test_sealed_historical_account_terminal_continuation_v01.TerminalContinuationTests.test_stop_supersedes_risk_latch_on_continuation_print) ... ok
2026-09-14T02:30:19.8815360Z test_third_and_fourth_close_exact_remainder_across_scenarios (test_sealed_historical_account_terminal_continuation_v01.TerminalContinuationTests.test_third_and_fourth_close_exact_remainder_across_scenarios) ... ok
2026-09-14T02:30:19.9013582Z test_third_order_unknown_status_fails_and_known_halt_waits (test_sealed_historical_account_terminal_continuation_v01.TerminalContinuationTests.test_third_order_unknown_status_fails_and_known_halt_waits) ... ok
2026-09-14T02:30:19.9589809Z test_unfilled_attempts_have_finite_source_window_and_flat_context_size (test_sealed_historical_account_terminal_continuation_v01.TerminalContinuationTests.test_unfilled_attempts_have_finite_source_window_and_flat_context_size) ... ok
2026-09-14T02:30:21.4990930Z test_bad_tape_pin_or_truncated_ordinals_is_an_input_failure (test_sealed_historical_account_valuation_v01.ValuationMechanicsTests.test_bad_tape_pin_or_truncated_ordinals_is_an_input_failure) ... ok
2026-09-14T02:30:21.7060741Z test_duplicate_or_foreign_position_inputs_rejected (test_sealed_historical_account_valuation_v01.ValuationMechanicsTests.test_duplicate_or_foreign_position_inputs_rejected) ... ok
2026-09-14T02:30:21.8073316Z test_external_valuation_input_pin_is_required (test_sealed_historical_account_valuation_v01.ValuationMechanicsTests.test_external_valuation_input_pin_is_required) ... ok
2026-09-14T02:30:21.9445312Z test_final_registered_session_cannot_roll_into_an_unregistered_date (test_sealed_historical_account_valuation_v01.ValuationMechanicsTests.test_final_registered_session_cannot_roll_into_an_unregistered_date) ... ok
2026-09-14T02:30:22.0495439Z test_flat_profit_initializes_next_day_without_seed_reset (test_sealed_historical_account_valuation_v01.ValuationMechanicsTests.test_flat_profit_initializes_next_day_without_seed_reset) ... ok
2026-09-14T02:30:22.2522604Z test_foreign_session_or_previous_close_rejected (test_sealed_historical_account_valuation_v01.ValuationMechanicsTests.test_foreign_session_or_previous_close_rejected) ... ok
2026-09-14T02:30:23.7760718Z test_fractional_cent_equity_is_exact (test_sealed_historical_account_valuation_v01.ValuationMechanicsTests.test_fractional_cent_equity_is_exact) ... ok
2026-09-14T02:30:24.1768525Z test_freshness_boundaries_match_each_frozen_scenario (test_sealed_historical_account_valuation_v01.ValuationMechanicsTests.test_freshness_boundaries_match_each_frozen_scenario) ... ok
2026-09-14T02:30:24.3209771Z test_future_price_and_halt_do_not_change_the_causal_valuation (test_sealed_historical_account_valuation_v01.ValuationMechanicsTests.test_future_price_and_halt_do_not_change_the_causal_valuation) ... ok
2026-09-14T02:30:25.8728135Z test_halt_unknown_and_same_time_status_are_unavailable (test_sealed_historical_account_valuation_v01.ValuationMechanicsTests.test_halt_unknown_and_same_time_status_are_unavailable) ... ok
2026-09-14T02:30:26.0774048Z test_historical_mode_or_extra_retrospective_fields_are_rejected (test_sealed_historical_account_valuation_v01.ValuationMechanicsTests.test_historical_mode_or_extra_retrospective_fields_are_rejected) ... ok
2026-09-14T02:30:26.1793574Z test_july_transition_uses_original_registered_calendar (test_sealed_historical_account_valuation_v01.ValuationMechanicsTests.test_july_transition_uses_original_registered_calendar) ... ok
2026-09-14T02:30:26.2854838Z test_latest_native_ordinal_wins_equal_time_and_sequence (test_sealed_historical_account_valuation_v01.ValuationMechanicsTests.test_latest_native_ordinal_wins_equal_time_and_sequence) ... ok
2026-09-14T02:30:29.3758236Z test_missing_position_or_tape_preserves_unknown_equity (test_sealed_historical_account_valuation_v01.ValuationMechanicsTests.test_missing_position_or_tape_preserves_unknown_equity) ... ok
2026-09-14T02:30:33.9736385Z test_missing_unit_evidence_and_known_split_do_not_guess_adjustments (test_sealed_historical_account_valuation_v01.ValuationMechanicsTests.test_missing_unit_evidence_and_known_split_do_not_guess_adjustments) ... ok
2026-09-14T02:30:34.1253863Z test_omitted_available_input_cannot_be_cleared_by_valuation (test_sealed_historical_account_valuation_v01.ValuationMechanicsTests.test_omitted_available_input_cannot_be_cleared_by_valuation) ... ok
2026-09-14T02:30:34.2774175Z test_open_position_equity_and_original_cost_basis (test_sealed_historical_account_valuation_v01.ValuationMechanicsTests.test_open_position_equity_and_original_cost_basis) ... ok
2026-09-14T02:30:34.4442966Z test_pending_order_does_not_disappear_when_its_ack_time_has_passed (test_sealed_historical_account_valuation_v01.ValuationMechanicsTests.test_pending_order_does_not_disappear_when_its_ack_time_has_passed) ... ok
2026-09-14T02:30:34.6561669Z test_quote_at_cutoff_is_known_but_one_nanosecond_later_is_not (test_sealed_historical_account_valuation_v01.ValuationMechanicsTests.test_quote_at_cutoff_is_known_but_one_nanosecond_later_is_not) ... ok
2026-09-14T02:30:34.8101132Z test_resealed_forged_mark_is_rejected_by_recomputation (test_sealed_historical_account_valuation_v01.ValuationMechanicsTests.test_resealed_forged_mark_is_rejected_by_recomputation) ... ok
2026-09-14T02:30:34.9625795Z test_resume_requires_a_fresh_book_after_the_status_transition (test_sealed_historical_account_valuation_v01.ValuationMechanicsTests.test_resume_requires_a_fresh_book_after_the_status_transition) ... ok
2026-09-14T02:30:35.0671040Z test_tampered_producer_close_cannot_be_valued (test_sealed_historical_account_valuation_v01.ValuationMechanicsTests.test_tampered_producer_close_cannot_be_valued) ... ok
2026-09-14T02:30:35.2642604Z test_unavailable_input_remains_explicit_without_blocking_verified_flat_cash (test_sealed_historical_account_valuation_v01.ValuationMechanicsTests.test_unavailable_input_remains_explicit_without_blocking_verified_flat_cash) ... ok
2026-09-14T02:30:35.3691111Z test_unusable_latest_quote_does_not_fall_back_to_earlier_good_book (test_sealed_historical_account_valuation_v01.ValuationMechanicsTests.test_unusable_latest_quote_does_not_fall_back_to_earlier_good_book) ... ok
2026-09-14T02:30:35.4762478Z test_valuation_preserves_positions_orders_fees_and_campaigns (test_sealed_historical_account_valuation_v01.ValuationMechanicsTests.test_valuation_preserves_positions_orders_fees_and_campaigns) ... ok
2026-09-14T02:30:35.6325967Z test_valuation_time_is_frozen_next_session_start (test_sealed_historical_account_valuation_v01.ValuationMechanicsTests.test_valuation_time_is_frozen_next_session_start) ... ok
2026-09-14T02:30:36.0524441Z test_wrong_source_symbol_date_or_request_coverage_rejected (test_sealed_historical_account_valuation_v01.ValuationMechanicsTests.test_wrong_source_symbol_date_or_request_coverage_rejected) ... ok
2026-09-14T02:30:36.2761432Z test_all_348_dependencies_preserve_frozen_session_slots (test_sealed_historical_account_valuation_v01.ValuationRegistrationTests.test_all_348_dependencies_preserve_frozen_session_slots) ... ok
2026-09-14T02:30:43.3457753Z test_direct_offline_cli_produces_independently_verified_artifacts (test_sealed_historical_account_valuation_v01.ValuationRegistrationTests.test_direct_offline_cli_produces_independently_verified_artifacts) ... ok
2026-09-14T02:30:43.3773796Z test_entrypoints_have_no_undefined_globals_and_checker_is_stdlib (test_sealed_historical_account_valuation_v01.ValuationRegistrationTests.test_entrypoints_have_no_undefined_globals_and_checker_is_stdlib) ... ok
2026-09-14T02:30:43.3784409Z test_frozen_output_and_symlink_paths_rejected (test_sealed_historical_account_valuation_v01.ValuationRegistrationTests.test_frozen_output_and_symlink_paths_rejected) ... ok
2026-09-14T02:30:46.8956166Z test_independent_checker_recomputes_vectors_and_rejects_resealed_wrong_equity (test_sealed_historical_account_valuation_v01.ValuationRegistrationTests.test_independent_checker_recomputes_vectors_and_rejects_resealed_wrong_equity) ... ok
2026-09-14T02:30:47.1046795Z test_metadata_never_values_or_opens_market_tapes (test_sealed_historical_account_valuation_v01.ValuationRegistrationTests.test_metadata_never_values_or_opens_market_tapes) ... ok
2026-09-14T02:30:47.1743392Z test_parent_or_child_mutation_invalidates_registration (test_sealed_historical_account_valuation_v01.ValuationRegistrationTests.test_parent_or_child_mutation_invalidates_registration) ... ok
2026-09-14T02:30:47.2321929Z test_registration_pins_completed_producer_and_closed_boundaries (test_sealed_historical_account_valuation_v01.ValuationRegistrationTests.test_registration_pins_completed_producer_and_closed_boundaries) ... ok
2026-09-14T02:30:48.0722186Z test_write_once_rehashed_metadata_and_extra_files_fail (test_sealed_historical_account_valuation_v01.ValuationRegistrationTests.test_write_once_rehashed_metadata_and_extra_files_fail) ... ok
2026-09-14T02:30:48.0733720Z test_alpaca_pagination_token_fails_closed (test_sealed_historical_availability.SealedHistoricalAvailabilityTests.test_alpaca_pagination_token_fails_closed) ... ok
2026-09-14T02:30:48.0738830Z test_authorization_and_plan_are_exactly_frozen (test_sealed_historical_availability.SealedHistoricalAvailabilityTests.test_authorization_and_plan_are_exactly_frozen) ... ok
2026-09-14T02:30:48.0749521Z test_databento_short_range_fails_closed (test_sealed_historical_availability.SealedHistoricalAvailabilityTests.test_databento_short_range_fails_closed) ... ok
2026-09-14T02:30:48.0759666Z test_massive_missing_required_field_fails_closed (test_sealed_historical_availability.SealedHistoricalAvailabilityTests.test_massive_missing_required_field_fails_closed) ... ok
2026-09-14T02:30:48.0769654Z test_missing_session_fails_without_becoming_zero (test_sealed_historical_availability.SealedHistoricalAvailabilityTests.test_missing_session_fails_without_becoming_zero) ... ok
2026-09-14T02:30:48.0780784Z test_permanent_failure_is_sanitized_hash_bound_and_non_authorizing (test_sealed_historical_availability.SealedHistoricalAvailabilityTests.test_permanent_failure_is_sanitized_hash_bound_and_non_authorizing) ... ok
2026-09-14T02:30:48.0793615Z test_provider_exception_is_sanitized_and_report_remains_valid (test_sealed_historical_availability.SealedHistoricalAvailabilityTests.test_provider_exception_is_sanitized_and_report_remains_valid) ... ok
2026-09-14T02:30:48.1743366Z test_provider_free_cli_validation (test_sealed_historical_availability.SealedHistoricalAvailabilityTests.test_provider_free_cli_validation) ... ok
2026-09-14T02:30:48.1751175Z test_registration_audit_is_hash_bound_to_exact_files (test_sealed_historical_availability.SealedHistoricalAvailabilityTests.test_registration_audit_is_hash_bound_to_exact_files) ... ok
2026-09-14T02:30:48.1756829Z test_rehashed_authorization_cannot_expand_call_budget (test_sealed_historical_availability.SealedHistoricalAvailabilityTests.test_rehashed_authorization_cannot_expand_call_budget) ... ok
2026-09-14T02:30:48.1769031Z test_rehashed_report_tampering_is_rejected (test_sealed_historical_availability.SealedHistoricalAvailabilityTests.test_rehashed_report_tampering_is_rejected) ... ok
2026-09-14T02:30:48.1779064Z test_success_uses_four_calls_and_persists_only_summaries (test_sealed_historical_availability.SealedHistoricalAvailabilityTests.test_success_uses_four_calls_and_persists_only_summaries) ... ok
2026-09-14T02:30:48.1782909Z test_workflow_has_manual_one_shot_provider_gate_only (test_sealed_historical_availability.SealedHistoricalAvailabilityTests.test_workflow_has_manual_one_shot_provider_gate_only) ... ok
2026-09-14T02:30:48.1797468Z test_write_once_refuses_overwrite (test_sealed_historical_availability.SealedHistoricalAvailabilityTests.test_write_once_refuses_overwrite) ... ok
2026-09-14T02:30:48.1804249Z test_wrong_repository_commit_or_attempt_is_rejected (test_sealed_historical_availability.SealedHistoricalAvailabilityTests.test_wrong_repository_commit_or_attempt_is_rejected) ... ok
2026-09-14T02:30:48.1811050Z test_authorization_freezes_exact_main_credential_routing (test_sealed_historical_availability_v02.SealedHistoricalAvailabilityV02Tests.test_authorization_freezes_exact_main_credential_routing) ... ok
2026-09-14T02:30:48.1835371Z test_missing_session_or_pagination_fails_closed (test_sealed_historical_availability_v02.SealedHistoricalAvailabilityV02Tests.test_missing_session_or_pagination_fails_closed) ... ok
2026-09-14T02:30:48.1850064Z test_parent_bundle_requires_exact_v01_401_and_passed_other_providers (test_sealed_historical_availability_v02.SealedHistoricalAvailabilityV02Tests.test_parent_bundle_requires_exact_v01_401_and_passed_other_providers) ... ok
2026-09-14T02:30:48.1863251Z test_provider_failure_is_preserved_without_retry (test_sealed_historical_availability_v02.SealedHistoricalAvailabilityV02Tests.test_provider_failure_is_preserved_without_retry) ... ok
2026-09-14T02:30:48.2817329Z test_provider_free_cli_validation (test_sealed_historical_availability_v02.SealedHistoricalAvailabilityV02Tests.test_provider_free_cli_validation) ... ok
2026-09-14T02:30:48.2834176Z test_published_success_audit_binds_exact_sanitized_report (test_sealed_historical_availability_v02.SealedHistoricalAvailabilityV02Tests.test_published_success_audit_binds_exact_sanitized_report) ... ok
2026-09-14T02:30:48.2843461Z test_registration_audit_binds_exact_repair_files (test_sealed_historical_availability_v02.SealedHistoricalAvailabilityV02Tests.test_registration_audit_binds_exact_repair_files) ... ok
2026-09-14T02:30:48.2851297Z test_rehashed_authorization_cannot_restore_generic_secret_names (test_sealed_historical_availability_v02.SealedHistoricalAvailabilityV02Tests.test_rehashed_authorization_cannot_restore_generic_secret_names) ... ok
2026-09-14T02:30:48.2862588Z test_rehashed_parent_substitution_is_rejected (test_sealed_historical_availability_v02.SealedHistoricalAvailabilityV02Tests.test_rehashed_parent_substitution_is_rejected) ... ok
2026-09-14T02:30:48.2879603Z test_rehashed_report_cannot_claim_massive_or_databento_call (test_sealed_historical_availability_v02.SealedHistoricalAvailabilityV02Tests.test_rehashed_report_cannot_claim_massive_or_databento_call) ... ok
2026-09-14T02:30:48.2894842Z test_success_makes_one_call_and_inherits_other_provider_results (test_sealed_historical_availability_v02.SealedHistoricalAvailabilityV02Tests.test_success_makes_one_call_and_inherits_other_provider_results) ... ok
2026-09-14T02:30:48.2901152Z test_workflow_uses_only_validated_main_secret_pair (test_sealed_historical_availability_v02.SealedHistoricalAvailabilityV02Tests.test_workflow_uses_only_validated_main_secret_pair) ... ok
2026-09-14T02:30:48.2920502Z test_write_once_refuses_overwrite (test_sealed_historical_availability_v02.SealedHistoricalAvailabilityV02Tests.test_write_once_refuses_overwrite) ... ok
2026-09-14T02:30:48.2941151Z test_wrong_repository_commit_or_attempt_is_rejected_before_call (test_sealed_historical_availability_v02.SealedHistoricalAvailabilityV02Tests.test_wrong_repository_commit_or_attempt_is_rejected_before_call) ... ok
2026-09-14T02:30:48.2944139Z test_empty_result_needs_exact_bounds_and_mapping (test_sealed_historical_entry_reference_evidence_v01.EmptyResponseTests.test_empty_result_needs_exact_bounds_and_mapping) ... ok
2026-09-14T02:30:48.2947008Z test_exact_verified_empty_request_is_supported (test_sealed_historical_entry_reference_evidence_v01.EmptyResponseTests.test_exact_verified_empty_request_is_supported) ... ok
2026-09-14T02:30:48.2949803Z test_source_proof_does_not_open_financial_or_market_completeness_gate (test_sealed_historical_entry_reference_evidence_v01.EmptyResponseTests.test_source_proof_does_not_open_financial_or_market_completeness_gate) ... ok
2026-09-14T02:30:48.2953426Z test_truncated_or_nonempty_native_result_is_rejected (test_sealed_historical_entry_reference_evidence_v01.EmptyResponseTests.test_truncated_or_nonempty_native_result_is_rejected) ... ok
2026-09-14T02:30:48.2955417Z test_both_inclusive_endpoints_are_eligible (test_sealed_historical_entry_reference_evidence_v01.EntryObservationTests.test_both_inclusive_endpoints_are_eligible) ... ok
2026-09-14T02:30:48.2957427Z test_discontinuous_ordinals_and_wrong_symbols_are_rejected (test_sealed_historical_entry_reference_evidence_v01.EntryObservationTests.test_discontinuous_ordinals_and_wrong_symbols_are_rejected) ... ok
2026-09-14T02:30:48.2959841Z test_empty_without_empty_evidence_is_rejected (test_sealed_historical_entry_reference_evidence_v01.EntryObservationTests.test_empty_without_empty_evidence_is_rejected) ... ok
2026-09-14T02:30:48.2961783Z test_equal_receive_time_status_is_ambiguous (test_sealed_historical_entry_reference_evidence_v01.EntryObservationTests.test_equal_receive_time_status_is_ambiguous) ... ok
2026-09-14T02:30:48.2964431Z test_frozen_latest_usable_selection_is_preserved (test_sealed_historical_entry_reference_evidence_v01.EntryObservationTests.test_frozen_latest_usable_selection_is_preserved) ... ok
2026-09-14T02:30:48.2966465Z test_future_quote_never_authorizes_earlier_entry (test_sealed_historical_entry_reference_evidence_v01.EntryObservationTests.test_future_quote_never_authorizes_earlier_entry) ... ok
2026-09-14T02:30:48.2970175Z test_future_quote_values_do_not_change_observation (test_sealed_historical_entry_reference_evidence_v01.EntryObservationTests.test_future_quote_values_do_not_change_observation) ... ok
2026-09-14T02:30:48.2973733Z test_future_unknown_status_does_not_rewrite_decision (test_sealed_historical_entry_reference_evidence_v01.EntryObservationTests.test_future_unknown_status_does_not_rewrite_decision) ... ok
2026-09-14T02:30:48.2975596Z test_halted_quote_is_not_order_authority (test_sealed_historical_entry_reference_evidence_v01.EntryObservationTests.test_halted_quote_is_not_order_authority) ... ok
2026-09-14T02:30:48.2977792Z test_last_usable_update_preserves_ordinal (test_sealed_historical_entry_reference_evidence_v01.EntryObservationTests.test_last_usable_update_preserves_ordinal) ... ok
2026-09-14T02:30:48.2983313Z test_locked_or_one_sided_books_do_not_supply_reference (test_sealed_historical_entry_reference_evidence_v01.EntryObservationTests.test_locked_or_one_sided_books_do_not_supply_reference) ... ok
2026-09-14T02:30:48.2985265Z test_nonempty_source_cannot_claim_empty (test_sealed_historical_entry_reference_evidence_v01.EntryObservationTests.test_nonempty_source_cannot_claim_empty) ... ok
2026-09-14T02:30:48.2987685Z test_older_reference_does_not_relax_freshness (test_sealed_historical_entry_reference_evidence_v01.EntryObservationTests.test_older_reference_does_not_relax_freshness) ... ok
2026-09-14T02:30:48.2990007Z test_outside_request_quote_is_rejected (test_sealed_historical_entry_reference_evidence_v01.EntryObservationTests.test_outside_request_quote_is_rejected) ... ok
2026-09-14T02:30:48.2992070Z test_unknown_causal_status_stays_unresolved (test_sealed_historical_entry_reference_evidence_v01.EntryObservationTests.test_unknown_causal_status_stays_unresolved) ... ok
2026-09-14T02:30:48.2994251Z test_unverified_source_is_never_known_abstention (test_sealed_historical_entry_reference_evidence_v01.EntryObservationTests.test_unverified_source_is_never_known_abstention) ... ok
2026-09-14T02:30:48.2996367Z test_verified_empty_source_withholds_entry (test_sealed_historical_entry_reference_evidence_v01.EntryObservationTests.test_verified_empty_source_withholds_entry) ... ok
2026-09-14T02:30:48.2998305Z test_duplicate_json_keys_are_rejected (test_sealed_historical_entry_reference_evidence_v01.SourceProofTests.test_duplicate_json_keys_are_rejected) ... ok
2026-09-14T02:30:48.3001469Z test_existing_output_is_not_overwritten (test_sealed_historical_entry_reference_evidence_v01.SourceProofTests.test_existing_output_is_not_overwritten) ... ok
2026-09-14T02:30:48.3035016Z test_failed_partial_or_incomplete_receipt_cannot_prove_absence (test_sealed_historical_entry_reference_evidence_v01.SourceProofTests.test_failed_partial_or_incomplete_receipt_cannot_prove_absence) ... ok
2026-09-14T02:30:48.3041940Z test_nonempty_source_checks_physical_logical_and_receipt_identity (test_sealed_historical_entry_reference_evidence_v01.SourceProofTests.test_nonempty_source_checks_physical_logical_and_receipt_identity) ... ok
2026-09-14T02:30:48.3047921Z test_rehashed_evidence_with_wrong_logical_rows_is_rejected (test_sealed_historical_entry_reference_evidence_v01.SourceProofTests.test_rehashed_evidence_with_wrong_logical_rows_is_rejected) ... ok
2026-09-14T02:30:48.3053560Z test_tape_mutation_is_rejected (test_sealed_historical_entry_reference_evidence_v01.SourceProofTests.test_tape_mutation_is_rejected) ... ok
2026-09-14T02:30:48.3055474Z test_wrong_archive_bytes_rejected_before_reading (test_sealed_historical_entry_reference_evidence_v01.SourceProofTests.test_wrong_archive_bytes_rejected_before_reading) ... ok
2026-09-14T02:30:48.5199949Z test_complete_exact_tapes_are_deterministic_and_raw_files_removed (test_sealed_historical_execution_acquisition_v01.HistoricalExecutionAcquisitionTests.test_complete_exact_tapes_are_deterministic_and_raw_files_removed) ... ok
2026-09-14T02:30:48.5206181Z test_exact_registration_quote_and_ceilings (test_sealed_historical_execution_acquisition_v01.HistoricalExecutionAcquisitionTests.test_exact_registration_quote_and_ceilings) ... ok
2026-09-14T02:30:48.5219736Z test_execution_binds_new_consumption_and_rejects_attempt_two (test_sealed_historical_execution_acquisition_v01.HistoricalExecutionAcquisitionTests.test_execution_binds_new_consumption_and_rejects_attempt_two) ... ok
2026-09-14T02:30:48.5386144Z test_first_failure_stops_later_downloads_retains_completed_tapes_and_ledger (test_sealed_historical_execution_acquisition_v01.HistoricalExecutionAcquisitionTests.test_first_failure_stops_later_downloads_retains_completed_tapes_and_ledger) ... ok
2026-09-14T02:30:48.5390823Z test_http_error_or_wire_ceiling_is_one_attempt (test_sealed_historical_execution_acquisition_v01.HistoricalExecutionAcquisitionTests.test_http_error_or_wire_ceiling_is_one_attempt) ... skipped 'actual pinned SDK covered in dedicated acquisition validation'
2026-09-14T02:30:48.5394483Z test_real_dbn_roundtrip_preserves_exact_nanos_fixed_prices_and_status (test_sealed_historical_execution_acquisition_v01.HistoricalExecutionAcquisitionTests.test_real_dbn_roundtrip_preserves_exact_nanos_fixed_prices_and_status) ... skipped 'actual pinned SDK covered in dedicated acquisition validation'
2026-09-14T02:30:48.5398636Z test_real_sdk_exact_request_and_no_redirect_retry_or_broader_endpoint (test_sealed_historical_execution_acquisition_v01.HistoricalExecutionAcquisitionTests.test_real_sdk_exact_request_and_no_redirect_retry_or_broader_endpoint) ... skipped 'actual pinned SDK covered in dedicated acquisition validation'
2026-09-14T02:30:48.5431970Z test_rehashed_report_bytes_cannot_replace_parent (test_sealed_historical_execution_acquisition_v01.HistoricalExecutionAcquisitionTests.test_rehashed_report_bytes_cannot_replace_parent) ... ok
2026-09-14T02:30:48.5887924Z test_requote_cost_or_size_increase_blocks_before_any_download (test_sealed_historical_execution_acquisition_v01.HistoricalExecutionAcquisitionTests.test_requote_cost_or_size_increase_blocks_before_any_download) ... ok
2026-09-14T02:30:48.5992890Z test_workflow_parent_quote_and_durable_consumption_before_secret (test_sealed_historical_execution_acquisition_v01.HistoricalExecutionAcquisitionTests.test_workflow_parent_quote_and_durable_consumption_before_secret) ... ok
2026-09-14T02:30:48.6023503Z test_wrong_symbol_bound_or_record_order_rejected (test_sealed_historical_execution_acquisition_v01.HistoricalExecutionAcquisitionTests.test_wrong_symbol_bound_or_record_order_rejected) ... ok
2026-09-14T02:30:48.6138844Z test_zero_size_blocks_all_downloads_without_substitution (test_sealed_historical_execution_acquisition_v01.HistoricalExecutionAcquisitionTests.test_zero_size_blocks_all_downloads_without_substitution) ... ok
2026-09-14T02:30:48.8358809Z test_deterministic_tape_and_write_once (test_sealed_historical_execution_acquisition_v02.HistoricalExecutionAcquisitionV02Tests.test_deterministic_tape_and_write_once) ... ok
2026-09-14T02:30:48.8361932Z test_error_diagnostics_never_serialize_arbitrary_exception_text (test_sealed_historical_execution_acquisition_v02.HistoricalExecutionAcquisitionV02Tests.test_error_diagnostics_never_serialize_arbitrary_exception_text) ... ok
2026-09-14T02:30:49.1057198Z test_execution_rejects_attempt_two_wrong_parent_branch_and_workflow (test_sealed_historical_execution_acquisition_v02.HistoricalExecutionAcquisitionV02Tests.test_execution_rejects_attempt_two_wrong_parent_branch_and_workflow) ... ok
2026-09-14T02:30:49.1197576Z test_first_request_cannot_substitute_synthetic_or_revised_rows (test_sealed_historical_execution_acquisition_v02.HistoricalExecutionAcquisitionV02Tests.test_first_request_cannot_substitute_synthetic_or_revised_rows) ... ok
2026-09-14T02:30:49.1216178Z test_hosted_environment_rejects_python_or_package_drift (test_sealed_historical_execution_acquisition_v02.HistoricalExecutionAcquisitionV02Tests.test_hosted_environment_rejects_python_or_package_drift) ... ok
2026-09-14T02:30:49.1230110Z test_partial_normalized_and_compressed_ceiling_preserve_bounded_evidence (test_sealed_historical_execution_acquisition_v02.HistoricalExecutionAcquisitionV02Tests.test_partial_normalized_and_compressed_ceiling_preserve_bounded_evidence) ... ok
2026-09-14T02:30:49.1235406Z test_registration_preserves_exact_plan_adapter_and_parent_ceilings (test_sealed_historical_execution_acquisition_v02.HistoricalExecutionAcquisitionV02Tests.test_registration_preserves_exact_plan_adapter_and_parent_ceilings) ... ok
2026-09-14T02:30:49.1701915Z test_requote_increase_blocks_before_any_time_series_request (test_sealed_historical_execution_acquisition_v02.HistoricalExecutionAcquisitionV02Tests.test_requote_increase_blocks_before_any_time_series_request) ... ok
2026-09-14T02:30:49.1819776Z test_workflow_consumes_only_sole_child_and_durable_upload_precedes_provider (test_sealed_historical_execution_acquisition_v02.HistoricalExecutionAcquisitionV02Tests.test_workflow_consumes_only_sole_child_and_durable_upload_precedes_provider) ... ok
2026-09-14T02:30:49.1826088Z test_extra_member_rejected_even_with_rehashed_inventory (test_sealed_historical_execution_acquisition_v02.HistoricalExecutionV02EndToEndTests.test_extra_member_rejected_even_with_rehashed_inventory) ... skipped 'actual pinned SDK exercised in dedicated v0.2 validation'
2026-09-14T02:30:49.1832273Z test_partial_receipt_failure_retains_all_bytes_without_completion (test_sealed_historical_execution_acquisition_v02.HistoricalExecutionV02EndToEndTests.test_partial_receipt_failure_retains_all_bytes_without_completion) ... skipped 'actual pinned SDK exercised in dedicated v0.2 validation'
2026-09-14T02:30:49.1834891Z test_partial_tape_has_hash_and_cannot_pass_gate (test_sealed_historical_execution_acquisition_v02.HistoricalExecutionV02EndToEndTests.test_partial_tape_has_hash_and_cannot_pass_gate) ... skipped 'actual pinned SDK exercised in dedicated v0.2 validation'
2026-09-14T02:30:49.1837457Z test_provider_failure_retains_complete_prefix_and_safe_ledger (test_sealed_historical_execution_acquisition_v02.HistoricalExecutionV02EndToEndTests.test_provider_failure_retains_complete_prefix_and_safe_ledger) ... skipped 'actual pinned SDK exercised in dedicated v0.2 validation'
2026-09-14T02:30:49.1840625Z test_raw_tape_tamper_rejected (test_sealed_historical_execution_acquisition_v02.HistoricalExecutionV02EndToEndTests.test_raw_tape_tamper_rejected) ... skipped 'actual pinned SDK exercised in dedicated v0.2 validation'
2026-09-14T02:30:49.1843705Z test_real_sdk_full_cli_90_tapes_270_requests_and_full_byte_verification (test_sealed_historical_execution_acquisition_v02.HistoricalExecutionV02EndToEndTests.test_real_sdk_full_cli_90_tapes_270_requests_and_full_byte_verification) ... skipped 'actual pinned SDK exercised in dedicated v0.2 validation'
2026-09-14T02:30:49.1845974Z test_rehashed_ledger_cannot_claim_retry_or_shift_request (test_sealed_historical_execution_acquisition_v02.HistoricalExecutionV02EndToEndTests.test_rehashed_ledger_cannot_claim_retry_or_shift_request) ... skipped 'actual pinned SDK exercised in dedicated v0.2 validation'
2026-09-14T02:30:49.1848062Z test_rehashed_receipt_cannot_replace_request (test_sealed_historical_execution_acquisition_v02.HistoricalExecutionV02EndToEndTests.test_rehashed_receipt_cannot_replace_request) ... skipped 'actual pinned SDK exercised in dedicated v0.2 validation'
2026-09-14T02:30:49.1850422Z test_requote_increase_never_enters_provider_data_stage (test_sealed_historical_execution_acquisition_v02.HistoricalExecutionV02EndToEndTests.test_requote_increase_never_enters_provider_data_stage) ... skipped 'actual pinned SDK exercised in dedicated v0.2 validation'
2026-09-14T02:30:49.1852501Z test_wrong_environment_rejected_even_with_valid_content_hashes (test_sealed_historical_execution_acquisition_v02.HistoricalExecutionV02EndToEndTests.test_wrong_environment_rejected_even_with_valid_content_hashes) ... skipped 'actual pinned SDK exercised in dedicated v0.2 validation'
2026-09-14T02:30:49.1854628Z test_complete_suffix_retains_empty_outcomes_and_closes_gate (test_sealed_historical_execution_acquisition_v03.EndToEndTests.test_complete_suffix_retains_empty_outcomes_and_closes_gate) ... skipped 'real pinned SDK exercised by dedicated validation'
2026-09-14T02:30:49.1856374Z test_malformed_first_native_response_stops_and_retains_failure (test_sealed_historical_execution_acquisition_v03.EndToEndTests.test_malformed_first_native_response_stops_and_retains_failure) ... skipped 'real pinned SDK exercised by dedicated validation'
2026-09-14T02:30:49.1858019Z test_metadata_failure_prevents_all_downloads (test_sealed_historical_execution_acquisition_v03.EndToEndTests.test_metadata_failure_prevents_all_downloads) ... skipped 'real pinned SDK exercised by dedicated validation'
2026-09-14T02:30:49.1859843Z test_missing_consumption_blocks_provider_access (test_sealed_historical_execution_acquisition_v03.EndToEndTests.test_missing_consumption_blocks_provider_access) ... skipped 'real pinned SDK exercised by dedicated validation'
2026-09-14T02:30:49.1861472Z test_partial_receipt_preserves_completed_tape_as_ineligible (test_sealed_historical_execution_acquisition_v03.EndToEndTests.test_partial_receipt_preserves_completed_tape_as_ineligible) ... skipped 'real pinned SDK exercised by dedicated validation'
2026-09-14T02:30:49.1863244Z test_partial_tape_write_is_retained_ineligible_and_stops (test_sealed_historical_execution_acquisition_v03.EndToEndTests.test_partial_tape_write_is_retained_ineligible_and_stops) ... skipped 'real pinned SDK exercised by dedicated validation'
2026-09-14T02:30:49.1864887Z test_rehashed_gate_population_and_receipt_tampering_rejected (test_sealed_historical_execution_acquisition_v03.EndToEndTests.test_rehashed_gate_population_and_receipt_tampering_rejected) ... skipped 'real pinned SDK exercised by dedicated validation'
2026-09-14T02:30:49.1866503Z test_rehashed_tape_mutation_and_extra_member_rejected (test_sealed_historical_execution_acquisition_v03.EndToEndTests.test_rehashed_tape_mutation_and_extra_member_rejected) ... skipped 'real pinned SDK exercised by dedicated validation'
2026-09-14T02:30:49.1868151Z test_advertised_native_decompression_bomb_rejected_before_decode (test_sealed_historical_execution_acquisition_v03.NativeTests.test_advertised_native_decompression_bomb_rejected_before_decode) ... skipped 'real pinned SDK exercised by dedicated validation'
2026-09-14T02:30:49.1869948Z test_equal_native_quote_keys_keep_original_ordinal (test_sealed_historical_execution_acquisition_v03.NativeTests.test_equal_native_quote_keys_keep_original_ordinal) ... skipped 'real pinned SDK exercised by dedicated validation'
2026-09-14T02:30:49.1871450Z test_real_nonempty_and_metadata_only_both_schemas (test_sealed_historical_execution_acquisition_v03.NativeTests.test_real_nonempty_and_metadata_only_both_schemas) ... skipped 'real pinned SDK exercised by dedicated validation'
2026-09-14T02:30:49.1873006Z test_resealed_native_mapping_and_noninteger_count_rejected (test_sealed_historical_execution_acquisition_v03.NativeTests.test_resealed_native_mapping_and_noninteger_count_rejected) ... skipped 'real pinned SDK exercised by dedicated validation'
2026-09-14T02:30:49.1874621Z test_truncated_or_concatenated_zstd_is_not_empty_evidence (test_sealed_historical_execution_acquisition_v03.NativeTests.test_truncated_or_concatenated_zstd_is_not_empty_evidence) ... skipped 'real pinned SDK exercised by dedicated validation'
2026-09-14T02:30:49.1876212Z test_truncated_uncompressed_native_record_rejected (test_sealed_historical_execution_acquisition_v03.NativeTests.test_truncated_uncompressed_native_record_rejected) ... skipped 'real pinned SDK exercised by dedicated validation'
2026-09-14T02:30:49.1877661Z test_wire_ceiling_and_symlink_rejected (test_sealed_historical_execution_acquisition_v03.NativeTests.test_wire_ceiling_and_symlink_rejected) ... skipped 'real pinned SDK exercised by dedicated validation'
2026-09-14T02:30:49.1879419Z test_wrong_metadata_or_missing_mapping_is_not_unavailable (test_sealed_historical_execution_acquisition_v03.NativeTests.test_wrong_metadata_or_missing_mapping_is_not_unavailable) ... skipped 'real pinned SDK exercised by dedicated validation'
2026-09-14T02:30:49.1880841Z test_coverage_never_drops_jva_or_unattempted_requests (test_sealed_historical_execution_acquisition_v03.RegistrationTests.test_coverage_never_drops_jva_or_unattempted_requests) ... ok
2026-09-14T02:30:49.2253955Z test_every_original_quote_ceiling_is_required (test_sealed_historical_execution_acquisition_v03.RegistrationTests.test_every_original_quote_ceiling_is_required) ... ok
2026-09-14T02:30:49.2287010Z test_execution_requires_attempt_one_exact_parent_and_research_branch (test_sealed_historical_execution_acquisition_v03.RegistrationTests.test_execution_requires_attempt_one_exact_parent_and_research_branch) ... ok
2026-09-14T02:30:49.6563806Z test_frozen_suffix_parent_bytes_and_gate_flags (test_sealed_historical_execution_acquisition_v03.RegistrationTests.test_frozen_suffix_parent_bytes_and_gate_flags) ... ok
2026-09-14T02:30:49.8689415Z test_original_or_substituted_requests_rejected (test_sealed_historical_execution_acquisition_v03.RegistrationTests.test_original_or_substituted_requests_rejected) ... ok
2026-09-14T02:30:49.8718769Z test_quote_reseal_cannot_replace_original (test_sealed_historical_execution_acquisition_v03.RegistrationTests.test_quote_reseal_cannot_replace_original) ... ok
2026-09-14T02:30:49.8725357Z test_substituted_parent_artifacts_block_before_acquisition (test_sealed_historical_execution_acquisition_v03.RegistrationTests.test_substituted_parent_artifacts_block_before_acquisition) ... ok
2026-09-14T02:30:49.8841369Z test_transport_reuses_immutable_bounded_methods (test_sealed_historical_execution_acquisition_v03.RegistrationTests.test_transport_reuses_immutable_bounded_methods) ... ok
2026-09-14T02:30:49.8898646Z test_unregistered_metadata_endpoint_window_and_body_blocked (test_sealed_historical_execution_acquisition_v03.RegistrationTests.test_unregistered_metadata_endpoint_window_and_body_blocked) ... ok
2026-09-14T02:30:49.9007083Z test_workflow_consumes_after_parent_checks_before_only_provider (test_sealed_historical_execution_acquisition_v03.RegistrationTests.test_workflow_consumes_after_parent_checks_before_only_provider) ... ok
2026-09-14T02:30:49.9209899Z test_additional_missing_request_cannot_replace_verified_complete_tape (test_sealed_historical_execution_availability_v01.AvailabilityTests.test_additional_missing_request_cannot_replace_verified_complete_tape) ... ok
2026-09-14T02:30:50.0061340Z test_all_109_opportunities_profiles_and_30_dates_retained (test_sealed_historical_execution_availability_v01.AvailabilityTests.test_all_109_opportunities_profiles_and_30_dates_retained) ... ok
2026-09-14T02:30:50.0083604Z test_changed_frozen_parent_is_rejected_before_composition (test_sealed_historical_execution_availability_v01.AvailabilityTests.test_changed_frozen_parent_is_rejected_before_composition) ... ok
2026-09-14T02:30:50.1124637Z test_duplicate_opportunities_and_changed_date_counts_rejected (test_sealed_historical_execution_availability_v01.AvailabilityTests.test_duplicate_opportunities_and_changed_date_counts_rejected) ... ok
2026-09-14T02:30:50.1134790Z test_empty_substituted_or_reordered_source_records_are_rejected (test_sealed_historical_execution_availability_v01.AvailabilityTests.test_empty_substituted_or_reordered_source_records_are_rejected) ... ok
2026-09-14T02:30:50.1141079Z test_fresh_reference_preserves_exact_identity_and_all_closed_gates (test_sealed_historical_execution_availability_v01.AvailabilityTests.test_fresh_reference_preserves_exact_identity_and_all_closed_gates) ... ok
2026-09-14T02:30:52.5490541Z test_full_bundle_reconstruction_write_once_and_tamper_rejection (test_sealed_historical_execution_availability_v01.AvailabilityTests.test_full_bundle_reconstruction_write_once_and_tamper_rejection) ... ok
2026-09-14T02:30:52.5495590Z test_jva_is_explicitly_unavailable_without_synthetic_empty_tape (test_sealed_historical_execution_availability_v01.AvailabilityTests.test_jva_is_explicitly_unavailable_without_synthetic_empty_tape) ... ok
2026-09-14T02:30:52.5503797Z test_known_halt_is_retained_as_its_own_input_state (test_sealed_historical_execution_availability_v01.AvailabilityTests.test_known_halt_is_retained_as_its_own_input_state) ... ok
2026-09-14T02:30:52.5511680Z test_latest_original_ordinal_resolves_same_native_key (test_sealed_historical_execution_availability_v01.AvailabilityTests.test_latest_original_ordinal_resolves_same_native_key) ... ok
2026-09-14T02:30:52.5614605Z test_missing_duplicate_and_reordered_request_population_rejected (test_sealed_historical_execution_availability_v01.AvailabilityTests.test_missing_duplicate_and_reordered_request_population_rejected) ... ok
2026-09-14T02:30:52.5619148Z test_missing_status_request_remains_distinct (test_sealed_historical_execution_availability_v01.AvailabilityTests.test_missing_status_request_remains_distinct) ... ok
2026-09-14T02:30:52.5632244Z test_output_serialization_is_deterministic (test_sealed_historical_execution_availability_v01.AvailabilityTests.test_output_serialization_is_deterministic) ... ok
2026-09-14T02:30:52.5638810Z test_quote_status_tie_is_not_resolved_by_quote_sequence (test_sealed_historical_execution_availability_v01.AvailabilityTests.test_quote_status_tie_is_not_resolved_by_quote_sequence) ... ok
2026-09-14T02:30:52.5645555Z test_reference_100ms_boundary_is_inclusive (test_sealed_historical_execution_availability_v01.AvailabilityTests.test_reference_100ms_boundary_is_inclusive) ... ok
2026-09-14T02:30:53.0443130Z test_registration_rederives_exact_frozen_parent_chain (test_sealed_historical_execution_availability_v01.AvailabilityTests.test_registration_rederives_exact_frozen_parent_chain) ... ok
2026-09-14T02:30:53.0542551Z test_rehashed_contract_cannot_change_thresholds_or_population (test_sealed_historical_execution_availability_v01.AvailabilityTests.test_rehashed_contract_cannot_change_thresholds_or_population) ... ok
2026-09-14T02:30:53.0551657Z test_request_identity_and_incomplete_window_substitution_rejected (test_sealed_historical_execution_availability_v01.AvailabilityTests.test_request_identity_and_incomplete_window_substitution_rejected) ... ok
2026-09-14T02:30:53.0562950Z test_stale_or_postdecision_quotes_never_become_reference (test_sealed_historical_execution_availability_v01.AvailabilityTests.test_stale_or_postdecision_quotes_never_become_reference) ... ok
2026-09-14T02:30:53.0572040Z test_symlink_and_repository_input_output_paths_rejected (test_sealed_historical_execution_availability_v01.AvailabilityTests.test_symlink_and_repository_input_output_paths_rejected) ... ok
2026-09-14T02:30:53.0587457Z test_unknown_initial_late_and_tail_status_fail_closed (test_sealed_historical_execution_availability_v01.AvailabilityTests.test_unknown_initial_late_and_tail_status_fail_closed) ... ok
2026-09-14T02:30:53.0594852Z test_unusable_quotes_do_not_renumber_source_ordinals (test_sealed_historical_execution_availability_v01.AvailabilityTests.test_unusable_quotes_do_not_renumber_source_ordinals) ... ok
2026-09-14T02:30:53.5964135Z test_wrong_archive_rejected_before_capture_verifier (test_sealed_historical_execution_availability_v01.AvailabilityTests.test_wrong_archive_rejected_before_capture_verifier) ... ok
2026-09-14T02:30:53.5966836Z test_actual_sdk_end_to_end_failed_order_retains_diagnostic_and_cleans_raw (test_sealed_historical_execution_diagnostic_v01.DiagnosticTests.test_actual_sdk_end_to_end_failed_order_retains_diagnostic_and_cleans_raw) ... skipped 'pinned SDK covered by dedicated diagnostic validation'
2026-09-14T02:30:53.5970548Z test_actual_sdk_success_never_becomes_runtime_input (test_sealed_historical_execution_diagnostic_v01.DiagnosticTests.test_actual_sdk_success_never_becomes_runtime_input) ... skipped 'pinned SDK covered by dedicated diagnostic validation'
2026-09-14T02:30:53.6029265Z test_crossed_and_undefined_books_are_not_filtered_or_repaired (test_sealed_historical_execution_diagnostic_v01.DiagnosticTests.test_crossed_and_undefined_books_are_not_filtered_or_repaired) ... ok
2026-09-14T02:30:53.6084219Z test_duplicate_and_descending_quote_keys_retained_in_original_order (test_sealed_historical_execution_diagnostic_v01.DiagnosticTests.test_duplicate_and_descending_quote_keys_retained_in_original_order) ... ok
2026-09-14T02:30:53.6112393Z test_equal_receive_time_increasing_sequence_is_preserved (test_sealed_historical_execution_diagnostic_v01.DiagnosticTests.test_equal_receive_time_increasing_sequence_is_preserved) ... ok
2026-09-14T02:30:53.6737406Z test_exact_failure_and_frozen_parent_chain (test_sealed_historical_execution_diagnostic_v01.DiagnosticTests.test_exact_failure_and_frozen_parent_chain) ... ok
2026-09-14T02:30:53.6764075Z test_execution_rejects_attempt_two_and_changed_code (test_sealed_historical_execution_diagnostic_v01.DiagnosticTests.test_execution_rejects_attempt_two_and_changed_code) ... ok
2026-09-14T02:30:53.6817540Z test_field_and_integer_failures_remain_explicit (test_sealed_historical_execution_diagnostic_v01.DiagnosticTests.test_field_and_integer_failures_remain_explicit) ... ok
2026-09-14T02:30:53.6829772Z test_forbidden_endpoint_symbol_and_window_are_rejected_before_io (test_sealed_historical_execution_diagnostic_v01.DiagnosticTests.test_forbidden_endpoint_symbol_and_window_are_rejected_before_io) ... ok
2026-09-14T02:30:53.6832428Z test_fresh_quote_increase_never_downloads (test_sealed_historical_execution_diagnostic_v01.DiagnosticTests.test_fresh_quote_increase_never_downloads) ... skipped 'pinned SDK covered by dedicated diagnostic validation'
2026-09-14T02:30:53.6900106Z test_metadata_failure_codes_are_exact_and_do_not_rewrite_fields (test_sealed_historical_execution_diagnostic_v01.DiagnosticTests.test_metadata_failure_codes_are_exact_and_do_not_rewrite_fields) ... ok
2026-09-14T02:30:53.6904971Z test_metadata_http_error_stops_without_retry_and_journals_before_io (test_sealed_historical_execution_diagnostic_v01.DiagnosticTests.test_metadata_http_error_stops_without_retry_and_journals_before_io) ... ok
2026-09-14T02:30:53.6958637Z test_nanosecond_receive_bounds_remain_exclusive (test_sealed_historical_execution_diagnostic_v01.DiagnosticTests.test_nanosecond_receive_bounds_remain_exclusive) ... ok
2026-09-14T02:30:53.6962836Z test_overlarge_download_retains_failure_and_removes_partial_raw (test_sealed_historical_execution_diagnostic_v01.DiagnosticTests.test_overlarge_download_retains_failure_and_removes_partial_raw) ... skipped 'pinned SDK covered by dedicated diagnostic validation'
2026-09-14T02:30:53.6996894Z test_projection_determinism_content_hash_and_retention_ceiling (test_sealed_historical_execution_diagnostic_v01.DiagnosticTests.test_projection_determinism_content_hash_and_retention_ceiling) ... ok
2026-09-14T02:30:53.7017003Z test_projection_row_limit_is_explicit (test_sealed_historical_execution_diagnostic_v01.DiagnosticTests.test_projection_row_limit_is_explicit) ... ok
2026-09-14T02:30:53.7020922Z test_request_substitution_cannot_pass_preflight_or_inspection (test_sealed_historical_execution_diagnostic_v01.DiagnosticTests.test_request_substitution_cannot_pass_preflight_or_inspection) ... ok
2026-09-14T02:30:53.7024581Z test_size_cost_zero_or_incomplete_preflight_blocks (test_sealed_historical_execution_diagnostic_v01.DiagnosticTests.test_size_cost_zero_or_incomplete_preflight_blocks) ... ok
2026-09-14T02:30:53.7039593Z test_unknown_text_and_exception_details_cannot_escape (test_sealed_historical_execution_diagnostic_v01.DiagnosticTests.test_unknown_text_and_exception_details_cannot_escape) ... ok
2026-09-14T02:30:53.7143228Z test_workflow_consumption_is_durable_before_only_provider_step (test_sealed_historical_execution_diagnostic_v01.DiagnosticTests.test_workflow_consumption_is_durable_before_only_provider_step) ... ok
2026-09-14T02:30:53.7148447Z test_cli_malformed_native_preserves_failure_and_no_usable_tape (test_sealed_historical_execution_empty_diagnostic_v01.NativeDiagnosticTests.test_cli_malformed_native_preserves_failure_and_no_usable_tape) ... skipped 'real pinned SDK exercised by dedicated validation'
2026-09-14T02:30:53.7153401Z test_complete_cli_requires_consumption_preserves_empty_evidence_and_verifies (test_sealed_historical_execution_empty_diagnostic_v01.NativeDiagnosticTests.test_complete_cli_requires_consumption_preserves_empty_evidence_and_verifies) ... skipped 'real pinned SDK exercised by dedicated validation'
2026-09-14T02:30:53.7156928Z test_compressed_metadata_only_has_no_native_or_mapped_records (test_sealed_historical_execution_empty_diagnostic_v01.NativeDiagnosticTests.test_compressed_metadata_only_has_no_native_or_mapped_records) ... skipped 'real pinned SDK exercised by dedicated validation'
2026-09-14T02:30:53.7159418Z test_decompression_bound_rejects_compression_bomb (test_sealed_historical_execution_empty_diagnostic_v01.NativeDiagnosticTests.test_decompression_bound_rejects_compression_bomb) ... skipped 'real pinned SDK exercised by dedicated validation'
2026-09-14T02:30:53.7161986Z test_empty_without_symbol_resolution_is_recorded_without_substituting_mapping (test_sealed_historical_execution_empty_diagnostic_v01.NativeDiagnosticTests.test_empty_without_symbol_resolution_is_recorded_without_substituting_mapping) ... skipped 'real pinned SDK exercised by dedicated validation'
2026-09-14T02:30:53.7164515Z test_exact_three_calls_empty_evidence_and_raw_cleanup (test_sealed_historical_execution_empty_diagnostic_v01.NativeDiagnosticTests.test_exact_three_calls_empty_evidence_and_raw_cleanup) ... skipped 'real pinned SDK exercised by dedicated validation'
2026-09-14T02:30:53.7166811Z test_http_error_sanitized_and_no_retry (test_sealed_historical_execution_empty_diagnostic_v01.NativeDiagnosticTests.test_http_error_sanitized_and_no_retry) ... skipped 'real pinned SDK exercised by dedicated validation'
2026-09-14T02:30:53.7168590Z test_metadata_ceiling_failure_never_downloads (test_sealed_historical_execution_empty_diagnostic_v01.NativeDiagnosticTests.test_metadata_ceiling_failure_never_downloads) ... skipped 'real pinned SDK exercised by dedicated validation'
2026-09-14T02:30:53.7170725Z test_mismatched_symbol_and_nanosecond_bound_fail_exact_binding (test_sealed_historical_execution_empty_diagnostic_v01.NativeDiagnosticTests.test_mismatched_symbol_and_nanosecond_bound_fail_exact_binding) ... skipped 'real pinned SDK exercised by dedicated validation'
2026-09-14T02:30:53.7172882Z test_nonempty_and_tied_records_preserve_native_fields_and_normalizer (test_sealed_historical_execution_empty_diagnostic_v01.NativeDiagnosticTests.test_nonempty_and_tied_records_preserve_native_fields_and_normalizer) ... skipped 'real pinned SDK exercised by dedicated validation'
2026-09-14T02:30:53.7175075Z test_oversized_partial_wire_retains_failure_ledger_and_removes_raw (test_sealed_historical_execution_empty_diagnostic_v01.NativeDiagnosticTests.test_oversized_partial_wire_retains_failure_ledger_and_removes_raw) ... skipped 'real pinned SDK exercised by dedicated validation'
2026-09-14T02:30:53.7177126Z test_rehashed_report_inventory_and_ledger_tampering_rejected (test_sealed_historical_execution_empty_diagnostic_v01.NativeDiagnosticTests.test_rehashed_report_inventory_and_ledger_tampering_rejected) ... skipped 'real pinned SDK exercised by dedicated validation'
2026-09-14T02:30:53.7179189Z test_truncated_or_concatenated_compression_frames_are_not_empty_success (test_sealed_historical_execution_empty_diagnostic_v01.NativeDiagnosticTests.test_truncated_or_concatenated_compression_frames_are_not_empty_success) ... skipped 'real pinned SDK exercised by dedicated validation'
2026-09-14T02:30:53.7181041Z test_truncated_record_cannot_be_reported_as_empty (test_sealed_historical_execution_empty_diagnostic_v01.NativeDiagnosticTests.test_truncated_record_cannot_be_reported_as_empty) ... skipped 'real pinned SDK exercised by dedicated validation'
2026-09-14T02:30:53.7182814Z test_uncompressed_fixture_uses_same_native_record_observation (test_sealed_historical_execution_empty_diagnostic_v01.NativeDiagnosticTests.test_uncompressed_fixture_uses_same_native_record_observation) ... skipped 'real pinned SDK exercised by dedicated validation'
2026-09-14T02:30:53.9293660Z test_exact_failed_request_and_immutable_bytes (test_sealed_historical_execution_empty_diagnostic_v01.RegistrationTests.test_exact_failed_request_and_immutable_bytes) ... ok
2026-09-14T02:30:53.9318474Z test_execution_attempt_two_changed_tree_and_main_rejected (test_sealed_historical_execution_empty_diagnostic_v01.RegistrationTests.test_execution_attempt_two_changed_tree_and_main_rejected) ... ok
2026-09-14T02:30:53.9322162Z test_metadata_overestimate_does_not_relax_quote_ceiling (test_sealed_historical_execution_empty_diagnostic_v01.RegistrationTests.test_metadata_overestimate_does_not_relax_quote_ceiling) ... ok
2026-09-14T02:30:53.9329768Z test_parent_failure_zip_substitution_is_rejected (test_sealed_historical_execution_empty_diagnostic_v01.RegistrationTests.test_parent_failure_zip_substitution_is_rejected) ... ok
2026-09-14T02:30:53.9343816Z test_substitute_request_quote_and_window_rejected (test_sealed_historical_execution_empty_diagnostic_v01.RegistrationTests.test_substitute_request_quote_and_window_rejected) ... ok
2026-09-14T02:30:53.9347993Z test_unknown_text_is_hashed_and_arbitrary_errors_never_retained (test_sealed_historical_execution_empty_diagnostic_v01.RegistrationTests.test_unknown_text_is_hashed_and_arbitrary_errors_never_retained) ... ok
2026-09-14T02:30:53.9451516Z test_workflow_consumes_once_after_exact_parent_and_before_only_provider (test_sealed_historical_execution_empty_diagnostic_v01.RegistrationTests.test_workflow_consumes_once_after_exact_parent_and_before_only_provider) ... ok
2026-09-14T02:30:53.9894867Z test_all_dates_and_genuine_empty_dates_remain_explicit (test_sealed_historical_execution_inputs_v01.HistoricalExecutionInputRegistrationTests.test_all_dates_and_genuine_empty_dates_remain_explicit) ... ok
2026-09-14T02:30:54.0408301Z test_committed_bundle_rederives_from_every_exact_parent_file (test_sealed_historical_execution_inputs_v01.HistoricalExecutionInputRegistrationTests.test_committed_bundle_rederives_from_every_exact_parent_file) ... ok
2026-09-14T02:30:54.0474418Z test_every_source_decision_is_preserved_without_account_selection (test_sealed_historical_execution_inputs_v01.HistoricalExecutionInputRegistrationTests.test_every_source_decision_is_preserved_without_account_selection) ... ok
2026-09-14T02:30:54.0479572Z test_historical_bundle_cannot_be_passed_off_as_prospective (test_sealed_historical_execution_inputs_v01.HistoricalExecutionInputRegistrationTests.test_historical_bundle_cannot_be_passed_off_as_prospective) ... ok
2026-09-14T02:30:54.0482904Z test_missing_gate_cannot_be_turned_into_quote_or_simulation_authority (test_sealed_historical_execution_inputs_v01.HistoricalExecutionInputRegistrationTests.test_missing_gate_cannot_be_turned_into_quote_or_simulation_authority) ... ok
2026-09-14T02:30:54.0544441Z test_missing_source_date_is_not_zero_opportunities (test_sealed_historical_execution_inputs_v01.HistoricalExecutionInputRegistrationTests.test_missing_source_date_is_not_zero_opportunities) ... ok
2026-09-14T02:30:54.0557162Z test_opportunity_id_excludes_profile_selection_but_retains_profile_provenance (test_sealed_historical_execution_inputs_v01.HistoricalExecutionInputRegistrationTests.test_opportunity_id_excludes_profile_selection_but_retains_profile_provenance) ... ok
2026-09-14T02:30:54.0562062Z test_real_nanosecond_window_and_same_time_distinct_activations (test_sealed_historical_execution_inputs_v01.HistoricalExecutionInputRegistrationTests.test_real_nanosecond_window_and_same_time_distinct_activations) ... ok
2026-09-14T02:30:54.2533883Z test_registration_is_write_once (test_sealed_historical_execution_inputs_v01.HistoricalExecutionInputRegistrationTests.test_registration_is_write_once) ... ok
2026-09-14T02:30:54.5681366Z test_rehashed_output_request_or_identity_tampering_is_rejected (test_sealed_historical_execution_inputs_v01.HistoricalExecutionInputRegistrationTests.test_rehashed_output_request_or_identity_tampering_is_rejected) ... ok
2026-09-14T02:30:54.5772514Z test_rehashed_parent_change_is_rejected_before_plan_creation (test_sealed_historical_execution_inputs_v01.HistoricalExecutionInputRegistrationTests.test_rehashed_parent_change_is_rejected_before_plan_creation) ... ok
2026-09-14T02:30:54.8351363Z test_rehashed_retrospective_and_account_fields_are_rejected (test_sealed_historical_execution_inputs_v01.HistoricalExecutionInputRegistrationTests.test_rehashed_retrospective_and_account_fields_are_rejected) ... ok
2026-09-14T02:30:54.9251208Z test_symlink_or_extra_file_is_rejected (test_sealed_historical_execution_inputs_v01.HistoricalExecutionInputRegistrationTests.test_symlink_or_extra_file_is_rejected) ... ok
2026-09-14T02:30:55.1932501Z test_call_is_journaled_before_provider_and_failure_is_retained (test_sealed_historical_execution_quote_v01.HistoricalExecutionQuoteTests.test_call_is_journaled_before_provider_and_failure_is_retained) ... ok
2026-09-14T02:30:55.1944957Z test_changed_request_is_rejected_before_client_call (test_sealed_historical_execution_quote_v01.HistoricalExecutionQuoteTests.test_changed_request_is_rejected_before_client_call) ... ok
2026-09-14T02:30:55.2101017Z test_complete_quote_visits_every_method_once_and_preserves_nanos (test_sealed_historical_execution_quote_v01.HistoricalExecutionQuoteTests.test_complete_quote_visits_every_method_once_and_preserves_nanos) ... ok
2026-09-14T02:30:55.2103493Z test_exact_registration_requires_all_ninety_requests (test_sealed_historical_execution_quote_v01.HistoricalExecutionQuoteTests.test_exact_registration_requires_all_ninety_requests) ... ok
2026-09-14T02:30:55.2124846Z test_execution_is_parent_bound_and_rejects_reruns (test_sealed_historical_execution_quote_v01.HistoricalExecutionQuoteTests.test_execution_is_parent_bound_and_rejects_reruns) ... ok
2026-09-14T02:30:55.2593680Z test_invalid_numeric_results_fail_closed (test_sealed_historical_execution_quote_v01.HistoricalExecutionQuoteTests.test_invalid_numeric_results_fail_closed) ... ok
2026-09-14T02:30:55.2596590Z test_other_sdk_metadata_method_has_no_network_authority (test_sealed_historical_execution_quote_v01.HistoricalExecutionQuoteTests.test_other_sdk_metadata_method_has_no_network_authority) ... skipped 'pinned SDK exercised by dedicated quote validation'
2026-09-14T02:30:55.2610856Z test_preflight_failure_is_explicit_and_zero_call (test_sealed_historical_execution_quote_v01.HistoricalExecutionQuoteTests.test_preflight_failure_is_explicit_and_zero_call) ... ok
2026-09-14T02:30:55.2711556Z test_provider_errors_are_sanitized_no_retry_and_totals_unknown (test_sealed_historical_execution_quote_v01.HistoricalExecutionQuoteTests.test_provider_errors_are_sanitized_no_retry_and_totals_unknown) ... ok
2026-09-14T02:30:55.2714672Z test_real_pinned_sdk_serializes_all_180_exact_http_requests (test_sealed_historical_execution_quote_v01.HistoricalExecutionQuoteTests.test_real_pinned_sdk_serializes_all_180_exact_http_requests) ... skipped 'pinned SDK exercised by dedicated quote validation'
2026-09-14T02:30:55.3096635Z test_rehashed_report_identity_or_gate_tampering_is_rejected (test_sealed_historical_execution_quote_v01.HistoricalExecutionQuoteTests.test_rehashed_report_identity_or_gate_tampering_is_rejected) ... ok
2026-09-14T02:30:55.3170639Z test_transport_redirect_http_and_oversized_response_fail_without_retry (test_sealed_historical_execution_quote_v01.HistoricalExecutionQuoteTests.test_transport_redirect_http_and_oversized_response_fail_without_retry) ... ok
2026-09-14T02:30:55.3218803Z test_transport_rejects_other_endpoints_or_changed_symbols_before_network (test_sealed_historical_execution_quote_v01.HistoricalExecutionQuoteTests.test_transport_rejects_other_endpoints_or_changed_symbols_before_network) ... ok
2026-09-14T02:30:55.3308219Z test_workflow_consumes_and_uploads_before_the_only_secret_step (test_sealed_historical_execution_quote_v01.HistoricalExecutionQuoteTests.test_workflow_consumes_and_uploads_before_the_only_secret_step) ... ok
2026-09-14T02:30:55.3410984Z test_zero_size_is_unavailable_and_does_not_change_the_plan (test_sealed_historical_execution_quote_v01.HistoricalExecutionQuoteTests.test_zero_size_is_unavailable_and_does_not_change_the_plan) ... ok
2026-09-14T02:30:55.3889528Z test_registration_preserves_baseline_and_closes_counterfactual_claims (test_sealed_historical_loss_attribution_v01.FrozenEvidenceTests.test_registration_preserves_baseline_and_closes_counterfactual_claims) ... ok
2026-09-14T02:30:59.4164422Z test_report_reproduces_exactly_from_saved_evidence (test_sealed_historical_loss_attribution_v01.FrozenEvidenceTests.test_report_reproduces_exactly_from_saved_evidence) ... ok
2026-09-14T02:30:59.4624493Z test_wrong_external_registration_is_rejected (test_sealed_historical_loss_attribution_v01.FrozenEvidenceTests.test_wrong_external_registration_is_rejected) ... ok
2026-09-14T02:30:59.4626999Z test_exit_groups_do_not_double_debit_entry_fees (test_sealed_historical_loss_attribution_v01.GroupTests.test_exit_groups_do_not_double_debit_entry_fees) ... ok
2026-09-14T02:30:59.4630357Z test_unknown_group_cannot_silently_drop_losses (test_sealed_historical_loss_attribution_v01.GroupTests.test_unknown_group_cannot_silently_drop_losses) ... ok
2026-09-14T02:30:59.4632667Z test_zero_groups_and_no_trade_population_are_explicit (test_sealed_historical_loss_attribution_v01.GroupTests.test_zero_groups_and_no_trade_population_are_explicit) ... ok
2026-09-14T02:30:59.4634584Z test_duplicate_order_id_rejected (test_sealed_historical_loss_attribution_v01.OrderTests.test_duplicate_order_id_rejected) ... ok
2026-09-14T02:30:59.4636733Z test_missing_replacement_authority_not_treated_as_first_terminal (test_sealed_historical_loss_attribution_v01.OrderTests.test_missing_replacement_authority_not_treated_as_first_terminal) ... ok
2026-09-14T02:30:59.4645418Z test_negative_wait_rejected (test_sealed_historical_loss_attribution_v01.OrderTests.test_negative_wait_rejected) ... ok
2026-09-14T02:30:59.4646901Z test_reused_replacement_evidence_is_rejected (test_sealed_historical_loss_attribution_v01.OrderTests.test_reused_replacement_evidence_is_rejected) ... ok
2026-09-14T02:30:59.4648470Z test_targets_replacements_and_waiting_are_separate_dimensions (test_sealed_historical_loss_attribution_v01.OrderTests.test_targets_replacements_and_waiting_are_separate_dimensions) ... ok
2026-09-14T02:30:59.4650571Z test_unfilled_order_is_retained_without_a_fill (test_sealed_historical_loss_attribution_v01.OrderTests.test_unfilled_order_is_retained_without_a_fill) ... ok
2026-09-14T02:30:59.4652112Z test_unknown_exit_reason_rejected (test_sealed_historical_loss_attribution_v01.OrderTests.test_unknown_exit_reason_rejected) ... ok
2026-09-14T02:30:59.4653156Z test_wrong_sidecar_order_is_rejected (test_sealed_historical_loss_attribution_v01.OrderTests.test_wrong_sidecar_order_is_rejected) ... ok
2026-09-14T02:30:59.4654556Z test_wrong_terminal_attempt_number_rejected (test_sealed_historical_loss_attribution_v01.OrderTests.test_wrong_terminal_attempt_number_rejected) ... ok
2026-09-14T02:30:59.4656256Z test_exact_bridge_separates_entry_shortfall_and_fees (test_sealed_historical_loss_attribution_v01.PriceTests.test_exact_bridge_separates_entry_shortfall_and_fees) ... ok
2026-09-14T02:30:59.4657627Z test_exact_filled_size_not_requested_size_used (test_sealed_historical_loss_attribution_v01.PriceTests.test_exact_filled_size_not_requested_size_used) ... ok
2026-09-14T02:30:59.4659177Z test_float_stop_uses_serialized_decimal_not_binary_expansion (test_sealed_historical_loss_attribution_v01.PriceTests.test_float_stop_uses_serialized_decimal_not_binary_expansion) ... ok
2026-09-14T02:30:59.4660624Z test_invalid_or_nonfinite_price_rejected (test_sealed_historical_loss_attribution_v01.PriceTests.test_invalid_or_nonfinite_price_rejected) ... ok
2026-09-14T02:30:59.4661842Z test_outer_decimal_context_does_not_change_bridge (test_sealed_historical_loss_attribution_v01.PriceTests.test_outer_decimal_context_does_not_change_bridge) ... ok
2026-09-14T02:30:59.4662962Z test_partial_exits_all_required (test_sealed_historical_loss_attribution_v01.PriceTests.test_partial_exits_all_required) ... ok
2026-09-14T02:30:59.4664263Z test_price_improvement_is_signed_not_clipped (test_sealed_historical_loss_attribution_v01.PriceTests.test_price_improvement_is_signed_not_clipped) ... ok
2026-09-14T02:30:59.4675950Z test_absent_symbol_and_null_rows_retain_empty_receipts (test_sealed_historical_management_capture_v01.ManagementCaptureTests.test_absent_symbol_and_null_rows_retain_empty_receipts) ... ok
2026-09-14T02:30:59.6341023Z test_all_http_errors_are_one_attempt_without_retry_or_provider_body (test_sealed_historical_management_capture_v01.ManagementCaptureTests.test_all_http_errors_are_one_attempt_without_retry_or_provider_body) ... ok
2026-09-14T02:31:07.8786144Z test_all_ten_urls_match_previously_frozen_nanosecond_renderer (test_sealed_historical_management_capture_v01.ManagementCaptureTests.test_all_ten_urls_match_previously_frozen_nanosecond_renderer) ... ok
2026-09-14T02:31:16.6747098Z test_archive_rejects_resealed_wrong_ledger_request_receipt_and_provenance (test_sealed_historical_management_capture_v01.ManagementCaptureTests.test_archive_rejects_resealed_wrong_ledger_request_receipt_and_provenance) ... ok
2026-09-14T02:31:16.7164754Z test_attempt_ceiling_and_repeated_page_block_before_network (test_sealed_historical_management_capture_v01.ManagementCaptureTests.test_attempt_ceiling_and_repeated_page_block_before_network) ... ok
2026-09-14T02:31:16.7369125Z test_attempt_is_durably_recorded_before_get_and_contains_no_credentials (test_sealed_historical_management_capture_v01.ManagementCaptureTests.test_attempt_is_durably_recorded_before_get_and_contains_no_credentials) ... ok
2026-09-14T02:31:16.7385057Z test_before_start_and_exact_exclusive_end_are_rejected (test_sealed_historical_management_capture_v01.ManagementCaptureTests.test_before_start_and_exact_exclusive_end_are_rejected) ... ok
2026-09-14T02:31:16.7580954Z test_changed_request_blocks_before_network (test_sealed_historical_management_capture_v01.ManagementCaptureTests.test_changed_request_blocks_before_network) ... ok
2026-09-14T02:31:19.1301517Z test_cli_http_failure_retains_full_metadata_ledger_inventory_and_partial_tape (test_sealed_historical_management_capture_v01.ManagementCaptureTests.test_cli_http_failure_retains_full_metadata_ledger_inventory_and_partial_tape) ... ok
2026-09-14T02:31:22.3372465Z test_cli_rejects_wrong_consumption_or_source_receipt_before_provider_construction (test_sealed_historical_management_capture_v01.ManagementCaptureTests.test_cli_rejects_wrong_consumption_or_source_receipt_before_provider_construction) ... ok
2026-09-14T02:31:22.3435729Z test_complete_synthetic_capture_retains_all_ten_requests_and_no_runtime (test_sealed_historical_management_capture_v01.ManagementCaptureTests.test_complete_synthetic_capture_retains_all_ten_requests_and_no_runtime) ... ok
2026-09-14T02:31:22.3438613Z test_compressed_byte_limit_is_checked_before_every_write (test_sealed_historical_management_capture_v01.ManagementCaptureTests.test_compressed_byte_limit_is_checked_before_every_write) ... ok
2026-09-14T02:31:22.3452979Z test_empty_exhausted_segments_are_retained_for_both_resources (test_sealed_historical_management_capture_v01.ManagementCaptureTests.test_empty_exhausted_segments_are_retained_for_both_resources) ... ok
2026-09-14T02:31:22.3463434Z test_empty_page_with_token_is_exhausted_not_mistaken_for_completion (test_sealed_historical_management_capture_v01.ManagementCaptureTests.test_empty_page_with_token_is_exhausted_not_mistaken_for_completion) ... ok
2026-09-14T02:31:22.3475088Z test_exact_endpoint_and_same_timestamp_order_are_lossless (test_sealed_historical_management_capture_v01.ManagementCaptureTests.test_exact_endpoint_and_same_timestamp_order_are_lossless) ... ok
2026-09-14T02:31:22.3485071Z test_execution_full_hashes_are_required (test_sealed_historical_management_capture_v01.ManagementCaptureTests.test_execution_full_hashes_are_required) ... ok
2026-09-14T02:31:22.3507293Z test_execution_rerun_wrong_branch_event_and_parent_are_rejected (test_sealed_historical_management_capture_v01.ManagementCaptureTests.test_execution_rerun_wrong_branch_event_and_parent_are_rejected) ... ok
2026-09-14T02:31:22.3523347Z test_existing_output_and_symlink_are_not_modified (test_sealed_historical_management_capture_v01.ManagementCaptureTests.test_existing_output_and_symlink_are_not_modified) ... ok
2026-09-14T02:31:22.3550107Z test_failure_retains_completed_receipt_and_partial_tape_sanitized (test_sealed_historical_management_capture_v01.ManagementCaptureTests.test_failure_retains_completed_receipt_and_partial_tape_sanitized) ... ok
2026-09-14T02:31:26.2615849Z test_full_cli_capture_to_archive_verification_including_empty_receipt (test_sealed_historical_management_capture_v01.ManagementCaptureTests.test_full_cli_capture_to_archive_verification_including_empty_receipt) ... ok
2026-09-14T02:31:26.2623836Z test_gzip_failure_keeps_partial_evidence_inside_shared_ceiling (test_sealed_historical_management_capture_v01.ManagementCaptureTests.test_gzip_failure_keeps_partial_evidence_inside_shared_ceiling) ... ok
2026-09-14T02:31:26.2643041Z test_incomplete_reordered_or_changed_request_sets_fail_before_capture (test_sealed_historical_management_capture_v01.ManagementCaptureTests.test_incomplete_reordered_or_changed_request_sets_fail_before_capture) ... ok
2026-09-14T02:31:26.2671484Z test_invalid_or_repeated_pagination_tokens_fail (test_sealed_historical_management_capture_v01.ManagementCaptureTests.test_invalid_or_repeated_pagination_tokens_fail) ... ok
2026-09-14T02:31:26.2889740Z test_minimum_interval_applies_between_actual_attempts (test_sealed_historical_management_capture_v01.ManagementCaptureTests.test_minimum_interval_applies_between_actual_attempts) ... ok
2026-09-14T02:31:26.2894073Z test_minute_bars_must_be_unique_aligned_and_have_valid_ohlc (test_sealed_historical_management_capture_v01.ManagementCaptureTests.test_minute_bars_must_be_unique_aligned_and_have_valid_ohlc) ... ok
2026-09-14T02:31:26.2897390Z test_missing_credentials_fail_before_any_transport (test_sealed_historical_management_capture_v01.ManagementCaptureTests.test_missing_credentials_fail_before_any_transport) ... ok
2026-09-14T02:31:26.2914531Z test_non_chronological_or_duplicate_rows_across_pages_fail (test_sealed_historical_management_capture_v01.ManagementCaptureTests.test_non_chronological_or_duplicate_rows_across_pages_fail) ... ok
2026-09-14T02:31:26.2918263Z test_parent_byte_tampering_cannot_be_resealed (test_sealed_historical_management_capture_v01.ManagementCaptureTests.test_parent_byte_tampering_cannot_be_resealed) ... ok
2026-09-14T02:31:26.2921383Z test_redirect_handler_never_returns_redirect_request (test_sealed_historical_management_capture_v01.ManagementCaptureTests.test_redirect_handler_never_returns_redirect_request) ... ok
2026-09-14T02:31:27.0953793Z test_registration_exactly_binds_verified_parent_and_closed_execution_gates (test_sealed_historical_management_capture_v01.ManagementCaptureTests.test_registration_exactly_binds_verified_parent_and_closed_execution_gates) ... ok
2026-09-14T02:31:27.1753583Z test_response_bytes_invalid_json_duplicate_keys_and_non_object_fail (test_sealed_historical_management_capture_v01.ManagementCaptureTests.test_response_bytes_invalid_json_duplicate_keys_and_non_object_fail) ... ok
2026-09-14T02:31:27.2009692Z test_retained_byte_ceiling_blocks_before_network (test_sealed_historical_management_capture_v01.ManagementCaptureTests.test_retained_byte_ceiling_blocks_before_network) ... ok
2026-09-14T02:31:27.2680225Z test_transport_timeouts_and_url_errors_do_not_retry (test_sealed_historical_management_capture_v01.ManagementCaptureTests.test_transport_timeouts_and_url_errors_do_not_retry) ... ok
2026-09-14T02:31:27.2686232Z test_unchanged_normalization_retains_conditions_but_rejects_invalid_fields (test_sealed_historical_management_capture_v01.ManagementCaptureTests.test_unchanged_normalization_retains_conditions_but_rejects_invalid_fields) ... ok
2026-09-14T02:31:27.2690795Z test_url_rejects_modified_or_unregistered_request_and_invalid_token (test_sealed_historical_management_capture_v01.ManagementCaptureTests.test_url_rejects_modified_or_unregistered_request_and_invalid_token) ... ok
2026-09-14T02:31:28.0327022Z test_verified_reuse_receipt_honestly_attests_prior_source_verification (test_sealed_historical_management_capture_v01.ManagementCaptureTests.test_verified_reuse_receipt_honestly_attests_prior_source_verification) ... ok
2026-09-14T02:31:28.0394265Z test_workflow_consumes_and_uploads_before_credentials_and_has_no_rerun_trigger (test_sealed_historical_management_capture_v01.ManagementCaptureTests.test_workflow_consumes_and_uploads_before_credentials_and_has_no_rerun_trigger) ... ok
2026-09-14T02:31:28.0424543Z test_wrong_symbol_missing_fields_and_oversized_page_fail (test_sealed_historical_management_capture_v01.ManagementCaptureTests.test_wrong_symbol_missing_fields_and_oversized_page_fail) ... ok
2026-09-14T02:31:28.0428403Z test_complete_exit_capture_retains_empty_outcomes_and_closes_gate (test_sealed_historical_management_exit_acquisition_v01.EndToEndTests.test_complete_exit_capture_retains_empty_outcomes_and_closes_gate) ... skipped 'real pinned SDK exercised by dedicated validation'
2026-09-14T02:31:28.0432253Z test_failed_temporary_cleanup_cannot_report_complete_evidence (test_sealed_historical_management_exit_acquisition_v01.EndToEndTests.test_failed_temporary_cleanup_cannot_report_complete_evidence) ... skipped 'real pinned SDK exercised by dedicated validation'
2026-09-14T02:31:28.0435605Z test_malformed_first_native_response_stops_and_retains_failure (test_sealed_historical_management_exit_acquisition_v01.EndToEndTests.test_malformed_first_native_response_stops_and_retains_failure) ... skipped 'real pinned SDK exercised by dedicated validation'
2026-09-14T02:31:28.0439604Z test_metadata_failure_prevents_all_downloads (test_sealed_historical_management_exit_acquisition_v01.EndToEndTests.test_metadata_failure_prevents_all_downloads) ... skipped 'real pinned SDK exercised by dedicated validation'
2026-09-14T02:31:28.0442172Z test_missing_consumption_blocks_provider_access (test_sealed_historical_management_exit_acquisition_v01.EndToEndTests.test_missing_consumption_blocks_provider_access) ... skipped 'real pinned SDK exercised by dedicated validation'
2026-09-14T02:31:28.0444680Z test_missing_credential_preserves_zero_call_failure_evidence (test_sealed_historical_management_exit_acquisition_v01.EndToEndTests.test_missing_credential_preserves_zero_call_failure_evidence) ... skipped 'real pinned SDK exercised by dedicated validation'
2026-09-14T02:31:28.0447301Z test_partial_receipt_preserves_completed_tape_as_ineligible (test_sealed_historical_management_exit_acquisition_v01.EndToEndTests.test_partial_receipt_preserves_completed_tape_as_ineligible) ... skipped 'real pinned SDK exercised by dedicated validation'
2026-09-14T02:31:28.0450129Z test_partial_tape_write_is_retained_ineligible_and_stops (test_sealed_historical_management_exit_acquisition_v01.EndToEndTests.test_partial_tape_write_is_retained_ineligible_and_stops) ... skipped 'real pinned SDK exercised by dedicated validation'
2026-09-14T02:31:28.0452463Z test_rehashed_gate_population_and_receipt_tampering_rejected (test_sealed_historical_management_exit_acquisition_v01.EndToEndTests.test_rehashed_gate_population_and_receipt_tampering_rejected) ... skipped 'real pinned SDK exercised by dedicated validation'
2026-09-14T02:31:28.0454745Z test_rehashed_tape_mutation_and_extra_member_rejected (test_sealed_historical_management_exit_acquisition_v01.EndToEndTests.test_rehashed_tape_mutation_and_extra_member_rejected) ... skipped 'real pinned SDK exercised by dedicated validation'
2026-09-14T02:31:28.0457059Z test_advertised_native_decompression_bomb_rejected_before_decode (test_sealed_historical_management_exit_acquisition_v01.NativeTests.test_advertised_native_decompression_bomb_rejected_before_decode) ... skipped 'real pinned SDK exercised by dedicated validation'
2026-09-14T02:31:28.0459628Z test_equal_native_quote_keys_keep_original_ordinal (test_sealed_historical_management_exit_acquisition_v01.NativeTests.test_equal_native_quote_keys_keep_original_ordinal) ... skipped 'real pinned SDK exercised by dedicated validation'
2026-09-14T02:31:28.0461805Z test_real_nonempty_and_metadata_only_both_schemas (test_sealed_historical_management_exit_acquisition_v01.NativeTests.test_real_nonempty_and_metadata_only_both_schemas) ... skipped 'real pinned SDK exercised by dedicated validation'
2026-09-14T02:31:28.0463820Z test_resealed_native_mapping_and_noninteger_count_rejected (test_sealed_historical_management_exit_acquisition_v01.NativeTests.test_resealed_native_mapping_and_noninteger_count_rejected) ... skipped 'real pinned SDK exercised by dedicated validation'
2026-09-14T02:31:28.0466059Z test_timeseries_window_route_path_and_exhausted_scope_block_before_network (test_sealed_historical_management_exit_acquisition_v01.NativeTests.test_timeseries_window_route_path_and_exhausted_scope_block_before_network) ... skipped 'real pinned SDK exercised by dedicated validation'
2026-09-14T02:31:28.0468275Z test_truncated_or_concatenated_zstd_is_not_empty_evidence (test_sealed_historical_management_exit_acquisition_v01.NativeTests.test_truncated_or_concatenated_zstd_is_not_empty_evidence) ... skipped 'real pinned SDK exercised by dedicated validation'
2026-09-14T02:31:28.0470555Z test_truncated_uncompressed_native_record_rejected (test_sealed_historical_management_exit_acquisition_v01.NativeTests.test_truncated_uncompressed_native_record_rejected) ... skipped 'real pinned SDK exercised by dedicated validation'
2026-09-14T02:31:28.0472301Z test_wire_ceiling_and_symlink_rejected (test_sealed_historical_management_exit_acquisition_v01.NativeTests.test_wire_ceiling_and_symlink_rejected) ... skipped 'real pinned SDK exercised by dedicated validation'
2026-09-14T02:31:28.0474229Z test_wrong_metadata_or_missing_mapping_is_not_unavailable (test_sealed_historical_management_exit_acquisition_v01.NativeTests.test_wrong_metadata_or_missing_mapping_is_not_unavailable) ... skipped 'real pinned SDK exercised by dedicated validation'
2026-09-14T02:31:28.0475959Z test_coverage_never_drops_unattempted_exit_requests (test_sealed_historical_management_exit_acquisition_v01.RegistrationTests.test_coverage_never_drops_unattempted_exit_requests) ... ok
2026-09-14T02:31:28.1013092Z test_every_original_quote_ceiling_is_required (test_sealed_historical_management_exit_acquisition_v01.RegistrationTests.test_every_original_quote_ceiling_is_required) ... ok
2026-09-14T02:31:28.1046165Z test_execution_requires_attempt_one_exact_parent_and_research_branch (test_sealed_historical_management_exit_acquisition_v01.RegistrationTests.test_execution_requires_attempt_one_exact_parent_and_research_branch) ... ok
2026-09-14T02:31:29.0198318Z test_frozen_exit_parent_bytes_and_gate_flags (test_sealed_historical_management_exit_acquisition_v01.RegistrationTests.test_frozen_exit_parent_bytes_and_gate_flags) ... ok
2026-09-14T02:31:29.0207003Z test_http_ledger_rehashed_boolean_and_wire_substitutions_rejected (test_sealed_historical_management_exit_acquisition_v01.RegistrationTests.test_http_ledger_rehashed_boolean_and_wire_substitutions_rejected) ... ok
2026-09-14T02:31:29.0385407Z test_individual_ceiling_cannot_be_offset_by_another_request (test_sealed_historical_management_exit_acquisition_v01.RegistrationTests.test_individual_ceiling_cannot_be_offset_by_another_request) ... ok
2026-09-14T02:31:29.0388099Z test_native_decoder_and_normalizer_remain_original_functions (test_sealed_historical_management_exit_acquisition_v01.RegistrationTests.test_native_decoder_and_normalizer_remain_original_functions) ... ok
2026-09-14T02:31:29.2525119Z test_original_or_substituted_requests_rejected (test_sealed_historical_management_exit_acquisition_v01.RegistrationTests.test_original_or_substituted_requests_rejected) ... ok
2026-09-14T02:31:29.2557181Z test_quote_reseal_cannot_replace_original (test_sealed_historical_management_exit_acquisition_v01.RegistrationTests.test_quote_reseal_cannot_replace_original) ... ok
2026-09-14T02:31:30.1977491Z test_rehashed_limits_cannot_change_individual_caps (test_sealed_historical_management_exit_acquisition_v01.RegistrationTests.test_rehashed_limits_cannot_change_individual_caps) ... ok
2026-09-14T02:31:31.0887688Z test_substituted_parent_artifacts_block_before_acquisition (test_sealed_historical_management_exit_acquisition_v01.RegistrationTests.test_substituted_parent_artifacts_block_before_acquisition) ... ok
2026-09-14T02:31:31.1066702Z test_transport_reuses_immutable_bounded_methods (test_sealed_historical_management_exit_acquisition_v01.RegistrationTests.test_transport_reuses_immutable_bounded_methods) ... ok
2026-09-14T02:31:31.1136382Z test_unregistered_metadata_endpoint_window_and_body_blocked (test_sealed_historical_management_exit_acquisition_v01.RegistrationTests.test_unregistered_metadata_endpoint_window_and_body_blocked) ... ok
2026-09-14T02:31:31.1246500Z test_workflow_consumes_after_parent_checks_before_only_provider (test_sealed_historical_management_exit_acquisition_v01.RegistrationTests.test_workflow_consumes_after_parent_checks_before_only_provider) ... ok
2026-09-14T02:31:31.1433724Z test_boolean_float_and_nonpositive_exit_clock_rejected (test_sealed_historical_management_exit_inputs_v01.ExitInputsTests.test_boolean_float_and_nonpositive_exit_clock_rejected) ... ok
2026-09-14T02:31:31.1509888Z test_bounded_capture_preserves_ordinals_and_excludes_later_source_quotes (test_sealed_historical_management_exit_inputs_v01.ExitInputsTests.test_bounded_capture_preserves_ordinals_and_excludes_later_source_quotes) ... ok
2026-09-14T02:31:31.1514791Z test_cannot_write_output_over_repository_sources (test_sealed_historical_management_exit_inputs_v01.ExitInputsTests.test_cannot_write_output_over_repository_sources) ... ok
2026-09-14T02:31:31.7322263Z test_cli_installs_offline_guard_before_import_and_blocks_missing_sources (test_sealed_historical_management_exit_inputs_v01.ExitInputsTests.test_cli_installs_offline_guard_before_import_and_blocks_missing_sources) ... ok
2026-09-14T02:31:31.7409607Z test_complete_sources_do_not_imply_known_status_or_executable_exit (test_sealed_historical_management_exit_inputs_v01.ExitInputsTests.test_complete_sources_do_not_imply_known_status_or_executable_exit) ... ok
2026-09-14T02:31:31.7418187Z test_constructor_requires_external_pin_and_committed_metadata (test_sealed_historical_management_exit_inputs_v01.ExitInputsTests.test_constructor_requires_external_pin_and_committed_metadata) ... ok
2026-09-14T02:31:31.7483217Z test_copy_preserves_compressed_bytes_exactly_and_is_write_once (test_sealed_historical_management_exit_inputs_v01.ExitInputsTests.test_copy_preserves_compressed_bytes_exactly_and_is_write_once) ... ok
2026-09-14T02:31:31.7719319Z test_entrypoints_have_no_undefined_globals (test_sealed_historical_management_exit_inputs_v01.ExitInputsTests.test_entrypoints_have_no_undefined_globals) ... ok
2026-09-14T02:31:31.7721656Z test_exact_population_uses_all_80_new_and_two_original_sources (test_sealed_historical_management_exit_inputs_v01.ExitInputsTests.test_exact_population_uses_all_80_new_and_two_original_sources) ... ok
2026-09-14T02:31:31.7805583Z test_exit_tail_cannot_borrow_later_time_from_merged_or_XAGE_source (test_sealed_historical_management_exit_inputs_v01.ExitInputsTests.test_exit_tail_cannot_borrow_later_time_from_merged_or_XAGE_source) ... ok
2026-09-14T02:31:31.7869394Z test_final_truncation_is_detected_before_freeze (test_sealed_historical_management_exit_inputs_v01.ExitInputsTests.test_final_truncation_is_detected_before_freeze) ... ok
2026-09-14T02:31:31.7934300Z test_gzip_eof_or_crc_failure_cannot_be_hidden_by_rehashed_file_receipt (test_sealed_historical_management_exit_inputs_v01.ExitInputsTests.test_gzip_eof_or_crc_failure_cannot_be_hidden_by_rehashed_file_receipt) ... ok
2026-09-14T02:31:32.6203667Z test_historical_runtime_gate_stays_closed (test_sealed_historical_management_exit_inputs_v01.ExitInputsTests.test_historical_runtime_gate_stays_closed) ... ok
2026-09-14T02:31:32.6278038Z test_independent_verifier_rejects_source_ordinal_rewriting (test_sealed_historical_management_exit_inputs_v01.ExitInputsTests.test_independent_verifier_rejects_source_ordinal_rewriting) ... ok
2026-09-14T02:31:32.6281616Z test_new_request_with_same_symbol_date_does_not_overwrite_entry_identity (test_sealed_historical_management_exit_inputs_v01.ExitInputsTests.test_new_request_with_same_symbol_date_does_not_overwrite_entry_identity) ... ok
2026-09-14T02:31:32.6351238Z test_normalized_count_or_hash_mismatch_cannot_be_resealed (test_sealed_historical_management_exit_inputs_v01.ExitInputsTests.test_normalized_count_or_hash_mismatch_cannot_be_resealed) ... ok
2026-09-14T02:31:32.6417519Z test_pair_hash_matches_frozen_feedback_payload_with_native_ties (test_sealed_historical_management_exit_inputs_v01.ExitInputsTests.test_pair_hash_matches_frozen_feedback_payload_with_native_ties) ... ok
2026-09-14T02:31:32.6499339Z test_partial_copy_failure_is_retained_and_never_frozen (test_sealed_historical_management_exit_inputs_v01.ExitInputsTests.test_partial_copy_failure_is_retained_and_never_frozen) ... ok
2026-09-14T02:31:32.6505432Z test_paths_traversal_absolute_duplicate_slashes_and_symlinks_rejected (test_sealed_historical_management_exit_inputs_v01.ExitInputsTests.test_paths_traversal_absolute_duplicate_slashes_and_symlinks_rejected) ... ok
2026-09-14T02:31:32.6587450Z test_reader_keeps_identical_payload_across_repeated_sell_decisions (test_sealed_historical_management_exit_inputs_v01.ExitInputsTests.test_reader_keeps_identical_payload_across_repeated_sell_decisions) ... ok
2026-09-14T02:31:32.6670203Z test_reader_returns_detached_data_and_detects_changed_source_before_access (test_sealed_historical_management_exit_inputs_v01.ExitInputsTests.test_reader_returns_detached_data_and_detects_changed_source_before_access) ... ok
2026-09-14T02:31:33.6453473Z test_registration_pins_verified_parent_and_closed_runtime (test_sealed_historical_management_exit_inputs_v01.ExitInputsTests.test_registration_pins_verified_parent_and_closed_runtime) ... ok
2026-09-14T02:31:33.6457873Z test_registration_rejects_altered_parent_even_if_resealed (test_sealed_historical_management_exit_inputs_v01.ExitInputsTests.test_registration_rejects_altered_parent_even_if_resealed) ... ok
2026-09-14T02:31:33.6460935Z test_reused_XAGE_keeps_original_long_request_and_ordinals (test_sealed_historical_management_exit_inputs_v01.ExitInputsTests.test_reused_XAGE_keeps_original_long_request_and_ordinals) ... ok
2026-09-14T02:31:33.6467260Z test_single_write_detects_short_write (test_sealed_historical_management_exit_inputs_v01.ExitInputsTests.test_single_write_detects_short_write) ... ok
2026-09-14T02:31:33.6535968Z test_source_file_changed_before_copy_is_rejected (test_sealed_historical_management_exit_inputs_v01.ExitInputsTests.test_source_file_changed_before_copy_is_rejected) ... ok
2026-09-14T02:31:33.6587481Z test_source_gate_rejects_missing_extra_and_wrong_archive_without_runtime (test_sealed_historical_management_exit_inputs_v01.ExitInputsTests.test_source_gate_rejects_missing_extra_and_wrong_archive_without_runtime) ... ok
2026-09-14T02:31:33.6650883Z test_unavailable_entry_remains_visible_and_cannot_be_rescued (test_sealed_historical_management_exit_inputs_v01.ExitInputsTests.test_unavailable_entry_remains_visible_and_cannot_be_rescued) ... ok
2026-09-14T02:31:33.6723652Z test_workflow_is_read_only_fixed_artifacts_and_has_no_provider_secrets (test_sealed_historical_management_exit_inputs_v01.ExitInputsTests.test_workflow_is_read_only_fixed_artifacts_and_has_no_provider_secrets) ... ok
2026-09-14T02:31:33.6784615Z test_wrong_opportunity_or_original_window_pin_is_rejected (test_sealed_historical_management_exit_inputs_v01.ExitInputsTests.test_wrong_opportunity_or_original_window_pin_is_rejected) ... ok
2026-09-14T02:31:34.7118200Z test_call_is_journaled_before_provider_and_failure_is_retained (test_sealed_historical_management_exit_quote_v01.HistoricalManagementExitQuoteTests.test_call_is_journaled_before_provider_and_failure_is_retained) ... ok
2026-09-14T02:31:34.7128838Z test_changed_request_is_rejected_before_client_call (test_sealed_historical_management_exit_quote_v01.HistoricalManagementExitQuoteTests.test_changed_request_is_rejected_before_client_call) ... ok
2026-09-14T02:31:34.7177062Z test_changed_time_or_extra_metadata_parameters_have_no_network_authority (test_sealed_historical_management_exit_quote_v01.HistoricalManagementExitQuoteTests.test_changed_time_or_extra_metadata_parameters_have_no_network_authority) ... ok
2026-09-14T02:31:34.7181252Z test_cli_full_sdk_path_and_preflight_failure_retain_exact_evidence (test_sealed_historical_management_exit_quote_v01.HistoricalManagementExitQuoteTests.test_cli_full_sdk_path_and_preflight_failure_retain_exact_evidence) ... skipped 'pinned SDK exercised by dedicated quote validation'
2026-09-14T02:31:34.7314184Z test_complete_quote_visits_every_method_once_and_preserves_nanos (test_sealed_historical_management_exit_quote_v01.HistoricalManagementExitQuoteTests.test_complete_quote_visits_every_method_once_and_preserves_nanos) ... ok
2026-09-14T02:31:34.7316729Z test_exact_registration_requires_all_eighty_requests (test_sealed_historical_management_exit_quote_v01.HistoricalManagementExitQuoteTests.test_exact_registration_requires_all_eighty_requests) ... ok
2026-09-14T02:31:34.7338280Z test_execution_is_parent_bound_and_rejects_reruns (test_sealed_historical_management_exit_quote_v01.HistoricalManagementExitQuoteTests.test_execution_is_parent_bound_and_rejects_reruns) ... ok
2026-09-14T02:31:34.7748554Z test_invalid_numeric_results_fail_closed (test_sealed_historical_management_exit_quote_v01.HistoricalManagementExitQuoteTests.test_invalid_numeric_results_fail_closed) ... ok
2026-09-14T02:31:35.7565486Z test_original_entry_list_and_reordered_or_reused_pairs_are_rejected (test_sealed_historical_management_exit_quote_v01.HistoricalManagementExitQuoteTests.test_original_entry_list_and_reordered_or_reused_pairs_are_rejected) ... ok
2026-09-14T02:31:35.7570388Z test_other_sdk_metadata_method_has_no_network_authority (test_sealed_historical_management_exit_quote_v01.HistoricalManagementExitQuoteTests.test_other_sdk_metadata_method_has_no_network_authority) ... skipped 'pinned SDK exercised by dedicated quote validation'
2026-09-14T02:31:35.7583889Z test_preflight_failure_is_explicit_and_zero_call (test_sealed_historical_management_exit_quote_v01.HistoricalManagementExitQuoteTests.test_preflight_failure_is_explicit_and_zero_call) ... ok
2026-09-14T02:31:35.7670873Z test_provider_errors_are_sanitized_no_retry_and_totals_unknown (test_sealed_historical_management_exit_quote_v01.HistoricalManagementExitQuoteTests.test_provider_errors_are_sanitized_no_retry_and_totals_unknown) ... ok
2026-09-14T02:31:36.6231991Z test_quote_gate_does_not_authorize_acquisition_or_historical_runtime (test_sealed_historical_management_exit_quote_v01.HistoricalManagementExitQuoteTests.test_quote_gate_does_not_authorize_acquisition_or_historical_runtime) ... ok
2026-09-14T02:31:36.6235420Z test_real_pinned_sdk_serializes_all_160_exact_http_requests (test_sealed_historical_management_exit_quote_v01.HistoricalManagementExitQuoteTests.test_real_pinned_sdk_serializes_all_160_exact_http_requests) ... skipped 'pinned SDK exercised by dedicated quote validation'
2026-09-14T02:31:36.6569748Z test_rehashed_report_identity_or_gate_tampering_is_rejected (test_sealed_historical_management_exit_quote_v01.HistoricalManagementExitQuoteTests.test_rehashed_report_identity_or_gate_tampering_is_rejected) ... ok
2026-09-14T02:31:37.5401963Z test_rehashed_reuse_receipt_cannot_replace_verified_bytes (test_sealed_historical_management_exit_quote_v01.HistoricalManagementExitQuoteTests.test_rehashed_reuse_receipt_cannot_replace_verified_bytes) ... ok
2026-09-14T02:31:38.4471658Z test_reuse_is_exact_xage_pair_and_preserves_original_unavailable_entries (test_sealed_historical_management_exit_quote_v01.HistoricalManagementExitQuoteTests.test_reuse_is_exact_xage_pair_and_preserves_original_unavailable_entries) ... ok
2026-09-14T02:31:38.4974823Z test_transport_behavior_is_inherited_without_mutating_ancestor_scope (test_sealed_historical_management_exit_quote_v01.HistoricalManagementExitQuoteTests.test_transport_behavior_is_inherited_without_mutating_ancestor_scope) ... ok
2026-09-14T02:31:38.4996500Z test_transport_detaches_caller_requests_and_journals_before_http (test_sealed_historical_management_exit_quote_v01.HistoricalManagementExitQuoteTests.test_transport_detaches_caller_requests_and_journals_before_http) ... ok
2026-09-14T02:31:38.5055371Z test_transport_redirect_http_and_oversized_response_fail_without_retry (test_sealed_historical_management_exit_quote_v01.HistoricalManagementExitQuoteTests.test_transport_redirect_http_and_oversized_response_fail_without_retry) ... ok
2026-09-14T02:31:38.5095522Z test_transport_rejects_other_endpoints_or_changed_symbols_before_network (test_sealed_historical_management_exit_quote_v01.HistoricalManagementExitQuoteTests.test_transport_rejects_other_endpoints_or_changed_symbols_before_network) ... ok
2026-09-14T02:31:38.5185523Z test_workflow_consumes_and_uploads_before_the_only_secret_step (test_sealed_historical_management_exit_quote_v01.HistoricalManagementExitQuoteTests.test_workflow_consumes_and_uploads_before_the_only_secret_step) ... ok
2026-09-14T02:31:38.5271997Z test_zero_size_is_unavailable_and_does_not_change_the_plan (test_sealed_historical_management_exit_quote_v01.HistoricalManagementExitQuoteTests.test_zero_size_is_unavailable_and_does_not_change_the_plan) ... ok
2026-09-14T02:31:39.4373341Z test_buy_only_cat_and_daily_rounding_increment_not_per_fill (test_sealed_historical_management_fee_reconciliation_v01.HistoricalFeeTests.test_buy_only_cat_and_daily_rounding_increment_not_per_fill) ... ok
2026-09-14T02:31:39.4382457Z test_canceled_zero_negative_fractional_shares_and_bad_prices_rejected (test_sealed_historical_management_fee_reconciliation_v01.HistoricalFeeTests.test_canceled_zero_negative_fractional_shares_and_bad_prices_rejected) ... ok
2026-09-14T02:31:39.4389549Z test_deterministic_precision_ignores_callers_decimal_context (test_sealed_historical_management_fee_reconciliation_v01.HistoricalFeeTests.test_deterministic_precision_ignores_callers_decimal_context) ... ok
2026-09-14T02:31:39.4394514Z test_duplicate_fill_and_duplicate_order_are_atomic (test_sealed_historical_management_fee_reconciliation_v01.HistoricalFeeTests.test_duplicate_fill_and_duplicate_order_are_atomic) ... ok
2026-09-14T02:31:39.4401966Z test_fee_book_clock_and_new_york_date (test_sealed_historical_management_fee_reconciliation_v01.HistoricalFeeTests.test_fee_book_clock_and_new_york_date) ... ok
2026-09-14T02:31:39.4405557Z test_historical_rates_are_explicit_and_do_not_use_2026_defaults (test_sealed_historical_management_fee_reconciliation_v01.HistoricalFeeTests.test_historical_rates_are_explicit_and_do_not_use_2026_defaults) ... ok
2026-09-14T02:31:39.4408104Z test_invalid_or_out_of_interval_dates_fail_closed (test_sealed_historical_management_fee_reconciliation_v01.HistoricalFeeTests.test_invalid_or_out_of_interval_dates_fail_closed) ... ok
2026-09-14T02:31:39.4411787Z test_july_boundary_uses_trade_date_not_invoice_month (test_sealed_historical_management_fee_reconciliation_v01.HistoricalFeeTests.test_july_boundary_uses_trade_date_not_invoice_month) ... ok
2026-09-14T02:31:39.4416146Z test_repeated_read_does_not_post_fees_twice (test_sealed_historical_management_fee_reconciliation_v01.HistoricalFeeTests.test_repeated_read_does_not_post_fees_twice) ... ok
2026-09-14T02:31:39.4425390Z test_sell_taf_and_cat_caps_are_per_trade_before_daily_rounding (test_sealed_historical_management_fee_reconciliation_v01.HistoricalFeeTests.test_sell_taf_and_cat_caps_are_per_trade_before_daily_rounding) ... ok
2026-09-14T02:31:39.4711491Z test_account_lock_persists_and_rejects_new_entry (test_sealed_historical_management_fee_reconciliation_v01.ReconciliationTests.test_account_lock_persists_and_rejects_new_entry) ... ok
2026-09-14T02:31:39.4868741Z test_bad_submission_and_failed_reconciliation_roll_back_entire_transition (test_sealed_historical_management_fee_reconciliation_v01.ReconciliationTests.test_bad_submission_and_failed_reconciliation_roll_back_entire_transition) ... ok
2026-09-14T02:31:39.4960048Z test_bar_completion_delegates_to_frozen_engine_without_account_changes (test_sealed_historical_management_fee_reconciliation_v01.ReconciliationTests.test_bar_completion_delegates_to_frozen_engine_without_account_changes) ... ok
2026-09-14T02:31:39.5314944Z test_both_frozen_execution_scenarios_preserve_closed_boundaries (test_sealed_historical_management_fee_reconciliation_v01.ReconciliationTests.test_both_frozen_execution_scenarios_preserve_closed_boundaries) ... ok
2026-09-14T02:31:39.5436629Z test_complete_target_moves_remaining_ledger_lots_to_breakeven (test_sealed_historical_management_fee_reconciliation_v01.ReconciliationTests.test_complete_target_moves_remaining_ledger_lots_to_breakeven) ... ok
2026-09-14T02:31:39.5523215Z test_entry_pins_and_wrong_account_scenario_fail_without_mutation (test_sealed_historical_management_fee_reconciliation_v01.ReconciliationTests.test_entry_pins_and_wrong_account_scenario_fail_without_mutation) ... ok
2026-09-14T02:31:39.5676793Z test_equal_time_trade_precedes_fill_then_settlement_is_idempotent (test_sealed_historical_management_fee_reconciliation_v01.ReconciliationTests.test_equal_time_trade_precedes_fill_then_settlement_is_idempotent) ... ok
2026-09-14T02:31:39.5858131Z test_exact_net_giveback_boundary_locks (test_sealed_historical_management_fee_reconciliation_v01.ReconciliationTests.test_exact_net_giveback_boundary_locks) ... ok
2026-09-14T02:31:39.6037461Z test_fee_inclusive_high_water_does_not_use_gross_intermediate_peak (test_sealed_historical_management_fee_reconciliation_v01.ReconciliationTests.test_fee_inclusive_high_water_does_not_use_gross_intermediate_peak) ... ok
2026-09-14T02:31:39.6205685Z test_fees_take_small_account_to_exact_daily_loss_boundary (test_sealed_historical_management_fee_reconciliation_v01.ReconciliationTests.test_fees_take_small_account_to_exact_daily_loss_boundary) ... ok
2026-09-14T02:31:39.6409774Z test_full_round_trip_updates_cash_shares_net_pnl_and_guards (test_sealed_historical_management_fee_reconciliation_v01.ReconciliationTests.test_full_round_trip_updates_cash_shares_net_pnl_and_guards) ... ok
2026-09-14T02:31:39.6452283Z test_imported_or_mutated_opening_ledger_rejected (test_sealed_historical_management_fee_reconciliation_v01.ReconciliationTests.test_imported_or_mutated_opening_ledger_rejected) ... ok
2026-09-14T02:31:39.6541902Z test_mutating_exported_state_and_ledger_cannot_change_account (test_sealed_historical_management_fee_reconciliation_v01.ReconciliationTests.test_mutating_exported_state_and_ledger_cannot_change_account) ... ok
2026-09-14T02:31:39.6678361Z test_no_concurrent_position_or_outstanding_ack_release (test_sealed_historical_management_fee_reconciliation_v01.ReconciliationTests.test_no_concurrent_position_or_outstanding_ack_release) ... ok
2026-09-14T02:31:39.6802223Z test_no_fee_cash_or_share_change_on_intent_or_submission (test_sealed_historical_management_fee_reconciliation_v01.ReconciliationTests.test_no_fee_cash_or_share_change_on_intent_or_submission) ... ok
2026-09-14T02:31:39.6935017Z test_one_share_has_no_target_or_breakeven (test_sealed_historical_management_fee_reconciliation_v01.ReconciliationTests.test_one_share_has_no_target_or_breakeven) ... ok
2026-09-14T02:31:39.7051980Z test_partial_target_keeps_original_stop_and_correct_open_risk (test_sealed_historical_management_fee_reconciliation_v01.ReconciliationTests.test_partial_target_keeps_original_stop_and_correct_open_risk) ... ok
2026-09-14T02:31:39.7253159Z test_partial_terminal_cannot_close_or_release_and_charges_actual_fills (test_sealed_historical_management_fee_reconciliation_v01.ReconciliationTests.test_partial_terminal_cannot_close_or_release_and_charges_actual_fills) ... ok
2026-09-14T02:31:39.7338326Z test_recomputed_entry_applies_only_filled_shares_and_entry_fee (test_sealed_historical_management_fee_reconciliation_v01.ReconciliationTests.test_recomputed_entry_applies_only_filled_shares_and_entry_fee) ... ok
2026-09-14T02:31:39.7621856Z test_second_position_cannot_use_reset_ledger_or_stale_pin (test_sealed_historical_management_fee_reconciliation_v01.ReconciliationTests.test_second_position_cannot_use_reset_ledger_or_stale_pin) ... ok
2026-09-14T02:31:39.8030658Z test_second_position_keeps_daily_fee_book_and_net_cash (test_sealed_historical_management_fee_reconciliation_v01.ReconciliationTests.test_second_position_keeps_daily_fee_book_and_net_cash) ... ok
2026-09-14T02:31:39.8188104Z test_zero_exit_fills_have_no_sale_fee_or_proceeds (test_sealed_historical_management_fee_reconciliation_v01.ReconciliationTests.test_zero_exit_fills_have_no_sale_fee_or_proceeds) ... ok
2026-09-14T02:31:40.8288809Z test_direct_cli_generates_synthetic_vectors_and_independent_report (test_sealed_historical_management_fee_reconciliation_v01.RegistrationTests.test_direct_cli_generates_synthetic_vectors_and_independent_report) ... ok
2026-09-14T02:31:41.1253547Z test_independent_checker_validates_vectors_and_rejects_rehashed_wrong_cash (test_sealed_historical_management_fee_reconciliation_v01.RegistrationTests.test_independent_checker_validates_vectors_and_rejects_rehashed_wrong_cash) ... ok
2026-09-14T02:31:41.1445376Z test_metadata_never_opens_market_tapes_or_executes_history (test_sealed_historical_management_fee_reconciliation_v01.RegistrationTests.test_metadata_never_opens_market_tapes_or_executes_history) ... ok
2026-09-14T02:31:41.1621287Z test_parent_source_and_implementation_mutations_fail (test_sealed_historical_management_fee_reconciliation_v01.RegistrationTests.test_parent_source_and_implementation_mutations_fail) ... ok
2026-09-14T02:31:41.1900040Z test_registration_and_complete_session_fee_map (test_sealed_historical_management_fee_reconciliation_v01.RegistrationTests.test_registration_and_complete_session_fee_map) ... ok
2026-09-14T02:31:41.2520420Z test_write_once_and_rehashed_metadata_still_fails_reconstruction (test_sealed_historical_management_fee_reconciliation_v01.RegistrationTests.test_write_once_and_rehashed_metadata_still_fails_reconstruction) ... ok
2026-09-14T02:31:41.2645973Z test_all_caller_evidence_pins_are_required (test_sealed_historical_management_fill_feedback_v01.FillFeedbackTests.test_all_caller_evidence_pins_are_required) ... ok
2026-09-14T02:31:41.2772198Z test_availability_reference_and_reason_must_match (test_sealed_historical_management_fill_feedback_v01.FillFeedbackTests.test_availability_reference_and_reason_must_match) ... ok
2026-09-14T02:31:41.2830557Z test_binding_recomputes_positive_fill_exact_event_and_does_not_mutate_ledger (test_sealed_historical_management_fill_feedback_v01.FillFeedbackTests.test_binding_recomputes_positive_fill_exact_event_and_does_not_mutate_ledger) ... ok
2026-09-14T02:31:41.2896153Z test_cancel_ack_boundary_does_not_supply_a_last_instant_fill (test_sealed_historical_management_fill_feedback_v01.FillFeedbackTests.test_cancel_ack_boundary_does_not_supply_a_last_instant_fill) ... ok
2026-09-14T02:31:41.2959996Z test_changed_intent_or_duplicate_submission_is_rejected (test_sealed_historical_management_fill_feedback_v01.FillFeedbackTests.test_changed_intent_or_duplicate_submission_is_rejected) ... ok
2026-09-14T02:31:44.2030452Z test_cli_verifies_offline_and_exposes_no_runtime_mode (test_sealed_historical_management_fill_feedback_v01.FillFeedbackTests.test_cli_verifies_offline_and_exposes_no_runtime_mode) ... ok
2026-09-14T02:31:44.2118374Z test_common_tape_cannot_change_between_exit_attempts (test_sealed_historical_management_fill_feedback_v01.FillFeedbackTests.test_common_tape_cannot_change_between_exit_attempts) ... ok
2026-09-14T02:31:44.2187629Z test_competing_stop_during_target_is_latched_without_overselling (test_sealed_historical_management_fill_feedback_v01.FillFeedbackTests.test_competing_stop_during_target_is_latched_without_overselling) ... ok
2026-09-14T02:31:44.2245457Z test_completed_red_bar_needs_a_subsequent_eligible_print (test_sealed_historical_management_fill_feedback_v01.FillFeedbackTests.test_completed_red_bar_needs_a_subsequent_eligible_print) ... ok
2026-09-14T02:31:44.2361982Z test_cross_profile_or_session_slot_substitution_rejected (test_sealed_historical_management_fill_feedback_v01.FillFeedbackTests.test_cross_profile_or_session_slot_substitution_rejected) ... ok
2026-09-14T02:31:44.2418514Z test_entry_timestamp_prints_are_excluded (test_sealed_historical_management_fill_feedback_v01.FillFeedbackTests.test_entry_timestamp_prints_are_excluded) ... ok
2026-09-14T02:31:44.2489535Z test_equal_time_print_precedes_fill_feedback (test_sealed_historical_management_fill_feedback_v01.FillFeedbackTests.test_equal_time_print_precedes_fill_feedback) ... ok
2026-09-14T02:31:45.0883210Z test_exact_population_dates_availability_and_all_path_references (test_sealed_historical_management_fill_feedback_v01.FillFeedbackTests.test_exact_population_dates_availability_and_all_path_references) ... ok
2026-09-14T02:31:45.0947844Z test_exit_capture_tail_cannot_extend_original_window (test_sealed_historical_management_fill_feedback_v01.FillFeedbackTests.test_exit_capture_tail_cannot_extend_original_window) ... ok
2026-09-14T02:31:45.0991590Z test_forged_plan_identity_rejected_after_all_outer_hashes_recomputed (test_sealed_historical_management_fill_feedback_v01.FillFeedbackTests.test_forged_plan_identity_rejected_after_all_outer_hashes_recomputed) ... ok
2026-09-14T02:31:45.1057581Z test_full_target_fill_moves_stop_only_at_known_fill_time (test_sealed_historical_management_fill_feedback_v01.FillFeedbackTests.test_full_target_fill_moves_stop_only_at_known_fill_time) ... ok
2026-09-14T02:31:45.9822224Z test_implementation_mutation_invalidates_registration (test_sealed_historical_management_fill_feedback_v01.FillFeedbackTests.test_implementation_mutation_invalidates_registration) ... ok
2026-09-14T02:31:45.9885468Z test_invalid_nanosecond_clock_is_rejected_without_advancing (test_sealed_historical_management_fill_feedback_v01.FillFeedbackTests.test_invalid_nanosecond_clock_is_rejected_without_advancing) ... ok
2026-09-14T02:31:45.9953394Z test_latched_initial_stop_is_not_relabelled_after_target_fill (test_sealed_historical_management_fill_feedback_v01.FillFeedbackTests.test_latched_initial_stop_is_not_relabelled_after_target_fill) ... ok
2026-09-14T02:31:46.0009639Z test_late_bar_cannot_create_signal_after_frozen_signal_window (test_sealed_historical_management_fill_feedback_v01.FillFeedbackTests.test_late_bar_cannot_create_signal_after_frozen_signal_window) ... ok
2026-09-14T02:31:46.0062919Z test_locked_account_cannot_create_accepted_binding (test_sealed_historical_management_fill_feedback_v01.FillFeedbackTests.test_locked_account_cannot_create_accepted_binding) ... ok
2026-09-14T02:31:46.8418019Z test_metadata_build_never_opens_tapes_or_executes_entries (test_sealed_historical_management_fill_feedback_v01.FillFeedbackTests.test_metadata_build_never_opens_tapes_or_executes_entries) ... ok
2026-09-14T02:31:46.8485173Z test_missing_fresh_sell_reference_cannot_use_SIP_target_as_limit (test_sealed_historical_management_fill_feedback_v01.FillFeedbackTests.test_missing_fresh_sell_reference_cannot_use_SIP_target_as_limit) ... ok
2026-09-14T02:31:46.8538542Z test_no_end_of_window_liquidation (test_sealed_historical_management_fill_feedback_v01.FillFeedbackTests.test_no_end_of_window_liquidation) ... ok
2026-09-14T02:31:46.8592130Z test_original_source_ordinals_and_native_ties_survive_fill_binding (test_sealed_historical_management_fill_feedback_v01.FillFeedbackTests.test_original_source_ordinals_and_native_ties_survive_fill_binding) ... ok
2026-09-14T02:31:46.8632445Z test_original_stop_and_decision_cannot_be_replaced (test_sealed_historical_management_fill_feedback_v01.FillFeedbackTests.test_original_stop_and_decision_cannot_be_replaced) ... ok
2026-09-14T02:31:46.8690198Z test_outstanding_intent_cannot_use_later_data_at_earlier_clock (test_sealed_historical_management_fill_feedback_v01.FillFeedbackTests.test_outstanding_intent_cannot_use_later_data_at_earlier_clock) ... ok
2026-09-14T02:31:46.8696878Z test_parent_mutation_is_rejected_even_if_child_would_be_rehashed (test_sealed_historical_management_fill_feedback_v01.FillFeedbackTests.test_parent_mutation_is_rejected_even_if_child_would_be_rehashed) ... ok
2026-09-14T02:31:46.8770997Z test_partial_final_exit_remains_open_unresolved_without_automatic_retry (test_sealed_historical_management_fill_feedback_v01.FillFeedbackTests.test_partial_final_exit_remains_open_unresolved_without_automatic_retry) ... ok
2026-09-14T02:31:46.8833702Z test_partial_target_keeps_stop_and_reserves_unfilled_tranche_until_ack (test_sealed_historical_management_fill_feedback_v01.FillFeedbackTests.test_partial_target_keeps_stop_and_reserves_unfilled_tranche_until_ack) ... ok
2026-09-14T02:31:46.8894521Z test_previously_consumed_liquidity_cannot_be_spent_again (test_sealed_historical_management_fill_feedback_v01.FillFeedbackTests.test_previously_consumed_liquidity_cannot_be_spent_again) ... ok
2026-09-14T02:31:47.7602572Z test_registration_pins_completed_parent_and_closed_historical_boundary (test_sealed_historical_management_fill_feedback_v01.FillFeedbackTests.test_registration_pins_completed_parent_and_closed_historical_boundary) ... ok
2026-09-14T02:31:47.7670971Z test_repeated_feedback_cannot_duplicate_sell_fills_or_acknowledgments (test_sealed_historical_management_fill_feedback_v01.FillFeedbackTests.test_repeated_feedback_cannot_duplicate_sell_fills_or_acknowledgments) ... ok
2026-09-14T02:31:47.7755943Z test_risk_limits_and_initial_seed_are_not_caller_options (test_sealed_historical_management_fill_feedback_v01.FillFeedbackTests.test_risk_limits_and_initial_seed_are_not_caller_options) ... ok
2026-09-14T02:31:47.7803074Z test_second_entry_or_add_campaign_is_explicitly_unsupported (test_sealed_historical_management_fill_feedback_v01.FillFeedbackTests.test_second_entry_or_add_campaign_is_explicitly_unsupported) ... ok
2026-09-14T02:31:48.2830665Z test_seeded_synthetic_partial_paths_conserve_shares_in_both_scenarios (test_sealed_historical_management_fill_feedback_v01.FillFeedbackTests.test_seeded_synthetic_partial_paths_conserve_shares_in_both_scenarios) ... ok
2026-09-14T02:31:48.2896560Z test_sell_fill_uses_executable_bid_even_when_it_differs_from_SIP_target (test_sealed_historical_management_fill_feedback_v01.FillFeedbackTests.test_sell_fill_uses_executable_bid_even_when_it_differs_from_SIP_target) ... ok
2026-09-14T02:31:48.2950206Z test_small_account_uses_its_frozen_risk_capacity (test_sealed_historical_management_fill_feedback_v01.FillFeedbackTests.test_small_account_uses_its_frozen_risk_capacity) ... ok
2026-09-14T02:31:48.3018248Z test_snapshot_copies_and_event_hash_chain_preserve_evidence (test_sealed_historical_management_fill_feedback_v01.FillFeedbackTests.test_snapshot_copies_and_event_hash_chain_preserve_evidence) ... ok
2026-09-14T02:31:48.3076274Z test_source_conditions_unknown_codes_and_clean_odd_lots (test_sealed_historical_management_fill_feedback_v01.FillFeedbackTests.test_source_conditions_unknown_codes_and_clean_odd_lots) ... ok
2026-09-14T02:31:48.3135619Z test_source_order_and_clock_reversal_rejected_without_state_mutation (test_sealed_historical_management_fill_feedback_v01.FillFeedbackTests.test_source_order_and_clock_reversal_rejected_without_state_mutation) ... ok
2026-09-14T02:31:48.3190545Z test_stop_has_priority_over_completed_red_and_target (test_sealed_historical_management_fill_feedback_v01.FillFeedbackTests.test_stop_has_priority_over_completed_red_and_target) ... ok
2026-09-14T02:31:48.3335959Z test_target_then_terminal_fills_close_exact_shares_at_quote_prices (test_sealed_historical_management_fill_feedback_v01.FillFeedbackTests.test_target_then_terminal_fills_close_exact_shares_at_quote_prices) ... ok
2026-09-14T02:31:48.3398082Z test_touch_and_pending_execution_do_not_activate_breakeven (test_sealed_historical_management_fill_feedback_v01.FillFeedbackTests.test_touch_and_pending_execution_do_not_activate_breakeven) ... ok
2026-09-14T02:31:48.3439440Z test_unavailable_entry_never_promoted_by_management_data (test_sealed_historical_management_fill_feedback_v01.FillFeedbackTests.test_unavailable_entry_never_promoted_by_management_data) ... ok
2026-09-14T02:31:48.3528038Z test_unknown_status_or_missing_quote_is_not_inferred (test_sealed_historical_management_fill_feedback_v01.FillFeedbackTests.test_unknown_status_or_missing_quote_is_not_inferred) ... ok
2026-09-14T02:31:48.3742440Z test_whole_share_rounding_and_one_share_target_behavior (test_sealed_historical_management_fill_feedback_v01.FillFeedbackTests.test_whole_share_rounding_and_one_share_target_behavior) ... ok
2026-09-14T02:31:48.3779384Z test_workflow_is_read_only_pinned_without_provider_credentials (test_sealed_historical_management_fill_feedback_v01.FillFeedbackTests.test_workflow_is_read_only_pinned_without_provider_credentials) ... ok
2026-09-14T02:31:50.9417617Z test_write_once_and_rehashed_metadata_cannot_pass_reconstruction (test_sealed_historical_management_fill_feedback_v01.FillFeedbackTests.test_write_once_and_rehashed_metadata_cannot_pass_reconstruction) ... ok
2026-09-14T02:31:53.4907844Z test_wrong_output_symlink_and_extra_inventory_fail (test_sealed_historical_management_fill_feedback_v01.FillFeedbackTests.test_wrong_output_symlink_and_extra_inventory_fail) ... ok
2026-09-14T02:31:53.4979191Z test_zero_final_fill_remains_open (test_sealed_historical_management_fill_feedback_v01.FillFeedbackTests.test_zero_final_fill_remains_open) ... ok
2026-09-14T02:31:53.5035167Z test_zero_liquidity_does_not_become_an_entry_receipt (test_sealed_historical_management_fill_feedback_v01.FillFeedbackTests.test_zero_liquidity_does_not_become_an_entry_receipt) ... ok
2026-09-14T02:31:53.5100171Z test_zero_target_fill_does_not_move_stop_or_reduce_position (test_sealed_historical_management_fill_feedback_v01.FillFeedbackTests.test_zero_target_fill_does_not_move_stop_or_reduce_position) ... ok
2026-09-14T02:31:53.5401419Z test_bundle_tamper_or_extra_file_cannot_match_committed_metadata (test_sealed_historical_management_inputs_v01.ManagementInputsTests.test_bundle_tamper_or_extra_file_cannot_match_committed_metadata) ... ok
2026-09-14T02:31:55.0013273Z test_cli_registration_runs_with_early_offline_guard (test_sealed_historical_management_inputs_v01.ManagementInputsTests.test_cli_registration_runs_with_early_offline_guard) ... ok
2026-09-14T02:31:55.0028700Z test_complete_compressor_is_written_once_and_synced_after_finalization (test_sealed_historical_management_inputs_v01.ManagementInputsTests.test_complete_compressor_is_written_once_and_synced_after_finalization) ... ok
2026-09-14T02:31:55.0055303Z test_composition_copies_bytes_and_maps_original_ordinals_including_ties (test_sealed_historical_management_inputs_v01.ManagementInputsTests.test_composition_copies_bytes_and_maps_original_ordinals_including_ties) ... ok
2026-09-14T02:31:55.0112139Z test_composition_failure_keeps_partial_evidence_without_success_manifest (test_sealed_historical_management_inputs_v01.ManagementInputsTests.test_composition_failure_keeps_partial_evidence_without_success_manifest) ... ok
2026-09-14T02:31:55.0147430Z test_compression_is_deterministic_and_does_not_embed_path_or_timestamp (test_sealed_historical_management_inputs_v01.ManagementInputsTests.test_compression_is_deterministic_and_does_not_embed_path_or_timestamp) ... ok
2026-09-14T02:31:55.0157959Z test_empty_and_source_ordinal_type_errors_fail (test_sealed_historical_management_inputs_v01.ManagementInputsTests.test_empty_and_source_ordinal_type_errors_fail) ... ok
2026-09-14T02:31:55.0176622Z test_empty_complete_resources_keep_receipts_and_valid_empty_tapes (test_sealed_historical_management_inputs_v01.ManagementInputsTests.test_empty_complete_resources_keep_receipts_and_valid_empty_tapes) ... ok
2026-09-14T02:31:55.0480590Z test_end_to_end_build_freeze_reader_and_complete_reconstruction (test_sealed_historical_management_inputs_v01.ManagementInputsTests.test_end_to_end_build_freeze_reader_and_complete_reconstruction) ... ok
2026-09-14T02:31:55.0483085Z test_exact_10am_join_preserves_nanosecond_endpoints (test_sealed_historical_management_inputs_v01.ManagementInputsTests.test_exact_10am_join_preserves_nanosecond_endpoints) ... ok
2026-09-14T02:31:55.0485790Z test_exact_112_resources_use_122_disjoint_segments_and_all_ten_tails (test_sealed_historical_management_inputs_v01.ManagementInputsTests.test_exact_112_resources_use_122_disjoint_segments_and_all_ten_tails) ... ok
2026-09-14T02:31:55.0496975Z test_existing_composition_and_repo_input_targets_are_rejected_before_source_access (test_sealed_historical_management_inputs_v01.ManagementInputsTests.test_existing_composition_and_repo_input_targets_are_rejected_before_source_access) ... ok
2026-09-14T02:31:55.0572090Z test_final_file_change_cannot_be_sealed_as_a_successful_inventory (test_sealed_historical_management_inputs_v01.ManagementInputsTests.test_final_file_change_cannot_be_sealed_as_a_successful_inventory) ... ok
2026-09-14T02:31:55.0583650Z test_gap_overlap_extension_reversal_and_float_boundaries_fail (test_sealed_historical_management_inputs_v01.ManagementInputsTests.test_gap_overlap_extension_reversal_and_float_boundaries_fail) ... ok
2026-09-14T02:31:55.0630906Z test_hosted_workflow_has_no_market_credentials_or_capture_and_checks_committed_freeze (test_sealed_historical_management_inputs_v01.ManagementInputsTests.test_hosted_workflow_has_no_market_credentials_or_capture_and_checks_committed_freeze) ... ok
2026-09-14T02:31:55.0893345Z test_omitted_or_reordered_resource_receipts_do_not_create_readiness (test_sealed_historical_management_inputs_v01.ManagementInputsTests.test_omitted_or_reordered_resource_receipts_do_not_create_readiness) ... ok
2026-09-14T02:31:55.1097460Z test_opportunity_index_preserves_109_identities_23_unavailable_and_all_30_dates (test_sealed_historical_management_inputs_v01.ManagementInputsTests.test_opportunity_index_preserves_109_identities_23_unavailable_and_all_30_dates) ... ok
2026-09-14T02:31:55.1101380Z test_parent_audit_edit_cannot_be_resealed (test_sealed_historical_management_inputs_v01.ManagementInputsTests.test_parent_audit_edit_cannot_be_resealed) ... ok
2026-09-14T02:31:55.1400411Z test_parent_counts_predict_all_rows_without_reclassifying_prints (test_sealed_historical_management_inputs_v01.ManagementInputsTests.test_parent_counts_predict_all_rows_without_reclassifying_prints) ... ok
2026-09-14T02:31:55.1443905Z test_raw_minute_bars_reject_unaligned_or_repeated_timestamps (test_sealed_historical_management_inputs_v01.ManagementInputsTests.test_raw_minute_bars_reject_unaligned_or_repeated_timestamps) ... ok
2026-09-14T02:31:55.1482280Z test_reader_clips_shared_window_and_preserves_tail_source_ordinals (test_sealed_historical_management_inputs_v01.ManagementInputsTests.test_reader_clips_shared_window_and_preserves_tail_source_ordinals) ... ok
2026-09-14T02:31:55.1516585Z test_reader_handles_empty_prefix_and_returns_independent_opportunity_copies (test_sealed_historical_management_inputs_v01.ManagementInputsTests.test_reader_handles_empty_prefix_and_returns_independent_opportunity_copies) ... ok
2026-09-14T02:31:55.1555236Z test_reader_rejects_unknown_opportunity_resource_and_changed_tape (test_sealed_historical_management_inputs_v01.ManagementInputsTests.test_reader_rejects_unknown_opportunity_resource_and_changed_tape) ... ok
2026-09-14T02:31:55.1565640Z test_reader_requires_external_manifest_pin_even_for_resealed_metadata (test_sealed_historical_management_inputs_v01.ManagementInputsTests.test_reader_requires_external_manifest_pin_even_for_resealed_metadata) ... ok
2026-09-14T02:31:55.9788652Z test_registration_binds_verified_capture_parent_without_runtime_authority (test_sealed_historical_management_inputs_v01.ManagementInputsTests.test_registration_binds_verified_capture_parent_without_runtime_authority) ... ok
2026-09-14T02:31:55.9824087Z test_resealed_file_inventory_does_not_override_original_logical_receipt (test_sealed_historical_management_inputs_v01.ManagementInputsTests.test_resealed_file_inventory_does_not_override_original_logical_receipt) ... ok
2026-09-14T02:31:55.9869779Z test_source_order_and_parent_selection_commitment_cannot_change (test_sealed_historical_management_inputs_v01.ManagementInputsTests.test_source_order_and_parent_selection_commitment_cannot_change) ... ok
2026-09-14T02:31:55.9917161Z test_source_verification_rejects_missing_or_wrong_archives_before_reconstruction (test_sealed_historical_management_inputs_v01.ManagementInputsTests.test_source_verification_rejects_missing_or_wrong_archives_before_reconstruction) ... ok
2026-09-14T02:31:55.9943113Z test_tail_cannot_copy_an_event_at_exact_exclusive_end (test_sealed_historical_management_inputs_v01.ManagementInputsTests.test_tail_cannot_copy_an_event_at_exact_exclusive_end) ... ok
2026-09-14T02:31:55.9970823Z test_tape_path_traversal_and_symlink_parent_fail_before_write (test_sealed_historical_management_inputs_v01.ManagementInputsTests.test_tape_path_traversal_and_symlink_parent_fail_before_write) ... ok
2026-09-14T02:31:55.9997403Z test_truncated_source_cannot_supply_missing_selected_records (test_sealed_historical_management_inputs_v01.ManagementInputsTests.test_truncated_source_cannot_supply_missing_selected_records) ... ok
2026-09-14T02:31:56.3114054Z test_all_frozen_conditions_and_pairs_match_micro_eligibility (test_sealed_historical_management_projection_v01.ManagementProjectionTests.test_all_frozen_conditions_and_pairs_match_micro_eligibility) ... ok
2026-09-14T02:31:56.3118090Z test_all_same_fill_timestamp_prints_are_excluded (test_sealed_historical_management_projection_v01.ManagementProjectionTests.test_all_same_fill_timestamp_prints_are_excluded) ... ok
2026-09-14T02:31:56.3121159Z test_bar_closing_at_fill_is_excluded (test_sealed_historical_management_projection_v01.ManagementProjectionTests.test_bar_closing_at_fill_is_excluded) ... ok
2026-09-14T02:31:56.3124562Z test_breakeven_stop_beats_completed_red (test_sealed_historical_management_projection_v01.ManagementProjectionTests.test_breakeven_stop_beats_completed_red) ... ok
2026-09-14T02:31:59.6054145Z test_bundle_is_deterministic_write_once_and_tamper_evident (test_sealed_historical_management_projection_v01.ManagementProjectionTests.test_bundle_is_deterministic_write_once_and_tamper_evident) ... ok
2026-09-14T02:31:59.6057032Z test_clean_odd_lot_is_transaction_only (test_sealed_historical_management_projection_v01.ManagementProjectionTests.test_clean_odd_lot_is_transaction_only) ... ok
2026-09-14T02:32:01.0902314Z test_cli_is_offline_metadata_only_and_has_no_historical_run_mode (test_sealed_historical_management_projection_v01.ManagementProjectionTests.test_cli_is_offline_metadata_only_and_has_no_historical_run_mode) ... ok
2026-09-14T02:32:01.0907506Z test_completed_red_beats_target_at_exact_close (test_sealed_historical_management_projection_v01.ManagementProjectionTests.test_completed_red_beats_target_at_exact_close) ... ok
2026-09-14T02:32:01.0911628Z test_empty_path_is_not_liquidated (test_sealed_historical_management_projection_v01.ManagementProjectionTests.test_empty_path_is_not_liquidated) ... ok
2026-09-14T02:32:01.0915523Z test_equal_timestamp_source_order_preserved (test_sealed_historical_management_projection_v01.ManagementProjectionTests.test_equal_timestamp_source_order_preserved) ... ok
2026-09-14T02:32:01.0918818Z test_existing_float_target_rounding_is_not_reinterpreted (test_sealed_historical_management_projection_v01.ManagementProjectionTests.test_existing_float_target_rounding_is_not_reinterpreted) ... ok
2026-09-14T02:32:01.0921837Z test_exit_envelope_exact_nanoseconds_and_midnight (test_sealed_historical_management_projection_v01.ManagementProjectionTests.test_exit_envelope_exact_nanoseconds_and_midnight) ... ok
2026-09-14T02:32:01.0924325Z test_exit_tail_edge_censored_without_window_extension (test_sealed_historical_management_projection_v01.ManagementProjectionTests.test_exit_tail_edge_censored_without_window_extension) ... ok
2026-09-14T02:32:01.0926669Z test_frozen_signal_tail_and_exit_capture_constants_match (test_sealed_historical_management_projection_v01.ManagementProjectionTests.test_frozen_signal_tail_and_exit_capture_constants_match) ... ok
2026-09-14T02:32:01.0930531Z test_full_input_is_validated_even_after_terminal_proxy (test_sealed_historical_management_projection_v01.ManagementProjectionTests.test_full_input_is_validated_even_after_terminal_proxy) ... ok
2026-09-14T02:32:01.9627587Z test_implementation_mutation_invalidates_registration (test_sealed_historical_management_projection_v01.ManagementProjectionTests.test_implementation_mutation_invalidates_registration) ... ok
2026-09-14T02:32:01.9631874Z test_inputs_not_mutated_and_outputs_detached (test_sealed_historical_management_projection_v01.ManagementProjectionTests.test_inputs_not_mutated_and_outputs_detached) ... ok
2026-09-14T02:32:01.9635031Z test_invalid_fill_and_stop_fail_closed (test_sealed_historical_management_projection_v01.ManagementProjectionTests.test_invalid_fill_and_stop_fail_closed) ... ok
2026-09-14T02:32:01.9640549Z test_lineage_and_timestamp_tampering_fail_closed (test_sealed_historical_management_projection_v01.ManagementProjectionTests.test_lineage_and_timestamp_tampering_fail_closed) ... ok
2026-09-14T02:32:02.7871215Z test_metadata_preserves_full_population_without_running_primitive (test_sealed_historical_management_projection_v01.ManagementProjectionTests.test_metadata_preserves_full_population_without_running_primitive) ... ok
2026-09-14T02:32:02.7874403Z test_new_source_segment_can_restart_source_ordinal (test_sealed_historical_management_projection_v01.ManagementProjectionTests.test_new_source_segment_can_restart_source_ordinal) ... ok
2026-09-14T02:32:02.7877195Z test_no_post_terminal_red_metadata (test_sealed_historical_management_projection_v01.ManagementProjectionTests.test_no_post_terminal_red_metadata) ... ok
2026-09-14T02:32:02.7879733Z test_one_nanosecond_after_fill_can_trigger (test_sealed_historical_management_projection_v01.ManagementProjectionTests.test_one_nanosecond_after_fill_can_trigger) ... ok
2026-09-14T02:32:02.7882181Z test_original_window_required (test_sealed_historical_management_projection_v01.ManagementProjectionTests.test_original_window_required) ... ok
2026-09-14T02:32:02.7888096Z test_parent_mutation_cannot_be_resealed (test_sealed_historical_management_projection_v01.ManagementProjectionTests.test_parent_mutation_cannot_be_resealed) ... ok
2026-09-14T02:32:02.7890867Z test_pending_red_without_following_eligible_print_stays_open (test_sealed_historical_management_projection_v01.ManagementProjectionTests.test_pending_red_without_following_eligible_print_stays_open) ... ok
2026-09-14T02:32:03.9950866Z test_randomized_synthetic_leg_parity_with_frozen_external_fill_engine (test_sealed_historical_management_projection_v01.ManagementProjectionTests.test_randomized_synthetic_leg_parity_with_frozen_external_fill_engine) ... ok
2026-09-14T02:32:03.9953706Z test_red_not_visible_at_bar_start_or_before_close (test_sealed_historical_management_projection_v01.ManagementProjectionTests.test_red_not_visible_at_bar_start_or_before_close) ... ok
2026-09-14T02:32:04.8049900Z test_registration_binds_verified_parent_and_keeps_runtime_closed (test_sealed_historical_management_projection_v01.ManagementProjectionTests.test_registration_binds_verified_parent_and_keeps_runtime_closed) ... ok
2026-09-14T02:32:04.8053704Z test_repeated_target_prints_cannot_sell_extra_fraction (test_sealed_historical_management_projection_v01.ManagementProjectionTests.test_repeated_target_prints_cannot_sell_extra_fraction) ... ok
2026-09-14T02:32:04.8056930Z test_scenario_requirements_equal_frozen_execution_policies (test_sealed_historical_management_projection_v01.ManagementProjectionTests.test_scenario_requirements_equal_frozen_execution_policies) ... ok
2026-09-14T02:32:04.8061211Z test_signal_end_is_inclusive_but_next_bar_close_is_excluded (test_sealed_historical_management_projection_v01.ManagementProjectionTests.test_signal_end_is_inclusive_but_next_bar_close_is_excluded) ... ok
2026-09-14T02:32:04.8066127Z test_source_window_end_exclusive_and_start_inclusive (test_sealed_historical_management_projection_v01.ManagementProjectionTests.test_source_window_end_exclusive_and_start_inclusive) ... ok
2026-09-14T02:32:04.8069238Z test_stop_and_target_continue_through_original_tail (test_sealed_historical_management_projection_v01.ManagementProjectionTests.test_stop_and_target_continue_through_original_tail) ... ok
2026-09-14T02:32:04.8071938Z test_stop_beats_completed_red (test_sealed_historical_management_projection_v01.ManagementProjectionTests.test_stop_beats_completed_red) ... ok
2026-09-14T02:32:04.8074932Z test_target_gap_retains_target_proxy_and_observed_source_price (test_sealed_historical_management_projection_v01.ManagementProjectionTests.test_target_gap_retains_target_proxy_and_observed_source_price) ... ok
2026-09-14T02:32:04.8078214Z test_unavailable_entry_is_never_repaired_by_management (test_sealed_historical_management_projection_v01.ManagementProjectionTests.test_unavailable_entry_is_never_repaired_by_management) ... ok
2026-09-14T02:32:04.8081872Z test_unknown_or_disqualified_odd_lot_cannot_trigger (test_sealed_historical_management_projection_v01.ManagementProjectionTests.test_unknown_or_disqualified_odd_lot_cannot_trigger) ... ok
2026-09-14T02:32:04.8084455Z test_unsorted_or_duplicate_bars_fail_closed (test_sealed_historical_management_projection_v01.ManagementProjectionTests.test_unsorted_or_duplicate_bars_fail_closed) ... ok
2026-09-14T02:32:04.8091065Z test_unsorted_prints_or_noncanonical_rows_fail_closed (test_sealed_historical_management_projection_v01.ManagementProjectionTests.test_unsorted_prints_or_noncanonical_rows_fail_closed) ... ok
2026-09-14T02:32:04.8125572Z test_workflow_is_read_only_offline_and_hash_locked (test_sealed_historical_management_projection_v01.ManagementProjectionTests.test_workflow_is_read_only_offline_and_hash_locked) ... ok
2026-09-14T02:32:04.8135241Z test_wrong_repository_output_and_symlink_rejected (test_sealed_historical_management_projection_v01.ManagementProjectionTests.test_wrong_repository_output_and_symlink_rejected) ... ok
2026-09-14T02:32:04.8138371Z test_zero_size_retains_frozen_price_eligibility_without_new_filter (test_sealed_historical_management_projection_v01.ManagementProjectionTests.test_zero_size_retains_frozen_price_eligibility_without_new_filter) ... ok
2026-09-14T02:32:04.8509337Z test_all_56_windows_and_109_opportunities_remain_with_51_full_envelopes (test_sealed_historical_management_reuse_v01.ManagementReuseTests.test_all_56_windows_and_109_opportunities_remain_with_51_full_envelopes) ... ok
2026-09-14T02:32:04.8521847Z test_changed_archive_is_rejected_before_reading_rows (test_sealed_historical_management_reuse_v01.ManagementReuseTests.test_changed_archive_is_rejected_before_reading_rows) ... ok
2026-09-14T02:32:06.2655004Z test_cli_registration_succeeds_under_offline_audit_guard (test_sealed_historical_management_reuse_v01.ManagementReuseTests.test_cli_registration_succeeds_under_offline_audit_guard) ... ok
2026-09-14T02:32:06.2678253Z test_each_retained_file_hash_is_checked (test_sealed_historical_management_reuse_v01.ManagementReuseTests.test_each_retained_file_hash_is_checked) ... ok
2026-09-14T02:32:06.2693329Z test_full_tape_logical_hash_is_checked_even_without_selected_rows (test_sealed_historical_management_reuse_v01.ManagementReuseTests.test_full_tape_logical_hash_is_checked_even_without_selected_rows) ... ok
2026-09-14T02:32:06.2716335Z test_incomplete_ledger_is_rejected_even_with_rehashed_inventory (test_sealed_historical_management_reuse_v01.ManagementReuseTests.test_incomplete_ledger_is_rejected_even_with_rehashed_inventory) ... ok
2026-09-14T02:32:06.2719604Z test_interval_partition_rejects_float_boolean_and_reversed_bounds (test_sealed_historical_management_reuse_v01.ManagementReuseTests.test_interval_partition_rejects_float_boolean_and_reversed_bounds) ... ok
2026-09-14T02:32:06.2722667Z test_interval_partition_unions_touching_and_overlapping_sources (test_sealed_historical_management_reuse_v01.ManagementReuseTests.test_interval_partition_unions_touching_and_overlapping_sources) ... ok
2026-09-14T02:32:06.2725460Z test_missing_tails_are_exact_and_include_unavailable_jva (test_sealed_historical_management_reuse_v01.ManagementReuseTests.test_missing_tails_are_exact_and_include_unavailable_jva) ... ok
2026-09-14T02:32:06.2743535Z test_no_observed_row_does_not_shrink_the_verified_request_envelope (test_sealed_historical_management_reuse_v01.ManagementReuseTests.test_no_observed_row_does_not_shrink_the_verified_request_envelope) ... ok
2026-09-14T02:32:06.2766568Z test_noncanonical_selected_row_cannot_be_silently_repaired (test_sealed_historical_management_reuse_v01.ManagementReuseTests.test_noncanonical_selected_row_cannot_be_silently_repaired) ... ok
2026-09-14T02:32:06.2774643Z test_output_cannot_overwrite_parent_or_follow_symlink (test_sealed_historical_management_reuse_v01.ManagementReuseTests.test_output_cannot_overwrite_parent_or_follow_symlink) ... ok
2026-09-14T02:32:06.2777004Z test_partition_preserves_nanosecond_gaps (test_sealed_historical_management_reuse_v01.ManagementReuseTests.test_partition_preserves_nanosecond_gaps) ... ok
2026-09-14T02:32:07.2421980Z test_registration_preserves_account_seed_parent_and_all_closed_gates (test_sealed_historical_management_reuse_v01.ManagementReuseTests.test_registration_preserves_account_seed_parent_and_all_closed_gates) ... ok
2026-09-14T02:32:07.2528747Z test_required_selected_fields_are_normalized_fail_closed (test_sealed_historical_management_reuse_v01.ManagementReuseTests.test_required_selected_fields_are_normalized_fail_closed) ... ok
2026-09-14T02:32:07.2553790Z test_selected_rows_preserve_order_nanoseconds_and_unfiltered_conditions (test_sealed_historical_management_reuse_v01.ManagementReuseTests.test_selected_rows_preserve_order_nanoseconds_and_unfiltered_conditions) ... ok
2026-09-14T02:32:07.2679420Z test_source_normalization_preserves_management_bar_and_trade_projection_inputs (test_sealed_historical_management_reuse_v01.ManagementReuseTests.test_source_normalization_preserves_management_bar_and_trade_projection_inputs) ... ok
2026-09-14T02:32:07.2703099Z test_source_order_is_not_silently_sorted (test_sealed_historical_management_reuse_v01.ManagementReuseTests.test_source_order_is_not_silently_sorted) ... ok
2026-09-14T02:32:10.5732138Z test_synthetic_full_population_roundtrip_write_once_and_tamper_detection (test_sealed_historical_management_reuse_v01.ManagementReuseTests.test_synthetic_full_population_roundtrip_write_once_and_tamper_detection) ... ok
2026-09-14T02:32:13.8481617Z test_unregistered_request_or_invalid_pagination_fails (test_sealed_historical_management_reuse_v01.ManagementReuseTests.test_unregistered_request_or_invalid_pagination_fails) ... ok
2026-09-14T02:32:13.8490865Z test_unsafe_or_duplicate_archive_members_are_rejected (test_sealed_historical_management_reuse_v01.ManagementReuseTests.test_unsafe_or_duplicate_archive_members_are_rejected) ... ok
2026-09-14T02:32:15.4435209Z test_wire_urls_preserve_exact_bounds_raw_sip_identity_and_opaque_tokens (test_sealed_historical_management_reuse_v01.ManagementReuseTests.test_wire_urls_preserve_exact_bounds_raw_sip_identity_and_opaque_tokens) ... ok
2026-09-14T02:32:15.4456366Z test_wrong_request_identity_is_rejected (test_sealed_historical_management_reuse_v01.ManagementReuseTests.test_wrong_request_identity_is_rejected) ... ok
2026-09-14T02:32:15.4543057Z test_all_same_time_native_prints_precede_feedback (test_sealed_historical_management_runner_v01.RunnerMechanicsTests.test_all_same_time_native_prints_precede_feedback) ... ok
2026-09-14T02:32:15.4621691Z test_bar_cannot_signal_before_its_close (test_sealed_historical_management_runner_v01.RunnerMechanicsTests.test_bar_cannot_signal_before_its_close) ... ok
2026-09-14T02:32:15.5307486Z test_both_scenarios_and_small_odd_share_positions (test_sealed_historical_management_runner_v01.RunnerMechanicsTests.test_both_scenarios_and_small_odd_share_positions) ... ok
2026-09-14T02:32:15.5400491Z test_competing_stop_latches_until_ack_and_next_eligible_print (test_sealed_historical_management_runner_v01.RunnerMechanicsTests.test_competing_stop_latches_until_ack_and_next_eligible_print) ... ok
2026-09-14T02:32:15.5478147Z test_completed_bar_precedes_same_time_print (test_sealed_historical_management_runner_v01.RunnerMechanicsTests.test_completed_bar_precedes_same_time_print) ... ok
2026-09-14T02:32:15.5638839Z test_delayed_quote_fill_is_applied_at_its_receive_clock (test_sealed_historical_management_runner_v01.RunnerMechanicsTests.test_delayed_quote_fill_is_applied_at_its_receive_clock) ... ok
2026-09-14T02:32:15.5698860Z test_empty_streams_do_not_invent_liquidation (test_sealed_historical_management_runner_v01.RunnerMechanicsTests.test_empty_streams_do_not_invent_liquidation) ... ok
2026-09-14T02:32:15.5760141Z test_entry_time_print_is_excluded (test_sealed_historical_management_runner_v01.RunnerMechanicsTests.test_entry_time_print_is_excluded) ... ok
2026-09-14T02:32:15.5837078Z test_equal_time_target_fill_cannot_retroactively_create_breakeven_signal (test_sealed_historical_management_runner_v01.RunnerMechanicsTests.test_equal_time_target_fill_cannot_retroactively_create_breakeven_signal) ... ok
2026-09-14T02:32:15.5953904Z test_exact_group_tape_and_stream_pins_are_required (test_sealed_historical_management_runner_v01.RunnerMechanicsTests.test_exact_group_tape_and_stream_pins_are_required) ... ok
2026-09-14T02:32:15.6004156Z test_exit_evidence_cannot_replace_original_entry_evidence (test_sealed_historical_management_runner_v01.RunnerMechanicsTests.test_exit_evidence_cannot_replace_original_entry_evidence) ... ok
2026-09-14T02:32:15.6154529Z test_incomplete_or_tampered_stream_cannot_return_success (test_sealed_historical_management_runner_v01.RunnerMechanicsTests.test_incomplete_or_tampered_stream_cannot_return_success) ... ok
2026-09-14T02:32:15.6299436Z test_input_and_output_are_detached_and_account_ledger_unchanged (test_sealed_historical_management_runner_v01.RunnerMechanicsTests.test_input_and_output_are_detached_and_account_ledger_unchanged) ... ok
2026-09-14T02:32:15.6384584Z test_invalid_future_record_is_not_hidden_after_position_closes (test_sealed_historical_management_runner_v01.RunnerMechanicsTests.test_invalid_future_record_is_not_hidden_after_position_closes) ... ok
2026-09-14T02:32:15.6446288Z test_late_completed_bar_is_validated_without_extending_signal_window (test_sealed_historical_management_runner_v01.RunnerMechanicsTests.test_late_completed_bar_is_validated_without_extending_signal_window) ... ok
2026-09-14T02:32:15.6509365Z test_missing_exit_capture_tail_never_extends_window (test_sealed_historical_management_runner_v01.RunnerMechanicsTests.test_missing_exit_capture_tail_never_extends_window) ... ok
2026-09-14T02:32:15.6576192Z test_missing_exit_reference_preserves_entry_and_outstanding_intent (test_sealed_historical_management_runner_v01.RunnerMechanicsTests.test_missing_exit_reference_preserves_entry_and_outstanding_intent) ... ok
2026-09-14T02:32:15.6650817Z test_no_later_print_is_needed_for_pending_fill_and_cancel_feedback (test_sealed_historical_management_runner_v01.RunnerMechanicsTests.test_no_later_print_is_needed_for_pending_fill_and_cancel_feedback) ... ok
2026-09-14T02:32:15.6741624Z test_partial_final_remainder_is_explicitly_open (test_sealed_historical_management_runner_v01.RunnerMechanicsTests.test_partial_final_remainder_is_explicitly_open) ... ok
2026-09-14T02:32:15.6836836Z test_print_at_cancel_ack_cannot_clear_pending_before_that_print (test_sealed_historical_management_runner_v01.RunnerMechanicsTests.test_print_at_cancel_ack_cannot_clear_pending_before_that_print) ... ok
2026-09-14T02:32:15.6877163Z test_rehashed_incomplete_common_scope_fails_even_without_exit (test_sealed_historical_management_runner_v01.RunnerMechanicsTests.test_rehashed_incomplete_common_scope_fails_even_without_exit) ... ok
2026-09-14T02:32:15.6918227Z test_rehashed_request_substitution_cannot_bypass_registered_scope (test_sealed_historical_management_runner_v01.RunnerMechanicsTests.test_rehashed_request_substitution_cannot_bypass_registered_scope) ... ok
2026-09-14T02:32:15.7062920Z test_rehashed_source_reordering_and_skipped_ordinals_rejected (test_sealed_historical_management_runner_v01.RunnerMechanicsTests.test_rehashed_source_reordering_and_skipped_ordinals_rejected) ... ok
2026-09-14T02:32:15.7076581Z test_scheduler_does_not_read_private_future_outcome (test_sealed_historical_management_runner_v01.RunnerMechanicsTests.test_scheduler_does_not_read_private_future_outcome) ... ok
2026-09-14T02:32:16.1555108Z test_seeded_paths_agree_with_independent_integer_arithmetic (test_sealed_historical_management_runner_v01.RunnerMechanicsTests.test_seeded_paths_agree_with_independent_integer_arithmetic) ... ok
2026-09-14T02:32:16.1624049Z test_source_io_failure_preserves_partial_state (test_sealed_historical_management_runner_v01.RunnerMechanicsTests.test_source_io_failure_preserves_partial_state) ... ok
2026-09-14T02:32:16.1685350Z test_source_unknown_conditions_remain_ineligible (test_sealed_historical_management_runner_v01.RunnerMechanicsTests.test_source_unknown_conditions_remain_ineligible) ... ok
2026-09-14T02:32:16.1777086Z test_target_and_stop_automatically_process_fill_and_cancel_clocks (test_sealed_historical_management_runner_v01.RunnerMechanicsTests.test_target_and_stop_automatically_process_fill_and_cancel_clocks) ... ok
2026-09-14T02:32:16.1817743Z test_unused_tape_extra_fields_are_not_accepted_as_source_evidence (test_sealed_historical_management_runner_v01.RunnerMechanicsTests.test_unused_tape_extra_fields_are_not_accepted_as_source_evidence) ... ok
2026-09-14T02:32:16.1822351Z test_ancestor_mutation_cannot_be_rehashed_into_registration (test_sealed_historical_management_runner_v01.RunnerRegistrationTests.test_ancestor_mutation_cannot_be_rehashed_into_registration) ... ok
2026-09-14T02:32:19.6631529Z test_cli_offline_verification_and_no_run_or_quote_mode (test_sealed_historical_management_runner_v01.RunnerRegistrationTests.test_cli_offline_verification_and_no_run_or_quote_mode) ... ok
2026-09-14T02:32:19.6682874Z test_duplicate_opportunity_or_request_cannot_silently_collapse (test_sealed_historical_management_runner_v01.RunnerRegistrationTests.test_duplicate_opportunity_or_request_cannot_silently_collapse) ... ok
2026-09-14T02:32:20.5853652Z test_every_original_window_date_and_session_is_bound (test_sealed_historical_management_runner_v01.RunnerRegistrationTests.test_every_original_window_date_and_session_is_bound) ... ok
2026-09-14T02:32:21.4577634Z test_exact_population_and_bounded_request_counts (test_sealed_historical_management_runner_v01.RunnerRegistrationTests.test_exact_population_and_bounded_request_counts) ... ok
2026-09-14T02:32:22.3213031Z test_historical_gate_fails_before_any_source_access (test_sealed_historical_management_runner_v01.RunnerRegistrationTests.test_historical_gate_fails_before_any_source_access) ... ok
2026-09-14T02:32:22.3216207Z test_hosted_workflow_is_pinned_read_only_without_provider_paths (test_sealed_historical_management_runner_v01.RunnerRegistrationTests.test_hosted_workflow_is_pinned_read_only_without_provider_paths) ... ok
2026-09-14T02:32:23.2284093Z test_implementation_mutation_invalidates_registration (test_sealed_historical_management_runner_v01.RunnerRegistrationTests.test_implementation_mutation_invalidates_registration) ... ok
2026-09-14T02:32:23.2326352Z test_interval_scope_uses_integer_nanoseconds_and_not_actual_fills (test_sealed_historical_management_runner_v01.RunnerRegistrationTests.test_interval_scope_uses_integer_nanoseconds_and_not_actual_fills) ... ok
2026-09-14T02:32:24.1080391Z test_metadata_never_reads_source_tapes_or_runs_mechanics (test_sealed_historical_management_runner_v01.RunnerRegistrationTests.test_metadata_never_reads_source_tapes_or_runs_mechanics) ... ok
2026-09-14T02:32:26.8811395Z test_output_symlink_and_extra_file_rejected (test_sealed_historical_management_runner_v01.RunnerRegistrationTests.test_output_symlink_and_extra_file_rejected) ... ok
2026-09-14T02:32:27.7350050Z test_parent_and_contract_are_exact_and_runtime_closed (test_sealed_historical_management_runner_v01.RunnerRegistrationTests.test_parent_and_contract_are_exact_and_runtime_closed) ... ok
2026-09-14T02:32:27.7395985Z test_resolver_uses_frozen_catalog_and_never_caller_context_pin (test_sealed_historical_management_runner_v01.RunnerRegistrationTests.test_resolver_uses_frozen_catalog_and_never_caller_context_pin) ... ok
2026-09-14T02:32:27.7439569Z test_reuse_requires_both_complete_requests_and_identical_ends (test_sealed_historical_management_runner_v01.RunnerRegistrationTests.test_reuse_requires_both_complete_requests_and_identical_ends) ... ok
2026-09-14T02:32:27.7474779Z test_unavailable_opportunity_is_retained_and_never_requests_exit_data (test_sealed_historical_management_runner_v01.RunnerRegistrationTests.test_unavailable_opportunity_is_retained_and_never_requests_exit_data) ... ok
2026-09-14T02:32:30.4375603Z test_write_once_and_rehashed_request_tampering_fail (test_sealed_historical_management_runner_v01.RunnerRegistrationTests.test_write_once_and_rehashed_request_tampering_fail) ... ok
2026-09-14T02:32:30.4386030Z test_altered_frozen_plan_fails_before_request_derivation (test_sealed_historical_micro_inputs_v01.HistoricalMicroInputsV01Tests.test_altered_frozen_plan_fails_before_request_derivation) ... ok
2026-09-14T02:32:30.4396677Z test_backward_pages_fail (test_sealed_historical_micro_inputs_v01.HistoricalMicroInputsV01Tests.test_backward_pages_fail) ... ok
2026-09-14T02:32:30.4408179Z test_capture_exhausts_pages_and_preserves_nanoseconds (test_sealed_historical_micro_inputs_v01.HistoricalMicroInputsV01Tests.test_capture_exhausts_pages_and_preserves_nanoseconds) ... ok
2026-09-14T02:32:30.7462018Z test_complete_cli_capture_with_synthetic_provider_preserves_all_receipts (test_sealed_historical_micro_inputs_v01.HistoricalMicroInputsV01Tests.test_complete_cli_capture_with_synthetic_provider_preserves_all_receipts) ... ok
2026-09-14T02:32:30.7914144Z test_exact_plan_derives_340_requests_without_expanding_symbols (test_sealed_historical_micro_inputs_v01.HistoricalMicroInputsV01Tests.test_exact_plan_derives_340_requests_without_expanding_symbols) ... ok
2026-09-14T02:32:30.7918074Z test_existing_capture_is_never_overwritten (test_sealed_historical_micro_inputs_v01.HistoricalMicroInputsV01Tests.test_existing_capture_is_never_overwritten) ... ok
2026-09-14T02:32:30.7933189Z test_failed_date_does_not_become_zero_or_leak_provider_exception (test_sealed_historical_micro_inputs_v01.HistoricalMicroInputsV01Tests.test_failed_date_does_not_become_zero_or_leak_provider_exception) ... ok
2026-09-14T02:32:30.7936674Z test_input_validation_rejects_wrong_time_or_malformed_values (test_sealed_historical_micro_inputs_v01.HistoricalMicroInputsV01Tests.test_input_validation_rejects_wrong_time_or_malformed_values) ... ok
2026-09-14T02:32:30.7988736Z test_invalid_or_repeated_pagination_is_retained_as_failure (test_sealed_historical_micro_inputs_v01.HistoricalMicroInputsV01Tests.test_invalid_or_repeated_pagination_is_retained_as_failure) ... ok
2026-09-14T02:32:30.7997105Z test_overlapping_pages_cannot_double_count_a_trade (test_sealed_historical_micro_inputs_v01.HistoricalMicroInputsV01Tests.test_overlapping_pages_cannot_double_count_a_trade) ... ok
2026-09-14T02:32:30.8698845Z test_real_workflow_parent_binding_accepts_only_the_execution_file (test_sealed_historical_micro_inputs_v01.HistoricalMicroInputsV01Tests.test_real_workflow_parent_binding_accepts_only_the_execution_file) ... ok
2026-09-14T02:32:30.8701981Z test_redirect_cannot_forward_credentials (test_sealed_historical_micro_inputs_v01.HistoricalMicroInputsV01Tests.test_redirect_cannot_forward_credentials) ... ok
2026-09-14T02:32:30.8905482Z test_request_ceiling_blocks_before_network_and_records_the_block (test_sealed_historical_micro_inputs_v01.HistoricalMicroInputsV01Tests.test_request_ceiling_blocks_before_network_and_records_the_block) ... ok
2026-09-14T02:32:30.8909719Z test_request_routes_preserve_sip_identity_and_exclusive_cutoff (test_sealed_historical_micro_inputs_v01.HistoricalMicroInputsV01Tests.test_request_routes_preserve_sip_identity_and_exclusive_cutoff) ... ok
2026-09-14T02:32:30.8913144Z test_route_substitutions_fail (test_sealed_historical_micro_inputs_v01.HistoricalMicroInputsV01Tests.test_route_substitutions_fail) ... ok
2026-09-14T02:32:31.4568565Z test_validation_cli_makes_no_provider_calls (test_sealed_historical_micro_inputs_v01.HistoricalMicroInputsV01Tests.test_validation_cli_makes_no_provider_calls) ... ok
2026-09-14T02:32:31.4573736Z test_warmup_is_normalized_without_inventing_micro_bars (test_sealed_historical_micro_inputs_v01.HistoricalMicroInputsV01Tests.test_warmup_is_normalized_without_inventing_micro_bars) ... ok
2026-09-14T02:32:31.4577783Z test_workflow_consumes_and_preserves_evidence_before_secret_step (test_sealed_historical_micro_inputs_v01.HistoricalMicroInputsV01Tests.test_workflow_consumes_and_preserves_evidence_before_secret_step) ... ok
2026-09-14T02:32:31.4609315Z test_causal_basis_fails_when_missing_or_unstable (test_sealed_historical_micro_runtime_v01.SealedHistoricalMicroRuntimeV01Tests.test_causal_basis_fails_when_missing_or_unstable) ... ok
2026-09-14T02:32:31.4631308Z test_causal_basis_uses_only_completed_preactivation_pairs (test_sealed_historical_micro_runtime_v01.SealedHistoricalMicroRuntimeV01Tests.test_causal_basis_uses_only_completed_preactivation_pairs) ... ok
2026-09-14T02:32:31.4752243Z test_historical_adapter_preserves_activation_and_explicit_no_trigger (test_sealed_historical_micro_runtime_v01.SealedHistoricalMicroRuntimeV01Tests.test_historical_adapter_preserves_activation_and_explicit_no_trigger) ... ok
2026-09-14T02:32:31.4759719Z test_output_validator_rejects_missing_date_and_future_basis (test_sealed_historical_micro_runtime_v01.SealedHistoricalMicroRuntimeV01Tests.test_output_validator_rejects_missing_date_and_future_basis) ... ok
2026-09-14T02:32:31.4764196Z test_registered_contract_is_exact_and_narrow (test_sealed_historical_micro_runtime_v01.SealedHistoricalMicroRuntimeV01Tests.test_registered_contract_is_exact_and_narrow) ... ok
2026-09-14T02:32:31.4767160Z test_source_contains_no_provider_or_retrospective_entrypoint (test_sealed_historical_micro_runtime_v01.SealedHistoricalMicroRuntimeV01Tests.test_source_contains_no_provider_or_retrospective_entrypoint) ... ok
2026-09-14T02:32:31.4781517Z test_warmup_normalization_changes_prices_not_volume (test_sealed_historical_micro_runtime_v01.SealedHistoricalMicroRuntimeV01Tests.test_warmup_normalization_changes_prices_not_volume) ... ok
2026-09-14T02:32:31.5153221Z test_child_request_budget_is_enforced_before_network (test_sealed_historical_micro_session_inputs_v02.HistoricalMicroSessionInputsV02Tests.test_child_request_budget_is_enforced_before_network) ... ok
2026-09-14T02:32:31.7074339Z test_complete_synthetic_cli_capture_verifies_all_170_tapes (test_sealed_historical_micro_session_inputs_v02.HistoricalMicroSessionInputsV02Tests.test_complete_synthetic_cli_capture_verifies_all_170_tapes) ... ok
2026-09-14T02:32:31.7545105Z test_exact_170_pairs_retain_every_activation_and_date (test_sealed_historical_micro_session_inputs_v02.HistoricalMicroSessionInputsV02Tests.test_exact_170_pairs_retain_every_activation_and_date) ... ok
2026-09-14T02:32:31.8002952Z test_execution_workflow_guard_and_secret_step_are_exact (test_sealed_historical_micro_session_inputs_v02.HistoricalMicroSessionInputsV02Tests.test_execution_workflow_guard_and_secret_step_are_exact) ... ok
2026-09-14T02:32:31.8369778Z test_failed_capture_retains_tape_and_sanitizes_exception (test_sealed_historical_micro_session_inputs_v02.HistoricalMicroSessionInputsV02Tests.test_failed_capture_retains_tape_and_sanitizes_exception) ... ok
2026-09-14T02:32:31.8529943Z test_route_requires_raw_sip_exact_date_and_session (test_sealed_historical_micro_session_inputs_v02.HistoricalMicroSessionInputsV02Tests.test_route_requires_raw_sip_exact_date_and_session) ... ok
2026-09-14T02:32:31.8852604Z test_wrong_or_short_request_set_fails_before_capture (test_sealed_historical_micro_session_inputs_v02.HistoricalMicroSessionInputsV02Tests.test_wrong_or_short_request_set_fails_before_capture) ... ok
2026-09-14T02:32:31.8863055Z test_backward_native_keys_never_sorted_into_validity (test_sealed_historical_record_order_v01.RecordOrderTests.test_backward_native_keys_never_sorted_into_validity) ... ok
2026-09-14T02:32:31.8869856Z test_capture_retains_ties_and_ordinals_after_unusable_rows (test_sealed_historical_record_order_v01.RecordOrderTests.test_capture_retains_ties_and_ordinals_after_unusable_rows) ... ok
2026-09-14T02:32:31.8872590Z test_equal_keys_retain_distinct_and_identical_updates (test_sealed_historical_record_order_v01.RecordOrderTests.test_equal_keys_retain_distinct_and_identical_updates) ... ok
2026-09-14T02:32:31.8875306Z test_equal_time_status_ambiguity_never_resolved_by_quote_sequence_or_ordinal (test_sealed_historical_record_order_v01.RecordOrderTests.test_equal_time_status_ambiguity_never_resolved_by_quote_sequence_or_ordinal) ... ok
2026-09-14T02:32:31.8878747Z test_execution_after_arrival_keeps_first_eligible_state_and_no_refill (test_sealed_historical_record_order_v01.RecordOrderTests.test_execution_after_arrival_keeps_first_eligible_state_and_no_refill) ... ok
2026-09-14T02:32:31.8881711Z test_execution_at_arrival_uses_last_tied_state_not_transient_size (test_sealed_historical_record_order_v01.RecordOrderTests.test_execution_at_arrival_uses_last_tied_state_not_transient_size) ... ok
2026-09-14T02:32:31.8884351Z test_execution_keeps_cancellation_exclusive_and_freshness_inclusive (test_sealed_historical_record_order_v01.RecordOrderTests.test_execution_keeps_cancellation_exclusive_and_freshness_inclusive) ... ok
2026-09-14T02:32:31.8886842Z test_execution_provenance_and_original_order_required (test_sealed_historical_record_order_v01.RecordOrderTests.test_execution_provenance_and_original_order_required) ... ok
2026-09-14T02:32:31.8930074Z test_frozen_metadata_and_integer_mapping_rejections_remain (test_sealed_historical_record_order_v01.RecordOrderTests.test_frozen_metadata_and_integer_mapping_rejections_remain) ... ok
2026-09-14T02:32:32.0993223Z test_full_gits_fixture_is_lossless_and_never_executed (test_sealed_historical_record_order_v01.RecordOrderTests.test_full_gits_fixture_is_lossless_and_never_executed) ... ok
2026-09-14T02:32:32.1635014Z test_full_gits_mapped_store_preserves_every_original_normalized_field (test_sealed_historical_record_order_v01.RecordOrderTests.test_full_gits_mapped_store_preserves_every_original_normalized_field) ... ok
2026-09-14T02:32:32.1641965Z test_gaps_reversals_duplicate_or_noninteger_tape_ordinals_rejected (test_sealed_historical_record_order_v01.RecordOrderTests.test_gaps_reversals_duplicate_or_noninteger_tape_ordinals_rejected) ... ok
2026-09-14T02:32:32.1646122Z test_real_pinned_sdk_preserves_same_message_record_order_offline (test_sealed_historical_record_order_v01.RecordOrderTests.test_real_pinned_sdk_preserves_same_message_record_order_offline) ... skipped 'pinned SDK covered by dedicated record-order validation'
2026-09-14T02:32:32.2559532Z test_registered_parent_chain_and_policy_body_equivalence (test_sealed_historical_record_order_v01.RecordOrderTests.test_registered_parent_chain_and_policy_body_equivalence) ... ok
2026-09-14T02:32:32.2576494Z test_rehashed_capture_tampering_cannot_pass_without_source_replay (test_sealed_historical_record_order_v01.RecordOrderTests.test_rehashed_capture_tampering_cannot_pass_without_source_replay) ... ok
2026-09-14T02:32:32.2580038Z test_request_receive_time_bounds_are_exact_nanoseconds (test_sealed_historical_record_order_v01.RecordOrderTests.test_request_receive_time_bounds_are_exact_nanoseconds) ... ok
2026-09-14T02:32:32.2583986Z test_request_substitution_or_incomplete_window_blocks (test_sealed_historical_record_order_v01.RecordOrderTests.test_request_substitution_or_incomplete_window_blocks) ... ok
2026-09-14T02:32:32.2980413Z test_semantic_guard_detects_latency_and_cross_schema_ambiguity_changes (test_sealed_historical_record_order_v01.RecordOrderTests.test_semantic_guard_detects_latency_and_cross_schema_ambiguity_changes) ... ok
2026-09-14T02:32:32.2985335Z test_source_identity_symbols_schema_extra_fields_and_empty_tape_rejected (test_sealed_historical_record_order_v01.RecordOrderTests.test_source_identity_symbols_schema_extra_fields_and_empty_tape_rejected) ... ok
2026-09-14T02:32:32.2999021Z test_status_conversion_vocabulary_and_order_are_frozen (test_sealed_historical_record_order_v01.RecordOrderTests.test_status_conversion_vocabulary_and_order_are_frozen) ... ok
2026-09-14T02:32:32.3028451Z test_strict_execution_streams_match_both_frozen_policies_and_sides (test_sealed_historical_record_order_v01.RecordOrderTests.test_strict_execution_streams_match_both_frozen_policies_and_sides) ... ok
2026-09-14T02:32:32.3081208Z test_strict_stream_capture_is_identical_to_frozen_prospective_mechanics (test_sealed_historical_record_order_v01.RecordOrderTests.test_strict_stream_capture_is_identical_to_frozen_prospective_mechanics) ... ok
2026-09-14T02:32:32.3086063Z test_unknown_initial_or_later_status_remains_unavailable (test_sealed_historical_record_order_v01.RecordOrderTests.test_unknown_initial_or_later_status_remains_unavailable) ... ok
2026-09-14T02:32:32.3093614Z test_contract_is_exact_unarmed_and_policy_bound (test_sealed_historical_scanner_micro_runtime_v02.SealedHistoricalScannerMicroRuntimeV02Tests.test_contract_is_exact_unarmed_and_policy_bound) ... ok
2026-09-14T02:32:32.8475100Z test_explicit_materialization_reports_started_without_claiming_micro_execution (test_sealed_historical_scanner_micro_runtime_v02.SealedHistoricalScannerMicroRuntimeV02Tests.test_explicit_materialization_reports_started_without_claiming_micro_execution) ... ok
2026-09-14T02:32:32.8481465Z test_micro_gap_is_explicit_and_cannot_be_rehashed_away (test_sealed_historical_scanner_micro_runtime_v02.SealedHistoricalScannerMicroRuntimeV02Tests.test_micro_gap_is_explicit_and_cannot_be_rehashed_away) ... ok
2026-09-14T02:32:32.8494253Z test_output_cannot_modify_the_source_artifact (test_sealed_historical_scanner_micro_runtime_v02.SealedHistoricalScannerMicroRuntimeV02Tests.test_output_cannot_modify_the_source_artifact) ... ok
2026-09-14T02:32:32.8496743Z test_preparation_does_not_reference_retrospective_files (test_sealed_historical_scanner_micro_runtime_v02.SealedHistoricalScannerMicroRuntimeV02Tests.test_preparation_does_not_reference_retrospective_files) ... ok
2026-09-14T02:32:32.8503820Z test_registration_binds_exact_contract_file (test_sealed_historical_scanner_micro_runtime_v02.SealedHistoricalScannerMicroRuntimeV02Tests.test_registration_binds_exact_contract_file) ... ok
2026-09-14T02:32:32.8508292Z test_rehashed_authority_escalation_fails (test_sealed_historical_scanner_micro_runtime_v02.SealedHistoricalScannerMicroRuntimeV02Tests.test_rehashed_authority_escalation_fails) ... ok
2026-09-14T02:32:32.8531606Z test_rehashed_contract_cannot_change_unchecked_execution_boundaries (test_sealed_historical_scanner_micro_runtime_v02.SealedHistoricalScannerMicroRuntimeV02Tests.test_rehashed_contract_cannot_change_unchecked_execution_boundaries) ... ok
2026-09-14T02:32:32.8547694Z test_rehashed_registration_cannot_claim_different_source_or_started_runtime (test_sealed_historical_scanner_micro_runtime_v02.SealedHistoricalScannerMicroRuntimeV02Tests.test_rehashed_registration_cannot_claim_different_source_or_started_runtime) ... ok
2026-09-14T02:32:32.8552687Z test_synthetic_scanner_activation_plan_reapplies_frozen_profiles (test_sealed_historical_scanner_micro_runtime_v02.SealedHistoricalScannerMicroRuntimeV02Tests.test_synthetic_scanner_activation_plan_reapplies_frozen_profiles) ... ok
2026-09-14T02:32:33.9764182Z test_validation_cli_denies_network_and_child_processes (test_sealed_historical_scanner_micro_runtime_v02.SealedHistoricalScannerMicroRuntimeV02Tests.test_validation_cli_denies_network_and_child_processes) ... ok
2026-09-14T02:32:34.5325893Z test_validation_cli_is_provider_free_and_does_not_start_runtime (test_sealed_historical_scanner_micro_runtime_v02.SealedHistoricalScannerMicroRuntimeV02Tests.test_validation_cli_is_provider_free_and_does_not_start_runtime) ... ok
2026-09-14T02:32:34.5328773Z test_failure_parent_records_the_exact_mixed_adjustment_basis (test_sealed_historical_scanner_runtime_failure.SealedHistoricalScannerRuntimeFailureTests.test_failure_parent_records_the_exact_mixed_adjustment_basis) ... ok
2026-09-14T02:32:34.5331725Z test_runtime_failure_preserves_zero_as_invalid_not_strategy_evidence (test_sealed_historical_scanner_runtime_failure.SealedHistoricalScannerRuntimeFailureTests.test_runtime_failure_preserves_zero_as_invalid_not_strategy_evidence) ... ok
2026-09-14T02:32:34.5334458Z test_source_success_is_exact_but_does_not_claim_runtime_validity (test_sealed_historical_scanner_runtime_failure.SealedHistoricalScannerRuntimeFailureTests.test_source_success_is_exact_but_does_not_claim_runtime_validity) ... ok
2026-09-14T02:32:34.5796227Z test_changed_original_stop_or_ordinal_is_rejected (test_sealed_historical_setup_stop_audit_v01.CausalityTests.test_changed_original_stop_or_ordinal_is_rejected) ... ok
2026-09-14T02:32:34.6055131Z test_equal_timestamp_source_rows_still_bind_prefix (test_sealed_historical_setup_stop_audit_v01.CausalityTests.test_equal_timestamp_source_rows_still_bind_prefix) ... ok
2026-09-14T02:32:34.6403084Z test_future_prices_and_indicators_do_not_change_result (test_sealed_historical_setup_stop_audit_v01.CausalityTests.test_future_prices_and_indicators_do_not_change_result) ... ok
2026-09-14T02:32:34.6660327Z test_independent_original_builder_prefix_and_stop_reproduce (test_sealed_historical_setup_stop_audit_v01.CausalityTests.test_independent_original_builder_prefix_and_stop_reproduce) ... ok
2026-09-14T02:32:34.6895523Z test_later_crossing_cannot_replace_first_crossing (test_sealed_historical_setup_stop_audit_v01.CausalityTests.test_later_crossing_cannot_replace_first_crossing) ... ok
2026-09-14T02:32:34.7212663Z test_macd_unknown_and_zero_remain_distinct (test_sealed_historical_setup_stop_audit_v01.CausalityTests.test_macd_unknown_and_zero_remain_distinct) ... ok
2026-09-14T02:32:34.7468075Z test_quote_lookback_is_inclusive_and_separate_from_sip_clock (test_sealed_historical_setup_stop_audit_v01.CausalityTests.test_quote_lookback_is_inclusive_and_separate_from_sip_clock) ... ok
2026-09-14T02:32:34.7471345Z test_room_is_signed_and_nonpositive_denominators_stay_unknown (test_sealed_historical_setup_stop_audit_v01.CausalityTests.test_room_is_signed_and_nonpositive_denominators_stay_unknown) ... ok
2026-09-14T02:32:34.7693369Z test_support_later_than_trough_cannot_make_plan (test_sealed_historical_setup_stop_audit_v01.CausalityTests.test_support_later_than_trough_cannot_make_plan) ... ok
2026-09-14T02:32:34.7949693Z test_unavailable_quote_cannot_be_invented_or_available_quote_dropped (test_sealed_historical_setup_stop_audit_v01.CausalityTests.test_unavailable_quote_cannot_be_invented_or_available_quote_dropped) ... ok
2026-09-14T02:32:40.2382258Z test_changed_descriptive_field_cannot_be_resigned_into_evidence (test_sealed_historical_setup_stop_audit_v01.FrozenEvidenceTests.test_changed_descriptive_field_cannot_be_resigned_into_evidence) ... ok
2026-09-14T02:32:45.2904915Z test_changed_summary_or_authority_cannot_be_resigned (test_sealed_historical_setup_stop_audit_v01.FrozenEvidenceTests.test_changed_summary_or_authority_cannot_be_resigned) ... ok
2026-09-14T02:32:45.2913561Z test_every_alternative_and_unavailable_reference_is_retained (test_sealed_historical_setup_stop_audit_v01.FrozenEvidenceTests.test_every_alternative_and_unavailable_reference_is_retained) ... ok
2026-09-14T02:32:46.6504757Z test_frozen_registration_and_saved_geometry_reproduce (test_sealed_historical_setup_stop_audit_v01.FrozenEvidenceTests.test_frozen_registration_and_saved_geometry_reproduce) ... ok
2026-09-14T02:32:46.9361288Z test_mutated_geometry_witness_cannot_pass_original_plan (test_sealed_historical_setup_stop_audit_v01.FrozenEvidenceTests.test_mutated_geometry_witness_cannot_pass_original_plan) ... ok
2026-09-14T02:32:47.0098178Z test_publication_repair_preserves_every_original_observation (test_sealed_historical_setup_stop_audit_v01.FrozenEvidenceTests.test_publication_repair_preserves_every_original_observation) ... ok
2026-09-14T02:32:47.1500197Z test_wrong_external_commitment_is_rejected (test_sealed_historical_setup_stop_audit_v01.FrozenEvidenceTests.test_wrong_external_commitment_is_rejected) ... ok
2026-09-14T02:32:47.2550011Z test_aggregation_preserves_conditions_float_arithmetic_and_ties (test_sealed_historical_setup_stop_audit_v01.SourceMechanicsTests.test_aggregation_preserves_conditions_float_arithmetic_and_ties) ... ok
2026-09-14T02:32:47.2557690Z test_archive_path_traversal_is_rejected_even_with_matching_hash (test_sealed_historical_setup_stop_audit_v01.SourceMechanicsTests.test_archive_path_traversal_is_rejected_even_with_matching_hash) ... ok
2026-09-14T02:32:47.2566025Z test_original_archive_identity_is_required (test_sealed_historical_setup_stop_audit_v01.SourceMechanicsTests.test_original_archive_identity_is_required) ... ok
2026-09-14T02:32:47.2818302Z test_serialization_matches_original_including_numeric_coercion (test_sealed_historical_setup_stop_audit_v01.SourceMechanicsTests.test_serialization_matches_original_including_numeric_coercion) ... ok
2026-09-14T02:32:47.2839116Z test_witness_preserves_unknown_indicator_values (test_sealed_historical_setup_stop_audit_v01.SourceMechanicsTests.test_witness_preserves_unknown_indicator_values) ... ok
2026-09-14T02:32:47.3057300Z test_witness_rejects_repeated_clocks (test_sealed_historical_setup_stop_audit_v01.SourceMechanicsTests.test_witness_rejects_repeated_clocks) ... ok
2026-09-14T02:32:47.3066142Z test_authorization_and_passed_parent_bundle_are_exact (test_sealed_historical_source_acquisition.SealedHistoricalSourceAcquisitionTests.test_authorization_and_passed_parent_bundle_are_exact) ... ok
2026-09-14T02:32:47.3077782Z test_page_candidate_request_and_byte_ceilings_fail_closed (test_sealed_historical_source_acquisition.SealedHistoricalSourceAcquisitionTests.test_page_candidate_request_and_byte_ceilings_fail_closed) ... ok
2026-09-14T02:32:47.3090120Z test_registration_audit_binds_exact_bundle (test_sealed_historical_source_acquisition.SealedHistoricalSourceAcquisitionTests.test_registration_audit_binds_exact_bundle) ... ok
2026-09-14T02:32:47.3096812Z test_rehashed_authorization_cannot_expand_authority (test_sealed_historical_source_acquisition.SealedHistoricalSourceAcquisitionTests.test_rehashed_authorization_cannot_expand_authority) ... ok
2026-09-14T02:32:47.3106359Z test_success_report_preserves_zero_cost_and_causal_boundaries (test_sealed_historical_source_acquisition.SealedHistoricalSourceAcquisitionTests.test_success_report_preserves_zero_cost_and_causal_boundaries) ... ok
2026-09-14T02:32:47.3112990Z test_workflow_uses_validated_main_credentials_and_consumes_first (test_sealed_historical_source_acquisition.SealedHistoricalSourceAcquisitionTests.test_workflow_uses_validated_main_credentials_and_consumes_first) ... ok
2026-09-14T02:32:47.3126861Z test_write_once_refuses_overwrite (test_sealed_historical_source_acquisition.SealedHistoricalSourceAcquisitionTests.test_write_once_refuses_overwrite) ... ok
2026-09-14T02:32:47.3133589Z test_authorization_is_exact_and_only_repairs_request_ceiling (test_sealed_historical_source_acquisition_v02.SealedHistoricalSourceAcquisitionV02Tests.test_authorization_is_exact_and_only_repairs_request_ceiling) ... ok
2026-09-14T02:32:47.3144847Z test_failure_parent_and_original_artifact_bytes_are_exact (test_sealed_historical_source_acquisition_v02.SealedHistoricalSourceAcquisitionV02Tests.test_failure_parent_and_original_artifact_bytes_are_exact) ... ok
2026-09-14T02:32:47.3150248Z test_rehashed_child_cannot_change_strategy_or_provider_scope (test_sealed_historical_source_acquisition_v02.SealedHistoricalSourceAcquisitionV02Tests.test_rehashed_child_cannot_change_strategy_or_provider_scope) ... ok
2026-09-14T02:32:47.3156620Z test_repaired_ceiling_still_fails_closed (test_sealed_historical_source_acquisition_v02.SealedHistoricalSourceAcquisitionV02Tests.test_repaired_ceiling_still_fails_closed) ... ok
2026-09-14T02:32:47.3166608Z test_report_accepts_repaired_ceiling_and_preserves_boundaries (test_sealed_historical_source_acquisition_v02.SealedHistoricalSourceAcquisitionV02Tests.test_report_accepts_repaired_ceiling_and_preserves_boundaries) ... ok
2026-09-14T02:32:47.3171554Z test_workflow_is_new_one_shot_and_does_not_mutate_v0_1 (test_sealed_historical_source_acquisition_v02.SealedHistoricalSourceAcquisitionV02Tests.test_workflow_is_new_one_shot_and_does_not_mutate_v0_1) ... ok
2026-09-14T02:32:47.3190522Z test_write_once_and_registration_audit (test_sealed_historical_source_acquisition_v02.SealedHistoricalSourceAcquisitionV02Tests.test_write_once_and_registration_audit) ... ok
2026-09-14T02:32:47.3203064Z test_authorization_changes_only_the_normalization_child (test_sealed_historical_source_acquisition_v03.SealedHistoricalSourceAcquisitionV03Tests.test_authorization_changes_only_the_normalization_child) ... ok
2026-09-14T02:32:47.3220875Z test_exact_success_and_failure_parents_are_required (test_sealed_historical_source_acquisition_v03.SealedHistoricalSourceAcquisitionV03Tests.test_exact_success_and_failure_parents_are_required) ... ok
2026-09-14T02:32:47.3237154Z test_registration_audit_binds_versioned_files_provider_free (test_sealed_historical_source_acquisition_v03.SealedHistoricalSourceAcquisitionV03Tests.test_registration_audit_binds_versioned_files_provider_free) ... ok
2026-09-14T02:32:47.3249754Z test_report_preserves_cost_causal_and_attempt_boundaries (test_sealed_historical_source_acquisition_v03.SealedHistoricalSourceAcquisitionV03Tests.test_report_preserves_cost_causal_and_attempt_boundaries) ... ok
2026-09-14T02:32:47.3257526Z test_workflow_is_unarmed_on_push_and_uses_consistent_basis (test_sealed_historical_source_acquisition_v03.SealedHistoricalSourceAcquisitionV03Tests.test_workflow_is_unarmed_on_push_and_uses_consistent_basis) ... ok
2026-09-14T02:32:47.3306956Z test_checkpoint_final_tree_is_cross_bound_to_source_summary (test_sealed_historical_source_acquisition_v04.SealedHistoricalSourceAcquisitionV04Tests.test_checkpoint_final_tree_is_cross_bound_to_source_summary) ... ok
2026-09-14T02:32:47.3333668Z test_count_maps_require_exact_dates_and_real_nonnegative_ints (test_sealed_historical_source_acquisition_v04.SealedHistoricalSourceAcquisitionV04Tests.test_count_maps_require_exact_dates_and_real_nonnegative_ints) ... ok
2026-09-14T02:32:47.8509407Z test_deep_summary_rejects_profile_union_or_rank_basis_tamper (test_sealed_historical_source_acquisition_v04.SealedHistoricalSourceAcquisitionV04Tests.test_deep_summary_rejects_profile_union_or_rank_basis_tamper) ... ok
2026-09-14T02:32:48.0207763Z test_deep_summary_rejects_provider_free_replay_difference (test_sealed_historical_source_acquisition_v04.SealedHistoricalSourceAcquisitionV04Tests.test_deep_summary_rejects_provider_free_replay_difference) ... ok
2026-09-14T02:32:48.1877009Z test_deep_summary_rejects_root_date_manifest_tamper (test_sealed_historical_source_acquisition_v04.SealedHistoricalSourceAcquisitionV04Tests.test_deep_summary_rejects_root_date_manifest_tamper) ... ok
2026-09-14T02:32:48.3573911Z test_deep_summary_rejects_unexpected_manifest_or_date_directory (test_sealed_historical_source_acquisition_v04.SealedHistoricalSourceAcquisitionV04Tests.test_deep_summary_rejects_unexpected_manifest_or_date_directory) ... ok
2026-09-14T02:32:48.6558567Z test_deep_summary_strictly_decodes_every_json_source_file (test_sealed_historical_source_acquisition_v04.SealedHistoricalSourceAcquisitionV04Tests.test_deep_summary_strictly_decodes_every_json_source_file) ... ok
2026-09-14T02:32:48.9184552Z test_deep_summary_validates_all_30_dates_and_exact_replay (test_sealed_historical_source_acquisition_v04.SealedHistoricalSourceAcquisitionV04Tests.test_deep_summary_validates_all_30_dates_and_exact_replay) ... ok
2026-09-14T02:32:48.9356838Z test_default_loader_round_trip_replays_normalized_source_tape (test_sealed_historical_source_acquisition_v04.SealedHistoricalSourceAcquisitionV04Tests.test_default_loader_round_trip_replays_normalized_source_tape) ... ok
2026-09-14T02:32:48.9372982Z test_gates_must_be_real_boolean_true (test_sealed_historical_source_acquisition_v04.SealedHistoricalSourceAcquisitionV04Tests.test_gates_must_be_real_boolean_true) ... ok
2026-09-14T02:32:48.9493449Z test_provenance_requires_commit_tree_dispatcher_ref_run_and_attempt (test_sealed_historical_source_acquisition_v04.SealedHistoricalSourceAcquisitionV04Tests.test_provenance_requires_commit_tree_dispatcher_ref_run_and_attempt) ... ok
2026-09-14T02:32:49.3961477Z test_real_v04_completed_file_census_rejects_one_extra_file (test_sealed_historical_source_acquisition_v04.SealedHistoricalSourceAcquisitionV04Tests.test_real_v04_completed_file_census_rejects_one_extra_file) ... ok
2026-09-14T02:32:49.4010445Z test_report_and_checkpoint_require_the_exact_frozen_authorization_hash (test_sealed_historical_source_acquisition_v04.SealedHistoricalSourceAcquisitionV04Tests.test_report_and_checkpoint_require_the_exact_frozen_authorization_hash) ... ok
2026-09-14T02:32:49.4049181Z test_report_hash_tamper_is_rejected (test_sealed_historical_source_acquisition_v04.SealedHistoricalSourceAcquisitionV04Tests.test_report_hash_tamper_is_rejected) ... ok
2026-09-14T02:32:49.4204737Z test_report_nested_fields_and_false_booleans_are_strict (test_sealed_historical_source_acquisition_v04.SealedHistoricalSourceAcquisitionV04Tests.test_report_nested_fields_and_false_booleans_are_strict) ... ok
2026-09-14T02:32:49.4257927Z test_request_hosts_are_exact_and_positive_integer_counted (test_sealed_historical_source_acquisition_v04.SealedHistoricalSourceAcquisitionV04Tests.test_request_hosts_are_exact_and_positive_integer_counted) ... ok
2026-09-14T02:32:49.4326007Z test_serialized_report_loader_rejects_duplicate_and_nonfinite_json (test_sealed_historical_source_acquisition_v04.SealedHistoricalSourceAcquisitionV04Tests.test_serialized_report_loader_rejects_duplicate_and_nonfinite_json) ... ok
2026-09-14T02:32:49.4370305Z test_sha_maps_must_be_nonempty_exact_and_valid (test_sealed_historical_source_acquisition_v04.SealedHistoricalSourceAcquisitionV04Tests.test_sha_maps_must_be_nonempty_exact_and_valid) ... ok
2026-09-14T02:32:49.4412364Z test_strict_report_round_trip (test_sealed_historical_source_acquisition_v04.SealedHistoricalSourceAcquisitionV04Tests.test_strict_report_round_trip) ... ok
2026-09-14T02:32:49.4425709Z test_report_cross_binds_parent_diagnostic_budget_and_final_tree (test_sealed_historical_source_acquisition_v05.SealedHistoricalSourceAcquisitionV05Tests.test_report_cross_binds_parent_diagnostic_budget_and_final_tree) ... ok
2026-09-14T02:32:49.4443255Z test_report_rejects_checkpoint_tree_budget_and_recovery_mismatch (test_sealed_historical_source_acquisition_v05.SealedHistoricalSourceAcquisitionV05Tests.test_report_rejects_checkpoint_tree_budget_and_recovery_mismatch) ... ok
2026-09-14T02:32:49.4465502Z test_self_hash_and_causal_attestation_are_fail_closed (test_sealed_historical_source_acquisition_v05.SealedHistoricalSourceAcquisitionV05Tests.test_self_hash_and_causal_attestation_are_fail_closed) ... ok
2026-09-14T02:32:49.4476876Z test_report_cross_binds_parent_diagnostic_budget_and_final_tree (test_sealed_historical_source_acquisition_v06.SealedHistoricalSourceAcquisitionV06Tests.test_report_cross_binds_parent_diagnostic_budget_and_final_tree) ... ok
2026-09-14T02:32:49.4492342Z test_report_rejects_checkpoint_tree_budget_and_recovery_mismatch (test_sealed_historical_source_acquisition_v06.SealedHistoricalSourceAcquisitionV06Tests.test_report_rejects_checkpoint_tree_budget_and_recovery_mismatch) ... ok
2026-09-14T02:32:49.4515295Z test_self_hash_and_causal_attestation_are_fail_closed (test_sealed_historical_source_acquisition_v06.SealedHistoricalSourceAcquisitionV06Tests.test_self_hash_and_causal_attestation_are_fail_closed) ... ok
2026-09-14T02:32:49.4526718Z test_report_cross_binds_parent_diagnostic_budget_and_final_tree (test_sealed_historical_source_acquisition_v07.SealedHistoricalSourceAcquisitionV07Tests.test_report_cross_binds_parent_diagnostic_budget_and_final_tree) ... ok
2026-09-14T02:32:49.4546321Z test_report_rejects_checkpoint_tree_budget_and_recovery_mismatch (test_sealed_historical_source_acquisition_v07.SealedHistoricalSourceAcquisitionV07Tests.test_report_rejects_checkpoint_tree_budget_and_recovery_mismatch) ... ok
2026-09-14T02:32:49.4569258Z test_self_hash_and_causal_attestation_are_fail_closed (test_sealed_historical_source_acquisition_v07.SealedHistoricalSourceAcquisitionV07Tests.test_self_hash_and_causal_attestation_are_fail_closed) ... ok
2026-09-14T02:32:49.4580468Z test_report_cross_binds_parent_diagnostic_budget_and_final_tree (test_sealed_historical_source_acquisition_v08.SealedHistoricalSourceAcquisitionV08Tests.test_report_cross_binds_parent_diagnostic_budget_and_final_tree) ... ok
2026-09-14T02:32:49.4595175Z test_report_rejects_checkpoint_tree_budget_and_recovery_mismatch (test_sealed_historical_source_acquisition_v08.SealedHistoricalSourceAcquisitionV08Tests.test_report_rejects_checkpoint_tree_budget_and_recovery_mismatch) ... ok
2026-09-14T02:32:49.4617657Z test_self_hash_and_causal_attestation_are_fail_closed (test_sealed_historical_source_acquisition_v08.SealedHistoricalSourceAcquisitionV08Tests.test_self_hash_and_causal_attestation_are_fail_closed) ... ok
2026-09-14T02:32:49.4629020Z test_report_cross_binds_parent_diagnostic_budget_and_final_tree (test_sealed_historical_source_acquisition_v09.SealedHistoricalSourceAcquisitionV09Tests.test_report_cross_binds_parent_diagnostic_budget_and_final_tree) ... ok
2026-09-14T02:32:49.4644108Z test_report_rejects_checkpoint_tree_budget_and_recovery_mismatch (test_sealed_historical_source_acquisition_v09.SealedHistoricalSourceAcquisitionV09Tests.test_report_rejects_checkpoint_tree_budget_and_recovery_mismatch) ... ok
2026-09-14T02:32:49.4666439Z test_self_hash_and_causal_attestation_are_fail_closed (test_sealed_historical_source_acquisition_v09.SealedHistoricalSourceAcquisitionV09Tests.test_self_hash_and_causal_attestation_are_fail_closed) ... ok
2026-09-14T02:32:49.4679307Z test_report_cross_binds_parent_diagnostic_budget_and_final_tree (test_sealed_historical_source_acquisition_v10.SealedHistoricalSourceAcquisitionV10Tests.test_report_cross_binds_parent_diagnostic_budget_and_final_tree) ... ok
2026-09-14T02:32:49.4692846Z test_report_rejects_checkpoint_tree_budget_and_recovery_mismatch (test_sealed_historical_source_acquisition_v10.SealedHistoricalSourceAcquisitionV10Tests.test_report_rejects_checkpoint_tree_budget_and_recovery_mismatch) ... ok
2026-09-14T02:32:49.4715291Z test_self_hash_and_causal_attestation_are_fail_closed (test_sealed_historical_source_acquisition_v10.SealedHistoricalSourceAcquisitionV10Tests.test_self_hash_and_causal_attestation_are_fail_closed) ... ok
2026-09-14T02:32:49.4729315Z test_environment_comparison_ignores_only_editable_commit (test_sealed_historical_source_acquisition_v11.SealedHistoricalSourceAcquisitionV11Tests.test_environment_comparison_ignores_only_editable_commit) ... ok
2026-09-14T02:32:49.4742277Z test_report_cross_binds_checkpoint_identity_and_zero_requests (test_sealed_historical_source_acquisition_v11.SealedHistoricalSourceAcquisitionV11Tests.test_report_cross_binds_checkpoint_identity_and_zero_requests) ... ok
2026-09-14T02:32:49.4747643Z test_report_rejects_parent_checkpoint_or_final_tree_change (test_sealed_historical_source_acquisition_v11.SealedHistoricalSourceAcquisitionV11Tests.test_report_rejects_parent_checkpoint_or_final_tree_change) ... ok
2026-09-14T02:32:49.4762271Z test_report_self_hash_and_causal_attestation_fail_closed (test_sealed_historical_source_acquisition_v11.SealedHistoricalSourceAcquisitionV11Tests.test_report_self_hash_and_causal_attestation_fail_closed) ... ok
2026-09-14T02:32:49.4773294Z test_environment_comparison_ignores_only_editable_commit (test_sealed_historical_source_acquisition_v12.SealedHistoricalSourceAcquisitionV12Tests.test_environment_comparison_ignores_only_editable_commit) ... ok
2026-09-14T02:32:49.4784782Z test_report_cross_binds_checkpoint_identity_and_zero_requests (test_sealed_historical_source_acquisition_v12.SealedHistoricalSourceAcquisitionV12Tests.test_report_cross_binds_checkpoint_identity_and_zero_requests) ... ok
2026-09-14T02:32:49.4790074Z test_report_rejects_parent_checkpoint_or_final_tree_change (test_sealed_historical_source_acquisition_v12.SealedHistoricalSourceAcquisitionV12Tests.test_report_rejects_parent_checkpoint_or_final_tree_change) ... ok
2026-09-14T02:32:49.4806055Z test_report_self_hash_and_causal_attestation_fail_closed (test_sealed_historical_source_acquisition_v12.SealedHistoricalSourceAcquisitionV12Tests.test_report_self_hash_and_causal_attestation_fail_closed) ... ok
2026-09-14T02:32:49.6112825Z test_direct_entrypoint_sanitizes_observed_values_and_structural_errors (test_sealed_historical_source_artifact_metadata_v08.SealedHistoricalSourceArtifactMetadataV08Tests.test_direct_entrypoint_sanitizes_observed_values_and_structural_errors) ... ok
2026-09-14T02:32:49.6772426Z test_direct_entrypoint_succeeds_and_writes_receipt (test_sealed_historical_source_artifact_metadata_v08.SealedHistoricalSourceArtifactMetadataV08Tests.test_direct_entrypoint_succeeds_and_writes_receipt) ... ok
2026-09-14T02:32:49.6782458Z test_each_security_relevant_field_fails_with_field_only_diagnostic (test_sealed_historical_source_artifact_metadata_v08.SealedHistoricalSourceArtifactMetadataV08Tests.test_each_security_relevant_field_fails_with_field_only_diagnostic) ... ok
2026-09-14T02:32:49.6786246Z test_exact_metadata_builds_hash_bound_provider_free_receipt (test_sealed_historical_source_artifact_metadata_v08.SealedHistoricalSourceArtifactMetadataV08Tests.test_exact_metadata_builds_hash_bound_provider_free_receipt) ... ok
2026-09-14T02:32:49.6795834Z test_type_confusion_duplicate_keys_nonfinite_and_symlink_fail_closed (test_sealed_historical_source_artifact_metadata_v08.SealedHistoricalSourceArtifactMetadataV08Tests.test_type_confusion_duplicate_keys_nonfinite_and_symlink_fail_closed) ... ok
2026-09-14T02:32:49.8136120Z test_direct_entrypoint_sanitizes_observed_values_and_structural_errors (test_sealed_historical_source_artifact_metadata_v09.SealedHistoricalSourceArtifactMetadataV09Tests.test_direct_entrypoint_sanitizes_observed_values_and_structural_errors) ... ok
2026-09-14T02:32:49.8829507Z test_direct_entrypoint_succeeds_and_writes_receipt (test_sealed_historical_source_artifact_metadata_v09.SealedHistoricalSourceArtifactMetadataV09Tests.test_direct_entrypoint_succeeds_and_writes_receipt) ... ok
2026-09-14T02:32:49.8838073Z test_each_security_relevant_field_fails_with_field_only_diagnostic (test_sealed_historical_source_artifact_metadata_v09.SealedHistoricalSourceArtifactMetadataV09Tests.test_each_security_relevant_field_fails_with_field_only_diagnostic) ... ok
2026-09-14T02:32:49.8843587Z test_exact_metadata_builds_hash_bound_provider_free_receipt (test_sealed_historical_source_artifact_metadata_v09.SealedHistoricalSourceArtifactMetadataV09Tests.test_exact_metadata_builds_hash_bound_provider_free_receipt) ... ok
2026-09-14T02:32:49.8847248Z test_frozen_live_metadata_and_downloaded_zip_bind_implementation (test_sealed_historical_source_artifact_metadata_v09.SealedHistoricalSourceArtifactMetadataV09Tests.test_frozen_live_metadata_and_downloaded_zip_bind_implementation) ... ok
2026-09-14T02:32:49.8855967Z test_type_confusion_duplicate_keys_nonfinite_and_symlink_fail_closed (test_sealed_historical_source_artifact_metadata_v09.SealedHistoricalSourceArtifactMetadataV09Tests.test_type_confusion_duplicate_keys_nonfinite_and_symlink_fail_closed) ... ok
2026-09-14T02:32:50.0251927Z test_direct_entrypoint_sanitizes_observed_values_and_structural_errors (test_sealed_historical_source_artifact_metadata_v10.SealedHistoricalSourceArtifactMetadataV10Tests.test_direct_entrypoint_sanitizes_observed_values_and_structural_errors) ... ok
2026-09-14T02:32:50.0920671Z test_direct_entrypoint_succeeds_and_writes_receipt (test_sealed_historical_source_artifact_metadata_v10.SealedHistoricalSourceArtifactMetadataV10Tests.test_direct_entrypoint_succeeds_and_writes_receipt) ... ok
2026-09-14T02:32:50.0930043Z test_each_security_relevant_field_fails_with_field_only_diagnostic (test_sealed_historical_source_artifact_metadata_v10.SealedHistoricalSourceArtifactMetadataV10Tests.test_each_security_relevant_field_fails_with_field_only_diagnostic) ... ok
2026-09-14T02:32:50.0933885Z test_exact_metadata_builds_hash_bound_provider_free_receipt (test_sealed_historical_source_artifact_metadata_v10.SealedHistoricalSourceArtifactMetadataV10Tests.test_exact_metadata_builds_hash_bound_provider_free_receipt) ... ok
2026-09-14T02:32:50.0937306Z test_frozen_live_metadata_and_downloaded_zip_bind_implementation (test_sealed_historical_source_artifact_metadata_v10.SealedHistoricalSourceArtifactMetadataV10Tests.test_frozen_live_metadata_and_downloaded_zip_bind_implementation) ... ok
2026-09-14T02:32:50.0946492Z test_type_confusion_duplicate_keys_nonfinite_and_symlink_fail_closed (test_sealed_historical_source_artifact_metadata_v10.SealedHistoricalSourceArtifactMetadataV10Tests.test_type_confusion_duplicate_keys_nonfinite_and_symlink_fail_closed) ... ok
2026-09-14T02:32:50.0951226Z test_each_identity_field_is_exact (test_sealed_historical_source_artifact_metadata_v11.SealedHistoricalSourceArtifactMetadataV11Tests.test_each_identity_field_is_exact) ... ok
2026-09-14T02:32:50.0953854Z test_exact_metadata_returns_hash_bound_receipt (test_sealed_historical_source_artifact_metadata_v11.SealedHistoricalSourceArtifactMetadataV11Tests.test_exact_metadata_returns_hash_bound_receipt) ... ok
2026-09-14T02:32:50.0956413Z test_frozen_fixture_validates (test_sealed_historical_source_artifact_metadata_v11.SealedHistoricalSourceArtifactMetadataV11Tests.test_frozen_fixture_validates) ... ok
2026-09-14T02:32:50.0960531Z test_loader_rejects_duplicate_keys (test_sealed_historical_source_artifact_metadata_v11.SealedHistoricalSourceArtifactMetadataV11Tests.test_loader_rejects_duplicate_keys) ... ok
2026-09-14T02:32:50.0962995Z test_parent_run_and_head_are_exact (test_sealed_historical_source_artifact_metadata_v11.SealedHistoricalSourceArtifactMetadataV11Tests.test_parent_run_and_head_are_exact) ... ok
2026-09-14T02:32:50.1002682Z test_authorization_hash_id_and_required_api_are_frozen (test_sealed_historical_source_authorization_v04.SealedHistoricalSourceAuthorizationV04Tests.test_authorization_hash_id_and_required_api_are_frozen) ... ok
2026-09-14T02:32:50.1048715Z test_authorization_tamper_and_documented_hashes_fail_closed (test_sealed_historical_source_authorization_v04.SealedHistoricalSourceAuthorizationV04Tests.test_authorization_tamper_and_documented_hashes_fail_closed) ... ok
2026-09-14T02:32:50.1088016Z test_child_preserves_v03_dates_authority_cost_and_hard_ceilings (test_sealed_historical_source_authorization_v04.SealedHistoricalSourceAuthorizationV04Tests.test_child_preserves_v03_dates_authority_cost_and_hard_ceilings) ... ok
2026-09-14T02:32:50.1125055Z test_one_shot_provider_checkpoint_and_environment_boundaries (test_sealed_historical_source_authorization_v04.SealedHistoricalSourceAuthorizationV04Tests.test_one_shot_provider_checkpoint_and_environment_boundaries) ... ok
2026-09-14T02:32:50.1190738Z test_parent_bundle_loads_repo_files_and_rejects_tampering (test_sealed_historical_source_authorization_v04.SealedHistoricalSourceAuthorizationV04Tests.test_parent_bundle_loads_repo_files_and_rejects_tampering) ... ok
2026-09-14T02:32:50.1345665Z test_registration_binds_exact_provider_free_artifact_census (test_sealed_historical_source_authorization_v04.SealedHistoricalSourceAuthorizationV04Tests.test_registration_binds_exact_provider_free_artifact_census) ... ok
2026-09-14T02:32:50.1383266Z test_repair_contract_is_explicit_and_does_not_change_profiles (test_sealed_historical_source_authorization_v04.SealedHistoricalSourceAuthorizationV04Tests.test_repair_contract_is_explicit_and_does_not_change_profiles) ... ok
2026-09-14T02:32:50.1394552Z test_authorization_duplicate_key_and_tamper_fail_closed (test_sealed_historical_source_authorization_v05.SealedHistoricalSourceAuthorizationV05Tests.test_authorization_duplicate_key_and_tamper_fail_closed) ... ok
2026-09-14T02:32:50.1421265Z test_authorization_hash_identity_and_recovery_boundary_are_frozen (test_sealed_historical_source_authorization_v05.SealedHistoricalSourceAuthorizationV05Tests.test_authorization_hash_identity_and_recovery_boundary_are_frozen) ... ok
2026-09-14T02:32:50.1431533Z test_composite_budget_and_candidate_repair_do_not_change_strategy (test_sealed_historical_source_authorization_v05.SealedHistoricalSourceAuthorizationV05Tests.test_composite_budget_and_candidate_repair_do_not_change_strategy) ... ok
2026-09-14T02:32:50.1434645Z test_consumption_marker_binds_exact_tag_target_and_attempt (test_sealed_historical_source_authorization_v05.SealedHistoricalSourceAuthorizationV05Tests.test_consumption_marker_binds_exact_tag_target_and_attempt) ... ok
2026-09-14T02:32:50.1437688Z test_one_shot_dispatcher_and_prior_authorizations_are_closed (test_sealed_historical_source_authorization_v05.SealedHistoricalSourceAuthorizationV05Tests.test_one_shot_dispatcher_and_prior_authorizations_are_closed) ... ok
2026-09-14T02:32:50.1472788Z test_parent_failure_and_registration_bundles_validate_exact_files (test_sealed_historical_source_authorization_v05.SealedHistoricalSourceAuthorizationV05Tests.test_parent_failure_and_registration_bundles_validate_exact_files) ... ok
2026-09-14T02:32:50.1570166Z test_registration_detects_one_bound_file_change (test_sealed_historical_source_authorization_v05.SealedHistoricalSourceAuthorizationV05Tests.test_registration_detects_one_bound_file_change) ... ok
2026-09-14T02:32:50.1575909Z test_safe_failure_preserves_ceiling_and_unauthorized_host_evidence (test_sealed_historical_source_authorization_v05.SealedHistoricalSourceAuthorizationV05Tests.test_safe_failure_preserves_ceiling_and_unauthorized_host_evidence) ... ok
2026-09-14T02:32:50.1592780Z test_safe_failure_rejects_unsanitized_blocked_hosts (test_sealed_historical_source_authorization_v05.SealedHistoricalSourceAuthorizationV05Tests.test_safe_failure_rejects_unsanitized_blocked_hosts) ... ok
2026-09-14T02:32:50.1602842Z test_authorization_duplicate_key_and_tamper_fail_closed (test_sealed_historical_source_authorization_v06.SealedHistoricalSourceAuthorizationV06Tests.test_authorization_duplicate_key_and_tamper_fail_closed) ... ok
2026-09-14T02:32:50.1615174Z test_authorization_hash_identity_and_recovery_boundary_are_frozen (test_sealed_historical_source_authorization_v06.SealedHistoricalSourceAuthorizationV06Tests.test_authorization_hash_identity_and_recovery_boundary_are_frozen) ... ok
2026-09-14T02:32:50.1623205Z test_composite_budget_and_candidate_repair_do_not_change_strategy (test_sealed_historical_source_authorization_v06.SealedHistoricalSourceAuthorizationV06Tests.test_composite_budget_and_candidate_repair_do_not_change_strategy) ... ok
2026-09-14T02:32:50.1626656Z test_consumption_marker_binds_exact_tag_target_and_attempt (test_sealed_historical_source_authorization_v06.SealedHistoricalSourceAuthorizationV06Tests.test_consumption_marker_binds_exact_tag_target_and_attempt) ... ok
2026-09-14T02:32:50.1634169Z test_one_shot_dispatcher_and_prior_authorizations_are_closed (test_sealed_historical_source_authorization_v06.SealedHistoricalSourceAuthorizationV06Tests.test_one_shot_dispatcher_and_prior_authorizations_are_closed) ... ok
2026-09-14T02:32:50.1667604Z test_parent_failure_and_registration_bundles_validate_exact_files (test_sealed_historical_source_authorization_v06.SealedHistoricalSourceAuthorizationV06Tests.test_parent_failure_and_registration_bundles_validate_exact_files) ... ok
2026-09-14T02:32:50.1762427Z test_registration_detects_one_bound_file_change (test_sealed_historical_source_authorization_v06.SealedHistoricalSourceAuthorizationV06Tests.test_registration_detects_one_bound_file_change) ... ok
2026-09-14T02:32:50.1768297Z test_safe_failure_preserves_ceiling_and_unauthorized_host_evidence (test_sealed_historical_source_authorization_v06.SealedHistoricalSourceAuthorizationV06Tests.test_safe_failure_preserves_ceiling_and_unauthorized_host_evidence) ... ok
2026-09-14T02:32:50.1853297Z test_safe_failure_rejects_unsanitized_blocked_hosts (test_sealed_historical_source_authorization_v06.SealedHistoricalSourceAuthorizationV06Tests.test_safe_failure_rejects_unsanitized_blocked_hosts) ... ok
2026-09-14T02:32:50.1864599Z test_authorization_duplicate_key_and_tamper_fail_closed (test_sealed_historical_source_authorization_v07.SealedHistoricalSourceAuthorizationV07Tests.test_authorization_duplicate_key_and_tamper_fail_closed) ... ok
2026-09-14T02:32:50.1877354Z test_authorization_hash_identity_and_recovery_boundary_are_frozen (test_sealed_historical_source_authorization_v07.SealedHistoricalSourceAuthorizationV07Tests.test_authorization_hash_identity_and_recovery_boundary_are_frozen) ... ok
2026-09-14T02:32:50.1886633Z test_composite_budget_and_candidate_repair_do_not_change_strategy (test_sealed_historical_source_authorization_v07.SealedHistoricalSourceAuthorizationV07Tests.test_composite_budget_and_candidate_repair_do_not_change_strategy) ... ok
2026-09-14T02:32:50.1889576Z test_consumption_marker_binds_exact_tag_target_and_attempt (test_sealed_historical_source_authorization_v07.SealedHistoricalSourceAuthorizationV07Tests.test_consumption_marker_binds_exact_tag_target_and_attempt) ... ok
2026-09-14T02:32:50.1896425Z test_one_shot_dispatcher_and_prior_authorizations_are_closed (test_sealed_historical_source_authorization_v07.SealedHistoricalSourceAuthorizationV07Tests.test_one_shot_dispatcher_and_prior_authorizations_are_closed) ... ok
2026-09-14T02:32:50.1928675Z test_parent_failure_and_registration_bundles_validate_exact_files (test_sealed_historical_source_authorization_v07.SealedHistoricalSourceAuthorizationV07Tests.test_parent_failure_and_registration_bundles_validate_exact_files) ... ok
2026-09-14T02:32:50.2027878Z test_registration_detects_one_bound_file_change (test_sealed_historical_source_authorization_v07.SealedHistoricalSourceAuthorizationV07Tests.test_registration_detects_one_bound_file_change) ... ok
2026-09-14T02:32:50.2033182Z test_safe_failure_preserves_ceiling_and_unauthorized_host_evidence (test_sealed_historical_source_authorization_v07.SealedHistoricalSourceAuthorizationV07Tests.test_safe_failure_preserves_ceiling_and_unauthorized_host_evidence) ... ok
2026-09-14T02:32:50.2046383Z test_safe_failure_rejects_unsanitized_blocked_hosts (test_sealed_historical_source_authorization_v07.SealedHistoricalSourceAuthorizationV07Tests.test_safe_failure_rejects_unsanitized_blocked_hosts) ... ok
2026-09-14T02:32:50.2058803Z test_authorization_duplicate_key_and_tamper_fail_closed (test_sealed_historical_source_authorization_v08.SealedHistoricalSourceAuthorizationV08Tests.test_authorization_duplicate_key_and_tamper_fail_closed) ... ok
2026-09-14T02:32:50.2074436Z test_authorization_hash_identity_and_recovery_boundary_are_frozen (test_sealed_historical_source_authorization_v08.SealedHistoricalSourceAuthorizationV08Tests.test_authorization_hash_identity_and_recovery_boundary_are_frozen) ... ok
2026-09-14T02:32:50.2084209Z test_composite_budget_and_candidate_repair_do_not_change_strategy (test_sealed_historical_source_authorization_v08.SealedHistoricalSourceAuthorizationV08Tests.test_composite_budget_and_candidate_repair_do_not_change_strategy) ... ok
2026-09-14T02:32:50.2088745Z test_consumption_marker_binds_exact_tag_target_and_attempt (test_sealed_historical_source_authorization_v08.SealedHistoricalSourceAuthorizationV08Tests.test_consumption_marker_binds_exact_tag_target_and_attempt) ... ok
2026-09-14T02:32:50.2095786Z test_one_shot_dispatcher_and_prior_authorizations_are_closed (test_sealed_historical_source_authorization_v08.SealedHistoricalSourceAuthorizationV08Tests.test_one_shot_dispatcher_and_prior_authorizations_are_closed) ... ok
2026-09-14T02:32:50.2134271Z test_parent_failure_and_registration_bundles_validate_exact_files (test_sealed_historical_source_authorization_v08.SealedHistoricalSourceAuthorizationV08Tests.test_parent_failure_and_registration_bundles_validate_exact_files) ... ok
2026-09-14T02:32:50.2246274Z test_registration_detects_one_bound_file_change (test_sealed_historical_source_authorization_v08.SealedHistoricalSourceAuthorizationV08Tests.test_registration_detects_one_bound_file_change) ... ok
2026-09-14T02:32:50.2251683Z test_safe_failure_preserves_ceiling_and_unauthorized_host_evidence (test_sealed_historical_source_authorization_v08.SealedHistoricalSourceAuthorizationV08Tests.test_safe_failure_preserves_ceiling_and_unauthorized_host_evidence) ... ok
2026-09-14T02:32:50.2265698Z test_safe_failure_rejects_unsanitized_blocked_hosts (test_sealed_historical_source_authorization_v08.SealedHistoricalSourceAuthorizationV08Tests.test_safe_failure_rejects_unsanitized_blocked_hosts) ... ok
2026-09-14T02:32:50.2277137Z test_authorization_duplicate_key_and_tamper_fail_closed (test_sealed_historical_source_authorization_v09.SealedHistoricalSourceAuthorizationV09Tests.test_authorization_duplicate_key_and_tamper_fail_closed) ... ok
2026-09-14T02:32:50.2292387Z test_authorization_hash_identity_and_recovery_boundary_are_frozen (test_sealed_historical_source_authorization_v09.SealedHistoricalSourceAuthorizationV09Tests.test_authorization_hash_identity_and_recovery_boundary_are_frozen) ... ok
2026-09-14T02:32:50.2302630Z test_composite_budget_and_candidate_repair_do_not_change_strategy (test_sealed_historical_source_authorization_v09.SealedHistoricalSourceAuthorizationV09Tests.test_composite_budget_and_candidate_repair_do_not_change_strategy) ... ok
2026-09-14T02:32:50.2307625Z test_consumption_marker_binds_exact_tag_target_and_attempt (test_sealed_historical_source_authorization_v09.SealedHistoricalSourceAuthorizationV09Tests.test_consumption_marker_binds_exact_tag_target_and_attempt) ... ok
2026-09-14T02:32:50.2314172Z test_one_shot_dispatcher_and_prior_authorizations_are_closed (test_sealed_historical_source_authorization_v09.SealedHistoricalSourceAuthorizationV09Tests.test_one_shot_dispatcher_and_prior_authorizations_are_closed) ... ok
2026-09-14T02:32:50.2353516Z test_parent_failure_and_registration_bundles_validate_exact_files (test_sealed_historical_source_authorization_v09.SealedHistoricalSourceAuthorizationV09Tests.test_parent_failure_and_registration_bundles_validate_exact_files) ... ok
2026-09-14T02:32:50.2475516Z test_registration_detects_one_bound_file_change (test_sealed_historical_source_authorization_v09.SealedHistoricalSourceAuthorizationV09Tests.test_registration_detects_one_bound_file_change) ... ok
2026-09-14T02:32:50.2480844Z test_safe_failure_preserves_ceiling_and_unauthorized_host_evidence (test_sealed_historical_source_authorization_v09.SealedHistoricalSourceAuthorizationV09Tests.test_safe_failure_preserves_ceiling_and_unauthorized_host_evidence) ... ok
2026-09-14T02:32:50.2498166Z test_safe_failure_rejects_unsanitized_blocked_hosts (test_sealed_historical_source_authorization_v09.SealedHistoricalSourceAuthorizationV09Tests.test_safe_failure_rejects_unsanitized_blocked_hosts) ... ok
2026-09-14T02:32:50.2511249Z test_authorization_duplicate_key_and_tamper_fail_closed (test_sealed_historical_source_authorization_v10.SealedHistoricalSourceAuthorizationV10Tests.test_authorization_duplicate_key_and_tamper_fail_closed) ... ok
2026-09-14T02:32:50.2527059Z test_authorization_hash_identity_and_recovery_boundary_are_frozen (test_sealed_historical_source_authorization_v10.SealedHistoricalSourceAuthorizationV10Tests.test_authorization_hash_identity_and_recovery_boundary_are_frozen) ... ok
2026-09-14T02:32:50.2538539Z test_composite_budget_and_candidate_repair_do_not_change_strategy (test_sealed_historical_source_authorization_v10.SealedHistoricalSourceAuthorizationV10Tests.test_composite_budget_and_candidate_repair_do_not_change_strategy) ... ok
2026-09-14T02:32:50.2543761Z test_consumption_marker_binds_exact_tag_target_and_attempt (test_sealed_historical_source_authorization_v10.SealedHistoricalSourceAuthorizationV10Tests.test_consumption_marker_binds_exact_tag_target_and_attempt) ... ok
2026-09-14T02:32:50.2550720Z test_one_shot_dispatcher_and_prior_authorizations_are_closed (test_sealed_historical_source_authorization_v10.SealedHistoricalSourceAuthorizationV10Tests.test_one_shot_dispatcher_and_prior_authorizations_are_closed) ... ok
2026-09-14T02:32:50.2586815Z test_parent_failure_and_registration_bundles_validate_exact_files (test_sealed_historical_source_authorization_v10.SealedHistoricalSourceAuthorizationV10Tests.test_parent_failure_and_registration_bundles_validate_exact_files) ... ok
2026-09-14T02:32:50.2699737Z test_registration_detects_one_bound_file_change (test_sealed_historical_source_authorization_v10.SealedHistoricalSourceAuthorizationV10Tests.test_registration_detects_one_bound_file_change) ... ok
2026-09-14T02:32:50.2705070Z test_safe_failure_preserves_ceiling_and_unauthorized_host_evidence (test_sealed_historical_source_authorization_v10.SealedHistoricalSourceAuthorizationV10Tests.test_safe_failure_preserves_ceiling_and_unauthorized_host_evidence) ... ok
2026-09-14T02:32:50.2719810Z test_safe_failure_rejects_unsanitized_blocked_hosts (test_sealed_historical_source_authorization_v10.SealedHistoricalSourceAuthorizationV10Tests.test_safe_failure_rejects_unsanitized_blocked_hosts) ... ok
2026-09-14T02:32:50.2724070Z test_authorization_tampering_fails_before_semantic_checks (test_sealed_historical_source_authorization_v11.SealedHistoricalSourceAuthorizationV11Tests.test_authorization_tampering_fails_before_semantic_checks) ... ok
2026-09-14T02:32:50.2740402Z test_frozen_authorization_and_parent_bundle_validate (test_sealed_historical_source_authorization_v11.SealedHistoricalSourceAuthorizationV11Tests.test_frozen_authorization_and_parent_bundle_validate) ... ok
2026-09-14T02:32:50.2770498Z test_full_loader_closes_authorization_parent_and_registration (test_sealed_historical_source_authorization_v11.SealedHistoricalSourceAuthorizationV11Tests.test_full_loader_closes_authorization_parent_and_registration) ... ok
2026-09-14T02:32:50.2774753Z test_provider_authority_is_exactly_zero (test_sealed_historical_source_authorization_v11.SealedHistoricalSourceAuthorizationV11Tests.test_provider_authority_is_exactly_zero) ... ok
2026-09-14T02:32:50.2785092Z test_registration_is_hash_bound_to_every_declared_artifact (test_sealed_historical_source_authorization_v11.SealedHistoricalSourceAuthorizationV11Tests.test_registration_is_hash_bound_to_every_declared_artifact) ... ok
2026-09-14T02:32:50.2789584Z test_authorization_tampering_fails_before_semantic_checks (test_sealed_historical_source_authorization_v12.SealedHistoricalSourceAuthorizationV12Tests.test_authorization_tampering_fails_before_semantic_checks) ... ok
2026-09-14T02:32:50.2832532Z test_frozen_authorization_and_parent_bundle_validate (test_sealed_historical_source_authorization_v12.SealedHistoricalSourceAuthorizationV12Tests.test_frozen_authorization_and_parent_bundle_validate) ... ok
2026-09-14T02:32:50.2892934Z test_full_loader_closes_authorization_parent_and_registration (test_sealed_historical_source_authorization_v12.SealedHistoricalSourceAuthorizationV12Tests.test_full_loader_closes_authorization_parent_and_registration) ... ok
2026-09-14T02:32:50.2897263Z test_provider_authority_is_exactly_zero (test_sealed_historical_source_authorization_v12.SealedHistoricalSourceAuthorizationV12Tests.test_provider_authority_is_exactly_zero) ... ok
2026-09-14T02:32:50.2908743Z test_registration_is_hash_bound_to_every_declared_artifact (test_sealed_historical_source_authorization_v12.SealedHistoricalSourceAuthorizationV12Tests.test_registration_is_hash_bound_to_every_declared_artifact) ... ok
2026-09-14T02:32:50.2989377Z test_changed_or_rehashed_authorization_cannot_add_authority (test_sealed_historical_source_authorization_v13.AuthorizationV13Tests.test_changed_or_rehashed_authorization_cannot_add_authority) ... ok
2026-09-14T02:32:50.3073043Z test_frozen_child_and_every_registered_file_validate (test_sealed_historical_source_authorization_v13.AuthorizationV13Tests.test_frozen_child_and_every_registered_file_validate) ... ok
2026-09-14T02:32:50.3591782Z test_provider_policy_and_parent_ledger_remain_frozen (test_sealed_historical_source_authorization_v13.AuthorizationV13Tests.test_provider_policy_and_parent_ledger_remain_frozen) ... ok
2026-09-14T02:32:50.3656383Z test_additional_decision_outcome_rejected (test_sealed_historical_source_binding_v01.BindingMechanicsTests.test_additional_decision_outcome_rejected) ... ok
2026-09-14T02:32:50.3689326Z test_archive_rejects_path_traversal_absolute_and_symlink (test_sealed_historical_source_binding_v01.BindingMechanicsTests.test_archive_rejects_path_traversal_absolute_and_symlink) ... ok
2026-09-14T02:32:50.3700064Z test_archive_valid_member_extracted_exactly_and_write_once (test_sealed_historical_source_binding_v01.BindingMechanicsTests.test_archive_valid_member_extracted_exactly_and_write_once) ... ok
2026-09-14T02:32:50.3706224Z test_archive_whole_bytes_required_before_extraction (test_sealed_historical_source_binding_v01.BindingMechanicsTests.test_archive_whole_bytes_required_before_extraction) ... ok
2026-09-14T02:32:50.3813466Z test_carry_cannot_skip_preceding_session (test_sealed_historical_source_binding_v01.BindingMechanicsTests.test_carry_cannot_skip_preceding_session) ... ok
2026-09-14T02:32:50.4221923Z test_carry_gaps_preserve_state_and_do_not_imply_flatness (test_sealed_historical_source_binding_v01.BindingMechanicsTests.test_carry_gaps_preserve_state_and_do_not_imply_flatness) ... ok
2026-09-14T02:32:50.4281909Z test_decision_keeps_exact_nanoseconds_and_plan (test_sealed_historical_source_binding_v01.BindingMechanicsTests.test_decision_keeps_exact_nanoseconds_and_plan) ... ok
2026-09-14T02:32:50.4284158Z test_duplicate_identities_rejected (test_sealed_historical_source_binding_v01.BindingMechanicsTests.test_duplicate_identities_rejected) ... ok
2026-09-14T02:32:50.4335663Z test_exact_causal_candidate_uses_original_features (test_sealed_historical_source_binding_v01.BindingMechanicsTests.test_exact_causal_candidate_uses_original_features) ... ok
2026-09-14T02:32:50.4339453Z test_json_duplicate_and_nonfinite_rejected (test_sealed_historical_source_binding_v01.BindingMechanicsTests.test_json_duplicate_and_nonfinite_rejected) ... ok
2026-09-14T02:32:50.4390332Z test_known_row_must_still_pass_frozen_profile (test_sealed_historical_source_binding_v01.BindingMechanicsTests.test_known_row_must_still_pass_frozen_profile) ... ok
2026-09-14T02:32:50.4441051Z test_later_scanner_row_cannot_replace_original_activation (test_sealed_historical_source_binding_v01.BindingMechanicsTests.test_later_scanner_row_cannot_replace_original_activation) ... ok
2026-09-14T02:32:50.4590480Z test_nan_and_boolean_candidate_features_rejected (test_sealed_historical_source_binding_v01.BindingMechanicsTests.test_nan_and_boolean_candidate_features_rejected) ... ok
2026-09-14T02:32:50.4642099Z test_profile_membership_not_inferred_from_better_features (test_sealed_historical_source_binding_v01.BindingMechanicsTests.test_profile_membership_not_inferred_from_better_features) ... ok
2026-09-14T02:32:50.4693283Z test_rehashed_later_timestamp_is_rejected (test_sealed_historical_source_binding_v01.BindingMechanicsTests.test_rehashed_later_timestamp_is_rejected) ... ok
2026-09-14T02:32:50.4793849Z test_replaced_micro_decision_rejected (test_sealed_historical_source_binding_v01.BindingMechanicsTests.test_replaced_micro_decision_rejected) ... ok
2026-09-14T02:32:50.4844158Z test_retrospective_input_is_rejected_even_with_new_hash (test_sealed_historical_source_binding_v01.BindingMechanicsTests.test_retrospective_input_is_rejected_even_with_new_hash) ... ok
2026-09-14T02:32:50.4944995Z test_wrong_symbol_or_activation_rejected (test_sealed_historical_source_binding_v01.BindingMechanicsTests.test_wrong_symbol_or_activation_rejected) ... ok
2026-09-14T02:32:50.5003419Z test_independent_candidate_projection_matches_both_fixed_profiles (test_sealed_historical_source_binding_v01.IndependentCheckerTests.test_independent_candidate_projection_matches_both_fixed_profiles) ... ok
2026-09-14T02:32:50.5054370Z test_independent_checker_rejects_forged_candidate_profile (test_sealed_historical_source_binding_v01.IndependentCheckerTests.test_independent_checker_rejects_forged_candidate_profile) ... ok
2026-09-14T02:32:50.5129469Z test_independent_module_does_not_import_runtime_or_strategy (test_sealed_historical_source_binding_v01.IndependentCheckerTests.test_independent_module_does_not_import_runtime_or_strategy) ... ok
2026-09-14T02:32:50.5132435Z test_independent_timestamp_preserves_nanoseconds_and_offsets (test_sealed_historical_source_binding_v01.IndependentCheckerTests.test_independent_timestamp_preserves_nanoseconds_and_offsets) ... ok
2026-09-14T02:32:50.9215801Z test_all_original_account_dependencies_preserved (test_sealed_historical_source_binding_v01.RegistrationTests.test_all_original_account_dependencies_preserved) ... ok
2026-09-14T02:32:51.6936225Z test_exact_parent_and_registration_reconstruct (test_sealed_historical_source_binding_v01.RegistrationTests.test_exact_parent_and_registration_reconstruct) ... ok
2026-09-14T02:32:52.4055053Z test_missing_archives_cannot_be_synthetic_fallback (test_sealed_historical_source_binding_v01.RegistrationTests.test_missing_archives_cannot_be_synthetic_fallback) ... ok
2026-09-14T02:32:53.8314945Z test_offline_cli_registration_and_undefined_globals (test_sealed_historical_source_binding_v01.RegistrationTests.test_offline_cli_registration_and_undefined_globals) ... ok
2026-09-14T02:32:53.8347541Z test_original_archive_inventory_literal_pins (test_sealed_historical_source_binding_v01.RegistrationTests.test_original_archive_inventory_literal_pins) ... ok
2026-09-14T02:32:53.8351548Z test_output_cannot_write_into_repository (test_sealed_historical_source_binding_v01.RegistrationTests.test_output_cannot_write_into_repository) ... ok
2026-09-14T02:32:53.8354088Z test_registration_cannot_claim_verified_original_data_or_runtime (test_sealed_historical_source_binding_v01.RegistrationTests.test_registration_cannot_claim_verified_original_data_or_runtime) ... ok
2026-09-14T02:32:54.5545963Z test_wrong_registration_pin_rejected_before_archive_access (test_sealed_historical_source_binding_v01.RegistrationTests.test_wrong_registration_pin_rejected_before_archive_access) ... ok
2026-09-14T02:32:54.5690503Z test_closed_reader_rejects_access (test_sealed_historical_source_binding_v01.SourceAccessTests.test_closed_reader_rejects_access) ... ok
2026-09-14T02:32:54.5830165Z test_context_requires_original_account_path (test_sealed_historical_source_binding_v01.SourceAccessTests.test_context_requires_original_account_path) ... ok
2026-09-14T02:32:54.5974275Z test_mutating_returned_manifest_cannot_change_source (test_sealed_historical_source_binding_v01.SourceAccessTests.test_mutating_returned_manifest_cannot_change_source) ... ok
2026-09-14T02:32:54.6114319Z test_source_manifest_requires_external_pin (test_sealed_historical_source_binding_v01.SourceAccessTests.test_source_manifest_requires_external_pin) ... ok
2026-09-14T02:32:54.6259539Z test_unavailable_context_preserved_without_entry_access (test_sealed_historical_source_binding_v01.SourceAccessTests.test_unavailable_context_preserved_without_entry_access) ... ok
2026-09-14T02:32:54.6687711Z test_bool_and_non_integer_counts_are_rejected (test_sealed_historical_source_checkpoint_v01.SealedHistoricalSourceCheckpointV01Tests.test_bool_and_non_integer_counts_are_rejected) ... ok
2026-09-14T02:32:54.7077515Z test_build_is_read_only_and_output_is_write_once_outside_source (test_sealed_historical_source_checkpoint_v01.SealedHistoricalSourceCheckpointV01Tests.test_build_is_read_only_and_output_is_write_once_outside_source) ... ok
2026-09-14T02:32:54.7527322Z test_changed_missing_and_extra_files_fail_rehash (test_sealed_historical_source_checkpoint_v01.SealedHistoricalSourceCheckpointV01Tests.test_changed_missing_and_extra_files_fail_rehash) ... ok
2026-09-14T02:32:54.7740306Z test_checkpoint_module_and_script_import_no_provider_clients (test_sealed_historical_source_checkpoint_v01.SealedHistoricalSourceCheckpointV01Tests.test_checkpoint_module_and_script_import_no_provider_clients) ... ok
2026-09-14T02:32:54.8018454Z test_duplicate_and_escaping_inventory_paths_are_rejected (test_sealed_historical_source_checkpoint_v01.SealedHistoricalSourceCheckpointV01Tests.test_duplicate_and_escaping_inventory_paths_are_rejected) ... ok
2026-09-14T02:32:54.8465673Z test_environment_symlink_nonfile_duplicate_and_unsafe_paths_fail (test_sealed_historical_source_checkpoint_v01.SealedHistoricalSourceCheckpointV01Tests.test_environment_symlink_nonfile_duplicate_and_unsafe_paths_fail) ... ok
2026-09-14T02:32:54.8740886Z test_environment_tamper_swapped_inputs_and_self_hash_fail_closed (test_sealed_historical_source_checkpoint_v01.SealedHistoricalSourceCheckpointV01Tests.test_environment_tamper_swapped_inputs_and_self_hash_fail_closed) ... ok
2026-09-14T02:32:54.9076788Z test_massive_ticker_types_layout_hash_and_manifest_lineage_are_strict (test_sealed_historical_source_checkpoint_v01.SealedHistoricalSourceCheckpointV01Tests.test_massive_ticker_types_layout_hash_and_manifest_lineage_are_strict) ... ok
2026-09-14T02:32:54.9905479Z test_post_freeze_scanner_layout_rejects_rogue_missing_and_symlink (test_sealed_historical_source_checkpoint_v01.SealedHistoricalSourceCheckpointV01Tests.test_post_freeze_scanner_layout_rejects_rogue_missing_and_symlink) ... ok
2026-09-14T02:32:55.0711099Z test_post_freeze_validation_allows_only_scanner_snapshot_addition (test_sealed_historical_source_checkpoint_v01.SealedHistoricalSourceCheckpointV01Tests.test_post_freeze_validation_allows_only_scanner_snapshot_addition) ... ok
2026-09-14T02:32:55.1375621Z test_post_scanner_binding_cross_binds_checkpoint_file_and_final_tree (test_sealed_historical_source_checkpoint_v01.SealedHistoricalSourceCheckpointV01Tests.test_post_scanner_binding_cross_binds_checkpoint_file_and_final_tree) ... ok
2026-09-14T02:32:55.1725921Z test_round_trip_rehashes_complete_label_blind_tree (test_sealed_historical_source_checkpoint_v01.SealedHistoricalSourceCheckpointV01Tests.test_round_trip_rehashes_complete_label_blind_tree) ... ok
2026-09-14T02:32:55.1836394Z test_symlink_and_extra_or_missing_stage_roots_fail_closed (test_sealed_historical_source_checkpoint_v01.SealedHistoricalSourceCheckpointV01Tests.test_symlink_and_extra_or_missing_stage_roots_fail_closed) ... ok
2026-09-14T02:32:55.2116575Z test_wrong_provenance_dates_and_authorization_are_rejected (test_sealed_historical_source_checkpoint_v01.SealedHistoricalSourceCheckpointV01Tests.test_wrong_provenance_dates_and_authorization_are_rejected) ... ok
2026-09-14T02:32:55.2120825Z test_composite_budget_cannot_repeat_massive_or_drop_parent_attempts (test_sealed_historical_source_checkpoint_v05.SealedHistoricalSourceCheckpointV05Tests.test_composite_budget_cannot_repeat_massive_or_drop_parent_attempts) ... ok
2026-09-14T02:32:55.4101049Z test_diagnostic_message_or_file_tamper_fails_rehash (test_sealed_historical_source_checkpoint_v05.SealedHistoricalSourceCheckpointV05Tests.test_diagnostic_message_or_file_tamper_fails_rehash) ... ok
2026-09-14T02:32:55.7369273Z test_exact_checkpoint_cli_builds_revalidates_and_cross_checks_ledgers (test_sealed_historical_source_checkpoint_v05.SealedHistoricalSourceCheckpointV05Tests.test_exact_checkpoint_cli_builds_revalidates_and_cross_checks_ledgers) ... ok
2026-09-14T02:32:56.0850220Z test_post_scanner_binding_allows_only_exact_scanner_addition (test_sealed_historical_source_checkpoint_v05.SealedHistoricalSourceCheckpointV05Tests.test_post_scanner_binding_allows_only_exact_scanner_addition) ... ok
2026-09-14T02:32:56.3410061Z test_round_trip_binds_recovery_diagnostics_and_composite_budget (test_sealed_historical_source_checkpoint_v05.SealedHistoricalSourceCheckpointV05Tests.test_round_trip_binds_recovery_diagnostics_and_composite_budget) ... ok
2026-09-14T02:32:56.3413101Z test_success_checkpoint_rejects_any_external_blocked_attempt (test_sealed_historical_source_checkpoint_v05.SealedHistoricalSourceCheckpointV05Tests.test_success_checkpoint_rejects_any_external_blocked_attempt) ... ok
2026-09-14T02:32:56.3421773Z test_composite_budget_cannot_repeat_massive_or_drop_parent_attempts (test_sealed_historical_source_checkpoint_v06.SealedHistoricalSourceCheckpointV06Tests.test_composite_budget_cannot_repeat_massive_or_drop_parent_attempts) ... ok
2026-09-14T02:32:56.5377382Z test_diagnostic_message_or_file_tamper_fails_rehash (test_sealed_historical_source_checkpoint_v06.SealedHistoricalSourceCheckpointV06Tests.test_diagnostic_message_or_file_tamper_fails_rehash) ... ok
2026-09-14T02:32:56.8657662Z test_exact_checkpoint_cli_builds_revalidates_and_cross_checks_ledgers (test_sealed_historical_source_checkpoint_v06.SealedHistoricalSourceCheckpointV06Tests.test_exact_checkpoint_cli_builds_revalidates_and_cross_checks_ledgers) ... ok
2026-09-14T02:32:57.2120730Z test_post_scanner_binding_allows_only_exact_scanner_addition (test_sealed_historical_source_checkpoint_v06.SealedHistoricalSourceCheckpointV06Tests.test_post_scanner_binding_allows_only_exact_scanner_addition) ... ok
2026-09-14T02:32:57.4700345Z test_round_trip_binds_recovery_diagnostics_and_composite_budget (test_sealed_historical_source_checkpoint_v06.SealedHistoricalSourceCheckpointV06Tests.test_round_trip_binds_recovery_diagnostics_and_composite_budget) ... ok
2026-09-14T02:32:57.4704063Z test_success_checkpoint_rejects_any_external_blocked_attempt (test_sealed_historical_source_checkpoint_v06.SealedHistoricalSourceCheckpointV06Tests.test_success_checkpoint_rejects_any_external_blocked_attempt) ... ok
2026-09-14T02:32:57.4707551Z test_composite_budget_cannot_repeat_massive_sec_or_drop_parent_attempts (test_sealed_historical_source_checkpoint_v07.SealedHistoricalSourceCheckpointV07Tests.test_composite_budget_cannot_repeat_massive_sec_or_drop_parent_attempts) ... ok
2026-09-14T02:32:57.6644676Z test_diagnostic_message_or_file_tamper_fails_rehash (test_sealed_historical_source_checkpoint_v07.SealedHistoricalSourceCheckpointV07Tests.test_diagnostic_message_or_file_tamper_fails_rehash) ... ok
2026-09-14T02:32:57.9871779Z test_exact_checkpoint_cli_builds_revalidates_and_cross_checks_ledgers (test_sealed_historical_source_checkpoint_v07.SealedHistoricalSourceCheckpointV07Tests.test_exact_checkpoint_cli_builds_revalidates_and_cross_checks_ledgers) ... ok
2026-09-14T02:32:58.3346230Z test_post_scanner_binding_allows_only_exact_scanner_addition (test_sealed_historical_source_checkpoint_v07.SealedHistoricalSourceCheckpointV07Tests.test_post_scanner_binding_allows_only_exact_scanner_addition) ... ok
2026-09-14T02:32:58.5905972Z test_round_trip_binds_recovery_diagnostics_and_composite_budget (test_sealed_historical_source_checkpoint_v07.SealedHistoricalSourceCheckpointV07Tests.test_round_trip_binds_recovery_diagnostics_and_composite_budget) ... ok
2026-09-14T02:32:58.5911475Z test_success_checkpoint_rejects_any_external_blocked_attempt (test_sealed_historical_source_checkpoint_v07.SealedHistoricalSourceCheckpointV07Tests.test_success_checkpoint_rejects_any_external_blocked_attempt) ... ok
2026-09-14T02:32:58.5914883Z test_composite_budget_cannot_repeat_massive_sec_or_drop_parent_attempts (test_sealed_historical_source_checkpoint_v08.SealedHistoricalSourceCheckpointV08Tests.test_composite_budget_cannot_repeat_massive_sec_or_drop_parent_attempts) ... ok
2026-09-14T02:32:58.7861035Z test_diagnostic_message_or_file_tamper_fails_rehash (test_sealed_historical_source_checkpoint_v08.SealedHistoricalSourceCheckpointV08Tests.test_diagnostic_message_or_file_tamper_fails_rehash) ... ok
2026-09-14T02:32:59.1063190Z test_exact_checkpoint_cli_builds_revalidates_and_cross_checks_ledgers (test_sealed_historical_source_checkpoint_v08.SealedHistoricalSourceCheckpointV08Tests.test_exact_checkpoint_cli_builds_revalidates_and_cross_checks_ledgers) ... ok
2026-09-14T02:32:59.4523041Z test_post_scanner_binding_allows_only_exact_scanner_addition (test_sealed_historical_source_checkpoint_v08.SealedHistoricalSourceCheckpointV08Tests.test_post_scanner_binding_allows_only_exact_scanner_addition) ... ok
2026-09-14T02:32:59.7111771Z test_round_trip_binds_recovery_diagnostics_and_composite_budget (test_sealed_historical_source_checkpoint_v08.SealedHistoricalSourceCheckpointV08Tests.test_round_trip_binds_recovery_diagnostics_and_composite_budget) ... ok
2026-09-14T02:32:59.7114882Z test_success_checkpoint_rejects_any_external_blocked_attempt (test_sealed_historical_source_checkpoint_v08.SealedHistoricalSourceCheckpointV08Tests.test_success_checkpoint_rejects_any_external_blocked_attempt) ... ok
2026-09-14T02:32:59.7117923Z test_composite_budget_cannot_repeat_massive_sec_or_drop_parent_attempts (test_sealed_historical_source_checkpoint_v09.SealedHistoricalSourceCheckpointV09Tests.test_composite_budget_cannot_repeat_massive_sec_or_drop_parent_attempts) ... ok
2026-09-14T02:32:59.9136987Z test_diagnostic_message_or_file_tamper_fails_rehash (test_sealed_historical_source_checkpoint_v09.SealedHistoricalSourceCheckpointV09Tests.test_diagnostic_message_or_file_tamper_fails_rehash) ... ok
2026-09-14T02:33:00.2368025Z test_exact_checkpoint_cli_builds_revalidates_and_cross_checks_ledgers (test_sealed_historical_source_checkpoint_v09.SealedHistoricalSourceCheckpointV09Tests.test_exact_checkpoint_cli_builds_revalidates_and_cross_checks_ledgers) ... ok
2026-09-14T02:33:00.5838455Z test_post_scanner_binding_allows_only_exact_scanner_addition (test_sealed_historical_source_checkpoint_v09.SealedHistoricalSourceCheckpointV09Tests.test_post_scanner_binding_allows_only_exact_scanner_addition) ... ok
2026-09-14T02:33:00.8403673Z test_round_trip_binds_recovery_diagnostics_and_composite_budget (test_sealed_historical_source_checkpoint_v09.SealedHistoricalSourceCheckpointV09Tests.test_round_trip_binds_recovery_diagnostics_and_composite_budget) ... ok
2026-09-14T02:33:00.8406997Z test_success_checkpoint_rejects_any_external_blocked_attempt (test_sealed_historical_source_checkpoint_v09.SealedHistoricalSourceCheckpointV09Tests.test_success_checkpoint_rejects_any_external_blocked_attempt) ... ok
2026-09-14T02:33:00.8410349Z test_composite_budget_cannot_repeat_massive_sec_or_drop_parent_attempts (test_sealed_historical_source_checkpoint_v10.SealedHistoricalSourceCheckpointV10Tests.test_composite_budget_cannot_repeat_massive_sec_or_drop_parent_attempts) ... ok
2026-09-14T02:33:01.0352880Z test_diagnostic_message_or_file_tamper_fails_rehash (test_sealed_historical_source_checkpoint_v10.SealedHistoricalSourceCheckpointV10Tests.test_diagnostic_message_or_file_tamper_fails_rehash) ... ok
2026-09-14T02:33:01.3596365Z test_exact_checkpoint_cli_builds_revalidates_and_cross_checks_ledgers (test_sealed_historical_source_checkpoint_v10.SealedHistoricalSourceCheckpointV10Tests.test_exact_checkpoint_cli_builds_revalidates_and_cross_checks_ledgers) ... ok
2026-09-14T02:33:01.7047422Z test_post_scanner_binding_allows_only_exact_scanner_addition (test_sealed_historical_source_checkpoint_v10.SealedHistoricalSourceCheckpointV10Tests.test_post_scanner_binding_allows_only_exact_scanner_addition) ... ok
2026-09-14T02:33:01.9598035Z test_round_trip_binds_recovery_diagnostics_and_composite_budget (test_sealed_historical_source_checkpoint_v10.SealedHistoricalSourceCheckpointV10Tests.test_round_trip_binds_recovery_diagnostics_and_composite_budget) ... ok
2026-09-14T02:33:01.9603561Z test_success_checkpoint_rejects_any_external_blocked_attempt (test_sealed_historical_source_checkpoint_v10.SealedHistoricalSourceCheckpointV10Tests.test_success_checkpoint_rejects_any_external_blocked_attempt) ... ok
2026-09-14T02:33:01.9710127Z test_acquire_phase_never_invokes_scanner_validator (test_sealed_historical_source_integration_v04.SealedHistoricalSourceIntegrationV04Tests.test_acquire_phase_never_invokes_scanner_validator) ... ok
2026-09-14T02:33:01.9713792Z test_empty_candidate_date_is_a_valid_complete_reconstruction (test_sealed_historical_source_integration_v04.SealedHistoricalSourceIntegrationV04Tests.test_empty_candidate_date_is_a_valid_complete_reconstruction) ... ok
2026-09-14T02:33:01.9717227Z test_exact_fixed_tuple_and_mode_guards (test_sealed_historical_source_integration_v04.SealedHistoricalSourceIntegrationV04Tests.test_exact_fixed_tuple_and_mode_guards) ... ok
2026-09-14T02:33:01.9797690Z test_freeze_phase_is_provider_free_and_exactly_rebuilds (test_sealed_historical_source_integration_v04.SealedHistoricalSourceIntegrationV04Tests.test_freeze_phase_is_provider_free_and_exactly_rebuilds) ... ok
2026-09-14T02:33:01.9801443Z test_freeze_rejects_rehashed_stale_per_date_sidecar_lineage (test_sealed_historical_source_integration_v04.SealedHistoricalSourceIntegrationV04Tests.test_freeze_rejects_rehashed_stale_per_date_sidecar_lineage) ... ok
2026-09-14T02:33:01.9822735Z test_removed_cli_basis_switch_fails_before_files_or_provider (test_sealed_historical_source_integration_v04.SealedHistoricalSourceIntegrationV04Tests.test_removed_cli_basis_switch_fails_before_files_or_provider) ... ok
2026-09-14T02:33:01.9881738Z test_source_sidecar_round_trip_and_compressed_tamper_fail_closed (test_sealed_historical_source_integration_v04.SealedHistoricalSourceIntegrationV04Tests.test_source_sidecar_round_trip_and_compressed_tamper_fail_closed) ... ok
2026-09-14T02:33:01.9894209Z test_environment_pair_separates_dependencies_from_checkout_commit (test_sealed_historical_source_recovery_v05.SealedHistoricalSourceRecoveryV05Tests.test_environment_pair_separates_dependencies_from_checkout_commit) ... ok
2026-09-14T02:33:01.9902547Z test_existing_output_prevents_recovery_overwrite (test_sealed_historical_source_recovery_v05.SealedHistoricalSourceRecoveryV05Tests.test_existing_output_prevents_recovery_overwrite) ... ok
2026-09-14T02:33:01.9920922Z test_materialization_copies_only_validated_source_and_seeds_budget (test_sealed_historical_source_recovery_v05.SealedHistoricalSourceRecoveryV05Tests.test_materialization_copies_only_validated_source_and_seeds_budget) ... ok
2026-09-14T02:33:01.9925874Z test_self_hash_rejects_tampering_and_duplicate_json_keys (test_sealed_historical_source_recovery_v05.SealedHistoricalSourceRecoveryV05Tests.test_self_hash_rejects_tampering_and_duplicate_json_keys) ... ok
2026-09-14T02:33:01.9937266Z test_environment_pair_separates_dependencies_from_checkout_commit (test_sealed_historical_source_recovery_v06.SealedHistoricalSourceRecoveryV06Tests.test_environment_pair_separates_dependencies_from_checkout_commit) ... ok
2026-09-14T02:33:01.9946166Z test_existing_output_prevents_recovery_overwrite (test_sealed_historical_source_recovery_v06.SealedHistoricalSourceRecoveryV06Tests.test_existing_output_prevents_recovery_overwrite) ... ok
2026-09-14T02:33:01.9964285Z test_materialization_copies_only_validated_source_and_seeds_budget (test_sealed_historical_source_recovery_v06.SealedHistoricalSourceRecoveryV06Tests.test_materialization_copies_only_validated_source_and_seeds_budget) ... ok
2026-09-14T02:33:01.9969556Z test_self_hash_rejects_tampering_and_duplicate_json_keys (test_sealed_historical_source_recovery_v06.SealedHistoricalSourceRecoveryV06Tests.test_self_hash_rejects_tampering_and_duplicate_json_keys) ... ok
2026-09-14T02:33:01.9980706Z test_environment_pair_separates_dependencies_from_checkout_commit (test_sealed_historical_source_recovery_v07.SealedHistoricalSourceRecoveryV07Tests.test_environment_pair_separates_dependencies_from_checkout_commit) ... ok
2026-09-14T02:33:01.9988326Z test_existing_output_prevents_recovery_overwrite (test_sealed_historical_source_recovery_v07.SealedHistoricalSourceRecoveryV07Tests.test_existing_output_prevents_recovery_overwrite) ... ok
2026-09-14T02:33:02.0006302Z test_materialization_copies_only_validated_source_and_seeds_budget (test_sealed_historical_source_recovery_v07.SealedHistoricalSourceRecoveryV07Tests.test_materialization_copies_only_validated_source_and_seeds_budget) ... ok
2026-09-14T02:33:02.0011457Z test_self_hash_rejects_tampering_and_duplicate_json_keys (test_sealed_historical_source_recovery_v07.SealedHistoricalSourceRecoveryV07Tests.test_self_hash_rejects_tampering_and_duplicate_json_keys) ... ok
2026-09-14T02:33:02.0022750Z test_environment_pair_separates_dependencies_from_checkout_commit (test_sealed_historical_source_recovery_v08.SealedHistoricalSourceRecoveryV08Tests.test_environment_pair_separates_dependencies_from_checkout_commit) ... ok
2026-09-14T02:33:02.0031655Z test_existing_output_prevents_recovery_overwrite (test_sealed_historical_source_recovery_v08.SealedHistoricalSourceRecoveryV08Tests.test_existing_output_prevents_recovery_overwrite) ... ok
2026-09-14T02:33:02.0049546Z test_materialization_copies_only_validated_source_and_seeds_budget (test_sealed_historical_source_recovery_v08.SealedHistoricalSourceRecoveryV08Tests.test_materialization_copies_only_validated_source_and_seeds_budget) ... ok
2026-09-14T02:33:02.0054526Z test_self_hash_rejects_tampering_and_duplicate_json_keys (test_sealed_historical_source_recovery_v08.SealedHistoricalSourceRecoveryV08Tests.test_self_hash_rejects_tampering_and_duplicate_json_keys) ... ok
2026-09-14T02:33:02.0065857Z test_environment_pair_separates_dependencies_from_checkout_commit (test_sealed_historical_source_recovery_v09.SealedHistoricalSourceRecoveryV09Tests.test_environment_pair_separates_dependencies_from_checkout_commit) ... ok
2026-09-14T02:33:02.0073828Z test_existing_output_prevents_recovery_overwrite (test_sealed_historical_source_recovery_v09.SealedHistoricalSourceRecoveryV09Tests.test_existing_output_prevents_recovery_overwrite) ... ok
2026-09-14T02:33:02.0092296Z test_materialization_copies_only_validated_source_and_seeds_budget (test_sealed_historical_source_recovery_v09.SealedHistoricalSourceRecoveryV09Tests.test_materialization_copies_only_validated_source_and_seeds_budget) ... ok
2026-09-14T02:33:02.0096503Z test_self_hash_rejects_tampering_and_duplicate_json_keys (test_sealed_historical_source_recovery_v09.SealedHistoricalSourceRecoveryV09Tests.test_self_hash_rejects_tampering_and_duplicate_json_keys) ... ok
2026-09-14T02:33:02.0107159Z test_environment_pair_separates_dependencies_from_checkout_commit (test_sealed_historical_source_recovery_v10.SealedHistoricalSourceRecoveryV10Tests.test_environment_pair_separates_dependencies_from_checkout_commit) ... ok
2026-09-14T02:33:02.0115099Z test_existing_output_prevents_recovery_overwrite (test_sealed_historical_source_recovery_v10.SealedHistoricalSourceRecoveryV10Tests.test_existing_output_prevents_recovery_overwrite) ... ok
2026-09-14T02:33:02.0137840Z test_materialization_copies_only_validated_source_and_seeds_budget (test_sealed_historical_source_recovery_v10.SealedHistoricalSourceRecoveryV10Tests.test_materialization_copies_only_validated_source_and_seeds_budget) ... ok
2026-09-14T02:33:02.0142135Z test_self_hash_rejects_tampering_and_duplicate_json_keys (test_sealed_historical_source_recovery_v10.SealedHistoricalSourceRecoveryV10Tests.test_self_hash_rejects_tampering_and_duplicate_json_keys) ... ok
2026-09-14T02:33:02.2494772Z test_directory_change_is_part_of_the_source_commitment (test_sealed_historical_source_runner_v13.IntermediateV13Tests.test_directory_change_is_part_of_the_source_commitment) ... ok
2026-09-14T02:33:02.5316983Z test_incomplete_scanner_manifest_is_rejected_even_if_rehashed (test_sealed_historical_source_runner_v13.IntermediateV13Tests.test_incomplete_scanner_manifest_is_rejected_even_if_rehashed) ... ok
2026-09-14T02:33:02.7702090Z test_modified_file_bytes_are_rejected_even_with_unchanged_count (test_sealed_historical_source_runner_v13.IntermediateV13Tests.test_modified_file_bytes_are_rejected_even_with_unchanged_count) ... ok
2026-09-14T02:33:03.0115200Z test_real_inventory_round_trip_stays_non_final (test_sealed_historical_source_runner_v13.IntermediateV13Tests.test_real_inventory_round_trip_stays_non_final) ... ok
2026-09-14T02:33:03.3572338Z test_rehashed_final_eligibility_and_provider_claims_are_rejected (test_sealed_historical_source_runner_v13.IntermediateV13Tests.test_rehashed_final_eligibility_and_provider_claims_are_rejected) ... ok
2026-09-14T02:33:03.5534867Z test_rehashed_identity_count_and_parent_ledger_changes_are_rejected (test_sealed_historical_source_runner_v13.IntermediateV13Tests.test_rehashed_identity_count_and_parent_ledger_changes_are_rejected) ... ok
2026-09-14T02:33:03.5543417Z test_gate_detects_nested_scopes_and_accepts_bound_names (test_sealed_historical_source_runner_v13.OfflineAndStaticV13Tests.test_gate_detects_nested_scopes_and_accepts_bound_names) ... ok
2026-09-14T02:33:03.5802206Z test_gate_detects_the_exact_unmodified_v12_failure (test_sealed_historical_source_runner_v13.OfflineAndStaticV13Tests.test_gate_detects_the_exact_unmodified_v12_failure) ... ok
2026-09-14T02:33:03.6576817Z test_guard_blocks_real_socket_and_process_creation_in_subprocess (test_sealed_historical_source_runner_v13.OfflineAndStaticV13Tests.test_guard_blocks_real_socket_and_process_creation_in_subprocess) ... ok
2026-09-14T02:33:03.6583773Z test_guard_rejects_acquisition_and_arbitrary_scripts (test_sealed_historical_source_runner_v13.OfflineAndStaticV13Tests.test_guard_rejects_acquisition_and_arbitrary_scripts) ... ok
2026-09-14T02:33:03.6787972Z test_actual_cli_success_writes_and_validates_real_report (test_sealed_historical_source_runner_v13.RunnerV13Tests.test_actual_cli_success_writes_and_validates_real_report) ... ok
2026-09-14T02:33:03.6984787Z test_cli_missing_argument_and_attempt_two_fail_closed (test_sealed_historical_source_runner_v13.RunnerV13Tests.test_cli_missing_argument_and_attempt_two_fail_closed) ... ok
2026-09-14T02:33:03.7198260Z test_cli_requires_intermediate_and_cannot_overwrite (test_sealed_historical_source_runner_v13.RunnerV13Tests.test_cli_requires_intermediate_and_cannot_overwrite) ... ok
2026-09-14T02:33:03.7401620Z test_hosted_prelaunch_verification_records_real_run_but_not_final_gate (test_sealed_historical_source_runner_v13.RunnerV13Tests.test_hosted_prelaunch_verification_records_real_run_but_not_final_gate) ... ok
2026-09-14T02:33:03.9987556Z test_intermediate_cli_binds_real_inventory_without_final_replay (test_sealed_historical_source_runner_v13.RunnerV13Tests.test_intermediate_cli_binds_real_inventory_without_final_replay) ... ok
2026-09-14T02:33:04.0130405Z test_invalid_external_ledger_fails_before_replay (test_sealed_historical_source_runner_v13.RunnerV13Tests.test_invalid_external_ledger_fails_before_replay) ... ok
2026-09-14T02:33:04.0244695Z test_local_verification_cannot_forge_a_github_identity (test_sealed_historical_source_runner_v13.RunnerV13Tests.test_local_verification_cannot_forge_a_github_identity) ... ok
2026-09-14T02:33:04.0449354Z test_local_verification_does_not_claim_github_or_open_final_gate (test_sealed_historical_source_runner_v13.RunnerV13Tests.test_local_verification_does_not_claim_github_or_open_final_gate) ... ok
2026-09-14T02:33:04.0576215Z test_nonzero_blocked_ledger_fails_before_replay (test_sealed_historical_source_runner_v13.RunnerV13Tests.test_nonzero_blocked_ledger_fails_before_replay) ... ok
2026-09-14T02:33:04.0713584Z test_preflight_cli_checks_checkpoint_and_identity_without_final_replay (test_sealed_historical_source_runner_v13.RunnerV13Tests.test_preflight_cli_checks_checkpoint_and_identity_without_final_replay) ... ok
2026-09-14T02:33:04.0856237Z test_real_summary_validator_is_not_mocked (test_sealed_historical_source_runner_v13.RunnerV13Tests.test_real_summary_validator_is_not_mocked) ... ok
2026-09-14T02:33:04.0970597Z test_safe_failure_uses_actual_cli_and_is_sanitized (test_sealed_historical_source_runner_v13.RunnerV13Tests.test_safe_failure_uses_actual_cli_and_is_sanitized) ... ok
2026-09-14T02:33:04.1333702Z test_checkout_gate_binds_repository_branch_path_commit_tree_and_dispatcher (test_sealed_historical_source_workflow_v04.SealedHistoricalSourceWorkflowV04Tests.test_checkout_gate_binds_repository_branch_path_commit_tree_and_dispatcher) ... ok
2026-09-14T02:33:04.1337711Z test_checkpoint_and_report_bind_environment_and_dispatcher_provenance (test_sealed_historical_source_workflow_v04.SealedHistoricalSourceWorkflowV04Tests.test_checkpoint_and_report_bind_environment_and_dispatcher_provenance) ... ok
2026-09-14T02:33:04.1342052Z test_consumption_marker_binds_exact_context_before_provider_access (test_sealed_historical_source_workflow_v04.SealedHistoricalSourceWorkflowV04Tests.test_consumption_marker_binds_exact_context_before_provider_access) ... ok
2026-09-14T02:33:04.1344559Z test_durable_marker_is_consumed_before_every_provider_step (test_sealed_historical_source_workflow_v04.SealedHistoricalSourceWorkflowV04Tests.test_durable_marker_is_consumed_before_every_provider_step) ... ok
2026-09-14T02:33:04.1346778Z test_exact_30_dates_and_frozen_budgets_are_semantic_values (test_sealed_historical_source_workflow_v04.SealedHistoricalSourceWorkflowV04Tests.test_exact_30_dates_and_frozen_budgets_are_semantic_values) ... ok
2026-09-14T02:33:04.1350222Z test_exact_provider_phase_order_checkpoint_then_provider_free_freeze (test_sealed_historical_source_workflow_v04.SealedHistoricalSourceWorkflowV04Tests.test_exact_provider_phase_order_checkpoint_then_provider_free_freeze) ... ok
2026-09-14T02:33:04.1353974Z test_failure_accounting_preserves_blocked_hosts_and_budget_overrun (test_sealed_historical_source_workflow_v04.SealedHistoricalSourceWorkflowV04Tests.test_failure_accounting_preserves_blocked_hosts_and_budget_overrun) ... ok
2026-09-14T02:33:04.1357207Z test_failure_path_retains_accounting_and_missing_checkpoint_without_secrets (test_sealed_historical_source_workflow_v04.SealedHistoricalSourceWorkflowV04Tests.test_failure_path_retains_accounting_and_missing_checkpoint_without_secrets) ... ok
2026-09-14T02:33:04.1360578Z test_no_transcript_databento_account_or_order_path_is_present (test_sealed_historical_source_workflow_v04.SealedHistoricalSourceWorkflowV04Tests.test_no_transcript_databento_account_or_order_path_is_present) ... ok
2026-09-14T02:33:04.1363162Z test_pinned_install_and_environment_freeze_precede_provider_access (test_sealed_historical_source_workflow_v04.SealedHistoricalSourceWorkflowV04Tests.test_pinned_install_and_environment_freeze_precede_provider_access) ... ok
2026-09-14T02:33:04.1365135Z test_progress_boundary_and_canonical_timeout_leave_cleanup_reserve (test_sealed_historical_source_workflow_v04.SealedHistoricalSourceWorkflowV04Tests.test_progress_boundary_and_canonical_timeout_leave_cleanup_reserve) ... ok
2026-09-14T02:33:04.1366908Z test_provider_secrets_are_step_scoped_and_only_wrapped_steps_receive_them (test_sealed_historical_source_workflow_v04.SealedHistoricalSourceWorkflowV04Tests.test_provider_secrets_are_step_scoped_and_only_wrapped_steps_receive_them) ... ok
2026-09-14T02:33:04.1368619Z test_runner_provenance_rejects_rerun_and_unbound_dispatcher (test_sealed_historical_source_workflow_v04.SealedHistoricalSourceWorkflowV04Tests.test_runner_provenance_rejects_rerun_and_unbound_dispatcher) ... ok
2026-09-14T02:33:04.1376685Z test_safe_failure_records_only_sanitized_counts_hashes_and_dates (test_sealed_historical_source_workflow_v04.SealedHistoricalSourceWorkflowV04Tests.test_safe_failure_records_only_sanitized_counts_hashes_and_dates) ... ok
2026-09-14T02:33:04.1388427Z test_v03_hash_bound_entry_points_remain_byte_identical (test_sealed_historical_source_workflow_v04.SealedHistoricalSourceWorkflowV04Tests.test_v03_hash_bound_entry_points_remain_byte_identical) ... ok
2026-09-14T02:33:04.1391237Z test_yaml_trigger_is_push_validation_plus_manual_one_shot_only (test_sealed_historical_source_workflow_v04.SealedHistoricalSourceWorkflowV04Tests.test_yaml_trigger_is_push_validation_plus_manual_one_shot_only) ... ok
2026-09-14T02:33:04.1746135Z test_action_revisions_and_environment_are_pinned (test_sealed_historical_source_workflow_v05.SealedHistoricalSourceWorkflowV05Tests.test_action_revisions_and_environment_are_pinned) ... ok
2026-09-14T02:33:04.1752528Z test_checkpoint_is_uploaded_before_separate_provider_free_freeze (test_sealed_historical_source_workflow_v05.SealedHistoricalSourceWorkflowV05Tests.test_checkpoint_is_uploaded_before_separate_provider_free_freeze) ... ok
2026-09-14T02:33:04.1756751Z test_every_registered_runtime_artifact_triggers_push_validation (test_sealed_historical_source_workflow_v05.SealedHistoricalSourceWorkflowV05Tests.test_every_registered_runtime_artifact_triggers_push_validation) ... ok
2026-09-14T02:33:04.1759849Z test_inputs_are_trimmed_then_bound_to_exact_commit_tree_and_path (test_sealed_historical_source_workflow_v05.SealedHistoricalSourceWorkflowV05Tests.test_inputs_are_trimmed_then_bound_to_exact_commit_tree_and_path) ... ok
2026-09-14T02:33:04.1762667Z test_no_massive_identity_or_market_provider_stage_can_run (test_sealed_historical_source_workflow_v05.SealedHistoricalSourceWorkflowV05Tests.test_no_massive_identity_or_market_provider_stage_can_run) ... ok
2026-09-14T02:33:04.1765149Z test_parent_artifact_is_exact_and_recovery_precedes_provider_access (test_sealed_historical_source_workflow_v05.SealedHistoricalSourceWorkflowV05Tests.test_parent_artifact_is_exact_and_recovery_precedes_provider_access) ... ok
2026-09-14T02:33:04.1767520Z test_push_is_provider_free_and_manual_dispatch_is_attempt_one_only (test_sealed_historical_source_workflow_v05.SealedHistoricalSourceWorkflowV05Tests.test_push_is_provider_free_and_manual_dispatch_is_attempt_one_only) ... ok
2026-09-14T02:33:04.1769909Z test_transcripts_databento_accounts_and_orders_are_absent (test_sealed_historical_source_workflow_v05.SealedHistoricalSourceWorkflowV05Tests.test_transcripts_databento_accounts_and_orders_are_absent) ... ok
2026-09-14T02:33:04.2106021Z test_action_revisions_and_environment_are_pinned (test_sealed_historical_source_workflow_v06.SealedHistoricalSourceWorkflowV06Tests.test_action_revisions_and_environment_are_pinned) ... ok
2026-09-14T02:33:04.2112385Z test_checkpoint_is_uploaded_before_separate_provider_free_freeze (test_sealed_historical_source_workflow_v06.SealedHistoricalSourceWorkflowV06Tests.test_checkpoint_is_uploaded_before_separate_provider_free_freeze) ... ok
2026-09-14T02:33:04.2116822Z test_every_registered_runtime_artifact_triggers_push_validation (test_sealed_historical_source_workflow_v06.SealedHistoricalSourceWorkflowV06Tests.test_every_registered_runtime_artifact_triggers_push_validation) ... ok
2026-09-14T02:33:04.2119905Z test_inputs_are_trimmed_then_bound_to_exact_commit_tree_and_path (test_sealed_historical_source_workflow_v06.SealedHistoricalSourceWorkflowV06Tests.test_inputs_are_trimmed_then_bound_to_exact_commit_tree_and_path) ... ok
2026-09-14T02:33:04.2122703Z test_no_massive_identity_or_market_provider_stage_can_run (test_sealed_historical_source_workflow_v06.SealedHistoricalSourceWorkflowV06Tests.test_no_massive_identity_or_market_provider_stage_can_run) ... ok
2026-09-14T02:33:04.2125283Z test_parent_artifact_is_exact_and_recovery_precedes_provider_access (test_sealed_historical_source_workflow_v06.SealedHistoricalSourceWorkflowV06Tests.test_parent_artifact_is_exact_and_recovery_precedes_provider_access) ... ok
2026-09-14T02:33:04.2127670Z test_push_is_provider_free_and_manual_dispatch_is_attempt_one_only (test_sealed_historical_source_workflow_v06.SealedHistoricalSourceWorkflowV06Tests.test_push_is_provider_free_and_manual_dispatch_is_attempt_one_only) ... ok
2026-09-14T02:33:04.2130087Z test_transcripts_databento_accounts_and_orders_are_absent (test_sealed_historical_source_workflow_v06.SealedHistoricalSourceWorkflowV06Tests.test_transcripts_databento_accounts_and_orders_are_absent) ... ok
2026-09-14T02:33:04.2459670Z test_action_revisions_and_environment_are_pinned (test_sealed_historical_source_workflow_v07.SealedHistoricalSourceWorkflowV07Tests.test_action_revisions_and_environment_are_pinned) ... ok
2026-09-14T02:33:04.2463581Z test_checkpoint_is_uploaded_before_separate_provider_free_freeze (test_sealed_historical_source_workflow_v07.SealedHistoricalSourceWorkflowV07Tests.test_checkpoint_is_uploaded_before_separate_provider_free_freeze) ... ok
2026-09-14T02:33:04.2466760Z test_every_registered_runtime_artifact_triggers_push_validation (test_sealed_historical_source_workflow_v07.SealedHistoricalSourceWorkflowV07Tests.test_every_registered_runtime_artifact_triggers_push_validation) ... ok
2026-09-14T02:33:04.2470428Z test_inputs_are_trimmed_then_bound_to_exact_commit_tree_and_path (test_sealed_historical_source_workflow_v07.SealedHistoricalSourceWorkflowV07Tests.test_inputs_are_trimmed_then_bound_to_exact_commit_tree_and_path) ... ok
2026-09-14T02:33:04.2473611Z test_no_massive_identity_market_sec_or_float_provider_stage_can_run (test_sealed_historical_source_workflow_v07.SealedHistoricalSourceWorkflowV07Tests.test_no_massive_identity_market_sec_or_float_provider_stage_can_run) ... ok
2026-09-14T02:33:04.2481127Z test_parent_artifact_is_exact_and_recovery_precedes_provider_access (test_sealed_historical_source_workflow_v07.SealedHistoricalSourceWorkflowV07Tests.test_parent_artifact_is_exact_and_recovery_precedes_provider_access) ... ok
2026-09-14T02:33:04.2483510Z test_push_is_provider_free_and_manual_dispatch_is_attempt_one_only (test_sealed_historical_source_workflow_v07.SealedHistoricalSourceWorkflowV07Tests.test_push_is_provider_free_and_manual_dispatch_is_attempt_one_only) ... ok
2026-09-14T02:33:04.2485787Z test_transcripts_databento_accounts_and_orders_are_absent (test_sealed_historical_source_workflow_v07.SealedHistoricalSourceWorkflowV07Tests.test_transcripts_databento_accounts_and_orders_are_absent) ... ok
2026-09-14T02:33:04.2819996Z test_action_revisions_and_environment_are_pinned (test_sealed_historical_source_workflow_v08.SealedHistoricalSourceWorkflowV08Tests.test_action_revisions_and_environment_are_pinned) ... ok
2026-09-14T02:33:04.2824297Z test_checkpoint_is_uploaded_before_separate_provider_free_freeze (test_sealed_historical_source_workflow_v08.SealedHistoricalSourceWorkflowV08Tests.test_checkpoint_is_uploaded_before_separate_provider_free_freeze) ... ok
2026-09-14T02:33:04.2827438Z test_every_registered_runtime_artifact_triggers_push_validation (test_sealed_historical_source_workflow_v08.SealedHistoricalSourceWorkflowV08Tests.test_every_registered_runtime_artifact_triggers_push_validation) ... ok
2026-09-14T02:33:04.2830965Z test_inputs_are_trimmed_then_bound_to_exact_commit_tree_and_path (test_sealed_historical_source_workflow_v08.SealedHistoricalSourceWorkflowV08Tests.test_inputs_are_trimmed_then_bound_to_exact_commit_tree_and_path) ... ok
2026-09-14T02:33:04.2833942Z test_no_massive_identity_market_sec_or_float_provider_stage_can_run (test_sealed_historical_source_workflow_v08.SealedHistoricalSourceWorkflowV08Tests.test_no_massive_identity_market_sec_or_float_provider_stage_can_run) ... ok
2026-09-14T02:33:04.2836677Z test_parent_artifact_is_exact_and_recovery_precedes_provider_access (test_sealed_historical_source_workflow_v08.SealedHistoricalSourceWorkflowV08Tests.test_parent_artifact_is_exact_and_recovery_precedes_provider_access) ... ok
2026-09-14T02:33:04.2839186Z test_push_is_provider_free_and_manual_dispatch_is_attempt_one_only (test_sealed_historical_source_workflow_v08.SealedHistoricalSourceWorkflowV08Tests.test_push_is_provider_free_and_manual_dispatch_is_attempt_one_only) ... ok
2026-09-14T02:33:04.2841536Z test_transcripts_databento_accounts_and_orders_are_absent (test_sealed_historical_source_workflow_v08.SealedHistoricalSourceWorkflowV08Tests.test_transcripts_databento_accounts_and_orders_are_absent) ... ok
2026-09-14T02:33:04.3180465Z test_action_revisions_and_environment_are_pinned (test_sealed_historical_source_workflow_v09.SealedHistoricalSourceWorkflowV09Tests.test_action_revisions_and_environment_are_pinned) ... ok
2026-09-14T02:33:04.3185576Z test_checkpoint_is_uploaded_before_separate_provider_free_freeze (test_sealed_historical_source_workflow_v09.SealedHistoricalSourceWorkflowV09Tests.test_checkpoint_is_uploaded_before_separate_provider_free_freeze) ... ok
2026-09-14T02:33:04.3188646Z test_every_registered_runtime_artifact_triggers_push_validation (test_sealed_historical_source_workflow_v09.SealedHistoricalSourceWorkflowV09Tests.test_every_registered_runtime_artifact_triggers_push_validation) ... ok
2026-09-14T02:33:04.3191805Z test_inputs_are_trimmed_then_bound_to_exact_commit_tree_and_path (test_sealed_historical_source_workflow_v09.SealedHistoricalSourceWorkflowV09Tests.test_inputs_are_trimmed_then_bound_to_exact_commit_tree_and_path) ... ok
2026-09-14T02:33:04.3194770Z test_no_massive_identity_market_sec_or_float_provider_stage_can_run (test_sealed_historical_source_workflow_v09.SealedHistoricalSourceWorkflowV09Tests.test_no_massive_identity_market_sec_or_float_provider_stage_can_run) ... ok
2026-09-14T02:33:04.3197489Z test_parent_artifact_is_exact_and_recovery_precedes_provider_access (test_sealed_historical_source_workflow_v09.SealedHistoricalSourceWorkflowV09Tests.test_parent_artifact_is_exact_and_recovery_precedes_provider_access) ... ok
2026-09-14T02:33:04.3200159Z test_push_is_provider_free_and_manual_dispatch_is_attempt_one_only (test_sealed_historical_source_workflow_v09.SealedHistoricalSourceWorkflowV09Tests.test_push_is_provider_free_and_manual_dispatch_is_attempt_one_only) ... ok
2026-09-14T02:33:04.3202488Z test_transcripts_databento_accounts_and_orders_are_absent (test_sealed_historical_source_workflow_v09.SealedHistoricalSourceWorkflowV09Tests.test_transcripts_databento_accounts_and_orders_are_absent) ... ok
2026-09-14T02:33:04.3523695Z test_action_revisions_and_environment_are_pinned (test_sealed_historical_source_workflow_v10.SealedHistoricalSourceWorkflowV10Tests.test_action_revisions_and_environment_are_pinned) ... ok
2026-09-14T02:33:04.3527768Z test_checkpoint_is_uploaded_before_separate_provider_free_freeze (test_sealed_historical_source_workflow_v10.SealedHistoricalSourceWorkflowV10Tests.test_checkpoint_is_uploaded_before_separate_provider_free_freeze) ... ok
2026-09-14T02:33:04.3531071Z test_every_registered_runtime_artifact_triggers_push_validation (test_sealed_historical_source_workflow_v10.SealedHistoricalSourceWorkflowV10Tests.test_every_registered_runtime_artifact_triggers_push_validation) ... ok
2026-09-14T02:33:04.3533980Z test_inputs_are_trimmed_then_bound_to_exact_commit_tree_and_path (test_sealed_historical_source_workflow_v10.SealedHistoricalSourceWorkflowV10Tests.test_inputs_are_trimmed_then_bound_to_exact_commit_tree_and_path) ... ok
2026-09-14T02:33:04.3537026Z test_only_scanner_provider_stage_can_run (test_sealed_historical_source_workflow_v10.SealedHistoricalSourceWorkflowV10Tests.test_only_scanner_provider_stage_can_run) ... ok
2026-09-14T02:33:04.3539341Z test_parent_artifact_is_exact_and_recovery_precedes_provider_access (test_sealed_historical_source_workflow_v10.SealedHistoricalSourceWorkflowV10Tests.test_parent_artifact_is_exact_and_recovery_precedes_provider_access) ... ok
2026-09-14T02:33:04.3541729Z test_push_is_provider_free_and_manual_dispatch_is_attempt_one_only (test_sealed_historical_source_workflow_v10.SealedHistoricalSourceWorkflowV10Tests.test_push_is_provider_free_and_manual_dispatch_is_attempt_one_only) ... ok
2026-09-14T02:33:04.3544004Z test_transcripts_databento_accounts_and_orders_are_absent (test_sealed_historical_source_workflow_v10.SealedHistoricalSourceWorkflowV10Tests.test_transcripts_databento_accounts_and_orders_are_absent) ... ok
2026-09-14T02:33:04.3682608Z test_action_revisions_are_pinned (test_sealed_historical_source_workflow_v11.SealedHistoricalSourceWorkflowV11Tests.test_action_revisions_are_pinned) ... ok
2026-09-14T02:33:04.3685943Z test_exact_parent_checkpoint_is_fetched_once_and_deeply_validated (test_sealed_historical_source_workflow_v11.SealedHistoricalSourceWorkflowV11Tests.test_exact_parent_checkpoint_is_fetched_once_and_deeply_validated) ... ok
2026-09-14T02:33:04.3689632Z test_no_provider_credentials_or_provider_entrypoint_exists (test_sealed_historical_source_workflow_v11.SealedHistoricalSourceWorkflowV11Tests.test_no_provider_credentials_or_provider_entrypoint_exists) ... ok
2026-09-14T02:33:04.3692548Z test_push_runs_validation_only_and_manual_freeze_is_attempt_one (test_sealed_historical_source_workflow_v11.SealedHistoricalSourceWorkflowV11Tests.test_push_runs_validation_only_and_manual_freeze_is_attempt_one) ... ok
2026-09-14T02:33:04.3695504Z test_scanner_freeze_precedes_identity_compatible_final_replay (test_sealed_historical_source_workflow_v11.SealedHistoricalSourceWorkflowV11Tests.test_scanner_freeze_precedes_identity_compatible_final_replay) ... ok
2026-09-14T02:33:04.3838312Z test_action_revisions_are_pinned (test_sealed_historical_source_workflow_v12.SealedHistoricalSourceWorkflowV12Tests.test_action_revisions_are_pinned) ... ok
2026-09-14T02:33:04.3842093Z test_exact_parent_checkpoint_is_fetched_once_and_deeply_validated (test_sealed_historical_source_workflow_v12.SealedHistoricalSourceWorkflowV12Tests.test_exact_parent_checkpoint_is_fetched_once_and_deeply_validated) ... ok
2026-09-14T02:33:04.3845728Z test_no_provider_credentials_or_provider_entrypoint_exists (test_sealed_historical_source_workflow_v12.SealedHistoricalSourceWorkflowV12Tests.test_no_provider_credentials_or_provider_entrypoint_exists) ... ok
2026-09-14T02:33:04.3848832Z test_push_runs_validation_only_and_manual_freeze_is_attempt_one (test_sealed_historical_source_workflow_v12.SealedHistoricalSourceWorkflowV12Tests.test_push_runs_validation_only_and_manual_freeze_is_attempt_one) ... ok
2026-09-14T02:33:04.3851908Z test_same_step_environment_comparison_uses_explicit_venv_python (test_sealed_historical_source_workflow_v12.SealedHistoricalSourceWorkflowV12Tests.test_same_step_environment_comparison_uses_explicit_venv_python) ... ok
2026-09-14T02:33:04.3854793Z test_scanner_freeze_precedes_identity_compatible_final_replay (test_sealed_historical_source_workflow_v12.SealedHistoricalSourceWorkflowV12Tests.test_scanner_freeze_precedes_identity_compatible_final_replay) ... ok
2026-09-14T02:33:04.4017131Z test_action_revisions_are_pinned (test_sealed_historical_source_workflow_v13.SealedHistoricalSourceWorkflowV13Tests.test_action_revisions_are_pinned) ... ok
2026-09-14T02:33:04.4020057Z test_early_preflight_and_intermediate_are_durable_gates (test_sealed_historical_source_workflow_v13.SealedHistoricalSourceWorkflowV13Tests.test_early_preflight_and_intermediate_are_durable_gates) ... ok
2026-09-14T02:33:04.4023339Z test_exact_parent_checkpoint_is_fetched_once_and_deeply_validated (test_sealed_historical_source_workflow_v13.SealedHistoricalSourceWorkflowV13Tests.test_exact_parent_checkpoint_is_fetched_once_and_deeply_validated) ... ok
2026-09-14T02:33:04.4026239Z test_no_provider_credentials_or_provider_entrypoint_exists (test_sealed_historical_source_workflow_v13.SealedHistoricalSourceWorkflowV13Tests.test_no_provider_credentials_or_provider_entrypoint_exists) ... ok
2026-09-14T02:33:04.4188112Z test_prelaunch_e2e_is_push_only_provider_free_and_never_final (test_sealed_historical_source_workflow_v13.SealedHistoricalSourceWorkflowV13Tests.test_prelaunch_e2e_is_push_only_provider_free_and_never_final) ... ok
2026-09-14T02:33:04.4194467Z test_push_runs_validation_only_and_manual_freeze_is_attempt_one (test_sealed_historical_source_workflow_v13.SealedHistoricalSourceWorkflowV13Tests.test_push_runs_validation_only_and_manual_freeze_is_attempt_one) ... ok
2026-09-14T02:33:04.4200622Z test_same_step_environment_comparison_uses_explicit_venv_python (test_sealed_historical_source_workflow_v13.SealedHistoricalSourceWorkflowV13Tests.test_same_step_environment_comparison_uses_explicit_venv_python) ... ok
2026-09-14T02:33:04.4205726Z test_scanner_freeze_precedes_identity_compatible_final_replay (test_sealed_historical_source_workflow_v13.SealedHistoricalSourceWorkflowV13Tests.test_scanner_freeze_precedes_identity_compatible_final_replay) ... ok
2026-09-14T02:33:04.4210297Z test_scientific_commands_have_network_process_guard (test_sealed_historical_source_workflow_v13.SealedHistoricalSourceWorkflowV13Tests.test_scientific_commands_have_network_process_guard) ... ok
2026-09-14T02:33:04.4214389Z test_corpus_manifest_commits_to_all_records_without_leaking_values (test_sealed_historical_walk_forward.SealedHistoricalWalkForwardTests.test_corpus_manifest_commits_to_all_records_without_leaking_values) ... ok
2026-09-14T02:33:04.4226501Z test_corpus_or_exclusion_tamper_breaks_parent_binding (test_sealed_historical_walk_forward.SealedHistoricalWalkForwardTests.test_corpus_or_exclusion_tamper_breaks_parent_binding) ... ok
2026-09-14T02:33:04.4231525Z test_known_seed_and_diagnostic_dates_are_excluded (test_sealed_historical_walk_forward.SealedHistoricalWalkForwardTests.test_known_seed_and_diagnostic_dates_are_excluded) ... ok
2026-09-14T02:33:04.4248050Z test_prior_date_scan_is_broad_and_content_bound (test_sealed_historical_walk_forward.SealedHistoricalWalkForwardTests.test_prior_date_scan_is_broad_and_content_bound) ... ok
2026-09-14T02:33:04.4251002Z test_prospective_panel_is_terminally_closed_without_false_zeroes (test_sealed_historical_walk_forward.SealedHistoricalWalkForwardTests.test_prospective_panel_is_terminally_closed_without_false_zeroes) ... ok
2026-09-14T02:33:04.4328763Z test_raw_transcript_files_are_not_committed (test_sealed_historical_walk_forward.SealedHistoricalWalkForwardTests.test_raw_transcript_files_are_not_committed) ... ok
2026-09-14T02:33:04.4348642Z test_registered_bundle_is_valid_and_parent_bound (test_sealed_historical_walk_forward.SealedHistoricalWalkForwardTests.test_registered_bundle_is_valid_and_parent_bound) ... ok
2026-09-14T02:33:04.4353499Z test_registration_audit_binds_exact_files_and_zero_authority (test_sealed_historical_walk_forward.SealedHistoricalWalkForwardTests.test_registration_audit_binds_exact_files_and_zero_authority) ... ok
2026-09-14T02:33:04.4375294Z test_rehashed_date_substitution_still_fails (test_sealed_historical_walk_forward.SealedHistoricalWalkForwardTests.test_rehashed_date_substitution_still_fails) ... ok
2026-09-14T02:33:04.4387351Z test_rehashed_retrospective_key_still_fails (test_sealed_historical_walk_forward.SealedHistoricalWalkForwardTests.test_rehashed_retrospective_key_still_fails) ... ok
2026-09-14T02:33:04.4390040Z test_remote_validation_audit_is_exact_and_provider_free (test_sealed_historical_walk_forward.SealedHistoricalWalkForwardTests.test_remote_validation_audit_is_exact_and_provider_free) ... ok
2026-09-14T02:33:04.4393038Z test_runtime_registers_all_360_cells_without_best_cell_selection (test_sealed_historical_walk_forward.SealedHistoricalWalkForwardTests.test_runtime_registers_all_360_cells_without_best_cell_selection) ... ok
2026-09-14T02:33:04.4399888Z test_selection_is_exactly_30_full_unseen_sessions (test_sealed_historical_walk_forward.SealedHistoricalWalkForwardTests.test_selection_is_exactly_30_full_unseen_sessions) ... ok
2026-09-14T02:33:04.4411707Z test_selection_is_recomputed_from_only_frozen_inputs (test_sealed_historical_walk_forward.SealedHistoricalWalkForwardTests.test_selection_is_recomputed_from_only_frozen_inputs) ... ok
2026-09-14T02:33:04.4418784Z test_structural_manifest_builder_never_emits_record_values (test_sealed_historical_walk_forward.SealedHistoricalWalkForwardTests.test_structural_manifest_builder_never_emits_record_values) ... ok
2026-09-14T02:33:04.5175060Z test_validation_cli_is_provider_free (test_sealed_historical_walk_forward.SealedHistoricalWalkForwardTests.test_validation_cli_is_provider_free) ... ok
2026-09-14T02:33:04.5182225Z test_write_once_refuses_overwrite (test_sealed_historical_walk_forward.SealedHistoricalWalkForwardTests.test_write_once_refuses_overwrite) ... ok
2026-09-14T02:33:04.5196067Z test_resolves_ticker_and_parses_facts_without_extracting_zip (test_sec_bulk.SecBulkTests.test_resolves_ticker_and_parses_facts_without_extracting_zip) ... ok
2026-09-14T02:33:04.5203463Z test_unknown_ticker_returns_none (test_sec_bulk.SecBulkTests.test_unknown_ticker_returns_none) ... ok
2026-09-14T02:33:04.5205314Z test_acceptance_time_controls_information_availability (test_sec_edgar.SecEdgarFloatTests.test_acceptance_time_controls_information_availability) ... ok
2026-09-14T02:33:04.5216058Z test_client_fails_before_network_without_declared_identity (test_sec_edgar.SecEdgarFloatTests.test_client_fails_before_network_without_declared_identity) ... ok
2026-09-14T02:33:04.5224299Z test_client_reads_declared_identity_from_environment (test_sec_edgar.SecEdgarFloatTests.test_client_reads_declared_identity_from_environment) ... ok
2026-09-14T02:33:04.5226175Z test_client_requires_declared_contact_email (test_sec_edgar.SecEdgarFloatTests.test_client_requires_declared_contact_email) ... ok
2026-09-14T02:33:04.5228052Z test_duplicate_companyfacts_rows_are_deduplicated (test_sec_edgar.SecEdgarFloatTests.test_duplicate_companyfacts_rows_are_deduplicated) ... ok
2026-09-14T02:33:04.5230360Z test_public_float_is_converted_from_dollars_to_implied_shares (test_sec_edgar.SecEdgarFloatTests.test_public_float_is_converted_from_dollars_to_implied_shares) ... ok
2026-09-14T02:33:04.5232632Z test_roll_forward_does_not_reduce_float_on_buyback_without_new_annual_float (test_sec_edgar.SecEdgarFloatTests.test_roll_forward_does_not_reduce_float_on_buyback_without_new_annual_float) ... ok
2026-09-14T02:33:04.5234855Z test_roll_forward_raises_float_after_net_share_issuance (test_sec_edgar.SecEdgarFloatTests.test_roll_forward_raises_float_after_net_share_issuance) ... ok
2026-09-14T02:33:04.5237022Z test_missing_public_float_can_pass_only_from_outstanding_upper_bound (test_sec_float_join.SecFloatJoinTests.test_missing_public_float_can_pass_only_from_outstanding_upper_bound) ... ok
2026-09-14T02:33:04.5239336Z test_outstanding_above_limit_without_public_float_remains_unknown (test_sec_float_join.SecFloatJoinTests.test_outstanding_above_limit_without_public_float_remains_unknown) ... ok
2026-09-14T02:33:04.5241221Z test_reverse_split_share_basis_normalization (test_sec_float_join.SecFloatJoinTests.test_reverse_split_share_basis_normalization) ... ok
2026-09-14T02:33:04.5397549Z test_future_outcome_columns_cannot_change_selection (test_select_micro_activity_cohort.MicroActivityCohortSelectionTests.test_future_outcome_columns_cannot_change_selection) ... ok
2026-09-14T02:33:04.5474065Z test_rejects_bar_start_masquerading_as_decision_time (test_select_micro_activity_cohort.MicroActivityCohortSelectionTests.test_rejects_bar_start_masquerading_as_decision_time) ... ok
2026-09-14T02:33:04.5548106Z test_selects_earliest_qualification_with_symbol_tie_break (test_select_micro_activity_cohort.MicroActivityCohortSelectionTests.test_selects_earliest_qualification_with_symbol_tie_break) ... ok
2026-09-14T02:33:04.5588672Z test_break_below_vwap_or_ema_rejected (test_setup.SetupTests.test_break_below_vwap_or_ema_rejected) ... ok
2026-09-14T02:33:04.5627041Z test_deep_retrace_rejected (test_setup.SetupTests.test_deep_retrace_rejected) ... ok
2026-09-14T02:33:04.5781828Z test_future_bar_does_not_change_existing_plan (test_setup.SetupTests.test_future_bar_does_not_change_existing_plan) ... ok
2026-09-14T02:33:04.5857474Z test_heavy_pullback_volume_rejected (test_setup.SetupTests.test_heavy_pullback_volume_rejected) ... ok
2026-09-14T02:33:04.5979708Z test_prior_bars_warm_indicators_without_entering_session_vwap_geometry (test_setup.SetupTests.test_prior_bars_warm_indicators_without_entering_session_vwap_geometry) ... ok
2026-09-14T02:33:04.6053330Z test_valid_pullback_builds_next_bar_plan (test_setup.SetupTests.test_valid_pullback_builds_next_bar_plan) ... ok
2026-09-14T02:33:04.6080749Z test_conditional_asset_master_universe_is_rejected_by_default (test_snapshot.SnapshotTests.test_conditional_asset_master_universe_is_rejected_by_default) ... ok
2026-09-14T02:33:04.6157986Z test_conditional_asset_master_universe_requires_explicit_opt_in (test_snapshot.SnapshotTests.test_conditional_asset_master_universe_requires_explicit_opt_in) ... ok
2026-09-14T02:33:04.6185598Z test_conditional_universe_asset_master_tampering_fails_closed (test_snapshot.SnapshotTests.test_conditional_universe_asset_master_tampering_fails_closed) ... ok
2026-09-14T02:33:04.6209275Z test_conditional_universe_must_prohibit_policy_promotion (test_snapshot.SnapshotTests.test_conditional_universe_must_prohibit_policy_promotion) ... ok
2026-09-14T02:33:04.6230449Z test_contradictory_universe_claim_fails_closed (test_snapshot.SnapshotTests.test_contradictory_universe_claim_fails_closed) ... ok
2026-09-14T02:33:04.6262714Z test_float_without_asof_fails_closed (test_snapshot.SnapshotTests.test_float_without_asof_fails_closed) ... ok
2026-09-14T02:33:04.6334787Z test_indicator_warmup_is_optional_and_loaded_separately (test_snapshot.SnapshotTests.test_indicator_warmup_is_optional_and_loaded_separately) ... ok
2026-09-14T02:33:04.6337214Z test_missing_structure_fails_closed (test_snapshot.SnapshotTests.test_missing_structure_fails_closed) ... ok
2026-09-14T02:33:04.6426250Z test_point_in_time_float_and_news_are_loaded (test_snapshot.SnapshotTests.test_point_in_time_float_and_news_are_loaded) ... ok
2026-09-14T02:33:04.6448665Z test_snapshot_requires_explicit_complete_universe (test_snapshot.SnapshotTests.test_snapshot_requires_explicit_complete_universe) ... ok
2026-09-14T02:33:04.6523688Z test_matrix_is_hash_bound_and_covers_every_promoted_rule_once (test_strategy_coverage.StrategyCoverageTests.test_matrix_is_hash_bound_and_covers_every_promoted_rule_once) ... ok
2026-09-14T02:33:04.6543655Z test_missing_implementation_artifact_fails_closed (test_strategy_coverage.StrategyCoverageTests.test_missing_implementation_artifact_fails_closed) ... ok
2026-09-14T02:33:04.6547520Z test_permanent_audit_binds_coverage_deliverables (test_strategy_coverage.StrategyCoverageTests.test_permanent_audit_binds_coverage_deliverables) ... ok
2026-09-14T02:33:04.6612590Z test_unknown_rule_and_overclaim_fail_closed (test_strategy_coverage.StrategyCoverageTests.test_unknown_rule_and_overclaim_fail_closed) ... ok
2026-09-14T02:33:04.6763763Z test_audit_binds_delta_and_supporting_files (test_strategy_coverage_v02.StrategyCoverageV02Tests.test_audit_binds_delta_and_supporting_files) ... ok
2026-09-14T02:33:04.6766224Z test_delta_is_hash_bound_and_runtime_inert (test_strategy_coverage_v02.StrategyCoverageV02Tests.test_delta_is_hash_bound_and_runtime_inert) ... ok
2026-09-14T02:33:04.6768323Z test_engineering_progress_is_partial_and_research_only (test_strategy_coverage_v02.StrategyCoverageV02Tests.test_engineering_progress_is_partial_and_research_only) ... ok
2026-09-14T02:33:04.6771277Z test_only_registered_domains_change_from_frozen_parent (test_strategy_coverage_v02.StrategyCoverageV02Tests.test_only_registered_domains_change_from_frozen_parent) ... ok
2026-09-14T02:33:04.6773817Z test_resolved_summary_recomputes_without_overclaim (test_strategy_coverage_v02.StrategyCoverageV02Tests.test_resolved_summary_recomputes_without_overclaim) ... ok
2026-09-14T02:33:04.6777759Z test_unregistered_domain_or_authority_overclaim_fails_closed (test_strategy_coverage_v02.StrategyCoverageV02Tests.test_unregistered_domain_or_authority_overclaim_fails_closed) ... ok
2026-09-14T02:33:04.6813488Z test_panel_separates_zero_activity_from_unavailable_data (test_summarize_discretion_heldout_micro_runtime.SummarizeDiscretionHeldoutMicroRuntimeTests.test_panel_separates_zero_activity_from_unavailable_data) ... ok
2026-09-14T02:33:04.6838562Z test_tampered_frozen_input_fails_closed (test_summarize_discretion_heldout_micro_runtime.SummarizeDiscretionHeldoutMicroRuntimeTests.test_tampered_frozen_input_fails_closed) ... ok
2026-09-14T02:33:04.6851693Z test_aggregates_predeclared_paired_activity_deltas (test_summarize_micro_activity_cohort.MicroActivityCohortSummaryTests.test_aggregates_predeclared_paired_activity_deltas) ... ok
2026-09-14T02:33:04.6864136Z test_rejects_mixed_selection_provenance (test_summarize_micro_activity_cohort.MicroActivityCohortSummaryTests.test_rejects_mixed_selection_provenance) ... ok
2026-09-14T02:33:04.6879750Z test_builds_boundary_control_without_inventing_scored_dimensions (test_summarize_micro_control_cells.MicroControlSummaryTests.test_builds_boundary_control_without_inventing_scored_dimensions) ... ok
2026-09-14T02:33:04.6895783Z test_rejects_mixed_control_identity (test_summarize_micro_control_cells.MicroControlSummaryTests.test_rejects_mixed_control_identity) ... ok
2026-09-14T02:33:04.6909743Z test_adapter_requires_frozen_artifact_hash_and_has_no_authority (test_theme_regime_context.ThemeRegimeContextTests.test_adapter_requires_frozen_artifact_hash_and_has_no_authority) ... ok
2026-09-14T02:33:04.6917959Z test_builder_measures_same_minute_news_and_leadership_without_label (test_theme_regime_context.ThemeRegimeContextTests.test_builder_measures_same_minute_news_and_leadership_without_label) ... ok
2026-09-14T02:33:04.6920608Z test_completed_session_summary_is_hash_bound_and_accounted (test_theme_regime_context.ThemeRegimeContextTests.test_completed_session_summary_is_hash_bound_and_accounted) ... ok
2026-09-14T02:33:04.6923283Z test_contract_freezes_observations_but_no_semantic_threshold (test_theme_regime_context.ThemeRegimeContextTests.test_contract_freezes_observations_but_no_semantic_threshold) ... ok
2026-09-14T02:33:04.6931712Z test_cross_candidate_story_is_association_not_theme_classification (test_theme_regime_context.ThemeRegimeContextTests.test_cross_candidate_story_is_association_not_theme_classification) ... ok
2026-09-14T02:33:04.6940275Z test_future_scanner_rows_and_headlines_cannot_enter_decision_packet (test_theme_regime_context.ThemeRegimeContextTests.test_future_scanner_rows_and_headlines_cannot_enter_decision_packet) ... ok
2026-09-14T02:33:04.6944010Z test_prior_summary_must_strictly_precede_current_session (test_theme_regime_context.ThemeRegimeContextTests.test_prior_summary_must_strictly_precede_current_session) ... ok
2026-09-14T02:33:04.6947344Z test_registration_audit_binds_contract_without_promotion (test_theme_regime_context.ThemeRegimeContextTests.test_registration_audit_binds_contract_without_promotion) ... ok
2026-09-14T02:33:04.6963773Z test_tamper_fails_hash_and_deterministic_reconstruction (test_theme_regime_context.ThemeRegimeContextTests.test_tamper_fails_hash_and_deterministic_reconstruction) ... ok
2026-09-14T02:33:04.7032327Z test_frozen_result_is_complete_and_non_promotable (test_trade_management_sensitivity.TradeManagementSensitivityContractTests.test_frozen_result_is_complete_and_non_promotable) ... ok
2026-09-14T02:33:04.7036439Z test_registration_and_evidence_are_hash_bound (test_trade_management_sensitivity.TradeManagementSensitivityContractTests.test_registration_and_evidence_are_hash_bound) ... ok
2026-09-14T02:33:04.7041342Z test_result_driven_cell_or_status_change_fails_closed (test_trade_management_sensitivity.TradeManagementSensitivityContractTests.test_result_driven_cell_or_status_change_fails_closed) ... ok
2026-09-14T02:33:04.7096855Z test_completed_red_signal_has_priority_over_target_on_same_print (test_trade_management_shadow.TradeManagementShadowTests.test_completed_red_signal_has_priority_over_target_on_same_print) ... ok
2026-09-14T02:33:04.7134923Z test_frozen_fill_must_be_present_in_execution_path (test_trade_management_shadow.TradeManagementShadowTests.test_frozen_fill_must_be_present_in_execution_path) ... ok
2026-09-14T02:33:04.7182961Z test_half_at_two_r_moves_only_remainder_stop_to_actual_fill (test_trade_management_shadow.TradeManagementShadowTests.test_half_at_two_r_moves_only_remainder_stop_to_actual_fill) ... ok
2026-09-14T02:33:04.7228727Z test_initial_stop_precedes_later_red_signal (test_trade_management_shadow.TradeManagementShadowTests.test_initial_stop_precedes_later_red_signal) ... ok
2026-09-14T02:33:04.7276097Z test_red_candle_is_usable_only_after_bar_completion (test_trade_management_shadow.TradeManagementShadowTests.test_red_candle_is_usable_only_after_bar_completion) ... ok
2026-09-14T02:33:04.7278419Z test_registered_cells_are_exact_and_unknown_cell_fails_closed (test_trade_management_shadow.TradeManagementShadowTests.test_registered_cells_are_exact_and_unknown_cell_fails_closed) ... ok
2026-09-14T02:33:04.7323278Z test_unresolved_runner_is_not_liquidated_at_end_of_data (test_trade_management_shadow.TradeManagementShadowTests.test_unresolved_runner_is_not_liquidated_at_end_of_data) ... ok
2026-09-14T02:33:04.7325459Z 
2026-09-14T02:33:04.7325896Z ----------------------------------------------------------------------
2026-09-14T02:33:04.7326931Z Ran 2903 tests in 450.045s
2026-09-14T02:33:04.7327201Z 
2026-09-14T02:33:04.7327345Z OK (skipped=73)
2026-09-14T02:33:04.7327721Z {
2026-09-14T02:33:04.7328054Z   "accepted_ticker_counts": {
2026-09-14T02:33:04.7328469Z     "2025-04-03": 1,
2026-09-14T02:33:04.7328826Z     "2025-10-01": 1,
2026-09-14T02:33:04.7329413Z     "2026-07-09": 1
2026-09-14T02:33:04.7329771Z   },
2026-09-14T02:33:04.7330182Z   "artifact_id": "identity-resolved-universe-v0.1",
2026-09-14T02:33:04.7330721Z   "dates": [
2026-09-14T02:33:04.7331040Z     "2025-04-03",
2026-09-14T02:33:04.7331377Z     "2025-10-01",
2026-09-14T02:33:04.7331696Z     "2026-07-09"
2026-09-14T02:33:04.7332014Z   ],
2026-09-14T02:33:04.7332342Z   "quarantine_ticker_counts": {
2026-09-14T02:33:04.7332759Z     "2025-04-03": 0,
2026-09-14T02:33:04.7333100Z     "2025-10-01": 0,
2026-09-14T02:33:04.7333476Z     "2026-07-09": 0
2026-09-14T02:33:04.7333789Z   },
2026-09-14T02:33:04.7334078Z   "universe_complete": false
2026-09-14T02:33:04.7334582Z }
2026-09-14T02:33:04.7334952Z {
2026-09-14T02:33:04.7335503Z   "artifact_id": "sealed-historical-source-checkpoint-v0.2",
2026-09-14T02:33:04.7336509Z   "authorization": {
2026-09-14T02:33:04.7337351Z     "authorization_content_sha256": "2f83520b40a7b1699e2b07c8e90fa9d321db5dac86ce7e178ea1c132b23a677d",
2026-09-14T02:33:04.7338736Z     "authorization_id": "sealed-historical-source-acquisition-v0.5"
2026-09-14T02:33:04.7339940Z   },
2026-09-14T02:33:04.7340842Z   "content_sha256": "1a7d97534906d26dda723e2f0f43813b10ae0860648045623b96260ca4727e07",
2026-09-14T02:33:04.7342075Z   "file_count": 706,
2026-09-14T02:33:04.7342545Z   "provider_calls": 0,
2026-09-14T02:33:04.7343021Z   "total_retained_bytes": 30232
2026-09-14T02:33:04.7343596Z }
2026-09-14T02:33:04.7343872Z {
2026-09-14T02:33:04.7344362Z   "artifact_id": "sealed-historical-source-checkpoint-v0.2",
2026-09-14T02:33:04.7345248Z   "content_sha256": "1a7d97534906d26dda723e2f0f43813b10ae0860648045623b96260ca4727e07",
2026-09-14T02:33:04.7346196Z   "provider_calls": 0,
2026-09-14T02:33:04.7346686Z   "validated_existing": true
2026-09-14T02:33:04.7347088Z }
2026-09-14T02:33:04.7347393Z {
2026-09-14T02:33:04.7347881Z   "artifact_id": "sealed-historical-source-checkpoint-v0.3",
2026-09-14T02:33:04.7348531Z   "authorization": {
2026-09-14T02:33:04.7349369Z     "authorization_content_sha256": "0e80cba0f8efce48f857a8e64c6dac742b394b08ae787d1ecda4be33b8722a48",
2026-09-14T02:33:04.7350131Z     "authorization_id": "sealed-historical-source-acquisition-v0.6"
2026-09-14T02:33:04.7350565Z   },
2026-09-14T02:33:04.7350968Z   "content_sha256": "eb2921cf8a5d0b739e6fc323b5e46390ba90665716f215f2de509ab299028783",
2026-09-14T02:33:04.7351483Z   "file_count": 706,
2026-09-14T02:33:04.7351740Z   "provider_calls": 0,
2026-09-14T02:33:04.7352006Z   "total_retained_bytes": 30232
2026-09-14T02:33:04.7352278Z }
2026-09-14T02:33:04.7352477Z {
2026-09-14T02:33:04.7352785Z   "artifact_id": "sealed-historical-source-checkpoint-v0.3",
2026-09-14T02:33:04.7353380Z   "content_sha256": "eb2921cf8a5d0b739e6fc323b5e46390ba90665716f215f2de509ab299028783",
2026-09-14T02:33:04.7353885Z   "provider_calls": 0,
2026-09-14T02:33:04.7354142Z   "validated_existing": true
2026-09-14T02:33:04.7354360Z }
2026-09-14T02:33:04.7354520Z {
2026-09-14T02:33:04.7354776Z   "artifact_id": "sealed-historical-source-checkpoint-v0.3",
2026-09-14T02:33:04.7355108Z   "authorization": {
2026-09-14T02:33:04.7355535Z     "authorization_content_sha256": "9bbedaa836b748b0102f22229448857bc47bbcd5fb776c2ebbc1ea97b431ef82",
2026-09-14T02:33:04.7356130Z     "authorization_id": "sealed-historical-source-acquisition-v0.7"
2026-09-14T02:33:04.7356484Z   },
2026-09-14T02:33:04.7356820Z   "content_sha256": "5ad67710720f91baab42c4c1a4fc715382b9b88677e441fdeae73c401542238b",
2026-09-14T02:33:04.7357236Z   "file_count": 706,
2026-09-14T02:33:04.7357446Z   "provider_calls": 0,
2026-09-14T02:33:04.7357667Z   "total_retained_bytes": 30232
2026-09-14T02:33:04.7357891Z }
2026-09-14T02:33:04.7358052Z {
2026-09-14T02:33:04.7358469Z   "artifact_id": "sealed-historical-source-checkpoint-v0.3",
2026-09-14T02:33:04.7359119Z   "content_sha256": "5ad67710720f91baab42c4c1a4fc715382b9b88677e441fdeae73c401542238b",
2026-09-14T02:33:04.7359557Z   "provider_calls": 0,
2026-09-14T02:33:04.7359789Z   "validated_existing": true
2026-09-14T02:33:04.7360015Z }
2026-09-14T02:33:04.7360179Z {
2026-09-14T02:33:04.7360429Z   "artifact_id": "sealed-historical-source-checkpoint-v0.3",
2026-09-14T02:33:04.7360766Z   "authorization": {
2026-09-14T02:33:04.7361195Z     "authorization_content_sha256": "8b4220f7cb52e155f321e6e1ac16cf3bf2cbaf9c765857ee4a7407e553c741e8",
2026-09-14T02:33:04.7361775Z     "authorization_id": "sealed-historical-source-acquisition-v0.8"
2026-09-14T02:33:04.7362120Z   },
2026-09-14T02:33:04.7362442Z   "content_sha256": "b99cb477631a712a4ec7f33e60c347272237b9b23f97685552fe421ef30b18a4",
2026-09-14T02:33:04.7362856Z   "file_count": 706,
2026-09-14T02:33:04.7363067Z   "provider_calls": 0,
2026-09-14T02:33:04.7363287Z   "total_retained_bytes": 30232
2026-09-14T02:33:04.7363524Z }
2026-09-14T02:33:04.7363699Z {
2026-09-14T02:33:04.7363949Z   "artifact_id": "sealed-historical-source-checkpoint-v0.3",
2026-09-14T02:33:04.7364420Z   "content_sha256": "b99cb477631a712a4ec7f33e60c347272237b9b23f97685552fe421ef30b18a4",
2026-09-14T02:33:04.7364825Z   "provider_calls": 0,
2026-09-14T02:33:04.7365051Z   "validated_existing": true
2026-09-14T02:33:04.7365268Z }
2026-09-14T02:33:04.7365427Z {
2026-09-14T02:33:04.7365682Z   "artifact_id": "sealed-historical-source-checkpoint-v0.3",
2026-09-14T02:33:04.7366017Z   "authorization": {
2026-09-14T02:33:04.7366425Z     "authorization_content_sha256": "485958a1b1671f6ce2c64c1d1c156b25b6f5639be1663dc7f2427f880dd4782f",
2026-09-14T02:33:04.7366987Z     "authorization_id": "sealed-historical-source-acquisition-v0.9"
2026-09-14T02:33:04.7367327Z   },
2026-09-14T02:33:04.7367650Z   "content_sha256": "7af5f485faf96123abea8300f5e4cf9ed8738b11ab39d1404765c99f92d759be",
2026-09-14T02:33:04.7368071Z   "file_count": 706,
2026-09-14T02:33:04.7368290Z   "provider_calls": 0,
2026-09-14T02:33:04.7368509Z   "total_retained_bytes": 30232
2026-09-14T02:33:04.7368747Z }
2026-09-14T02:33:04.7369038Z {
2026-09-14T02:33:04.7369407Z   "artifact_id": "sealed-historical-source-checkpoint-v0.3",
2026-09-14T02:33:04.7370085Z   "content_sha256": "7af5f485faf96123abea8300f5e4cf9ed8738b11ab39d1404765c99f92d759be",
2026-09-14T02:33:04.7370523Z   "provider_calls": 0,
2026-09-14T02:33:04.7370757Z   "validated_existing": true
2026-09-14T02:33:04.7370977Z }
2026-09-14T02:33:04.7371137Z {
2026-09-14T02:33:04.7371388Z   "artifact_id": "sealed-historical-source-checkpoint-v0.3",
2026-09-14T02:33:04.7371726Z   "authorization": {
2026-09-14T02:33:04.7372152Z     "authorization_content_sha256": "0c72bb07242bbd447f05fee41cf271d9ea1b4da23e88c4c10865b1eb5ae7f824",
2026-09-14T02:33:04.7372735Z     "authorization_id": "sealed-historical-source-acquisition-v0.10"
2026-09-14T02:33:04.7373081Z   },
2026-09-14T02:33:04.7373405Z   "content_sha256": "1135e738c0c56ed970f87593b403e85e854c3f11c1e6b06d235f2ccc7b5d63fe",
2026-09-14T02:33:04.7373811Z   "file_count": 706,
2026-09-14T02:33:04.7374017Z   "provider_calls": 0,
2026-09-14T02:33:04.7374240Z   "total_retained_bytes": 30232
2026-09-14T02:33:04.7374462Z }
2026-09-14T02:33:04.7374626Z {
2026-09-14T02:33:04.7374877Z   "artifact_id": "sealed-historical-source-checkpoint-v0.3",
2026-09-14T02:33:04.7375349Z   "content_sha256": "1135e738c0c56ed970f87593b403e85e854c3f11c1e6b06d235f2ccc7b5d63fe",
2026-09-14T02:33:04.7375760Z   "provider_calls": 0,
2026-09-14T02:33:04.7375977Z   "validated_existing": true
2026-09-14T02:33:04.7376189Z }
2026-09-14T02:33:04.7376347Z {
2026-09-14T02:33:04.7376618Z   "acquisition_profile_union_id": "historical-profile-union-v0.1",
2026-09-14T02:33:04.7377040Z   "all_source_inputs_frozen_before_scanner_validation": true,
2026-09-14T02:33:04.7377418Z   "artifact_id": "causal-scanner-source-inputs-v0.2",
2026-09-14T02:33:04.7377868Z   "content_sha256": "af8289933a007b21f355b378ca1599490d28b4df4ec8d95f5743bf290b43ef9b",
2026-09-14T02:33:04.7378485Z   "dates": [
2026-09-14T02:33:04.7378677Z     "2025-04-03"
2026-09-14T02:33:04.7378996Z   ],
2026-09-14T02:33:04.7379203Z   "phase": "acquire-source-inputs"
2026-09-14T02:33:04.7379446Z }
2026-09-14T02:33:04.7379612Z {
2026-09-14T02:33:04.7379883Z   "acquisition_profile_union_id": "historical-profile-union-v0.1",
2026-09-14T02:33:04.7380278Z   "artifact_id": "causal-scanner-snapshot-v0.3",
2026-09-14T02:33:04.7380593Z   "candidate_minute_disposition_counts": {
2026-09-14T02:33:04.7380854Z     "2025-04-03": 1
2026-09-14T02:33:04.7381041Z   },
2026-09-14T02:33:04.7381207Z   "dates": [
2026-09-14T02:33:04.7381384Z     "2025-04-03"
2026-09-14T02:33:04.7381566Z   ],
2026-09-14T02:33:04.7381755Z   "phase": "freeze-snapshots",
2026-09-14T02:33:04.7382009Z   "policy_promotion_eligible": false,
2026-09-14T02:33:04.7382278Z   "provider_free_replay_exact": true,
2026-09-14T02:33:04.7382621Z   "source_input_artifact_id": "causal-scanner-source-inputs-v0.2"
2026-09-14T02:33:04.7382954Z }
2026-09-14T02:33:04.9507230Z ##[group]Run python -m compileall -q src tests
2026-09-14T02:33:04.9507700Z [36;1mpython -m compileall -q src tests[0m
2026-09-14T02:33:04.9544565Z shell: /usr/bin/bash -e {0}
2026-09-14T02:33:04.9544903Z env:
2026-09-14T02:33:04.9545277Z   pythonLocation: /opt/hostedtoolcache/Python/3.12.14/x64
2026-09-14T02:33:04.9545909Z   PKG_CONFIG_PATH: /opt/hostedtoolcache/Python/3.12.14/x64/lib/pkgconfig
2026-09-14T02:33:04.9546527Z   Python_ROOT_DIR: /opt/hostedtoolcache/Python/3.12.14/x64
2026-09-14T02:33:04.9547084Z   Python2_ROOT_DIR: /opt/hostedtoolcache/Python/3.12.14/x64
2026-09-14T02:33:04.9547635Z   Python3_ROOT_DIR: /opt/hostedtoolcache/Python/3.12.14/x64
2026-09-14T02:33:04.9548188Z   LD_LIBRARY_PATH: /opt/hostedtoolcache/Python/3.12.14/x64/lib
2026-09-14T02:33:04.9548649Z ##[endgroup]
2026-09-14T02:33:05.0287695Z Node 20 is being deprecated. This workflow is running with Node 24 by default. If you need to temporarily use Node 20, you can set the ACTIONS_ALLOW_USE_UNSECURE_NODE_VERSION=true environment variable. For more information see: https://github.blog/changelog/2025-09-19-deprecation-of-node-20-on-github-actions-runners/
2026-09-14T02:33:05.0289411Z Post job cleanup.
2026-09-14T02:33:05.1593170Z (node:2711) [DEP0040] DeprecationWarning: The `punycode` module is deprecated. Please use a userland alternative instead.
2026-09-14T02:33:05.1594976Z (Use `node --trace-deprecation ...` to show where the warning was created)
2026-09-14T02:33:05.1821571Z Node 20 is being deprecated. This workflow is running with Node 24 by default. If you need to temporarily use Node 20, you can set the ACTIONS_ALLOW_USE_UNSECURE_NODE_VERSION=true environment variable. For more information see: https://github.blog/changelog/2025-09-19-deprecation-of-node-20-on-github-actions-runners/
2026-09-14T02:33:05.1823641Z Post job cleanup.
2026-09-14T02:33:05.2880603Z [command]/usr/bin/git version
2026-09-14T02:33:05.2936332Z git version 2.55.0
2026-09-14T02:33:05.2983404Z Temporarily overriding HOME='/home/runner/work/_temp/1b3dc731-1030-4491-b3e5-82bf79a6809e' before making global git config changes
2026-09-14T02:33:05.2985023Z Adding repository directory to the temporary git global config as a safe directory
2026-09-14T02:33:05.2992513Z [command]/usr/bin/git config --global --add safe.directory /home/runner/work/momentumbot/momentumbot
2026-09-14T02:33:05.3054778Z [command]/usr/bin/git config --local --name-only --get-regexp core\.sshCommand
2026-09-14T02:33:05.3140631Z [command]/usr/bin/git submodule foreach --recursive sh -c "git config --local --name-only --get-regexp 'core\.sshCommand' && git config --local --unset-all 'core.sshCommand' || :"
2026-09-14T02:33:05.3460200Z [command]/usr/bin/git config --local --name-only --get-regexp http\.https\:\/\/github\.com\/\.extraheader
2026-09-14T02:33:05.3520007Z http.https://github.com/.extraheader
2026-09-14T02:33:05.3570697Z [command]/usr/bin/git config --local --unset-all http.https://github.com/.extraheader
2026-09-14T02:33:05.3614973Z [command]/usr/bin/git submodule foreach --recursive sh -c "git config --local --name-only --get-regexp 'http\.https\:\/\/github\.com\/\.extraheader' && git config --local --unset-all 'http.https://github.com/.extraheader' || :"
2026-09-14T02:33:05.3985535Z [command]/usr/bin/git config --local --name-only --get-regexp ^includeIf\.gitdir:
2026-09-14T02:33:05.4042571Z [command]/usr/bin/git submodule foreach --recursive git config --local --show-origin --name-only --get-regexp remote.origin.url
2026-09-14T02:33:05.4499672Z Cleaning up orphan processes
2026-09-14T02:33:05.4802461Z ##[warning]Node.js 20 is deprecated. The following actions target Node.js 20 but are being forced to run on Node.js 24: actions/checkout@v4, actions/setup-python@v5. For more information see: https://github.blog/changelog/2025-09-19-deprecation-of-node-20-on-github-actions-runners/
