2026-09-12T20:54:36.5844154Z Current runner version: '2.337.0'
2026-09-12T20:54:36.5868172Z ##[group]Runner Image Provisioner
2026-09-12T20:54:36.5869063Z Hosted Compute Agent
2026-09-12T20:54:36.5869717Z Version: 20260828.587
2026-09-12T20:54:36.5870358Z Commit: abac92662cab4cc7352de4f9f9d2e2419aad9c29
2026-09-12T20:54:36.5871070Z Build Date: 2026-08-28T16:44:25Z
2026-09-12T20:54:36.5871848Z Worker ID: {8ec9f5c8-9cc0-4fcb-bf7c-f82fe78c5bde}
2026-09-12T20:54:36.5872578Z Azure Region: westcentralus
2026-09-12T20:54:36.5873227Z ##[endgroup]
2026-09-12T20:54:36.5874833Z ##[group]Operating System
2026-09-12T20:54:36.5875483Z Ubuntu
2026-09-12T20:54:36.5876125Z 24.04.5
2026-09-12T20:54:36.5876969Z LTS
2026-09-12T20:54:36.5877551Z ##[endgroup]
2026-09-12T20:54:36.5878122Z ##[group]Runner Image
2026-09-12T20:54:36.5878715Z Image: ubuntu-24.04
2026-09-12T20:54:36.5879352Z Version: 20260907.300.1
2026-09-12T20:54:36.5880627Z Included Software: https://github.com/actions/runner-images/blob/ubuntu24/20260907.300/images/ubuntu/Ubuntu2404-Readme.md
2026-09-12T20:54:36.5882278Z Image Release: https://github.com/actions/runner-images/releases/tag/ubuntu24%2F20260907.300
2026-09-12T20:54:36.5883258Z ##[endgroup]
2026-09-12T20:54:36.5884519Z ##[group]GITHUB_TOKEN Permissions
2026-09-12T20:54:36.5886868Z Contents: read
2026-09-12T20:54:36.5887576Z Metadata: read
2026-09-12T20:54:36.5888133Z Packages: read
2026-09-12T20:54:36.5889130Z ##[endgroup]
2026-09-12T20:54:36.5891167Z Secret source: Actions
2026-09-12T20:54:36.5892191Z Cache mode: write
2026-09-12T20:54:36.5892909Z Prepare workflow directory
2026-09-12T20:54:36.6232004Z Prepare all required actions
2026-09-12T20:54:36.6279805Z Getting action download info
2026-09-12T20:54:36.9310843Z Download action repository 'actions/checkout@v4' (SHA:11d5960a326750d5838078e36cf38b85af677262)
2026-09-12T20:54:37.0522431Z Download action repository 'actions/setup-python@v5' (SHA:a26af69be951a213d495a4c3e4e4022e16d87065)
2026-09-12T20:54:37.2407342Z Complete job name: test
2026-09-12T20:54:37.3151719Z Node 20 is being deprecated. This workflow is running with Node 24 by default. If you need to temporarily use Node 20, you can set the ACTIONS_ALLOW_USE_UNSECURE_NODE_VERSION=true environment variable. For more information see: https://github.blog/changelog/2025-09-19-deprecation-of-node-20-on-github-actions-runners/
2026-09-12T20:54:37.3160635Z ##[group]Run actions/checkout@v4
2026-09-12T20:54:37.3161377Z with:
2026-09-12T20:54:37.3161831Z   repository: RoomyRems/momentumbot
2026-09-12T20:54:37.3165841Z   token: ***
2026-09-12T20:54:37.3166268Z   ssh-strict: true
2026-09-12T20:54:37.3166928Z   ssh-user: git
2026-09-12T20:54:37.3167367Z   persist-credentials: true
2026-09-12T20:54:37.3167850Z   clean: true
2026-09-12T20:54:37.3168296Z   sparse-checkout-cone-mode: true
2026-09-12T20:54:37.3168817Z   fetch-depth: 1
2026-09-12T20:54:37.3169242Z   fetch-tags: false
2026-09-12T20:54:37.3169678Z   show-progress: true
2026-09-12T20:54:37.3170113Z   lfs: false
2026-09-12T20:54:37.3170555Z   submodules: false
2026-09-12T20:54:37.3171006Z   set-safe-directory: true
2026-09-12T20:54:37.3171505Z   allow-unsafe-pr-checkout: false
2026-09-12T20:54:37.3172283Z ##[endgroup]
2026-09-12T20:54:37.4180445Z Syncing repository: RoomyRems/momentumbot
2026-09-12T20:54:37.4183243Z ##[group]Getting Git version info
2026-09-12T20:54:37.4184577Z Working directory is '/home/runner/work/momentumbot/momentumbot'
2026-09-12T20:54:37.4186800Z [command]/usr/bin/git version
2026-09-12T20:54:37.4306839Z git version 2.55.0
2026-09-12T20:54:37.4331335Z ##[endgroup]
2026-09-12T20:54:37.4348720Z Temporarily overriding HOME='/home/runner/work/_temp/cd5725bc-cc06-4cb4-bb37-43c7117f4c99' before making global git config changes
2026-09-12T20:54:37.4351415Z Adding repository directory to the temporary git global config as a safe directory
2026-09-12T20:54:37.4354809Z [command]/usr/bin/git config --global --add safe.directory /home/runner/work/momentumbot/momentumbot
2026-09-12T20:54:37.4413396Z Deleting the contents of '/home/runner/work/momentumbot/momentumbot'
2026-09-12T20:54:37.4417679Z ##[group]Initializing the repository
2026-09-12T20:54:37.4422906Z [command]/usr/bin/git init /home/runner/work/momentumbot/momentumbot
2026-09-12T20:54:37.4556963Z hint: Using 'master' as the name for the initial branch. This default branch name
2026-09-12T20:54:37.4558799Z hint: will change to "main" in Git 3.0. To configure the initial branch name
2026-09-12T20:54:37.4560842Z hint: to use in all of your new repositories, which will suppress this warning,
2026-09-12T20:54:37.4562310Z hint: call:
2026-09-12T20:54:37.4563138Z hint:
2026-09-12T20:54:37.4564282Z hint: 	git config --global init.defaultBranch <name>
2026-09-12T20:54:37.4565677Z hint:
2026-09-12T20:54:37.4567645Z hint: Names commonly chosen instead of 'master' are 'main', 'trunk' and
2026-09-12T20:54:37.4569809Z hint: 'development'. The just-created branch can be renamed via this command:
2026-09-12T20:54:37.4571522Z hint:
2026-09-12T20:54:37.4572582Z hint: 	git branch -m <name>
2026-09-12T20:54:37.4573759Z hint:
2026-09-12T20:54:37.4575238Z hint: Disable this message with "git config set advice.defaultBranchName false"
2026-09-12T20:54:37.4578962Z Initialized empty Git repository in /home/runner/work/momentumbot/momentumbot/.git/
2026-09-12T20:54:37.4582870Z [command]/usr/bin/git remote add origin https://github.com/RoomyRems/momentumbot
2026-09-12T20:54:37.4641374Z ##[endgroup]
2026-09-12T20:54:37.4643044Z ##[group]Disabling automatic garbage collection
2026-09-12T20:54:37.4647089Z [command]/usr/bin/git config --local gc.auto 0
2026-09-12T20:54:37.4680547Z ##[endgroup]
2026-09-12T20:54:37.4681736Z ##[group]Setting up auth
2026-09-12T20:54:37.4687625Z [command]/usr/bin/git config --local --name-only --get-regexp core\.sshCommand
2026-09-12T20:54:37.4724690Z [command]/usr/bin/git submodule foreach --recursive sh -c "git config --local --name-only --get-regexp 'core\.sshCommand' && git config --local --unset-all 'core.sshCommand' || :"
2026-09-12T20:54:37.5134216Z [command]/usr/bin/git config --local --name-only --get-regexp http\.https\:\/\/github\.com\/\.extraheader
2026-09-12T20:54:37.5172364Z [command]/usr/bin/git submodule foreach --recursive sh -c "git config --local --name-only --get-regexp 'http\.https\:\/\/github\.com\/\.extraheader' && git config --local --unset-all 'http.https://github.com/.extraheader' || :"
2026-09-12T20:54:37.5392920Z [command]/usr/bin/git config --local --name-only --get-regexp ^includeIf\.gitdir:
2026-09-12T20:54:37.5428454Z [command]/usr/bin/git submodule foreach --recursive git config --local --show-origin --name-only --get-regexp remote.origin.url
2026-09-12T20:54:37.5660836Z [command]/usr/bin/git config --local http.https://github.com/.extraheader AUTHORIZATION: basic ***
2026-09-12T20:54:37.5699777Z ##[endgroup]
2026-09-12T20:54:37.5701249Z ##[group]Fetching the repository
2026-09-12T20:54:37.5711495Z [command]/usr/bin/git -c protocol.version=2 fetch --no-tags --prune --no-recurse-submodules --depth=1 origin +03856c714ab8a819439808622483dc7294da46e2:refs/remotes/origin/phase-3-historical-snapshot
2026-09-12T20:54:39.4094781Z From https://github.com/RoomyRems/momentumbot
2026-09-12T20:54:39.4097409Z  * [new ref]         03856c714ab8a819439808622483dc7294da46e2 -> origin/phase-3-historical-snapshot
2026-09-12T20:54:39.4101483Z ##[endgroup]
2026-09-12T20:54:39.4103252Z ##[group]Determining the checkout info
2026-09-12T20:54:39.4105277Z ##[endgroup]
2026-09-12T20:54:39.4111698Z [command]/usr/bin/git sparse-checkout disable
2026-09-12T20:54:39.4177462Z [command]/usr/bin/git config --local --unset-all extensions.worktreeConfig
2026-09-12T20:54:39.4212178Z ##[group]Checking out the ref
2026-09-12T20:54:39.4216780Z [command]/usr/bin/git checkout --progress --force -B phase-3-historical-snapshot refs/remotes/origin/phase-3-historical-snapshot
2026-09-12T20:54:39.6180189Z Switched to a new branch 'phase-3-historical-snapshot'
2026-09-12T20:54:39.6184664Z branch 'phase-3-historical-snapshot' set up to track 'origin/phase-3-historical-snapshot'.
2026-09-12T20:54:39.6201156Z ##[endgroup]
2026-09-12T20:54:39.6248906Z [command]/usr/bin/git log -1 --format=%H
2026-09-12T20:54:39.6275238Z 03856c714ab8a819439808622483dc7294da46e2
2026-09-12T20:54:39.6655276Z Node 20 is being deprecated. This workflow is running with Node 24 by default. If you need to temporarily use Node 20, you can set the ACTIONS_ALLOW_USE_UNSECURE_NODE_VERSION=true environment variable. For more information see: https://github.blog/changelog/2025-09-19-deprecation-of-node-20-on-github-actions-runners/
2026-09-12T20:54:39.6662195Z ##[group]Run actions/setup-python@v5
2026-09-12T20:54:39.6663527Z with:
2026-09-12T20:54:39.6664505Z   python-version: 3.12
2026-09-12T20:54:39.6665623Z   check-latest: false
2026-09-12T20:54:39.6676888Z   token: ***
2026-09-12T20:54:39.6677964Z   update-environment: true
2026-09-12T20:54:39.6679232Z   allow-prereleases: false
2026-09-12T20:54:39.6680419Z   freethreaded: false
2026-09-12T20:54:39.6681486Z ##[endgroup]
2026-09-12T20:54:39.8022745Z ##[group]Installed versions
2026-09-12T20:54:39.8127484Z (node:2301) [DEP0040] DeprecationWarning: The `punycode` module is deprecated. Please use a userland alternative instead.
2026-09-12T20:54:39.8132749Z (Use `node --trace-deprecation ...` to show where the warning was created)
2026-09-12T20:54:39.8136267Z Successfully set up CPython (3.12.14)
2026-09-12T20:54:39.8139614Z ##[endgroup]
2026-09-12T20:54:39.8395972Z ##[group]Run python -m pip install -e .
2026-09-12T20:54:39.8398451Z [36;1mpython -m pip install -e .[0m
2026-09-12T20:54:39.8472155Z shell: /usr/bin/bash -e {0}
2026-09-12T20:54:39.8473293Z env:
2026-09-12T20:54:39.8474442Z   pythonLocation: /opt/hostedtoolcache/Python/3.12.14/x64
2026-09-12T20:54:39.8476695Z   PKG_CONFIG_PATH: /opt/hostedtoolcache/Python/3.12.14/x64/lib/pkgconfig
2026-09-12T20:54:39.8480206Z   Python_ROOT_DIR: /opt/hostedtoolcache/Python/3.12.14/x64
2026-09-12T20:54:39.8482972Z   Python2_ROOT_DIR: /opt/hostedtoolcache/Python/3.12.14/x64
2026-09-12T20:54:39.8485741Z   Python3_ROOT_DIR: /opt/hostedtoolcache/Python/3.12.14/x64
2026-09-12T20:54:39.8488769Z   LD_LIBRARY_PATH: /opt/hostedtoolcache/Python/3.12.14/x64/lib
2026-09-12T20:54:39.8491230Z ##[endgroup]
2026-09-12T20:54:40.8169508Z Obtaining file:///home/runner/work/momentumbot/momentumbot
2026-09-12T20:54:40.8185590Z   Installing build dependencies: started
2026-09-12T20:54:41.7343023Z   Installing build dependencies: finished with status 'done'
2026-09-12T20:54:41.7348603Z   Checking if build backend supports build_editable: started
2026-09-12T20:54:42.0774107Z   Checking if build backend supports build_editable: finished with status 'done'
2026-09-12T20:54:42.0783040Z   Getting requirements to build editable: started
2026-09-12T20:54:42.4286359Z   Getting requirements to build editable: finished with status 'done'
2026-09-12T20:54:42.4295377Z   Preparing editable metadata (pyproject.toml): started
2026-09-12T20:54:42.6493426Z   Preparing editable metadata (pyproject.toml): finished with status 'done'
2026-09-12T20:54:43.0028211Z Collecting numpy>=1.26 (from momentumbot==0.2.0)
2026-09-12T20:54:43.0936109Z   Downloading numpy-2.5.3-cp312-cp312-manylinux_2_27_x86_64.manylinux_2_28_x86_64.whl.metadata (6.6 kB)
2026-09-12T20:54:43.2194134Z Collecting pandas>=2.2 (from momentumbot==0.2.0)
2026-09-12T20:54:43.2384190Z   Downloading pandas-3.0.5-cp312-cp312-manylinux_2_24_x86_64.manylinux_2_28_x86_64.whl.metadata (79 kB)
2026-09-12T20:54:43.3448053Z Collecting PyYAML>=6.0 (from momentumbot==0.2.0)
2026-09-12T20:54:43.3643878Z   Downloading pyyaml-6.0.3-cp312-cp312-manylinux2014_x86_64.manylinux_2_17_x86_64.manylinux_2_28_x86_64.whl.metadata (2.4 kB)
2026-09-12T20:54:43.3937787Z Collecting python-dateutil>=2.8.2 (from pandas>=2.2->momentumbot==0.2.0)
2026-09-12T20:54:43.4130801Z   Downloading python_dateutil-2.9.0.post0-py2.py3-none-any.whl.metadata (8.4 kB)
2026-09-12T20:54:43.4423556Z Collecting six>=1.5 (from python-dateutil>=2.8.2->pandas>=2.2->momentumbot==0.2.0)
2026-09-12T20:54:43.4618535Z   Downloading six-1.17.0-py2.py3-none-any.whl.metadata (1.7 kB)
2026-09-12T20:54:43.4848775Z Downloading numpy-2.5.3-cp312-cp312-manylinux_2_27_x86_64.manylinux_2_28_x86_64.whl (16.7 MB)
2026-09-12T20:54:43.7152116Z    ━━━━━━━━━━━━━━━━━━━━━━━━━━━━━━━━━━━━━━━━ 16.7/16.7 MB 85.4 MB/s  0:00:00
2026-09-12T20:54:43.7347930Z Downloading pandas-3.0.5-cp312-cp312-manylinux_2_24_x86_64.manylinux_2_28_x86_64.whl (11.0 MB)
2026-09-12T20:54:43.7744436Z    ━━━━━━━━━━━━━━━━━━━━━━━━━━━━━━━━━━━━━━━━ 11.0/11.0 MB 292.0 MB/s  0:00:00
2026-09-12T20:54:43.7932648Z Downloading python_dateutil-2.9.0.post0-py2.py3-none-any.whl (229 kB)
2026-09-12T20:54:43.8154766Z Downloading pyyaml-6.0.3-cp312-cp312-manylinux2014_x86_64.manylinux_2_17_x86_64.manylinux_2_28_x86_64.whl (807 kB)
2026-09-12T20:54:43.8213902Z    ━━━━━━━━━━━━━━━━━━━━━━━━━━━━━━━━━━━━━━━━ 807.9/807.9 kB 145.0 MB/s  0:00:00
2026-09-12T20:54:43.8402606Z Downloading six-1.17.0-py2.py3-none-any.whl (11 kB)
2026-09-12T20:54:43.9057346Z Building wheels for collected packages: momentumbot
2026-09-12T20:54:43.9065803Z   Building editable for momentumbot (pyproject.toml): started
2026-09-12T20:54:44.1475891Z   Building editable for momentumbot (pyproject.toml): finished with status 'done'
2026-09-12T20:54:44.1481272Z   Created wheel for momentumbot: filename=momentumbot-0.2.0-0.editable-py3-none-any.whl size=4119 sha256=c31bc6acb59120ebdee3622fd9c8375ad23ac1073c2c6f545ba6b36f86672e4f
2026-09-12T20:54:44.1483903Z   Stored in directory: /tmp/pip-ephem-wheel-cache-zkd7vc36/wheels/07/cb/80/ea9ec0ff3434472434457f9dbf823fffe4e1a99167faeb982a
2026-09-12T20:54:44.1501471Z Successfully built momentumbot
2026-09-12T20:54:44.1925781Z Installing collected packages: six, PyYAML, numpy, python-dateutil, pandas, momentumbot
2026-09-12T20:54:50.9411970Z 
2026-09-12T20:54:50.9425217Z Successfully installed PyYAML-6.0.3 momentumbot-0.2.0 numpy-2.5.3 pandas-3.0.5 python-dateutil-2.9.0.post0 six-1.17.0
2026-09-12T20:54:51.0122565Z ##[group]Run python -m unittest discover -s tests -v
2026-09-12T20:54:51.0123007Z [36;1mpython -m unittest discover -s tests -v[0m
2026-09-12T20:54:51.0161771Z shell: /usr/bin/bash -e {0}
2026-09-12T20:54:51.0162042Z env:
2026-09-12T20:54:51.0162310Z   pythonLocation: /opt/hostedtoolcache/Python/3.12.14/x64
2026-09-12T20:54:51.0162759Z   PKG_CONFIG_PATH: /opt/hostedtoolcache/Python/3.12.14/x64/lib/pkgconfig
2026-09-12T20:54:51.0163188Z   Python_ROOT_DIR: /opt/hostedtoolcache/Python/3.12.14/x64
2026-09-12T20:54:51.0163566Z   Python2_ROOT_DIR: /opt/hostedtoolcache/Python/3.12.14/x64
2026-09-12T20:54:51.0163973Z   Python3_ROOT_DIR: /opt/hostedtoolcache/Python/3.12.14/x64
2026-09-12T20:54:51.0164356Z   LD_LIBRARY_PATH: /opt/hostedtoolcache/Python/3.12.14/x64/lib
2026-09-12T20:54:51.0164674Z ##[endgroup]
2026-09-12T20:54:54.8827870Z test_calendar_is_prospectively_frozen_after_review_cutoff (test_account_chronological_integration.AccountIntegrationContractTests.test_calendar_is_prospectively_frozen_after_review_cutoff) ... ok
2026-09-12T20:54:54.8833701Z test_contract_binds_exact_frozen_parents (test_account_chronological_integration.AccountIntegrationContractTests.test_contract_binds_exact_frozen_parents) ... ok
2026-09-12T20:54:54.8837445Z test_contract_has_no_completed_runtime_or_backtest_claim (test_account_chronological_integration.AccountIntegrationContractTests.test_contract_has_no_completed_runtime_or_backtest_claim) ... ok
2026-09-12T20:54:54.8845877Z test_dates_and_retrospective_keys_fail_closed (test_account_chronological_integration.AccountIntegrationContractTests.test_dates_and_retrospective_keys_fail_closed) ... ok
2026-09-12T20:54:54.8853259Z test_mechanical_audit_binds_contract_code_and_documentation (test_account_chronological_integration.AccountIntegrationContractTests.test_mechanical_audit_binds_contract_code_and_documentation) ... ok
2026-09-12T20:54:54.8872895Z test_main_and_small_profiles_cannot_be_mixed (test_account_chronological_integration.AccountSnapshotTests.test_main_and_small_profiles_cannot_be_mixed) ... ok
2026-09-12T20:54:54.8878744Z test_snapshot_must_be_hash_bound_and_predecision (test_account_chronological_integration.AccountSnapshotTests.test_snapshot_must_be_hash_bound_and_predecision) ... ok
2026-09-12T20:54:54.8891323Z test_accepted_plan_local_exit_uses_accepted_quantity (test_account_chronological_integration.ChronologicalIntegrationTests.test_accepted_plan_local_exit_uses_accepted_quantity) ... ok
2026-09-12T20:54:54.8903752Z test_artifact_is_json_safe_and_label_blind (test_account_chronological_integration.ChronologicalIntegrationTests.test_artifact_is_json_safe_and_label_blind) ... ok
2026-09-12T20:54:54.8915195Z test_buying_power_and_notional_can_bind_before_risk (test_account_chronological_integration.ChronologicalIntegrationTests.test_buying_power_and_notional_can_bind_before_risk) ... ok
2026-09-12T20:54:54.8927831Z test_chronology_precedes_rank (test_account_chronological_integration.ChronologicalIntegrationTests.test_chronology_precedes_rank) ... ok
2026-09-12T20:54:54.8940642Z test_exact_time_collision_uses_activation_rank (test_account_chronological_integration.ChronologicalIntegrationTests.test_exact_time_collision_uses_activation_rank) ... ok
2026-09-12T20:54:54.8950768Z test_full_remaining_risk_capacity_is_sized_in_whole_shares (test_account_chronological_integration.ChronologicalIntegrationTests.test_full_remaining_risk_capacity_is_sized_in_whole_shares) ... ok
2026-09-12T20:54:54.8958124Z test_inconsistent_micro_execution_status_fails_closed (test_account_chronological_integration.ChronologicalIntegrationTests.test_inconsistent_micro_execution_status_fails_closed) ... ok
2026-09-12T20:54:54.8980084Z test_input_order_does_not_change_artifact (test_account_chronological_integration.ChronologicalIntegrationTests.test_input_order_does_not_change_artifact) ... ok
2026-09-12T20:54:54.8991900Z test_mismatched_micro_policy_and_other_session_fail_closed (test_account_chronological_integration.ChronologicalIntegrationTests.test_mismatched_micro_policy_and_other_session_fail_closed) ... ok
2026-09-12T20:54:54.9001406Z test_open_outcome_remains_unresolved_and_not_a_backtest (test_account_chronological_integration.ChronologicalIntegrationTests.test_open_outcome_remains_unresolved_and_not_a_backtest) ... ok
2026-09-12T20:54:54.9007557Z test_rejected_or_unavailable_candidate_is_retained_without_events (test_account_chronological_integration.ChronologicalIntegrationTests.test_rejected_or_unavailable_candidate_is_retained_without_events) ... ok
2026-09-12T20:54:54.9021532Z test_same_time_exit_does_not_recycle_capacity_for_entry (test_account_chronological_integration.ChronologicalIntegrationTests.test_same_time_exit_does_not_recycle_capacity_for_entry) ... ok
2026-09-12T20:54:54.9030598Z test_zero_whole_share_capacity_records_no_submission (test_account_chronological_integration.ChronologicalIntegrationTests.test_zero_whole_share_capacity_records_no_submission) ... ok
2026-09-12T20:54:54.9033992Z test_permanent_success_audit_is_sanitized_and_hash_bound (test_account_credential_validation_audit.AccountCredentialValidationAuditTests.test_permanent_success_audit_is_sanitized_and_hash_bound) ... ok
2026-09-12T20:54:54.9037060Z test_contract_binds_exact_frozen_parents_and_two_accounts (test_account_priority_policy.AccountPriorityContractTests.test_contract_binds_exact_frozen_parents_and_two_accounts) ... ok
2026-09-12T20:54:54.9042555Z test_cross_account_priority_cannot_be_silently_enabled (test_account_priority_policy.AccountPriorityContractTests.test_cross_account_priority_cannot_be_silently_enabled) ... ok
2026-09-12T20:54:54.9049953Z test_mechanical_audit_binds_contract_bundle_code_and_documentation (test_account_priority_policy.AccountPriorityContractTests.test_mechanical_audit_binds_contract_bundle_code_and_documentation) ... ok
2026-09-12T20:54:54.9053016Z test_policy_bundle_matches_registered_order (test_account_priority_policy.AccountPriorityContractTests.test_policy_bundle_matches_registered_order) ... ok
2026-09-12T20:54:54.9057613Z test_registered_paper_safe_fraction_cannot_be_retuned (test_account_priority_policy.AccountPriorityContractTests.test_registered_paper_safe_fraction_cannot_be_retuned) ... ok
2026-09-12T20:54:54.9062459Z test_transcript_observations_cannot_set_runtime_risk (test_account_priority_policy.AccountPriorityContractTests.test_transcript_observations_cannot_set_runtime_risk) ... ok
2026-09-12T20:54:54.9064998Z test_main_policy_materializes_existing_paper_safe_fractions (test_account_priority_policy.PaperAccountMaterializationTests.test_main_policy_materializes_existing_paper_safe_fractions) ... ok
2026-09-12T20:54:54.9069663Z test_materialized_policy_composes_with_frozen_ledger (test_account_priority_policy.PaperAccountMaterializationTests.test_materialized_policy_composes_with_frozen_ledger) ... ok
2026-09-12T20:54:54.9071939Z test_parent_fingerprints_are_recomputed_from_current_code (test_account_priority_policy.PaperAccountMaterializationTests.test_parent_fingerprints_are_recomputed_from_current_code) ... ok
2026-09-12T20:54:54.9074150Z test_small_policy_is_separate_and_buying_power_binds_notional (test_account_priority_policy.PaperAccountMaterializationTests.test_small_policy_is_separate_and_buying_power_binds_notional) ... ok
2026-09-12T20:54:54.9076333Z test_unregistered_policy_mutation_fails_closed (test_account_priority_policy.PaperAccountMaterializationTests.test_unregistered_policy_mutation_fails_closed) ... ok
2026-09-12T20:54:54.9078525Z test_cross_account_batch_fails_closed (test_account_priority_policy.ScarceCapitalPriorityTests.test_cross_account_batch_fails_closed) ... ok
2026-09-12T20:54:54.9080592Z test_exact_time_collision_reuses_existing_candidate_ranking (test_account_priority_policy.ScarceCapitalPriorityTests.test_exact_time_collision_reuses_existing_candidate_ranking) ... ok
2026-09-12T20:54:54.9082839Z test_execution_chronology_precedes_candidate_rank (test_account_priority_policy.ScarceCapitalPriorityTests.test_execution_chronology_precedes_candidate_rank) ... ok
2026-09-12T20:54:54.9085158Z test_future_candidate_snapshot_is_rejected (test_account_priority_policy.ScarceCapitalPriorityTests.test_future_candidate_snapshot_is_rejected) ... ok
2026-09-12T20:54:54.9089332Z test_ordered_collision_has_deterministic_ledger_consequence (test_account_priority_policy.ScarceCapitalPriorityTests.test_ordered_collision_has_deterministic_ledger_consequence) ... ok
2026-09-12T20:54:54.9091148Z test_priority_artifact_is_json_safe_and_label_blind (test_account_priority_policy.ScarceCapitalPriorityTests.test_priority_artifact_is_json_safe_and_label_blind) ... ok
2026-09-12T20:54:54.9093160Z test_stable_tie_breakers_are_input_order_independent (test_account_priority_policy.ScarceCapitalPriorityTests.test_stable_tie_breakers_are_input_order_independent) ... ok
2026-09-12T20:54:54.9095219Z test_timezone_naive_execution_fails_closed (test_account_priority_policy.ScarceCapitalPriorityTests.test_timezone_naive_execution_fails_closed) ... ok
2026-09-12T20:54:54.9099857Z test_capture_rejects_start_or_completion_after_deadline (test_account_snapshot_capture.AccountSnapshotCaptureTests.test_capture_rejects_start_or_completion_after_deadline) ... ok
2026-09-12T20:54:54.9102198Z test_capture_rejects_unregistered_or_wrong_local_date (test_account_snapshot_capture.AccountSnapshotCaptureTests.test_capture_rejects_unregistered_or_wrong_local_date) ... ok
2026-09-12T20:54:54.9107342Z test_frozen_capture_contract_binds_accounts_schedule_and_parent (test_account_snapshot_capture.AccountSnapshotCaptureTests.test_frozen_capture_contract_binds_accounts_schedule_and_parent) ... ok
2026-09-12T20:54:54.9109348Z test_live_endpoint_and_provider_error_details_are_rejected (test_account_snapshot_capture.AccountSnapshotCaptureTests.test_live_endpoint_and_provider_error_details_are_rejected) ... ok
2026-09-12T20:54:54.9113315Z test_open_positions_or_orders_fail_closed (test_account_snapshot_capture.AccountSnapshotCaptureTests.test_open_positions_or_orders_fail_closed) ... ok
2026-09-12T20:54:54.9124360Z test_registered_capture_produces_integration_compatible_snapshots (test_account_snapshot_capture.AccountSnapshotCaptureTests.test_registered_capture_produces_integration_compatible_snapshots) ... ok
2026-09-12T20:54:54.9129892Z test_registration_audit_binds_contract_code_workflow_and_tests (test_account_snapshot_capture.AccountSnapshotCaptureTests.test_registration_audit_binds_contract_code_workflow_and_tests) ... ok
2026-09-12T20:54:54.9134002Z test_swapped_equity_and_duplicate_accounts_fail_closed (test_account_snapshot_capture.AccountSnapshotCaptureTests.test_swapped_equity_and_duplicate_accounts_fail_closed) ... ok
2026-09-12T20:54:54.9142003Z test_tampering_breaks_source_snapshot_and_manifest_hashes (test_account_snapshot_capture.AccountSnapshotCaptureTests.test_tampering_breaks_source_snapshot_and_manifest_hashes) ... ok
2026-09-12T20:54:54.9146259Z test_validation_is_clean_distinct_and_secret_safe (test_account_snapshot_capture.AccountSnapshotCaptureTests.test_validation_is_clean_distinct_and_secret_safe) ... ok
2026-09-12T20:54:54.9148787Z test_workflow_is_scoped_to_paper_capture_and_has_manual_fallback (test_account_snapshot_capture.AccountSnapshotCaptureTests.test_workflow_is_scoped_to_paper_capture_and_has_manual_fallback) ... ok
2026-09-12T20:54:54.9156246Z test_bars_rejects_unique_pagination_past_frozen_page_cap (test_alpaca_provider.AlpacaProviderTests.test_bars_rejects_unique_pagination_past_frozen_page_cap) ... ok
2026-09-12T20:54:54.9159756Z test_batched_bars_does_not_swallow_unrelated_provider_error (test_alpaca_provider.AlpacaProviderTests.test_batched_bars_does_not_swallow_unrelated_provider_error) ... ok
2026-09-12T20:54:54.9165710Z test_batched_bars_quarantines_only_named_invalid_symbol_and_retries (test_alpaca_provider.AlpacaProviderTests.test_batched_bars_quarantines_only_named_invalid_symbol_and_retries) ... ok
2026-09-12T20:54:54.9169888Z test_corporate_actions_paginates_grouped_response (test_alpaca_provider.AlpacaProviderTests.test_corporate_actions_paginates_grouped_response) ... ok
2026-09-12T20:54:54.9175125Z test_corporate_actions_rejects_repeated_page_token (test_alpaca_provider.AlpacaProviderTests.test_corporate_actions_rejects_repeated_page_token) ... ok
2026-09-12T20:54:54.9178586Z test_news_exhausts_pagination (test_alpaca_provider.AlpacaProviderTests.test_news_exhausts_pagination) ... ok
2026-09-12T20:54:54.9182234Z test_news_rejects_unbounded_unique_pagination (test_alpaca_provider.AlpacaProviderTests.test_news_rejects_unbounded_unique_pagination) ... ok
2026-09-12T20:54:54.9243784Z test_historical_trades_paginates_and_normalizes (test_alpaca_trades_provider.AlpacaTradesProviderTests.test_historical_trades_paginates_and_normalizes) ... ok
2026-09-12T20:54:54.9245560Z test_naive_bounds_are_rejected (test_alpaca_trades_provider.AlpacaTradesProviderTests.test_naive_bounds_are_rejected) ... ok
2026-09-12T20:54:54.9248713Z test_contract_freezes_features_but_no_trading_rule (test_attention_leadership.AttentionLeadershipTests.test_contract_freezes_features_but_no_trading_rule) ... ok
2026-09-12T20:54:54.9253071Z test_contract_rejects_strategy_gate (test_attention_leadership.AttentionLeadershipTests.test_contract_rejects_strategy_gate) ... ok
2026-09-12T20:54:54.9256906Z test_derives_handoff_persistence_competition_and_change (test_attention_leadership.AttentionLeadershipTests.test_derives_handoff_persistence_competition_and_change) ... ok
2026-09-12T20:54:54.9259512Z test_frozen_validation_audit_is_pinned_and_non_promotional (test_attention_leadership.AttentionLeadershipTests.test_frozen_validation_audit_is_pinned_and_non_promotional) ... ok
2026-09-12T20:54:54.9262015Z test_later_candidate_cannot_change_earlier_features (test_attention_leadership.AttentionLeadershipTests.test_later_candidate_cannot_change_earlier_features) ... ok
2026-09-12T20:54:54.9264605Z test_missing_exact_bar_keeps_causal_rank_but_nulls_bar_deltas (test_attention_leadership.AttentionLeadershipTests.test_missing_exact_bar_keeps_causal_rank_but_nulls_bar_deltas) ... ok
2026-09-12T20:54:54.9267521Z test_missing_rank_state_keeps_leadership_features_unknown (test_attention_leadership.AttentionLeadershipTests.test_missing_rank_state_keeps_leadership_features_unknown) ... ok
2026-09-12T20:54:54.9270119Z test_nonconsecutive_observation_resets_handoff_and_tenure (test_attention_leadership.AttentionLeadershipTests.test_nonconsecutive_observation_resets_handoff_and_tenure) ... ok
2026-09-12T20:54:54.9272975Z test_same_minute_rank_state_disagreement_fails_closed (test_attention_leadership.AttentionLeadershipTests.test_same_minute_rank_state_disagreement_fails_closed) ... ok
2026-09-12T20:54:54.9374303Z test_ranks_ordered_rejection_then_later_high_first (test_audit_benchmark_symbol_candidates.BenchmarkSymbolCandidateAuditTests.test_ranks_ordered_rejection_then_later_high_first) ... ok
2026-09-12T20:54:54.9379476Z test_requires_timezone_aware_bars (test_audit_benchmark_symbol_candidates.BenchmarkSymbolCandidateAuditTests.test_requires_timezone_aware_bars) ... ok
2026-09-12T20:54:54.9381568Z test_error_body_is_not_propagated (test_audit_fmp_universe_capability.FmpUniverseCapabilityAuditTests.test_error_body_is_not_propagated) ... ok
2026-09-12T20:54:54.9383834Z test_missing_active_listing_date_blocks_prototype (test_audit_fmp_universe_capability.FmpUniverseCapabilityAuditTests.test_missing_active_listing_date_blocks_prototype) ... ok
2026-09-12T20:54:54.9386642Z test_schema_probe_never_grants_historical_completeness (test_audit_fmp_universe_capability.FmpUniverseCapabilityAuditTests.test_schema_probe_never_grants_historical_completeness) ... ok
2026-09-12T20:54:54.9389242Z test_summary_exposes_schema_and_ranges_without_raw_rows (test_audit_fmp_universe_capability.FmpUniverseCapabilityAuditTests.test_summary_exposes_schema_and_ranges_without_raw_rows) ... ok
2026-09-12T20:54:54.9391593Z test_error_body_is_not_propagated (test_audit_massive_universe_capability.MassiveUniverseCapabilityAuditTests.test_error_body_is_not_propagated) ... ok
2026-09-12T20:54:54.9394203Z test_missing_exchange_field_blocks_prototype (test_audit_massive_universe_capability.MassiveUniverseCapabilityAuditTests.test_missing_exchange_field_blocks_prototype) ... ok
2026-09-12T20:54:54.9397211Z test_successful_samples_authorize_only_paginated_prototype (test_audit_massive_universe_capability.MassiveUniverseCapabilityAuditTests.test_successful_samples_authorize_only_paginated_prototype) ... ok
2026-09-12T20:54:54.9400110Z test_summary_exposes_counts_and_schema_without_identifiers (test_audit_massive_universe_capability.MassiveUniverseCapabilityAuditTests.test_summary_exposes_counts_and_schema_without_identifiers) ... ok
2026-09-12T20:54:55.1511973Z test_bad_gap_fill_rejected_when_two_r_no_longer_exists (test_backtest.BacktestTests.test_bad_gap_fill_rejected_when_two_r_no_longer_exists) ... ok
2026-09-12T20:54:55.3378088Z test_entry_occurs_after_plan_bar (test_backtest.BacktestTests.test_entry_occurs_after_plan_bar) ... ok
2026-09-12T20:54:55.4481141Z test_future_news_cannot_qualify_earlier_bars (test_backtest.BacktestTests.test_future_news_cannot_qualify_earlier_bars) ... ok
2026-09-12T20:54:55.6338142Z test_same_bar_trigger_and_stop_assumes_adverse_sequence (test_backtest.BacktestTests.test_same_bar_trigger_and_stop_assumes_adverse_sequence) ... ok
2026-09-12T20:54:55.6347964Z test_artl_source_correction_supersedes_historical_scores (test_benchmark_suite.BenchmarkSuiteTests.test_artl_source_correction_supersedes_historical_scores) ... ok
2026-09-12T20:54:55.6355066Z test_boundary_cases_cannot_be_accidentally_scored (test_benchmark_suite.BenchmarkSuiteTests.test_boundary_cases_cannot_be_accidentally_scored) ... ok
2026-09-12T20:54:55.6357262Z test_seed_suite_loads_and_has_balanced_roles (test_benchmark_suite.BenchmarkSuiteTests.test_seed_suite_loads_and_has_balanced_roles) ... ok
2026-09-12T20:54:55.6367588Z test_seed_suite_references_existing_safe_benchmarks (test_benchmark_suite.BenchmarkSuiteTests.test_seed_suite_references_existing_safe_benchmarks) ... ok
2026-09-12T20:54:55.6372149Z test_unsafe_knowledge_policy_is_rejected (test_benchmark_suite.BenchmarkSuiteTests.test_unsafe_knowledge_policy_is_rejected) ... ok
2026-09-12T20:54:55.6382032Z test_adapter_restores_identity_after_parent_failure (test_build_causal_downstream_identity_v07.DownstreamIdentityV07Tests.test_adapter_restores_identity_after_parent_failure) ... ok
2026-09-12T20:54:55.6384592Z test_legacy_failure_is_reproduced_and_scope_restores_parent (test_build_causal_downstream_identity_v07.DownstreamIdentityV07Tests.test_legacy_failure_is_reproduced_and_scope_restores_parent) ... ok
2026-09-12T20:54:55.6397995Z test_news_and_scanner_adapters_preflight_before_parent (test_build_causal_downstream_identity_v07.DownstreamIdentityV07Tests.test_news_and_scanner_adapters_preflight_before_parent) ... ok
2026-09-12T20:54:55.6400209Z test_receipt_is_exact_and_tamper_evident (test_build_causal_downstream_identity_v07.DownstreamIdentityV07Tests.test_receipt_is_exact_and_tamper_evident) ... ok
2026-09-12T20:54:55.6402303Z test_scope_restores_parent_after_exception (test_build_causal_downstream_identity_v07.DownstreamIdentityV07Tests.test_scope_restores_parent_after_exception) ... ok
2026-09-12T20:54:55.6409881Z test_adapter_restores_identity_after_parent_failure (test_build_causal_downstream_identity_v08.DownstreamIdentityV08Tests.test_adapter_restores_identity_after_parent_failure) ... ok
2026-09-12T20:54:55.6412260Z test_legacy_failure_is_reproduced_and_scope_restores_parent (test_build_causal_downstream_identity_v08.DownstreamIdentityV08Tests.test_legacy_failure_is_reproduced_and_scope_restores_parent) ... ok
2026-09-12T20:54:55.6423931Z test_news_and_scanner_adapters_preflight_before_parent (test_build_causal_downstream_identity_v08.DownstreamIdentityV08Tests.test_news_and_scanner_adapters_preflight_before_parent) ... ok
2026-09-12T20:54:55.6425862Z test_receipt_is_exact_and_tamper_evident (test_build_causal_downstream_identity_v08.DownstreamIdentityV08Tests.test_receipt_is_exact_and_tamper_evident) ... ok
2026-09-12T20:54:55.6428068Z test_scope_restores_parent_after_exception (test_build_causal_downstream_identity_v08.DownstreamIdentityV08Tests.test_scope_restores_parent_after_exception) ... ok
2026-09-12T20:54:55.6433964Z test_adapter_restores_identity_after_parent_failure (test_build_causal_downstream_identity_v09.DownstreamIdentityV09Tests.test_adapter_restores_identity_after_parent_failure) ... ok
2026-09-12T20:54:55.6436349Z test_legacy_failure_is_reproduced_and_scope_restores_parent (test_build_causal_downstream_identity_v09.DownstreamIdentityV09Tests.test_legacy_failure_is_reproduced_and_scope_restores_parent) ... ok
2026-09-12T20:54:55.6449875Z test_news_and_scanner_adapters_preflight_before_parent (test_build_causal_downstream_identity_v09.DownstreamIdentityV09Tests.test_news_and_scanner_adapters_preflight_before_parent) ... ok
2026-09-12T20:54:55.6451791Z test_receipt_is_exact_and_tamper_evident (test_build_causal_downstream_identity_v09.DownstreamIdentityV09Tests.test_receipt_is_exact_and_tamper_evident) ... ok
2026-09-12T20:54:55.6453815Z test_scope_restores_parent_after_exception (test_build_causal_downstream_identity_v09.DownstreamIdentityV09Tests.test_scope_restores_parent_after_exception) ... ok
2026-09-12T20:54:55.6456096Z test_evidence_status_does_not_overclaim_acceptance_precision (test_build_causal_float_enrichment.BuildCausalFloatEnrichmentTests.test_evidence_status_does_not_overclaim_acceptance_precision) ... ok
2026-09-12T20:54:55.6458516Z test_future_basis_date_fails_closed (test_build_causal_float_enrichment.BuildCausalFloatEnrichmentTests.test_future_basis_date_fails_closed) ... ok
2026-09-12T20:54:55.6460583Z test_old_basis_window_preserves_calendar_gap_buffer (test_build_causal_float_enrichment.BuildCausalFloatEnrichmentTests.test_old_basis_window_preserves_calendar_gap_buffer) ... ok
2026-09-12T20:54:55.6462930Z test_recent_basis_window_cannot_query_after_trading_date (test_build_causal_float_enrichment.BuildCausalFloatEnrichmentTests.test_recent_basis_window_cannot_query_after_trading_date) ... ok
2026-09-12T20:54:55.6465098Z test_sec_call_preserves_exhausted_provider_error (test_build_causal_float_enrichment.BuildCausalFloatEnrichmentTests.test_sec_call_preserves_exhausted_provider_error) ... ok
2026-09-12T20:54:55.6466258Z test_sec_call_retries_transient_failure (test_build_causal_float_enrichment.BuildCausalFloatEnrichmentTests.test_sec_call_retries_transient_failure) ... ok
2026-09-12T20:54:55.6467621Z test_sec_call_treats_not_found_as_fail_closed_data_absence (test_build_causal_float_enrichment.BuildCausalFloatEnrichmentTests.test_sec_call_treats_not_found_as_fail_closed_data_absence) ... ok
2026-09-12T20:54:55.6469060Z test_sec_payload_must_match_frozen_candidate_cik (test_build_causal_float_enrichment.BuildCausalFloatEnrichmentTests.test_sec_payload_must_match_frozen_candidate_cik) ... ok
2026-09-12T20:54:55.6501695Z test_adapter_restores_parent_and_writes_hashed_diagnostics (test_build_causal_float_enrichment_v05.BuildCausalFloatEnrichmentV05Tests.test_adapter_restores_parent_and_writes_hashed_diagnostics) ... ok
2026-09-12T20:54:55.6515892Z test_diagnostic_output_rejects_symlinked_parent (test_build_causal_float_enrichment_v05.BuildCausalFloatEnrichmentV05Tests.test_diagnostic_output_rejects_symlinked_parent) ... ok
2026-09-12T20:54:55.6517821Z test_diagnostics_tampering_is_rejected (test_build_causal_float_enrichment_v05.BuildCausalFloatEnrichmentV05Tests.test_diagnostics_tampering_is_rejected) ... ok
2026-09-12T20:54:55.6521573Z test_invalid_target_source_is_fatal_not_candidate_contained (test_build_causal_float_enrichment_v05.BuildCausalFloatEnrichmentV05Tests.test_invalid_target_source_is_fatal_not_candidate_contained) ... ok
2026-09-12T20:54:55.6529668Z test_observation_and_final_record_data_errors_are_candidate_contained (test_build_causal_float_enrichment_v05.BuildCausalFloatEnrichmentV05Tests.test_observation_and_final_record_data_errors_are_candidate_contained) ... ok
2026-09-12T20:54:55.6532914Z test_type_error_is_candidate_data_but_transport_error_remains_fatal (test_build_causal_float_enrichment_v05.BuildCausalFloatEnrichmentV05Tests.test_type_error_is_candidate_data_but_transport_error_remains_fatal) ... ok
2026-09-12T20:54:55.6542757Z test_valid_candidate_is_unchanged (test_build_causal_float_enrichment_v05.BuildCausalFloatEnrichmentV05Tests.test_valid_candidate_is_unchanged) ... ok
2026-09-12T20:54:55.6545732Z test_value_error_rejects_only_candidate_without_retaining_message (test_build_causal_float_enrichment_v05.BuildCausalFloatEnrichmentV05Tests.test_value_error_rejects_only_candidate_without_retaining_message) ... ok
2026-09-12T20:54:55.6555703Z test_adapter_preflights_before_parent_and_restores_legacy_function (test_build_causal_float_enrichment_v06.BuildCausalFloatEnrichmentV06Tests.test_adapter_preflights_before_parent_and_restores_legacy_function) ... ok
2026-09-12T20:54:55.6562623Z test_adapter_restores_legacy_function_after_parent_failure (test_build_causal_float_enrichment_v06.BuildCausalFloatEnrichmentV06Tests.test_adapter_restores_legacy_function_after_parent_failure) ... ok
2026-09-12T20:54:55.6565259Z test_authoritative_identity_kinds_are_accepted_without_rewriting (test_build_causal_float_enrichment_v06.BuildCausalFloatEnrichmentV06Tests.test_authoritative_identity_kinds_are_accepted_without_rewriting) ... ok
2026-09-12T20:54:55.6567979Z test_obsolete_or_ambiguous_identity_kind_fails_closed (test_build_causal_float_enrichment_v06.BuildCausalFloatEnrichmentV06Tests.test_obsolete_or_ambiguous_identity_kind_fails_closed) ... ok
2026-09-12T20:54:55.6570188Z test_preflight_tampering_is_rejected (test_build_causal_float_enrichment_v06.BuildCausalFloatEnrichmentV06Tests.test_preflight_tampering_is_rejected) ... ok
2026-09-12T20:54:55.6571704Z test_candidate_previous_close_corroboration_remains_fail_closed (test_build_causal_scanner_snapshot.BuildCausalScannerSnapshotTests.test_candidate_previous_close_corroboration_remains_fail_closed) ... ok
2026-09-12T20:54:55.6573134Z test_candidate_previous_close_is_corroborated_without_rewrite (test_build_causal_scanner_snapshot.BuildCausalScannerSnapshotTests.test_candidate_previous_close_is_corroborated_without_rewrite) ... ok
2026-09-12T20:54:55.6584529Z test_candidate_rank_binding_blocks_mismatch_and_shares_uniform_source (test_build_causal_scanner_snapshot.BuildCausalScannerSnapshotTests.test_candidate_rank_binding_blocks_mismatch_and_shares_uniform_source) ... ok
2026-09-12T20:54:55.6599349Z test_fake_provider_reacquires_all_members_on_causal_bases (test_build_causal_scanner_snapshot.BuildCausalScannerSnapshotTests.test_fake_provider_reacquires_all_members_on_causal_bases) ... ok
2026-09-12T20:54:55.6628478Z test_future_candidate_status_cannot_rewrite_earlier_rank_inputs (test_build_causal_scanner_snapshot.BuildCausalScannerSnapshotTests.test_future_candidate_status_cannot_rewrite_earlier_rank_inputs) ... ok
2026-09-12T20:54:55.6632073Z test_previous_close_rejects_unordered_daily_bars (test_build_causal_scanner_snapshot.BuildCausalScannerSnapshotTests.test_previous_close_rejects_unordered_daily_bars) ... ok
2026-09-12T20:54:55.6641690Z test_provider_failure_is_a_blocker_not_empty_rank_data (test_build_causal_scanner_snapshot.BuildCausalScannerSnapshotTests.test_provider_failure_is_a_blocker_not_empty_rank_data) ... ok
2026-09-12T20:54:55.6647571Z test_reconstruction_requires_exact_candidate_set_and_first_time (test_build_causal_scanner_snapshot.BuildCausalScannerSnapshotTests.test_reconstruction_requires_exact_candidate_set_and_first_time) ... ok
2026-09-12T20:54:55.6661622Z test_root_and_date_lineage_hashes_are_explicitly_enforced (test_build_causal_scanner_snapshot.BuildCausalScannerSnapshotTests.test_root_and_date_lineage_hashes_are_explicitly_enforced) ... ok
2026-09-12T20:54:55.6664127Z test_frozen_rows_are_hash_bound_and_shadow_only (test_build_discretion_shadow_runtime.BuildDiscretionShadowRuntimeTests.test_frozen_rows_are_hash_bound_and_shadow_only) ... ok
2026-09-12T20:54:55.6668239Z test_source_runtime_requires_unlabeled_frozen_all_candidate_replay (test_build_discretion_shadow_runtime.BuildDiscretionShadowRuntimeTests.test_source_runtime_requires_unlabeled_frozen_all_candidate_replay) ... ok
2026-09-12T20:54:55.6686143Z test_bundle_fingerprints_every_audit_component (test_build_identity_resolved_universe.BuildIdentityResolvedUniverseTests.test_bundle_fingerprints_every_audit_component) ... ok
2026-09-12T20:54:55.6688666Z test_date_payload_pins_source_and_remains_non_promotable (test_build_identity_resolved_universe.BuildIdentityResolvedUniverseTests.test_date_payload_pins_source_and_remains_non_promotable) ... ok
2026-09-12T20:54:55.6697475Z test_expected_result_rejects_changed_provider_content (test_build_identity_resolved_universe.BuildIdentityResolvedUniverseTests.test_expected_result_rejects_changed_provider_content) ... ok
2026-09-12T20:54:55.6699566Z test_intermediate_date_pins_provisional_root_without_audit_row (test_build_identity_resolved_universe.BuildIdentityResolvedUniverseTests.test_intermediate_date_pins_provisional_root_without_audit_row) ... ok
2026-09-12T20:54:55.6740399Z test_main_emits_every_panel_date_from_endpoint_audit (test_build_identity_resolved_universe.BuildIdentityResolvedUniverseTests.test_main_emits_every_panel_date_from_endpoint_audit) ... ok
2026-09-12T20:54:55.6742995Z test_panel_resolves_intermediate_date_and_binds_endpoints (test_build_identity_resolved_universe.BuildIdentityResolvedUniverseTests.test_panel_resolves_intermediate_date_and_binds_endpoints) ... ok
2026-09-12T20:54:55.6745200Z test_completed_pagination_still_cannot_promote_universe (test_build_massive_historical_census.MassiveHistoricalCensusBuilderTests.test_completed_pagination_still_cannot_promote_universe) ... ok
2026-09-12T20:54:55.6747268Z test_reconciliation_is_explicitly_current_only (test_build_massive_historical_census.MassiveHistoricalCensusBuilderTests.test_reconciliation_is_explicitly_current_only) ... ok
2026-09-12T20:54:55.6749326Z test_summary_distinguishes_ticker_collision_from_identity_duplicate (test_build_massive_historical_census.MassiveHistoricalCensusBuilderTests.test_summary_distinguishes_ticker_collision_from_identity_duplicate) ... ok
2026-09-12T20:54:55.6751245Z test_summary_preserves_missing_field_counts (test_build_massive_historical_census.MassiveHistoricalCensusBuilderTests.test_summary_preserves_missing_field_counts) ... ok
2026-09-12T20:54:55.6753149Z test_date_manifest_is_complete_relative_only_and_never_promotable (test_build_massive_provisional_universe.BuildMassiveProvisionalUniverseTests.test_date_manifest_is_complete_relative_only_and_never_promotable) ... ok
2026-09-12T20:54:55.6759104Z test_summary_fingerprints_included_membership_and_reasons (test_build_massive_provisional_universe.BuildMassiveProvisionalUniverseTests.test_summary_fingerprints_included_membership_and_reasons) ... ok
2026-09-12T20:54:55.6762801Z test_contract_fails_if_retrospective_labels_are_enabled (test_campaign_portfolio.CampaignPortfolioContractTests.test_contract_fails_if_retrospective_labels_are_enabled) ... ok
2026-09-12T20:54:55.6765997Z test_contract_fails_if_simultaneous_selection_authority_is_added (test_campaign_portfolio.CampaignPortfolioContractTests.test_contract_fails_if_simultaneous_selection_authority_is_added) ... ok
2026-09-12T20:54:55.6768759Z test_contract_fingerprint_is_order_independent (test_campaign_portfolio.CampaignPortfolioContractTests.test_contract_fingerprint_is_order_independent) ... ok
2026-09-12T20:54:55.6771321Z test_contract_preserves_frozen_parents_and_registers_no_account_values (test_campaign_portfolio.CampaignPortfolioContractTests.test_contract_preserves_frozen_parents_and_registers_no_account_values) ... ok
2026-09-12T20:54:55.6776242Z test_mechanical_audit_binds_contract_code_and_documentation (test_campaign_portfolio.CampaignPortfolioContractTests.test_mechanical_audit_binds_contract_code_and_documentation) ... ok
2026-09-12T20:54:55.6782182Z test_add_requires_open_position_and_cannot_average_down (test_campaign_portfolio.CampaignPortfolioLedgerTests.test_add_requires_open_position_and_cannot_average_down) ... ok
2026-09-12T20:54:55.6786668Z test_artifact_records_simultaneous_opportunities_and_is_label_blind (test_campaign_portfolio.CampaignPortfolioLedgerTests.test_artifact_records_simultaneous_opportunities_and_is_label_blind) ... ok
2026-09-12T20:54:55.6791691Z test_buying_power_and_position_count_fail_closed (test_campaign_portfolio.CampaignPortfolioLedgerTests.test_buying_power_and_position_count_fail_closed) ... ok
2026-09-12T20:54:55.6794685Z test_entry_slippage_is_recorded_and_can_fail_a_registered_limit (test_campaign_portfolio.CampaignPortfolioLedgerTests.test_entry_slippage_is_recorded_and_can_fail_a_registered_limit) ... ok
2026-09-12T20:54:55.6798086Z test_entry_updates_position_buying_power_and_open_risk (test_campaign_portfolio.CampaignPortfolioLedgerTests.test_entry_updates_position_buying_power_and_open_risk) ... ok
2026-09-12T20:54:55.6802727Z test_events_must_be_session_bounded_and_causally_ordered (test_campaign_portfolio.CampaignPortfolioLedgerTests.test_events_must_be_session_bounded_and_causally_ordered) ... ok
2026-09-12T20:54:55.6805583Z test_first_campaign_fill_cannot_be_mislabeled_as_an_add (test_campaign_portfolio.CampaignPortfolioLedgerTests.test_first_campaign_fill_cannot_be_mislabeled_as_an_add) ... ok
2026-09-12T20:54:55.6811545Z test_flat_campaign_requires_reentry_role_and_registered_permission (test_campaign_portfolio.CampaignPortfolioLedgerTests.test_flat_campaign_requires_reentry_role_and_registered_permission) ... ok
2026-09-12T20:54:55.6816009Z test_halt_blocks_fills_until_resume (test_campaign_portfolio.CampaignPortfolioLedgerTests.test_halt_blocks_fills_until_resume) ... ok
2026-09-12T20:54:55.6824457Z test_loss_lock_is_terminal_for_entries_but_never_blocks_exits (test_campaign_portfolio.CampaignPortfolioLedgerTests.test_loss_lock_is_terminal_for_entries_but_never_blocks_exits) ... ok
2026-09-12T20:54:55.6827761Z test_malformed_fill_values_reject_without_mutating_position_state (test_campaign_portfolio.CampaignPortfolioLedgerTests.test_malformed_fill_values_reject_without_mutating_position_state) ... ok
2026-09-12T20:54:55.6833722Z test_profit_giveback_lock_uses_ordered_realized_pnl (test_campaign_portfolio.CampaignPortfolioLedgerTests.test_profit_giveback_lock_uses_ordered_realized_pnl) ... ok
2026-09-12T20:54:55.6839857Z test_repeated_plans_share_one_campaign_but_accounts_do_not (test_campaign_portfolio.CampaignPortfolioLedgerTests.test_repeated_plans_share_one_campaign_but_accounts_do_not) ... ok
2026-09-12T20:54:55.6843333Z test_structurally_invalid_event_does_not_advance_ledger_clock (test_campaign_portfolio.CampaignPortfolioLedgerTests.test_structurally_invalid_event_does_not_advance_ledger_clock) ... ok
2026-09-12T20:54:55.6846103Z test_contract_freezes_evidence_envelope_without_semantic_rule (test_catalyst_evidence.CatalystEvidenceTests.test_contract_freezes_evidence_envelope_without_semantic_rule) ... ok
2026-09-12T20:54:55.6848559Z test_contract_rejects_ai_order_authority (test_catalyst_evidence.CatalystEvidenceTests.test_contract_rejects_ai_order_authority) ... ok
2026-09-12T20:54:55.6850805Z test_duplicate_symbol_headline_fails_closed (test_catalyst_evidence.CatalystEvidenceTests.test_duplicate_symbol_headline_fails_closed) ... ok
2026-09-12T20:54:55.6854130Z test_emits_activation_and_event_change_packets_only (test_catalyst_evidence.CatalystEvidenceTests.test_emits_activation_and_event_change_packets_only) ... ok
2026-09-12T20:54:55.6856324Z test_frozen_audit_is_pinned_causal_and_non_promotional (test_catalyst_evidence.CatalystEvidenceTests.test_frozen_audit_is_pinned_causal_and_non_promotional) ... ok
2026-09-12T20:54:55.6859166Z test_packet_hash_and_order_are_input_order_independent (test_catalyst_evidence.CatalystEvidenceTests.test_packet_hash_and_order_are_input_order_independent) ... ok
2026-09-12T20:54:55.6861469Z test_preserves_multi_symbol_scope_without_interpreting_it (test_catalyst_evidence.CatalystEvidenceTests.test_preserves_multi_symbol_scope_without_interpreting_it) ... ok
2026-09-12T20:54:55.6863604Z test_scanner_news_count_mismatch_fails_closed (test_catalyst_evidence.CatalystEvidenceTests.test_scanner_news_count_mismatch_fails_closed) ... ok
2026-09-12T20:54:55.6865771Z test_binds_structured_assessment_to_causal_packet (test_catalyst_interpretation.CatalystInterpretationTests.test_binds_structured_assessment_to_causal_packet) ... ok
2026-09-12T20:54:55.6868682Z test_contract_freezes_protocol_without_score_or_authority (test_catalyst_interpretation.CatalystInterpretationTests.test_contract_freezes_protocol_without_score_or_authority) ... ok
2026-09-12T20:54:55.6871004Z test_contract_rejects_strategy_effect (test_catalyst_interpretation.CatalystInterpretationTests.test_contract_rejects_strategy_effect) ... ok
2026-09-12T20:54:55.6873225Z test_frozen_audit_records_examples_without_promotion (test_catalyst_interpretation.CatalystInterpretationTests.test_frozen_audit_records_examples_without_promotion) ... ok
2026-09-12T20:54:55.6875468Z test_no_event_forces_not_assessable_axes (test_catalyst_interpretation.CatalystInterpretationTests.test_no_event_forces_not_assessable_axes) ... ok
2026-09-12T20:54:55.6877778Z test_packet_hash_tamper_fails_closed (test_catalyst_interpretation.CatalystInterpretationTests.test_packet_hash_tamper_fails_closed) ... ok
2026-09-12T20:54:55.6879974Z test_record_is_independent_of_set_like_input_order (test_catalyst_interpretation.CatalystInterpretationTests.test_record_is_independent_of_set_like_input_order) ... ok
2026-09-12T20:54:55.6882241Z test_rejects_unavailable_headline_reference (test_catalyst_interpretation.CatalystInterpretationTests.test_rejects_unavailable_headline_reference) ... ok
2026-09-12T20:54:55.6884502Z test_title_only_evidence_cannot_claim_materiality (test_catalyst_interpretation.CatalystInterpretationTests.test_title_only_evidence_cannot_claim_materiality) ... ok
2026-09-12T20:54:55.6887148Z test_audit_freezes_protocol_not_semantic_model (test_catalyst_interpretation_v02.CatalystInterpretationV02Tests.test_audit_freezes_protocol_not_semantic_model) ... ok
2026-09-12T20:54:55.6888818Z test_contract_adds_evidenced_axes_without_strategy_authority (test_catalyst_interpretation_v02.CatalystInterpretationV02Tests.test_contract_adds_evidenced_axes_without_strategy_authority) ... ok
2026-09-12T20:54:55.6890552Z test_contract_and_record_tampering_fail_closed (test_catalyst_interpretation_v02.CatalystInterpretationV02Tests.test_contract_and_record_tampering_fail_closed) ... ok
2026-09-12T20:54:55.6892742Z test_definitive_unquantified_title_is_structured_but_not_scored (test_catalyst_interpretation_v02.CatalystInterpretationV02Tests.test_definitive_unquantified_title_is_structured_but_not_scored) ... ok
2026-09-12T20:54:55.6894878Z test_no_event_forces_every_semantic_axis_not_assessable (test_catalyst_interpretation_v02.CatalystInterpretationV02Tests.test_no_event_forces_every_semantic_axis_not_assessable) ... ok
2026-09-12T20:54:55.6897018Z test_offering_withdrawal_is_signal_not_dilution_safety_claim (test_catalyst_interpretation_v02.CatalystInterpretationV02Tests.test_offering_withdrawal_is_signal_not_dilution_safety_claim) ... ok
2026-09-12T20:54:55.6902030Z test_possible_repetition_requires_two_available_headlines (test_catalyst_interpretation_v02.CatalystInterpretationV02Tests.test_possible_repetition_requires_two_available_headlines) ... ok
2026-09-12T20:54:55.6905155Z test_proposal_and_board_authorization_are_distinct_from_execution (test_catalyst_interpretation_v02.CatalystInterpretationV02Tests.test_proposal_and_board_authorization_are_distinct_from_execution) ... ok
2026-09-12T20:54:55.6908290Z test_semantic_claim_without_required_title_observation_fails_closed (test_catalyst_interpretation_v02.CatalystInterpretationV02Tests.test_semantic_claim_without_required_title_observation_fails_closed) ... ok
2026-09-12T20:54:55.6910913Z test_specific_amount_does_not_claim_materiality (test_catalyst_interpretation_v02.CatalystInterpretationV02Tests.test_specific_amount_does_not_claim_materiality) ... ok
2026-09-12T20:54:55.6913237Z test_v01_contract_remains_readable_and_unchanged (test_catalyst_interpretation_v02.CatalystInterpretationV02Tests.test_v01_contract_remains_readable_and_unchanged) ... ok
2026-09-12T20:54:55.6915565Z test_contract_freezes_timing_features_without_quality_or_gate (test_catalyst_timing.CatalystTimingTests.test_contract_freezes_timing_features_without_quality_or_gate) ... ok
2026-09-12T20:54:55.6918213Z test_contract_rejects_strategy_gate (test_catalyst_timing.CatalystTimingTests.test_contract_rejects_strategy_gate) ... ok
2026-09-12T20:54:55.6919859Z test_event_count_cannot_decrease (test_catalyst_timing.CatalystTimingTests.test_event_count_cannot_decrease) ... ok
2026-09-12T20:54:55.6921781Z test_frozen_validation_audit_is_pinned_and_non_promotional (test_catalyst_timing.CatalystTimingTests.test_frozen_validation_audit_is_pinned_and_non_promotional) ... ok
2026-09-12T20:54:55.6923760Z test_future_publication_fails_closed (test_catalyst_timing.CatalystTimingTests.test_future_publication_fails_closed) ... ok
2026-09-12T20:54:55.6925666Z test_news_arrival_after_activation_is_measured_causally (test_catalyst_timing.CatalystTimingTests.test_news_arrival_after_activation_is_measured_causally) ... ok
2026-09-12T20:54:55.6927853Z test_observation_gap_resets_transitions (test_catalyst_timing.CatalystTimingTests.test_observation_gap_resets_transitions) ... ok
2026-09-12T20:54:55.6929952Z test_preexisting_news_is_distinguished_from_post_activation_news (test_catalyst_timing.CatalystTimingTests.test_preexisting_news_is_distinguished_from_post_activation_news) ... ok
2026-09-12T20:54:55.6932130Z test_provider_error_remains_unknown_not_no_news (test_catalyst_timing.CatalystTimingTests.test_provider_error_remains_unknown_not_no_news) ... ok
2026-09-12T20:54:55.6934303Z test_exchange_translation_preserves_every_frozen_member (test_causal_market_discovery.CausalMarketDiscoveryTests.test_exchange_translation_preserves_every_frozen_member) ... ok
2026-09-12T20:54:55.6958233Z test_manifest_is_complete_only_through_market_discovery (test_causal_market_discovery.CausalMarketDiscoveryTests.test_manifest_is_complete_only_through_market_discovery) ... ok
2026-09-12T20:54:55.6961663Z test_manifest_rejects_member_without_required_daily_basis (test_causal_market_discovery.CausalMarketDiscoveryTests.test_manifest_rejects_member_without_required_daily_basis) ... ok
2026-09-12T20:54:55.6964283Z test_strategy_profile_fingerprint_changes_with_policy (test_causal_market_discovery.CausalMarketDiscoveryTests.test_strategy_profile_fingerprint_changes_with_policy) ... ok
2026-09-12T20:54:55.6988101Z test_core_uses_uniform_reacquired_candidate_previous_close (test_causal_scanner_snapshot.CausalScannerSnapshotTests.test_core_uses_uniform_reacquired_candidate_previous_close) ... ok
2026-09-12T20:54:55.7016416Z test_incomplete_rank_fails_closed_and_records_coverage (test_causal_scanner_snapshot.CausalScannerSnapshotTests.test_incomplete_rank_fails_closed_and_records_coverage) ... ok
2026-09-12T20:54:55.7077882Z test_input_tape_excludes_bars_unavailable_before_cutoff (test_causal_scanner_snapshot.CausalScannerSnapshotTests.test_input_tape_excludes_bars_unavailable_before_cutoff) ... ok
2026-09-12T20:54:55.7115372Z test_later_news_changes_disposition_only_at_publication (test_causal_scanner_snapshot.CausalScannerSnapshotTests.test_later_news_changes_disposition_only_at_publication) ... ok
2026-09-12T20:54:55.7150417Z test_market_input_hash_orders_membership_and_prior_closes (test_causal_scanner_snapshot.CausalScannerSnapshotTests.test_market_input_hash_orders_membership_and_prior_closes) ... ok
2026-09-12T20:54:55.7201797Z test_missing_exact_candidate_bar_nulls_all_market_features (test_causal_scanner_snapshot.CausalScannerSnapshotTests.test_missing_exact_candidate_bar_nulls_all_market_features) ... ok
2026-09-12T20:54:55.7231586Z test_normalized_rank_uses_split_gain_but_raw_price (test_causal_scanner_snapshot.CausalScannerSnapshotTests.test_normalized_rank_uses_split_gain_but_raw_price) ... ok
2026-09-12T20:54:55.7275841Z test_rank_includes_higher_gain_noncandidate_and_breaks_ties_by_symbol (test_causal_scanner_snapshot.CausalScannerSnapshotTests.test_rank_includes_higher_gain_noncandidate_and_breaks_ties_by_symbol) ... ok
2026-09-12T20:54:55.7302304Z test_session_frame_and_no_top_n_boundaries_are_enforced (test_causal_scanner_snapshot.CausalScannerSnapshotTests.test_session_frame_and_no_top_n_boundaries_are_enforced) ... ok
2026-09-12T20:54:55.7336270Z test_unknown_float_and_news_provider_error_fail_closed (test_causal_scanner_snapshot.CausalScannerSnapshotTests.test_unknown_float_and_news_provider_error_fail_closed) ... ok
2026-09-12T20:54:55.7490798Z test_validator_rejects_tamper_duplicate_and_missing_disposition (test_causal_scanner_snapshot.CausalScannerSnapshotTests.test_validator_rejects_tamper_duplicate_and_missing_disposition) ... ok
2026-09-12T20:54:55.7677987Z test_artifact_loaders_reject_duplicate_json_keys (test_causal_scanner_snapshot_v03.CausalScannerSnapshotV03Tests.test_artifact_loaders_reject_duplicate_json_keys) ... ok
2026-09-12T20:54:55.7877005Z test_forward_and_reverse_scale_factors_cancel_from_gain_and_rank (test_causal_scanner_snapshot_v03.CausalScannerSnapshotV03Tests.test_forward_and_reverse_scale_factors_cancel_from_gain_and_rank) ... ok
2026-09-12T20:54:55.8099458Z test_normalized_sidecar_and_snapshot_round_trip (test_causal_scanner_snapshot_v03.CausalScannerSnapshotV03Tests.test_normalized_sidecar_and_snapshot_round_trip) ... ok
2026-09-12T20:54:55.8104436Z test_policy_and_source_tape_have_new_versioned_identity (test_causal_scanner_snapshot_v03.CausalScannerSnapshotV03Tests.test_policy_and_source_tape_have_new_versioned_identity) ... ok
2026-09-12T20:54:55.8237038Z test_raw_price_is_separate_from_split_gain_and_rank (test_causal_scanner_snapshot_v03.CausalScannerSnapshotV03Tests.test_raw_price_is_separate_from_split_gain_and_rank) ... ok
2026-09-12T20:54:55.8305592Z test_raw_split_timestamp_mismatch_fails_closed (test_causal_scanner_snapshot_v03.CausalScannerSnapshotV03Tests.test_raw_split_timestamp_mismatch_fails_closed) ... ok
2026-09-12T20:54:55.8477457Z test_rehashed_raw_price_and_normalized_gain_tampering_fail (test_causal_scanner_snapshot_v03.CausalScannerSnapshotV03Tests.test_rehashed_raw_price_and_normalized_gain_tampering_fail) ... ok
2026-09-12T20:54:56.0958639Z test_changed_raw_member_is_detected_under_new_outer_pin (test_census_capture.CensusCaptureTests.test_changed_raw_member_is_detected_under_new_outer_pin) ... ok
2026-09-12T20:54:56.3797689Z test_complete_mixed_case_capture_and_raw_archive_replay (test_census_capture.CensusCaptureTests.test_complete_mixed_case_capture_and_raw_archive_replay) ... ok
2026-09-12T20:54:56.4003746Z test_cross_page_order_failure_keeps_body_projection_and_receipt (test_census_capture.CensusCaptureTests.test_cross_page_order_failure_keeps_body_projection_and_receipt) ... ok
2026-09-12T20:55:01.1068536Z test_exact_601_request_capture_and_archive_bound (test_census_capture.CensusCaptureTests.test_exact_601_request_capture_and_archive_bound) ... ok
2026-09-12T20:55:01.4271684Z test_extra_missing_unsafe_members_and_false_terminal_report_fail (test_census_capture.CensusCaptureTests.test_extra_missing_unsafe_members_and_false_terminal_report_fail) ... ok
2026-09-12T20:55:01.4416025Z test_failed_pacing_does_not_start_second_request (test_census_capture.CensusCaptureTests.test_failed_pacing_does_not_start_second_request) ... ok
2026-09-12T20:55:01.4885927Z test_http_incomplete_encoding_and_size_errors_stop_once (test_census_capture.CensusCaptureTests.test_http_incomplete_encoding_and_size_errors_stop_once) ... ok
2026-09-12T20:55:01.6887977Z test_intent_is_durable_before_transport_and_no_secret_is_retained (test_census_capture.CensusCaptureTests.test_intent_is_durable_before_transport_and_no_secret_is_retained) ... ok
2026-09-12T20:55:01.6964450Z test_interruption_preserves_intent_and_failure_inventory (test_census_capture.CensusCaptureTests.test_interruption_preserves_intent_and_failure_inventory) ... ok
2026-09-12T20:55:01.8878365Z test_no_restart_or_output_reuse (test_census_capture.CensusCaptureTests.test_no_restart_or_output_reuse) ... ok
2026-09-12T20:55:01.8970190Z test_non_json_provider_error_retains_hash_only (test_census_capture.CensusCaptureTests.test_non_json_provider_error_retains_hash_only) ... ok
2026-09-12T20:55:02.1675623Z test_original_quarantined_provider_page_survives_capture_and_replay (test_census_capture.CensusCaptureTests.test_original_quarantined_provider_page_survives_capture_and_replay) ... ok
2026-09-12T20:55:02.1777388Z test_partial_archive_cannot_claim_completion (test_census_capture.CensusCaptureTests.test_partial_archive_cannot_claim_completion) ... ok
2026-09-12T20:55:02.1852124Z test_payload_limit_preserves_failed_receipt_without_extra_call (test_census_capture.CensusCaptureTests.test_payload_limit_preserves_failed_receipt_without_extra_call) ... ok
2026-09-12T20:55:02.4095025Z test_raw_order_witness_tamper_fails_even_if_resealed (test_census_capture.CensusCaptureTests.test_raw_order_witness_tamper_fails_even_if_resealed) ... ok
2026-09-12T20:55:02.5196006Z test_required_page_21_is_failed_not_truncated_success (test_census_capture.CensusCaptureTests.test_required_page_21_is_failed_not_truncated_success) ... ok
2026-09-12T20:55:02.5342943Z test_safe_rejected_page_retained_with_fixed_reason_and_no_retry (test_census_capture.CensusCaptureTests.test_safe_rejected_page_retained_with_fixed_reason_and_no_retry) ... ok
2026-09-12T20:55:02.5417670Z test_transport_exception_never_discloses_text_or_retries (test_census_capture.CensusCaptureTests.test_transport_exception_never_discloses_text_or_retries) ... ok
2026-09-12T20:55:02.5497896Z test_unicode_and_duplicate_key_credential_echo_is_not_saved (test_census_capture.CensusCaptureTests.test_unicode_and_duplicate_key_credential_echo_is_not_saved) ... ok
2026-09-12T20:55:02.7735236Z test_wrong_outer_inventory_or_contract_pin_fails (test_census_capture.CensusCaptureTests.test_wrong_outer_inventory_or_contract_pin_fails) ... ok
2026-09-12T20:55:02.8338785Z test_authorization_is_time_bounded (test_census_capture_hosted.HostedCensusTests.test_authorization_is_time_bounded) ... ok
2026-09-12T20:55:03.1704320Z test_bad_inventory_output_pin_cannot_pass_hosted_verification (test_census_capture_hosted.HostedCensusTests.test_bad_inventory_output_pin_cannot_pass_hosted_verification) ... ok
2026-09-12T20:55:03.2333732Z test_changed_preflight_fails_before_key_or_transport (test_census_capture_hosted.HostedCensusTests.test_changed_preflight_fails_before_key_or_transport) ... ok
2026-09-12T20:55:03.2337333Z test_ci_wrong_code_failed_or_skipped_test_prevents_preparation (test_census_capture_hosted.HostedCensusTests.test_ci_wrong_code_failed_or_skipped_test_prevents_preparation) ... ok
2026-09-12T20:55:03.5987145Z test_existing_output_or_launch_blocks_second_credential_read (test_census_capture_hosted.HostedCensusTests.test_existing_output_or_launch_blocks_second_credential_read) ... ok
2026-09-12T20:55:04.1120148Z test_failed_skipped_or_wrong_capture_job_cannot_pass (test_census_capture_hosted.HostedCensusTests.test_failed_skipped_or_wrong_capture_job_cannot_pass) ... ok
2026-09-12T20:55:04.2333584Z test_missing_extra_preflight_and_reuse_fail (test_census_capture_hosted.HostedCensusTests.test_missing_extra_preflight_and_reuse_fail) ... ok
2026-09-12T20:55:04.3000775Z test_missing_key_preserves_launch_failure_and_zero_provider_calls (test_census_capture_hosted.HostedCensusTests.test_missing_key_preserves_launch_failure_and_zero_provider_calls) ... ok
2026-09-12T20:55:04.9100934Z test_offline_cli_validates_without_credential_discovery (test_census_capture_hosted.HostedCensusTests.test_offline_cli_validates_without_credential_discovery) ... ok
2026-09-12T20:55:04.9104147Z test_parent_dirty_merge_or_missing_new_contract_fails (test_census_capture_hosted.HostedCensusTests.test_parent_dirty_merge_or_missing_new_contract_fails) ... ok
2026-09-12T20:55:04.9107385Z test_registration_fixes_scope_and_preserves_uncertain_entitlement (test_census_capture_hosted.HostedCensusTests.test_registration_fixes_scope_and_preserves_uncertain_entitlement) ... ok
2026-09-12T20:55:05.3086405Z test_successful_credential_gated_capture_and_independent_hosted_replay (test_census_capture_hosted.HostedCensusTests.test_successful_credential_gated_capture_and_independent_hosted_replay) ... ok
2026-09-12T20:55:05.3214012Z test_workflow_ci_precedes_consumption_and_verifier_uses_original_zips (test_census_capture_hosted.HostedCensusTests.test_workflow_ci_precedes_consumption_and_verifier_uses_original_zips) ... ok
2026-09-12T20:55:05.3339257Z test_workflow_only_capture_step_has_provider_key (test_census_capture_hosted.HostedCensusTests.test_workflow_only_capture_step_has_provider_key) ... ok
2026-09-12T20:55:05.8479433Z test_wrong_artifact_code_run_role_id_or_digest_cannot_pass (test_census_capture_hosted.HostedCensusTests.test_wrong_artifact_code_run_role_id_or_digest_cannot_pass) ... ok
2026-09-12T20:55:05.8482120Z test_wrong_head_branch_event_attempt_or_workflow_fails (test_census_capture_hosted.HostedCensusTests.test_wrong_head_branch_event_attempt_or_workflow_fails) ... ok
2026-09-12T20:55:06.1499196Z test_wrong_ref_or_artifact_fails_before_key (test_census_capture_hosted.HostedCensusTests.test_wrong_ref_or_artifact_fails_before_key) ... ok
2026-09-12T20:55:06.3281411Z test_actual_page_replays_with_original_hash_and_cursor (test_census_order_repair.CensusOrderRepairTests.test_actual_page_replays_with_original_hash_and_cursor) ... ok
2026-09-12T20:55:06.3286193Z test_archive_symlink_is_rejected (test_census_order_repair.CensusOrderRepairTests.test_archive_symlink_is_rejected) ... ok
2026-09-12T20:55:06.3292005Z test_changed_archive_pin_is_rejected (test_census_order_repair.CensusOrderRepairTests.test_changed_archive_pin_is_rejected) ... ok
2026-09-12T20:55:06.3380100Z test_cross_page_uses_raw_last_not_canonical_maximum (test_census_order_repair.CensusOrderRepairTests.test_cross_page_uses_raw_last_not_canonical_maximum) ... ok
2026-09-12T20:55:06.3392144Z test_cursor_host_query_credentials_and_duplicates_still_rejected (test_census_order_repair.CensusOrderRepairTests.test_cursor_host_query_credentials_and_duplicates_still_rejected) ... ok
2026-09-12T20:55:06.3473711Z test_distinct_identities_and_missing_metadata_are_not_dropped (test_census_order_repair.CensusOrderRepairTests.test_distinct_identities_and_missing_metadata_are_not_dropped) ... ok
2026-09-12T20:55:06.3655020Z test_duplicate_canonical_identity_within_and_across_pages_rejected (test_census_order_repair.CensusOrderRepairTests.test_duplicate_canonical_identity_within_and_across_pages_rejected) ... ok
2026-09-12T20:55:06.3658283Z test_duplicate_keys_nonfinite_json_and_nonobject_root_still_rejected (test_census_order_repair.CensusOrderRepairTests.test_duplicate_keys_nonfinite_json_and_nonobject_root_still_rejected) ... ok
2026-09-12T20:55:06.3758915Z test_empty_intermediate_preserves_order_boundary (test_census_order_repair.CensusOrderRepairTests.test_empty_intermediate_preserves_order_boundary) ... ok
2026-09-12T20:55:06.3848208Z test_empty_terminal_after_members_is_valid_but_empty_census_is_not (test_census_order_repair.CensusOrderRepairTests.test_empty_terminal_after_members_is_valid_but_empty_census_is_not) ... ok
2026-09-12T20:55:06.4419417Z test_frozen_registration_has_no_capture_or_runtime_authority (test_census_order_repair.CensusOrderRepairTests.test_frozen_registration_has_no_capture_or_runtime_authority) ... ok
2026-09-12T20:55:06.4770863Z test_missing_forged_or_inconsistent_order_witness_rejected (test_census_order_repair.CensusOrderRepairTests.test_missing_forged_or_inconsistent_order_witness_rejected) ... ok
2026-09-12T20:55:06.4779066Z test_native_order_is_validated_before_any_sorting (test_census_order_repair.CensusOrderRepairTests.test_native_order_is_validated_before_any_sorting) ... ok
2026-09-12T20:55:06.5951930Z test_no_network_is_needed_for_evidence_and_projection (test_census_order_repair.CensusOrderRepairTests.test_no_network_is_needed_for_evidence_and_projection) ... ok
2026-09-12T20:55:06.7414739Z test_original_artifact_chain_and_rejected_body_reproduce (test_census_order_repair.CensusOrderRepairTests.test_original_artifact_chain_and_rejected_body_reproduce) ... ok
2026-09-12T20:55:06.7419915Z test_projection_preserves_raw_case_and_canonical_identity (test_census_order_repair.CensusOrderRepairTests.test_projection_preserves_raw_case_and_canonical_identity) ... ok
2026-09-12T20:55:07.5354000Z test_provider_free_cli_reverifies_saved_originals (test_census_order_repair.CensusOrderRepairTests.test_provider_free_cli_reverifies_saved_originals) ... ok
2026-09-12T20:55:07.5451777Z test_real_cross_page_regression_rejected_before_all_mutation (test_census_order_repair.CensusOrderRepairTests.test_real_cross_page_regression_rejected_before_all_mutation) ... ok
2026-09-12T20:55:07.6043839Z test_repeated_cursor_and_page_21_do_not_mutate_state (test_census_order_repair.CensusOrderRepairTests.test_repeated_cursor_and_page_21_do_not_mutate_state) ... ok
2026-09-12T20:55:07.6045695Z test_request_mutation_still_fails (test_census_order_repair.CensusOrderRepairTests.test_request_mutation_still_fails) ... ok
2026-09-12T20:55:07.6094422Z test_row_and_response_size_limits_still_apply (test_census_order_repair.CensusOrderRepairTests.test_row_and_response_size_limits_still_apply) ... ok
2026-09-12T20:55:07.6113575Z test_schema_filter_count_and_metadata_checks_are_not_bypassed (test_census_order_repair.CensusOrderRepairTests.test_schema_filter_count_and_metadata_checks_are_not_bypassed) ... ok
2026-09-12T20:55:07.6467913Z test_synthetic_complete_30_date_mixed_case_protocol (test_census_order_repair.CensusOrderRepairTests.test_synthetic_complete_30_date_mixed_case_protocol) ... ok
2026-09-12T20:55:09.1994101Z test_synthetic_exact_601_attempt_maximum (test_census_order_repair.CensusOrderRepairTests.test_synthetic_exact_601_attempt_maximum) ... ok
2026-09-12T20:55:09.2003760Z test_ticker_is_required_string_not_coerced (test_census_order_repair.CensusOrderRepairTests.test_ticker_is_required_string_not_coerced) ... ok
2026-09-12T20:55:09.2068482Z test_unchanged_type_dictionary_and_uppercase_projections (test_census_order_repair.CensusOrderRepairTests.test_unchanged_type_dictionary_and_uppercase_projections) ... ok
2026-09-12T20:55:09.2072321Z test_uppercase_cannot_hide_a_real_within_page_regression (test_census_order_repair.CensusOrderRepairTests.test_uppercase_cannot_hide_a_real_within_page_regression) ... ok
2026-09-12T20:55:09.2160782Z test_valid_mixed_case_across_pages (test_census_order_repair.CensusOrderRepairTests.test_valid_mixed_case_across_pages) ... ok
2026-09-12T20:55:09.2249713Z test_wrong_request_sequence_or_body_hash_rejected (test_census_order_repair.CensusOrderRepairTests.test_wrong_request_sequence_or_body_hash_rejected) ... ok
2026-09-12T20:55:09.2860717Z test_bad_preflight_never_reads_key (test_census_payload_diagnostic.PayloadDiagnosticTests.test_bad_preflight_never_reads_key) ... ok
2026-09-12T20:55:09.2987132Z test_bad_ref_artifact_or_runtime_never_passes (test_census_payload_diagnostic.PayloadDiagnosticTests.test_bad_ref_artifact_or_runtime_never_passes) ... ok
2026-09-12T20:55:09.2991014Z test_ci_must_match_code_and_succeed_in_every_step (test_census_payload_diagnostic.PayloadDiagnosticTests.test_ci_must_match_code_and_succeed_in_every_step) ... ok
2026-09-12T20:55:09.2993860Z test_dirty_merge_wrong_parent_or_missing_authorization_rejected (test_census_payload_diagnostic.PayloadDiagnosticTests.test_dirty_merge_wrong_parent_or_missing_authorization_rejected) ... ok
2026-09-12T20:55:09.2998829Z test_duplicate_key_body_is_safely_inspectable_but_legacy_rejected (test_census_payload_diagnostic.PayloadDiagnosticTests.test_duplicate_key_body_is_safely_inspectable_but_legacy_rejected) ... ok
2026-09-12T20:55:09.3001188Z test_duplicate_key_overwrite_cannot_hide_escaped_credential (test_census_payload_diagnostic.PayloadDiagnosticTests.test_duplicate_key_overwrite_cannot_hide_escaped_credential) ... ok
2026-09-12T20:55:09.3003651Z test_exact_frozen_parent_request_and_no_runtime_authority (test_census_payload_diagnostic.PayloadDiagnosticTests.test_exact_frozen_parent_request_and_no_runtime_authority) ... ok
2026-09-12T20:55:09.3005837Z test_exact_same_commit_launch_allows_batched_code_commit (test_census_payload_diagnostic.PayloadDiagnosticTests.test_exact_same_commit_launch_allows_batched_code_commit) ... ok
2026-09-12T20:55:09.3008235Z test_expired_and_future_authorization_rejected (test_census_payload_diagnostic.PayloadDiagnosticTests.test_expired_and_future_authorization_rejected) ... ok
2026-09-12T20:55:09.3498630Z test_incomplete_oversize_or_encoded_body_not_retained (test_census_payload_diagnostic.PayloadDiagnosticTests.test_incomplete_oversize_or_encoded_body_not_retained) ... ok
2026-09-12T20:55:09.3612795Z test_missing_credential_records_zero_attempts (test_census_payload_diagnostic.PayloadDiagnosticTests.test_missing_credential_records_zero_attempts) ... ok
2026-09-12T20:55:09.3754513Z test_output_reuse_blocks_second_key_read (test_census_payload_diagnostic.PayloadDiagnosticTests.test_output_reuse_blocks_second_key_read) ... ok
2026-09-12T20:55:09.3813530Z test_preflight_roundtrip_and_immutability (test_census_payload_diagnostic.PayloadDiagnosticTests.test_preflight_roundtrip_and_immutability) ... ok
2026-09-12T20:55:09.3927133Z test_provider_denial_does_not_retry (test_census_payload_diagnostic.PayloadDiagnosticTests.test_provider_denial_does_not_retry) ... ok
2026-09-12T20:55:09.3930819Z test_raw_percent_encoded_and_unicode_escaped_secrets_are_not_retained (test_census_payload_diagnostic.PayloadDiagnosticTests.test_raw_percent_encoded_and_unicode_escaped_secrets_are_not_retained) ... ok
2026-09-12T20:55:09.4054603Z test_rejected_order_body_is_retained_and_identified (test_census_payload_diagnostic.PayloadDiagnosticTests.test_rejected_order_body_is_retained_and_identified) ... ok
2026-09-12T20:55:09.4058155Z test_rerun_dispatch_wrong_sha_branch_workflow_or_repo_rejected (test_census_payload_diagnostic.PayloadDiagnosticTests.test_rerun_dispatch_wrong_sha_branch_workflow_or_repo_rejected) ... ok
2026-09-12T20:55:09.4178655Z test_secret_echo_capture_keeps_only_hash (test_census_payload_diagnostic.PayloadDiagnosticTests.test_secret_echo_capture_keeps_only_hash) ... ok
2026-09-12T20:55:09.4217025Z test_symlink_or_extra_preflight_rejected (test_census_payload_diagnostic.PayloadDiagnosticTests.test_symlink_or_extra_preflight_rejected) ... ok
2026-09-12T20:55:09.4337088Z test_transport_exception_does_not_retry_or_leak (test_census_payload_diagnostic.PayloadDiagnosticTests.test_transport_exception_does_not_retry_or_leak) ... ok
2026-09-12T20:55:09.4341476Z test_unexpected_exception_text_is_never_disclosed (test_census_payload_diagnostic.PayloadDiagnosticTests.test_unexpected_exception_text_is_never_disclosed) ... ok
2026-09-12T20:55:09.4344095Z test_uninspectable_json_not_retained (test_census_payload_diagnostic.PayloadDiagnosticTests.test_uninspectable_json_not_retained) ... ok
2026-09-12T20:55:09.4350301Z test_unknown_field_bad_filter_and_bad_cursor_keep_specific_reason (test_census_payload_diagnostic.PayloadDiagnosticTests.test_unknown_field_bad_filter_and_bad_cursor_keep_specific_reason) ... ok
2026-09-12T20:55:09.4477189Z test_valid_page_retained_once_without_pagination (test_census_payload_diagnostic.PayloadDiagnosticTests.test_valid_page_retained_once_without_pagination) ... ok
2026-09-12T20:55:09.4565588Z test_workflow_waits_same_commit_ci_then_consumes_before_secrets (test_census_payload_diagnostic.PayloadDiagnosticTests.test_workflow_waits_same_commit_ci_then_consumes_before_secrets) ... ok
2026-09-12T20:55:09.4592520Z test_assessment_requires_claim_citation_union_and_bounded_expiry (test_context_assessment.ContextAssessmentTests.test_assessment_requires_claim_citation_union_and_bounded_expiry) ... ok
2026-09-12T20:55:09.4622433Z test_assessment_tamper_fails_content_hash_validation (test_context_assessment.ContextAssessmentTests.test_assessment_tamper_fails_content_hash_validation) ... ok
2026-09-12T20:55:09.4627448Z test_contract_tamper_cannot_enable_strategy_authority (test_context_assessment.ContextAssessmentTests.test_contract_tamper_cannot_enable_strategy_authority) ... ok
2026-09-12T20:55:09.4908367Z test_frozen_daily_chart_record_binds_as_supplemental_evidence (test_context_assessment.ContextAssessmentTests.test_frozen_daily_chart_record_binds_as_supplemental_evidence) ... ok
2026-09-12T20:55:09.4931168Z test_frozen_theme_regime_record_binds_as_supplemental_evidence (test_context_assessment.ContextAssessmentTests.test_frozen_theme_regime_record_binds_as_supplemental_evidence) ... ok
2026-09-12T20:55:09.4948646Z test_missing_domain_forces_abstention (test_context_assessment.ContextAssessmentTests.test_missing_domain_forces_abstention) ... ok
2026-09-12T20:55:09.4953927Z test_protocol_audit_binds_contract_and_freezes_no_model_or_rule (test_context_assessment.ContextAssessmentTests.test_protocol_audit_binds_contract_and_freezes_no_model_or_rule) ... ok
2026-09-12T20:55:09.4956772Z test_protocol_is_preregistered_shadow_only_and_excludes_pilot_fit (test_context_assessment.ContextAssessmentTests.test_protocol_is_preregistered_shadow_only_and_excludes_pilot_fit) ... ok
2026-09-12T20:55:09.4981451Z test_shadow_assessment_cites_facts_and_inferences_and_abstains (test_context_assessment.ContextAssessmentTests.test_shadow_assessment_cites_facts_and_inferences_and_abstains) ... ok
2026-09-12T20:55:09.4992676Z test_snapshot_binds_exact_causal_sources_and_explicit_missing_domains (test_context_assessment.ContextAssessmentTests.test_snapshot_binds_exact_causal_sources_and_explicit_missing_domains) ... ok
2026-09-12T20:55:09.4995140Z test_snapshot_rejects_attention_scanner_lineage_mismatch (test_context_assessment.ContextAssessmentTests.test_snapshot_rejects_attention_scanner_lineage_mismatch) ... ok
2026-09-12T20:55:09.5000473Z test_snapshot_rejects_future_headline_even_after_self_rehash (test_context_assessment.ContextAssessmentTests.test_snapshot_rejects_future_headline_even_after_self_rehash) ... ok
2026-09-12T20:55:09.5014430Z test_snapshot_rejects_future_or_retrospective_evidence (test_context_assessment.ContextAssessmentTests.test_snapshot_rejects_future_or_retrospective_evidence) ... ok
2026-09-12T20:55:09.5025269Z test_snapshot_tamper_fails_content_hash_validation (test_context_assessment.ContextAssessmentTests.test_snapshot_tamper_fails_content_hash_validation) ... ok
2026-09-12T20:55:09.5041001Z test_value_specific_claim_requires_issuer_history (test_context_assessment.ContextAssessmentTests.test_value_specific_claim_requires_issuer_history) ... ok
2026-09-12T20:55:09.5081141Z test_account_action_groups_are_separate_and_descriptive (test_context_heldout_comparison.ContextHeldoutComparisonTests.test_account_action_groups_are_separate_and_descriptive) ... ok
2026-09-12T20:55:09.5119350Z test_activation_is_the_only_action_anchor_and_not_claimed_trade_time (test_context_heldout_comparison.ContextHeldoutComparisonTests.test_activation_is_the_only_action_anchor_and_not_claimed_trade_time) ... ok
2026-09-12T20:55:09.5157071Z test_candidate_acquisition_is_a_separate_gate (test_context_heldout_comparison.ContextHeldoutComparisonTests.test_candidate_acquisition_is_a_separate_gate) ... ok
2026-09-12T20:55:09.5195156Z test_deterministic_coverage_reports_missing_domains_without_imputation (test_context_heldout_comparison.ContextHeldoutComparisonTests.test_deterministic_coverage_reports_missing_domains_without_imputation) ... ok
2026-09-12T20:55:09.5232568Z test_every_frozen_semantic_record_is_bound_to_its_exact_snapshot (test_context_heldout_comparison.ContextHeldoutComparisonTests.test_every_frozen_semantic_record_is_bound_to_its_exact_snapshot) ... ok
2026-09-12T20:55:09.5269882Z test_no_score_threshold_or_policy_output_exists (test_context_heldout_comparison.ContextHeldoutComparisonTests.test_no_score_threshold_or_policy_output_exists) ... ok
2026-09-12T20:55:09.5307373Z test_off_candidate_actions_do_not_claim_context_components (test_context_heldout_comparison.ContextHeldoutComparisonTests.test_off_candidate_actions_do_not_claim_context_components) ... ok
2026-09-12T20:55:09.5348079Z test_result_is_bound_to_all_three_frozen_parents (test_context_heldout_comparison.ContextHeldoutComparisonTests.test_result_is_bound_to_all_three_frozen_parents) ... ok
2026-09-12T20:55:09.5452291Z test_self_rehashed_action_coverage_tamper_fails (test_context_heldout_comparison.ContextHeldoutComparisonTests.test_self_rehashed_action_coverage_tamper_fails) ... ok
2026-09-12T20:55:09.5542535Z test_self_rehashed_parent_tamper_fails (test_context_heldout_comparison.ContextHeldoutComparisonTests.test_self_rehashed_parent_tamper_fails) ... ok
2026-09-12T20:55:09.5645600Z test_self_rehashed_semantic_value_tamper_fails (test_context_heldout_comparison.ContextHeldoutComparisonTests.test_self_rehashed_semantic_value_tamper_fails) ... ok
2026-09-12T20:55:09.5683301Z test_semantic_abstention_and_confidence_remain_component_scoped (test_context_heldout_comparison.ContextHeldoutComparisonTests.test_semantic_abstention_and_confidence_remain_component_scoped) ... ok
2026-09-12T20:55:09.5932497Z test_account_scope_is_preserved_on_same_symbol (test_context_heldout_labels.ContextHeldoutLabelTests.test_account_scope_is_preserved_on_same_symbol) ... ok
2026-09-12T20:55:09.6521136Z test_all_eight_files_are_inventoried_but_raw_archive_is_not_committed (test_context_heldout_labels.ContextHeldoutLabelTests.test_all_eight_files_are_inventoried_but_raw_archive_is_not_committed) ... ok
2026-09-12T20:55:09.6773709Z test_labels_bind_exact_frozen_runtime_semantic_tree_and_candidates (test_context_heldout_labels.ContextHeldoutLabelTests.test_labels_bind_exact_frozen_runtime_semantic_tree_and_candidates) ... ok
2026-09-12T20:55:09.7031318Z test_labels_cannot_enable_strategy_authority (test_context_heldout_labels.ContextHeldoutLabelTests.test_labels_cannot_enable_strategy_authority) ... ok
2026-09-12T20:55:09.7294444Z test_no_trade_session_cannot_enable_skip_inference (test_context_heldout_labels.ContextHeldoutLabelTests.test_no_trade_session_cannot_enable_skip_inference) ... ok
2026-09-12T20:55:09.7541561Z test_off_candidate_actions_and_transcription_corrections_are_retained (test_context_heldout_labels.ContextHeldoutLabelTests.test_off_candidate_actions_and_transcription_corrections_are_retained) ... ok
2026-09-12T20:55:09.7785144Z test_publication_date_is_not_silently_used_as_trading_date (test_context_heldout_labels.ContextHeldoutLabelTests.test_publication_date_is_not_silently_used_as_trading_date) ... ok
2026-09-12T20:55:09.8141720Z test_self_rehashed_candidate_tamper_fails_against_semantic_parent (test_context_heldout_labels.ContextHeldoutLabelTests.test_self_rehashed_candidate_tamper_fails_against_semantic_parent) ... ok
2026-09-12T20:55:09.8378892Z test_sparse_counts_keep_unmentioned_candidates_unknown (test_context_heldout_labels.ContextHeldoutLabelTests.test_sparse_counts_keep_unmentioned_candidates_unknown) ... ok
2026-09-12T20:55:09.8382783Z test_dates_are_next_ten_calendar_only_sessions (test_context_heldout_panel.ContextHeldoutPanelTests.test_dates_are_next_ten_calendar_only_sessions) ... ok
2026-09-12T20:55:09.8390772Z test_dates_cannot_be_replaced_after_registration (test_context_heldout_panel.ContextHeldoutPanelTests.test_dates_cannot_be_replaced_after_registration) ... ok
2026-09-12T20:55:09.8399082Z test_missing_source_date_cannot_be_substituted_or_called_skip (test_context_heldout_panel.ContextHeldoutPanelTests.test_missing_source_date_cannot_be_substituted_or_called_skip) ... ok
2026-09-12T20:55:09.8404213Z test_registration_audit_binds_exact_contract (test_context_heldout_panel.ContextHeldoutPanelTests.test_registration_audit_binds_exact_contract) ... ok
2026-09-12T20:55:09.8407236Z test_registration_has_no_runtime_or_semantic_result (test_context_heldout_panel.ContextHeldoutPanelTests.test_registration_has_no_runtime_or_semantic_result) ... ok
2026-09-12T20:55:09.8410492Z test_reviewed_pilot_is_excluded_from_fit_and_evaluation (test_context_heldout_panel.ContextHeldoutPanelTests.test_reviewed_pilot_is_excluded_from_fit_and_evaluation) ... ok
2026-09-12T20:55:09.8421906Z test_source_or_behavior_information_cannot_enter_registration (test_context_heldout_panel.ContextHeldoutPanelTests.test_source_or_behavior_information_cannot_enter_registration) ... ok
2026-09-12T20:55:09.8580648Z test_daily_runtime_builds_activation_record_and_preserves_unavailable (test_context_runtime.ContextRuntimeTests.test_daily_runtime_builds_activation_record_and_preserves_unavailable) ... ok
2026-09-12T20:55:09.8610399Z test_daily_runtime_keeps_invalid_non_null_price_fail_closed (test_context_runtime.ContextRuntimeTests.test_daily_runtime_keeps_invalid_non_null_price_fail_closed) ... ok
2026-09-12T20:55:09.8622501Z test_daily_runtime_preserves_null_decision_price_as_unavailable (test_context_runtime.ContextRuntimeTests.test_daily_runtime_preserves_null_decision_price_as_unavailable) ... ok
2026-09-12T20:55:09.8657636Z test_final_market_manifest_path_loads_and_binds_frozen_registration (test_context_runtime.ContextRuntimeTests.test_final_market_manifest_path_loads_and_binds_frozen_registration) ... ok
2026-09-12T20:55:09.8660167Z test_first_runtime_failure_is_permanent_and_not_promotable (test_context_runtime.ContextRuntimeTests.test_first_runtime_failure_is_permanent_and_not_promotable) ... ok
2026-09-12T20:55:09.8668220Z test_generic_date_and_root_payloads_preserve_missing_records (test_context_runtime.ContextRuntimeTests.test_generic_date_and_root_payloads_preserve_missing_records) ... ok
2026-09-12T20:55:09.8671885Z test_market_manifest_is_hash_bound_label_blind_and_all_candidate (test_context_runtime.ContextRuntimeTests.test_market_manifest_is_hash_bound_label_blind_and_all_candidate) ... ok
2026-09-12T20:55:09.8679470Z test_prior_runtime_root_accepts_direct_or_named_artifact_layout_only (test_context_runtime.ContextRuntimeTests.test_prior_runtime_root_accepts_direct_or_named_artifact_layout_only) ... ok
2026-09-12T20:55:09.8682065Z test_provider_pipeline_uses_only_registered_dates_and_endpoint_identity_gate (test_context_runtime.ContextRuntimeTests.test_provider_pipeline_uses_only_registered_dates_and_endpoint_identity_gate) ... ok
2026-09-12T20:55:09.8685804Z test_run_32204337846_failures_are_permanent_and_not_promotable (test_context_runtime.ContextRuntimeTests.test_run_32204337846_failures_are_permanent_and_not_promotable) ... ok
2026-09-12T20:55:09.8688922Z test_run_32243689589_failure_is_permanent_and_not_promotable (test_context_runtime.ContextRuntimeTests.test_run_32243689589_failure_is_permanent_and_not_promotable) ... ok
2026-09-12T20:55:09.8693138Z test_run_32260356870_success_is_permanent_verified_and_not_promotable (test_context_runtime.ContextRuntimeTests.test_run_32260356870_success_is_permanent_verified_and_not_promotable) ... ok
2026-09-12T20:55:09.8700404Z test_runtime_request_hashes_the_exact_frozen_contract_files (test_context_runtime.ContextRuntimeTests.test_runtime_request_hashes_the_exact_frozen_contract_files) ... ok
2026-09-12T20:55:09.8703425Z test_runtime_request_is_fixed_label_blind_and_not_promotable (test_context_runtime.ContextRuntimeTests.test_runtime_request_is_fixed_label_blind_and_not_promotable) ... ok
2026-09-12T20:55:09.8705781Z test_workflow_uses_registered_builders_and_no_transcript_archive (test_context_runtime.ContextRuntimeTests.test_workflow_uses_registered_builders_and_no_transcript_archive) ... ok
2026-09-12T20:55:09.8708058Z test_builder_has_no_uploaded_transcript_or_recap_source_path (test_context_semantic_shadow.ContextSemanticShadowTests.test_builder_has_no_uploaded_transcript_or_recap_source_path) ... ok
2026-09-12T20:55:09.8709794Z test_frozen_files_have_stable_file_hashes (test_context_semantic_shadow.ContextSemanticShadowTests.test_frozen_files_have_stable_file_hashes) ... ok
2026-09-12T20:55:09.9174342Z test_frozen_semantic_artifact_recomputes_and_preserves_boundaries (test_context_semantic_shadow.ContextSemanticShadowTests.test_frozen_semantic_artifact_recomputes_and_preserves_boundaries) ... ok
2026-09-12T20:55:09.9177281Z test_manifest_tamper_cannot_enable_promotion (test_context_semantic_shadow.ContextSemanticShadowTests.test_manifest_tamper_cannot_enable_promotion) ... ok
2026-09-12T20:55:09.9180082Z test_permanent_audit_binds_frozen_artifact_and_allows_labels_only_after_freeze (test_context_semantic_shadow.ContextSemanticShadowTests.test_permanent_audit_binds_frozen_artifact_and_allows_labels_only_after_freeze) ... ok
2026-09-12T20:55:09.9182884Z test_rubric_is_frozen_label_blind_and_transparent_about_generation (test_context_semantic_shadow.ContextSemanticShadowTests.test_rubric_is_frozen_label_blind_and_transparent_about_generation) ... ok
2026-09-12T20:55:09.9186308Z test_rubric_tamper_cannot_add_authority_or_change_parent (test_context_semantic_shadow.ContextSemanticShadowTests.test_rubric_tamper_cannot_add_authority_or_change_parent) ... ok
2026-09-12T20:55:09.9195442Z test_as_of_quarantines_future_and_unknown_dates (test_corpus.CorpusTests.test_as_of_quarantines_future_and_unknown_dates) ... ok
2026-09-12T20:55:09.9216444Z test_audit_detects_duplicate_ids (test_corpus.CorpusTests.test_audit_detects_duplicate_ids) ... ok
2026-09-12T20:55:09.9217830Z test_normalizes_html_and_whitespace (test_corpus.CorpusTests.test_normalizes_html_and_whitespace) ... ok
2026-09-12T20:55:09.9218633Z test_parse_publication_date (test_corpus.CorpusTests.test_parse_publication_date) ... ok
2026-09-12T20:55:09.9543661Z test_adapter_requires_frozen_artifact_hash_and_has_no_authority (test_daily_chart_context.DailyChartContextTests.test_adapter_requires_frozen_artifact_hash_and_has_no_authority) ... ok
2026-09-12T20:55:09.9633199Z test_builder_rejects_current_session_and_naive_source_timestamps (test_daily_chart_context.DailyChartContextTests.test_builder_rejects_current_session_and_naive_source_timestamps) ... ok
2026-09-12T20:55:09.9792066Z test_builder_uses_only_prior_completed_sessions_and_exact_formulas (test_daily_chart_context.DailyChartContextTests.test_builder_uses_only_prior_completed_sessions_and_exact_formulas) ... ok
2026-09-12T20:55:09.9794434Z test_contract_freezes_causal_sources_but_no_chart_threshold (test_daily_chart_context.DailyChartContextTests.test_contract_freezes_causal_sources_but_no_chart_threshold) ... ok
2026-09-12T20:55:09.9918241Z test_identity_window_must_cover_every_included_bar_and_decision (test_daily_chart_context.DailyChartContextTests.test_identity_window_must_cover_every_included_bar_and_decision) ... ok
2026-09-12T20:55:09.9967172Z test_partial_history_is_explicit_and_does_not_invent_features (test_daily_chart_context.DailyChartContextTests.test_partial_history_is_explicit_and_does_not_invent_features) ... ok
2026-09-12T20:55:09.9969814Z test_protocol_audit_binds_exact_contract_without_promotion (test_daily_chart_context.DailyChartContextTests.test_protocol_audit_binds_exact_contract_without_promotion) ... ok
2026-09-12T20:55:10.0223455Z test_tamper_fails_hash_and_deterministic_reconstruction (test_daily_chart_context.DailyChartContextTests.test_tamper_fails_hash_and_deterministic_reconstruction) ... ok
2026-09-12T20:55:10.0247208Z test_aggregate_budget_rejection_makes_zero_timeseries_calls (test_databento_behavioral_cohort_execution_v01.DatabentoBehavioralCohortExecutionV01Tests.test_aggregate_budget_rejection_makes_zero_timeseries_calls) ... ok
2026-09-12T20:55:10.0591724Z test_all_quotes_precede_exact_five_downloads_and_report_is_sanitized (test_databento_behavioral_cohort_execution_v01.DatabentoBehavioralCohortExecutionV01Tests.test_all_quotes_precede_exact_five_downloads_and_report_is_sanitized) ... ok
2026-09-12T20:55:10.0594667Z test_authorization_drift_fails_closed (test_databento_behavioral_cohort_execution_v01.DatabentoBehavioralCohortExecutionV01Tests.test_authorization_drift_fails_closed) ... ok
2026-09-12T20:55:10.0597744Z test_checkpoint_inside_atomic_event_fails_closed (test_databento_behavioral_cohort_execution_v01.DatabentoBehavioralCohortExecutionV01Tests.test_checkpoint_inside_atomic_event_fails_closed) ... ok
2026-09-12T20:55:10.0600632Z test_cohort_is_exact_hash_bound_and_harness_is_unarmed (test_databento_behavioral_cohort_execution_v01.DatabentoBehavioralCohortExecutionV01Tests.test_cohort_is_exact_hash_bound_and_harness_is_unarmed) ... ok
2026-09-12T20:55:10.0618009Z test_first_provider_failure_stops_without_retry (test_databento_behavioral_cohort_execution_v01.DatabentoBehavioralCohortExecutionV01Tests.test_first_provider_failure_stops_without_retry) ... ok
2026-09-12T20:55:10.0625163Z test_harness_registration_audit_binds_unarmed_files (test_databento_behavioral_cohort_execution_v01.DatabentoBehavioralCohortExecutionV01Tests.test_harness_registration_audit_binds_unarmed_files) ... ok
2026-09-12T20:55:10.0628497Z test_registration_does_not_contain_execution_file (test_databento_behavioral_cohort_execution_v01.DatabentoBehavioralCohortExecutionV01Tests.test_registration_does_not_contain_execution_file) ... ok
2026-09-12T20:55:10.0632565Z test_safe_failure_audit_is_hash_bound_and_records_no_retry (test_databento_behavioral_cohort_execution_v01.DatabentoBehavioralCohortExecutionV01Tests.test_safe_failure_audit_is_hash_bound_and_records_no_retry) ... ok
2026-09-12T20:55:10.0635634Z test_workflow_is_authorization_only_first_attempt_and_pinned (test_databento_behavioral_cohort_execution_v01.DatabentoBehavioralCohortExecutionV01Tests.test_workflow_is_authorization_only_first_attempt_and_pinned) ... ok
2026-09-12T20:55:10.0689580Z test_budget_rejection_makes_zero_timeseries_calls (test_databento_behavioral_cohort_execution_v02.DatabentoBehavioralCohortExecutionV02Tests.test_budget_rejection_makes_zero_timeseries_calls) ... ok
2026-09-12T20:55:10.0692407Z test_consumed_v01_authorization_cannot_validate_as_v02 (test_databento_behavioral_cohort_execution_v02.DatabentoBehavioralCohortExecutionV02Tests.test_consumed_v01_authorization_cannot_validate_as_v02) ... ok
2026-09-12T20:55:10.0698023Z test_contract_and_authorization_drift_fail_closed (test_databento_behavioral_cohort_execution_v02.DatabentoBehavioralCohortExecutionV02Tests.test_contract_and_authorization_drift_fail_closed) ... ok
2026-09-12T20:55:10.0700948Z test_contract_binds_safe_failure_and_exact_dataframe_repair (test_databento_behavioral_cohort_execution_v02.DatabentoBehavioralCohortExecutionV02Tests.test_contract_binds_safe_failure_and_exact_dataframe_repair) ... ok
2026-09-12T20:55:10.0709215Z test_contract_is_hash_bound_unarmed_and_future_authorization_is_valid (test_databento_behavioral_cohort_execution_v02.DatabentoBehavioralCohortExecutionV02Tests.test_contract_is_hash_bound_unarmed_and_future_authorization_is_valid) ... ok
2026-09-12T20:55:10.0744886Z test_first_provider_failure_stops_without_retry (test_databento_behavioral_cohort_execution_v02.DatabentoBehavioralCohortExecutionV02Tests.test_first_provider_failure_stops_without_retry) ... ok
2026-09-12T20:55:10.0751851Z test_registration_audit_binds_unarmed_v02_files (test_databento_behavioral_cohort_execution_v02.DatabentoBehavioralCohortExecutionV02Tests.test_registration_audit_binds_unarmed_v02_files) ... ok
2026-09-12T20:55:10.1112854Z test_repaired_success_delegates_exactly_and_versions_report (test_databento_behavioral_cohort_execution_v02.DatabentoBehavioralCohortExecutionV02Tests.test_repaired_success_delegates_exactly_and_versions_report) ... ok
2026-09-12T20:55:10.1115866Z test_workflow_is_v02_authorization_only_first_attempt_and_pinned (test_databento_behavioral_cohort_execution_v02.DatabentoBehavioralCohortExecutionV02Tests.test_workflow_is_v02_authorization_only_first_attempt_and_pinned) ... ok
2026-09-12T20:55:10.1119709Z test_permanent_success_audit_binds_consumed_first_attempt (test_databento_behavioral_cohort_v02_success_audit.DatabentoBehavioralCohortV02SuccessAuditTests.test_permanent_success_audit_binds_consumed_first_attempt) ... ok
2026-09-12T20:55:10.1123931Z test_sanitization_and_causality_guards_remained_closed (test_databento_behavioral_cohort_v02_success_audit.DatabentoBehavioralCohortV02SuccessAuditTests.test_sanitization_and_causality_guards_remained_closed) ... ok
2026-09-12T20:55:10.1143942Z test_success_is_complete_exact_and_not_a_policy_promotion (test_databento_behavioral_cohort_v02_success_audit.DatabentoBehavioralCohortV02SuccessAuditTests.test_success_is_complete_exact_and_not_a_policy_promotion) ... ok
2026-09-12T20:55:10.1146723Z test_activation_readiness_audit_binds_corrected_test_harness (test_databento_feature_coverage_v01.DatabentoFeatureCoverageV01Tests.test_activation_readiness_audit_binds_corrected_test_harness) ... ok
2026-09-12T20:55:10.1148149Z test_aggregate_budget_rejection_makes_zero_timeseries_calls (test_databento_feature_coverage_v01.DatabentoFeatureCoverageV01Tests.test_aggregate_budget_rejection_makes_zero_timeseries_calls) ... ok
2026-09-12T20:55:10.1149453Z test_authorization_overclaim_fails_closed (test_databento_feature_coverage_v01.DatabentoFeatureCoverageV01Tests.test_authorization_overclaim_fails_closed) ... ok
2026-09-12T20:55:10.1150910Z test_contract_is_hash_bound_to_verified_parent_and_unarmed (test_databento_feature_coverage_v01.DatabentoFeatureCoverageV01Tests.test_contract_is_hash_bound_to_verified_parent_and_unarmed) ... ok
2026-09-12T20:55:10.1181271Z test_first_provider_failure_stops_without_retry (test_databento_feature_coverage_v01.DatabentoFeatureCoverageV01Tests.test_first_provider_failure_stops_without_retry) ... ok
2026-09-12T20:55:10.1182746Z test_fixed_remaining_case_order_excludes_only_verified_intj (test_databento_feature_coverage_v01.DatabentoFeatureCoverageV01Tests.test_fixed_remaining_case_order_excludes_only_verified_intj) ... ok
2026-09-12T20:55:10.1184623Z test_frozen_repair_and_feature_engine_hashes_are_unchanged (test_databento_feature_coverage_v01.DatabentoFeatureCoverageV01Tests.test_frozen_repair_and_feature_engine_hashes_are_unchanged) ... ok
2026-09-12T20:55:10.1226362Z test_generalized_case_extractor_is_identical_on_frozen_intj_fixture (test_databento_feature_coverage_v01.DatabentoFeatureCoverageV01Tests.test_generalized_case_extractor_is_identical_on_frozen_intj_fixture) ... ok
2026-09-12T20:55:10.1233234Z test_registration_audit_binds_unarmed_bundle (test_databento_feature_coverage_v01.DatabentoFeatureCoverageV01Tests.test_registration_audit_binds_unarmed_bundle) ... ok
2026-09-12T20:55:10.1243397Z test_runner_rejects_absent_authorization_before_sdk_import (test_databento_feature_coverage_v01.DatabentoFeatureCoverageV01Tests.test_runner_rejects_absent_authorization_before_sdk_import) ... ok
2026-09-12T20:55:10.1324255Z test_three_case_replay_is_exact_threshold_free_and_sanitized (test_databento_feature_coverage_v01.DatabentoFeatureCoverageV01Tests.test_three_case_replay_is_exact_threshold_free_and_sanitized) ... ok
2026-09-12T20:55:10.1327037Z test_workflow_is_disjoint_from_unarmed_bundle (test_databento_feature_coverage_v01.DatabentoFeatureCoverageV01Tests.test_workflow_is_disjoint_from_unarmed_bundle) ... ok
2026-09-12T20:55:10.1349061Z test_aggregate_budget_rejection_makes_zero_timeseries_calls (test_databento_feature_coverage_v02.DatabentoFeatureCoverageV02Tests.test_aggregate_budget_rejection_makes_zero_timeseries_calls) ... ok
2026-09-12T20:55:10.1351098Z test_authorization_overclaim_fails_closed (test_databento_feature_coverage_v02.DatabentoFeatureCoverageV02Tests.test_authorization_overclaim_fails_closed) ... ok
2026-09-12T20:55:10.1394941Z test_contract_and_reports_exclude_retrospective_authority_inputs (test_databento_feature_coverage_v02.DatabentoFeatureCoverageV02Tests.test_contract_and_reports_exclude_retrospective_authority_inputs) ... ok
2026-09-12T20:55:10.1397985Z test_contract_is_hash_bound_to_verified_parents_and_unarmed (test_databento_feature_coverage_v02.DatabentoFeatureCoverageV02Tests.test_contract_is_hash_bound_to_verified_parents_and_unarmed) ... ok
2026-09-12T20:55:10.1400220Z test_exact_amc_gmm_order_caps_and_prior_quote_evidence_are_frozen (test_databento_feature_coverage_v02.DatabentoFeatureCoverageV02Tests.test_exact_amc_gmm_order_caps_and_prior_quote_evidence_are_frozen) ... ok
2026-09-12T20:55:10.1409903Z test_first_provider_failure_stops_without_retry (test_databento_feature_coverage_v02.DatabentoFeatureCoverageV02Tests.test_first_provider_failure_stops_without_retry) ... ok
2026-09-12T20:55:10.1411876Z test_frozen_repair_and_feature_engine_hashes_are_unchanged (test_databento_feature_coverage_v02.DatabentoFeatureCoverageV02Tests.test_frozen_repair_and_feature_engine_hashes_are_unchanged) ... ok
2026-09-12T20:55:10.1426542Z test_price_mismatch_replays_under_registered_repair_without_thresholds (test_databento_feature_coverage_v02.DatabentoFeatureCoverageV02Tests.test_price_mismatch_replays_under_registered_repair_without_thresholds) ... ok
2026-09-12T20:55:10.1433897Z test_registration_audit_binds_unarmed_bundle (test_databento_feature_coverage_v02.DatabentoFeatureCoverageV02Tests.test_registration_audit_binds_unarmed_bundle) ... ok
2026-09-12T20:55:10.1443808Z test_runner_rejects_absent_authorization_before_sdk_import (test_databento_feature_coverage_v02.DatabentoFeatureCoverageV02Tests.test_runner_rejects_absent_authorization_before_sdk_import) ... ok
2026-09-12T20:55:10.1471116Z test_second_provider_failure_preserves_amc_and_stops_without_retry (test_databento_feature_coverage_v02.DatabentoFeatureCoverageV02Tests.test_second_provider_failure_preserves_amc_and_stops_without_retry) ... ok
2026-09-12T20:55:10.1513540Z test_two_request_replay_is_ordered_exact_and_sanitized (test_databento_feature_coverage_v02.DatabentoFeatureCoverageV02Tests.test_two_request_replay_is_ordered_exact_and_sanitized) ... ok
2026-09-12T20:55:10.1516014Z test_workflow_is_disjoint_parent_bound_and_first_attempt_only (test_databento_feature_coverage_v02.DatabentoFeatureCoverageV02Tests.test_workflow_is_disjoint_parent_bound_and_first_attempt_only) ... ok
2026-09-12T20:55:10.1518888Z test_permanent_success_audit_binds_verified_four_case_coverage (test_databento_feature_coverage_v02_success_audit.DatabentoFeatureCoverageV02SuccessAuditTests.test_permanent_success_audit_binds_verified_four_case_coverage) ... ok
2026-09-12T20:55:10.1627524Z test_all_four_synthetic_streams_pass_and_delete_raw_files (test_databento_feature_diagnostic_v01.DatabentoFeatureDiagnosticV01Tests.test_all_four_synthetic_streams_pass_and_delete_raw_files) ... ok
2026-09-12T20:55:10.1629839Z test_atomic_group_failures_are_closed (test_databento_feature_diagnostic_v01.DatabentoFeatureDiagnosticV01Tests.test_atomic_group_failures_are_closed) ... ok
2026-09-12T20:55:10.1632428Z test_contract_is_hash_bound_and_unarmed (test_databento_feature_diagnostic_v01.DatabentoFeatureDiagnosticV01Tests.test_contract_is_hash_bound_and_unarmed) ... ok
2026-09-12T20:55:10.1634420Z test_exact_four_mbo_requests_and_ceilings_are_frozen (test_databento_feature_diagnostic_v01.DatabentoFeatureDiagnosticV01Tests.test_exact_four_mbo_requests_and_ceilings_are_frozen) ... ok
2026-09-12T20:55:10.1647823Z test_preflight_budget_failure_makes_zero_timeseries_calls (test_databento_feature_diagnostic_v01.DatabentoFeatureDiagnosticV01Tests.test_preflight_budget_failure_makes_zero_timeseries_calls) ... ok
2026-09-12T20:55:10.1693319Z test_provider_or_parser_failure_is_sanitized_without_retry (test_databento_feature_diagnostic_v01.DatabentoFeatureDiagnosticV01Tests.test_provider_or_parser_failure_is_sanitized_without_retry) ... ok
2026-09-12T20:55:10.1698796Z test_registration_audit_binds_the_inert_bundle (test_databento_feature_diagnostic_v01.DatabentoFeatureDiagnosticV01Tests.test_registration_audit_binds_the_inert_bundle) ... ok
2026-09-12T20:55:10.1702226Z test_separate_execution_child_is_hash_bound_to_published_parent (test_databento_feature_diagnostic_v01.DatabentoFeatureDiagnosticV01Tests.test_separate_execution_child_is_hash_bound_to_published_parent) ... ok
2026-09-12T20:55:10.1743617Z test_threshold_free_feature_extraction_is_deterministic (test_databento_feature_diagnostic_v01.DatabentoFeatureDiagnosticV01Tests.test_threshold_free_feature_extraction_is_deterministic) ... ok
2026-09-12T20:55:10.1751015Z test_unavailable_report_and_sanitization_boundary (test_databento_feature_diagnostic_v01.DatabentoFeatureDiagnosticV01Tests.test_unavailable_report_and_sanitization_boundary) ... ok
2026-09-12T20:55:10.1753233Z test_workflow_is_one_shot_after_separate_exact_authorization (test_databento_feature_diagnostic_v01.DatabentoFeatureDiagnosticV01Tests.test_workflow_is_one_shot_after_separate_exact_authorization) ... ok
2026-09-12T20:55:10.1755586Z test_xnas_trade_fill_cancel_is_ordered_and_classified (test_databento_feature_diagnostic_v01.DatabentoFeatureDiagnosticV01Tests.test_xnas_trade_fill_cancel_is_ordered_and_classified) ... ok
2026-09-12T20:55:10.1765119Z test_atomic_group_boundary_and_timestamp_failures_are_classified (test_databento_feature_diagnostic_v02.DatabentoFeatureDiagnosticV02Tests.test_atomic_group_boundary_and_timestamp_failures_are_classified) ... ok
2026-09-12T20:55:10.1768201Z test_child_remains_unarmed_and_workflow_only_awaits_future_authorization (test_databento_feature_diagnostic_v02.DatabentoFeatureDiagnosticV02Tests.test_child_remains_unarmed_and_workflow_only_awaits_future_authorization) ... ok
2026-09-12T20:55:10.1771842Z test_failure_audit_contract_and_frozen_sources_are_hash_bound (test_databento_feature_diagnostic_v02.DatabentoFeatureDiagnosticV02Tests.test_failure_audit_contract_and_frozen_sources_are_hash_bound) ... ok
2026-09-12T20:55:10.1777639Z test_feature_snapshot_failure_is_classified_without_exception_text (test_databento_feature_diagnostic_v02.DatabentoFeatureDiagnosticV02Tests.test_feature_snapshot_failure_is_classified_without_exception_text) ... ok
2026-09-12T20:55:10.1781033Z test_fill_cancel_and_normalization_failures_have_specific_codes (test_databento_feature_diagnostic_v02.DatabentoFeatureDiagnosticV02Tests.test_fill_cancel_and_normalization_failures_have_specific_codes) ... ok
2026-09-12T20:55:10.1805354Z test_preflight_query_or_budget_failure_makes_zero_timeseries_calls (test_databento_feature_diagnostic_v02.DatabentoFeatureDiagnosticV02Tests.test_preflight_query_or_budget_failure_makes_zero_timeseries_calls) ... ok
2026-09-12T20:55:10.1875300Z test_provider_file_metadata_iteration_and_replay_failures_are_one_shot (test_databento_feature_diagnostic_v02.DatabentoFeatureDiagnosticV02Tests.test_provider_file_metadata_iteration_and_replay_failures_are_one_shot) ... ok
2026-09-12T20:55:10.1883290Z test_registration_audit_binds_final_unarmed_bundle_when_present (test_databento_feature_diagnostic_v02.DatabentoFeatureDiagnosticV02Tests.test_registration_audit_binds_final_unarmed_bundle_when_present) ... ok
2026-09-12T20:55:10.1899922Z test_report_validator_rejects_unknown_codes_fields_messages_and_hashes (test_databento_feature_diagnostic_v02.DatabentoFeatureDiagnosticV02Tests.test_report_validator_rejects_unknown_codes_fields_messages_and_hashes) ... ok
2026-09-12T20:55:10.2025197Z test_runner_early_gates_never_import_sdk_or_construct_client (test_databento_feature_diagnostic_v02.DatabentoFeatureDiagnosticV02Tests.test_runner_early_gates_never_import_sdk_or_construct_client) ... ok
2026-09-12T20:55:10.2028276Z test_safe_failure_object_is_closed_and_non_reconstructive (test_databento_feature_diagnostic_v02.DatabentoFeatureDiagnosticV02Tests.test_safe_failure_object_is_closed_and_non_reconstructive) ... ok
2026-09-12T20:55:10.2111599Z test_success_is_deterministic_and_exactly_matches_frozen_v01_metrics (test_databento_feature_diagnostic_v02.DatabentoFeatureDiagnosticV02Tests.test_success_is_deterministic_and_exactly_matches_frozen_v01_metrics) ... ok
2026-09-12T20:55:10.2155178Z test_successful_gate_is_one_shot_and_deletes_raw_placeholder (test_databento_feature_diagnostic_v02.DatabentoFeatureDiagnosticV02Tests.test_successful_gate_is_one_shot_and_deletes_raw_placeholder) ... ok
2026-09-12T20:55:10.2165551Z test_activation_readiness_audit_binds_corrected_test_harness (test_databento_feature_diagnostic_v03.DatabentoFeatureDiagnosticV03Tests.test_activation_readiness_audit_binds_corrected_test_harness) ... ok
2026-09-12T20:55:10.2168165Z test_authorization_validation_is_strict (test_databento_feature_diagnostic_v03.DatabentoFeatureDiagnosticV03Tests.test_authorization_validation_is_strict) ... ok
2026-09-12T20:55:10.2169931Z test_contract_and_parent_failure_are_hash_bound_and_unarmed (test_databento_feature_diagnostic_v03.DatabentoFeatureDiagnosticV03Tests.test_contract_and_parent_failure_are_hash_bound_and_unarmed) ... ok
2026-09-12T20:55:10.2172200Z test_fill_cancel_match_is_sequence_scoped (test_databento_feature_diagnostic_v03.DatabentoFeatureDiagnosticV03Tests.test_fill_cancel_match_is_sequence_scoped) ... ok
2026-09-12T20:55:10.2174467Z test_frozen_parent_sources_and_feature_engine_are_unchanged (test_databento_feature_diagnostic_v03.DatabentoFeatureDiagnosticV03Tests.test_frozen_parent_sources_and_feature_engine_are_unchanged) ... ok
2026-09-12T20:55:10.2216273Z test_frozen_valid_fixture_preserves_all_parent_metrics (test_databento_feature_diagnostic_v03.DatabentoFeatureDiagnosticV03Tests.test_frozen_valid_fixture_preserves_all_parent_metrics) ... ok
2026-09-12T20:55:10.2218903Z test_incomplete_scope_fails_closed_even_when_another_scope_completes (test_databento_feature_diagnostic_v03.DatabentoFeatureDiagnosticV03Tests.test_incomplete_scope_fails_closed_even_when_another_scope_completes) ... ok
2026-09-12T20:55:10.2232492Z test_interleaved_scope_feature_engines_do_not_cross_contaminate (test_databento_feature_diagnostic_v03.DatabentoFeatureDiagnosticV03Tests.test_interleaved_scope_feature_engines_do_not_cross_contaminate) ... ok
2026-09-12T20:55:10.2234386Z test_interleaved_scopes_close_independently (test_databento_feature_diagnostic_v03.DatabentoFeatureDiagnosticV03Tests.test_interleaved_scopes_close_independently) ... ok
2026-09-12T20:55:10.2242068Z test_mixed_sequence_repair_replays_without_thresholds (test_databento_feature_diagnostic_v03.DatabentoFeatureDiagnosticV03Tests.test_mixed_sequence_repair_replays_without_thresholds) ... ok
2026-09-12T20:55:10.2256741Z test_preflight_budget_failure_makes_zero_timeseries_calls (test_databento_feature_diagnostic_v03.DatabentoFeatureDiagnosticV03Tests.test_preflight_budget_failure_makes_zero_timeseries_calls) ... ok
2026-09-12T20:55:10.2267225Z test_provider_failure_is_sanitized_without_retry (test_databento_feature_diagnostic_v03.DatabentoFeatureDiagnosticV03Tests.test_provider_failure_is_sanitized_without_retry) ... ok
2026-09-12T20:55:10.2274499Z test_registration_audit_binds_the_unarmed_repair_bundle (test_databento_feature_diagnostic_v03.DatabentoFeatureDiagnosticV03Tests.test_registration_audit_binds_the_unarmed_repair_bundle) ... ok
2026-09-12T20:55:10.2304222Z test_report_validator_rejects_raw_values_and_unlisted_failure_phase (test_databento_feature_diagnostic_v03.DatabentoFeatureDiagnosticV03Tests.test_report_validator_rejects_raw_values_and_unlisted_failure_phase) ... ok
2026-09-12T20:55:10.2313797Z test_runner_requires_future_authorization_before_provider_import (test_databento_feature_diagnostic_v03.DatabentoFeatureDiagnosticV03Tests.test_runner_requires_future_authorization_before_provider_import) ... ok
2026-09-12T20:55:10.2316357Z test_sequence_change_before_f_last_is_one_instrument_event (test_databento_feature_diagnostic_v03.DatabentoFeatureDiagnosticV03Tests.test_sequence_change_before_f_last_is_one_instrument_event) ... ok
2026-09-12T20:55:10.2338491Z test_synthetic_success_is_one_request_and_cleans_raw_file (test_databento_feature_diagnostic_v03.DatabentoFeatureDiagnosticV03Tests.test_synthetic_success_is_one_request_and_cleans_raw_file) ... ok
2026-09-12T20:55:10.2344677Z test_unarmed_bundle_does_not_import_databento (test_databento_feature_diagnostic_v03.DatabentoFeatureDiagnosticV03Tests.test_unarmed_bundle_does_not_import_databento) ... ok
2026-09-12T20:55:10.2347384Z test_workflow_is_disjoint_from_unarmed_bundle_and_one_shot (test_databento_feature_diagnostic_v03.DatabentoFeatureDiagnosticV03Tests.test_workflow_is_disjoint_from_unarmed_bundle_and_one_shot) ... ok
2026-09-12T20:55:10.2354234Z test_authorization_overclaim_and_bad_parent_fail_closed (test_databento_fill_cancel_classifier_v01.DatabentoFillCancelClassifierV01Tests.test_authorization_overclaim_and_bad_parent_fail_closed) ... ok
2026-09-12T20:55:10.2360468Z test_budget_rejection_makes_zero_timeseries_calls (test_databento_fill_cancel_classifier_v01.DatabentoFillCancelClassifierV01Tests.test_budget_rejection_makes_zero_timeseries_calls) ... ok
2026-09-12T20:55:10.2362566Z test_contract_and_parent_are_hash_bound_and_unarmed (test_databento_fill_cancel_classifier_v01.DatabentoFillCancelClassifierV01Tests.test_contract_and_parent_are_hash_bound_and_unarmed) ... ok
2026-09-12T20:55:10.2364728Z test_exact_fill_cancel_pair_matches_all_projections (test_databento_fill_cancel_classifier_v01.DatabentoFillCancelClassifierV01Tests.test_exact_fill_cancel_pair_matches_all_projections) ... ok
2026-09-12T20:55:10.2367022Z test_fill_without_cancel_and_fill_last_are_counted (test_databento_fill_cancel_classifier_v01.DatabentoFillCancelClassifierV01Tests.test_fill_without_cancel_and_fill_last_are_counted) ... ok
2026-09-12T20:55:10.2369271Z test_interleaved_instrument_events_remain_separate (test_databento_fill_cancel_classifier_v01.DatabentoFillCancelClassifierV01Tests.test_interleaved_instrument_events_remain_separate) ... ok
2026-09-12T20:55:10.2380844Z test_one_shot_gate_requotes_downloads_once_and_sanitizes (test_databento_fill_cancel_classifier_v01.DatabentoFillCancelClassifierV01Tests.test_one_shot_gate_requotes_downloads_once_and_sanitizes) ... ok
2026-09-12T20:55:10.2382871Z test_order_mismatch_does_not_false_match_any_projection (test_databento_fill_cancel_classifier_v01.DatabentoFillCancelClassifierV01Tests.test_order_mismatch_does_not_false_match_any_projection) ... ok
2026-09-12T20:55:10.2385023Z test_output_is_aggregate_only_and_source_has_no_provider_client (test_databento_fill_cancel_classifier_v01.DatabentoFillCancelClassifierV01Tests.test_output_is_aggregate_only_and_source_has_no_provider_client) ... ok
2026-09-12T20:55:10.2393743Z test_provider_failure_is_classified_without_retry_or_message (test_databento_fill_cancel_classifier_v01.DatabentoFillCancelClassifierV01Tests.test_provider_failure_is_classified_without_retry_or_message) ... ok
2026-09-12T20:55:10.2404250Z test_runner_rejects_absent_authorization_before_sdk_import (test_databento_fill_cancel_classifier_v01.DatabentoFillCancelClassifierV01Tests.test_runner_rejects_absent_authorization_before_sdk_import) ... ok
2026-09-12T20:55:10.2406648Z test_sequence_mismatch_isolated_by_registered_projection (test_databento_fill_cancel_classifier_v01.DatabentoFillCancelClassifierV01Tests.test_sequence_mismatch_isolated_by_registered_projection) ... ok
2026-09-12T20:55:10.2408701Z test_size_mismatch_isolated_by_registered_projection (test_databento_fill_cancel_classifier_v01.DatabentoFillCancelClassifierV01Tests.test_size_mismatch_isolated_by_registered_projection) ... ok
2026-09-12T20:55:10.2410690Z test_workflow_is_unarmed_and_parent_bound (test_databento_fill_cancel_classifier_v01.DatabentoFillCancelClassifierV01Tests.test_workflow_is_unarmed_and_parent_bound) ... ok
2026-09-12T20:55:10.2419128Z test_exact_match_is_identical_to_frozen_v03_translation (test_databento_fill_cancel_repair_v01.DatabentoFillCancelRepairV01Tests.test_exact_match_is_identical_to_frozen_v03_translation) ... ok
2026-09-12T20:55:10.2420784Z test_multiple_coarse_matches_preserve_multiset_counts (test_databento_fill_cancel_repair_v01.DatabentoFillCancelRepairV01Tests.test_multiple_coarse_matches_preserve_multiset_counts) ... ok
2026-09-12T20:55:10.2422892Z test_multiset_pairing_prefers_exact_then_stable_coarse_match (test_databento_fill_cancel_repair_v01.DatabentoFillCancelRepairV01Tests.test_multiset_pairing_prefers_exact_then_stable_coarse_match) ... ok
2026-09-12T20:55:10.2424784Z test_order_id_or_side_mismatch_fails_closed (test_databento_fill_cancel_repair_v01.DatabentoFillCancelRepairV01Tests.test_order_id_or_side_mismatch_fails_closed) ... ok
2026-09-12T20:55:10.2426683Z test_price_only_exception_uses_cancel_payload_for_removal (test_databento_fill_cancel_repair_v01.DatabentoFillCancelRepairV01Tests.test_price_only_exception_uses_cancel_payload_for_removal) ... ok
2026-09-12T20:55:10.2431640Z test_registration_is_unarmed_and_provider_free (test_databento_fill_cancel_repair_v01.DatabentoFillCancelRepairV01Tests.test_registration_is_unarmed_and_provider_free) ... ok
2026-09-12T20:55:10.2433628Z test_sequence_and_size_differences_are_coarse_only_matches (test_databento_fill_cancel_repair_v01.DatabentoFillCancelRepairV01Tests.test_sequence_and_size_differences_are_coarse_only_matches) ... ok
2026-09-12T20:55:10.2435096Z test_success_audit_and_repair_contract_are_hash_bound (test_databento_fill_cancel_repair_v01.DatabentoFillCancelRepairV01Tests.test_success_audit_and_repair_contract_are_hash_bound) ... ok
2026-09-12T20:55:10.2449364Z test_authorization_overclaim_fails_closed (test_databento_fill_cancel_repaired_feature_v01.DatabentoFillCancelRepairedFeatureV01Tests.test_authorization_overclaim_fails_closed) ... ok
2026-09-12T20:55:10.2460443Z test_budget_rejection_makes_zero_timeseries_calls (test_databento_fill_cancel_repaired_feature_v01.DatabentoFillCancelRepairedFeatureV01Tests.test_budget_rejection_makes_zero_timeseries_calls) ... ok
2026-09-12T20:55:10.2463071Z test_contract_is_hash_bound_to_published_repair_and_unarmed (test_databento_fill_cancel_repaired_feature_v01.DatabentoFillCancelRepairedFeatureV01Tests.test_contract_is_hash_bound_to_published_repair_and_unarmed) ... ok
2026-09-12T20:55:10.2464824Z test_exact_eqpt_request_and_caps_are_frozen (test_databento_fill_cancel_repaired_feature_v01.DatabentoFillCancelRepairedFeatureV01Tests.test_exact_eqpt_request_and_caps_are_frozen) ... ok
2026-09-12T20:55:10.2466787Z test_frozen_repair_and_feature_engine_hashes_are_unchanged (test_databento_fill_cancel_repaired_feature_v01.DatabentoFillCancelRepairedFeatureV01Tests.test_frozen_repair_and_feature_engine_hashes_are_unchanged) ... ok
2026-09-12T20:55:10.2495578Z test_one_request_replay_is_exact_threshold_free_and_sanitized (test_databento_fill_cancel_repaired_feature_v01.DatabentoFillCancelRepairedFeatureV01Tests.test_one_request_replay_is_exact_threshold_free_and_sanitized) ... ok
2026-09-12T20:55:10.2510041Z test_price_mismatch_fails_old_identity_but_replays_under_repair (test_databento_fill_cancel_repaired_feature_v01.DatabentoFillCancelRepairedFeatureV01Tests.test_price_mismatch_fails_old_identity_but_replays_under_repair) ... ok
2026-09-12T20:55:10.2523036Z test_provider_failure_stops_without_retry (test_databento_fill_cancel_repaired_feature_v01.DatabentoFillCancelRepairedFeatureV01Tests.test_provider_failure_stops_without_retry) ... ok
2026-09-12T20:55:10.2527349Z test_registration_audit_binds_unarmed_bundle (test_databento_fill_cancel_repaired_feature_v01.DatabentoFillCancelRepairedFeatureV01Tests.test_registration_audit_binds_unarmed_bundle) ... ok
2026-09-12T20:55:10.2535929Z test_runner_rejects_absent_authorization_before_sdk_import (test_databento_fill_cancel_repaired_feature_v01.DatabentoFillCancelRepairedFeatureV01Tests.test_runner_rejects_absent_authorization_before_sdk_import) ... ok
2026-09-12T20:55:10.2538774Z test_success_audit_is_sanitized_hash_bound_and_non_promotional (test_databento_fill_cancel_repaired_feature_v01.DatabentoFillCancelRepairedFeatureV01Tests.test_success_audit_is_sanitized_hash_bound_and_non_promotional) ... ok
2026-09-12T20:55:10.2541066Z test_workflow_is_disjoint_from_unarmed_bundle (test_databento_fill_cancel_repaired_feature_v01.DatabentoFillCancelRepairedFeatureV01Tests.test_workflow_is_disjoint_from_unarmed_bundle) ... ok
2026-09-12T20:55:10.2551612Z test_contract_is_hash_bound_and_download_surface_is_disabled (test_databento_quote.DatabentoQuoteTests.test_contract_is_hash_bound_and_download_surface_is_disabled) ... ok
2026-09-12T20:55:10.2564487Z test_metadata_only_quote_passes_and_is_sanitized (test_databento_quote.DatabentoQuoteTests.test_metadata_only_quote_passes_and_is_sanitized) ... ok
2026-09-12T20:55:10.2580898Z test_quote_over_ceiling_and_unresolved_symbol_fail_closed (test_databento_quote.DatabentoQuoteTests.test_quote_over_ceiling_and_unresolved_symbol_fail_closed) ... ok
2026-09-12T20:55:10.2585851Z test_registration_audit_binds_metadata_only_child (test_databento_quote.DatabentoQuoteTests.test_registration_audit_binds_metadata_only_child) ... ok
2026-09-12T20:55:10.2590608Z test_twenty_requests_are_exact_and_ten_minute_aligned (test_databento_quote.DatabentoQuoteTests.test_twenty_requests_are_exact_and_ten_minute_aligned) ... ok
2026-09-12T20:55:10.2592982Z test_unavailable_report_preserves_failure_without_authority (test_databento_quote.DatabentoQuoteTests.test_unavailable_report_preserves_failure_without_authority) ... ok
2026-09-12T20:55:10.2594986Z test_workflow_pins_sdk_scopes_secret_and_has_no_download_command (test_databento_quote.DatabentoQuoteTests.test_workflow_pins_sdk_scopes_secret_and_has_no_download_command) ... ok
2026-09-12T20:55:10.2640346Z test_all_three_cases_pass_the_unchanged_exact_replay (test_databento_replication_v03.DatabentoReplicationV03Tests.test_all_three_cases_pass_the_unchanged_exact_replay) ... ok
2026-09-12T20:55:10.2678047Z test_completed_mismatch_does_not_truncate_registered_cohort (test_databento_replication_v03.DatabentoReplicationV03Tests.test_completed_mismatch_does_not_truncate_registered_cohort) ... ok
2026-09-12T20:55:10.2679896Z test_exact_six_request_surface_and_ceilings_are_frozen (test_databento_replication_v03.DatabentoReplicationV03Tests.test_exact_six_request_surface_and_ceilings_are_frozen) ... ok
2026-09-12T20:55:10.2684744Z test_parent_success_contract_and_engine_are_hash_bound (test_databento_replication_v03.DatabentoReplicationV03Tests.test_parent_success_contract_and_engine_are_hash_bound) ... ok
2026-09-12T20:55:10.2698071Z test_preflight_cost_or_size_failure_makes_zero_timeseries_calls (test_databento_replication_v03.DatabentoReplicationV03Tests.test_preflight_cost_or_size_failure_makes_zero_timeseries_calls) ... ok
2026-09-12T20:55:10.2723837Z test_provider_or_parser_failure_is_sanitized_without_retry (test_databento_replication_v03.DatabentoReplicationV03Tests.test_provider_or_parser_failure_is_sanitized_without_retry) ... ok
2026-09-12T20:55:10.2730083Z test_registration_audit_binds_the_exact_v03_bundle (test_databento_replication_v03.DatabentoReplicationV03Tests.test_registration_audit_binds_the_exact_v03_bundle) ... ok
2026-09-12T20:55:10.2737096Z test_unavailable_report_has_no_market_data_or_runtime_authority (test_databento_replication_v03.DatabentoReplicationV03Tests.test_unavailable_report_has_no_market_data_or_runtime_authority) ... ok
2026-09-12T20:55:10.2739273Z test_workflow_is_one_shot_bounded_and_sanitized (test_databento_replication_v03.DatabentoReplicationV03Tests.test_workflow_is_one_shot_bounded_and_sanitized) ... ok
2026-09-12T20:55:10.2752243Z test_contract_is_hash_bound_and_authority_is_exact (test_databento_smoke.DatabentoSmokeTests.test_contract_is_hash_bound_and_authority_is_exact) ... ok
2026-09-12T20:55:10.2768899Z test_parser_failure_is_sanitized_and_raw_file_is_removed (test_databento_smoke.DatabentoSmokeTests.test_parser_failure_is_sanitized_and_raw_file_is_removed) ... ok
2026-09-12T20:55:10.2780506Z test_preflight_over_cost_ceiling_makes_zero_timeseries_calls (test_databento_smoke.DatabentoSmokeTests.test_preflight_over_cost_ceiling_makes_zero_timeseries_calls) ... ok
2026-09-12T20:55:10.2791992Z test_preflight_over_size_ceiling_makes_zero_timeseries_calls (test_databento_smoke.DatabentoSmokeTests.test_preflight_over_size_ceiling_makes_zero_timeseries_calls) ... ok
2026-09-12T20:55:10.2829349Z test_provider_failure_stops_without_retry_and_cleans_partial_file (test_databento_smoke.DatabentoSmokeTests.test_provider_failure_stops_without_retry_and_cleans_partial_file) ... ok
2026-09-12T20:55:10.2925866Z test_reference_mismatch_fails_g2_after_all_schemas_finish (test_databento_smoke.DatabentoSmokeTests.test_reference_mismatch_fails_g2_after_all_schemas_finish) ... ok
2026-09-12T20:55:10.2935741Z test_registration_audit_binds_the_exact_acquisition_bundle (test_databento_smoke.DatabentoSmokeTests.test_registration_audit_binds_the_exact_acquisition_bundle) ... ok
2026-09-12T20:55:10.3060556Z test_twenty_exact_ephemeral_downloads_pass_and_are_sanitized (test_databento_smoke.DatabentoSmokeTests.test_twenty_exact_ephemeral_downloads_pass_and_are_sanitized) ... ok
2026-09-12T20:55:10.3069567Z test_unavailable_report_has_no_market_data_authority (test_databento_smoke.DatabentoSmokeTests.test_unavailable_report_has_no_market_data_authority) ... ok
2026-09-12T20:55:10.3071320Z test_verified_quote_audit_is_hash_bound (test_databento_smoke.DatabentoSmokeTests.test_verified_quote_audit_is_hash_bound) ... ok
2026-09-12T20:55:10.3073600Z test_workflow_is_one_shot_and_uploads_only_sanitized_json (test_databento_smoke.DatabentoSmokeTests.test_workflow_is_one_shot_and_uploads_only_sanitized_json) ... ok
2026-09-12T20:55:10.3125567Z test_invalid_or_late_first_clear_fails_g1 (test_databento_smoke_v02.DatabentoSmokeV02Tests.test_invalid_or_late_first_clear_fails_g1) ... ok
2026-09-12T20:55:10.3154625Z test_later_clear_resets_both_books_before_comparison_resumes (test_databento_smoke_v02.DatabentoSmokeV02Tests.test_later_clear_resets_both_books_before_comparison_resumes) ... ok
2026-09-12T20:55:10.3162697Z test_parent_failure_and_v02_contract_are_hash_bound (test_databento_smoke_v02.DatabentoSmokeV02Tests.test_parent_failure_and_v02_contract_are_hash_bound) ... ok
2026-09-12T20:55:10.3169128Z test_preflight_cost_or_size_failure_makes_zero_timeseries_calls (test_databento_smoke_v02.DatabentoSmokeV02Tests.test_preflight_cost_or_size_failure_makes_zero_timeseries_calls) ... ok
2026-09-12T20:55:10.3189765Z test_provider_or_parser_failure_is_sanitized_without_retry (test_databento_smoke_v02.DatabentoSmokeV02Tests.test_provider_or_parser_failure_is_sanitized_without_retry) ... ok
2026-09-12T20:55:10.3205827Z test_reference_mismatch_fails_g2_after_both_downloads (test_databento_smoke_v02.DatabentoSmokeV02Tests.test_reference_mismatch_fails_g2_after_both_downloads) ... ok
2026-09-12T20:55:10.3211760Z test_registration_audit_binds_the_exact_v02_bundle (test_databento_smoke_v02.DatabentoSmokeV02Tests.test_registration_audit_binds_the_exact_v02_bundle) ... ok
2026-09-12T20:55:10.3228499Z test_snapshot_initialization_remains_supported (test_databento_smoke_v02.DatabentoSmokeV02Tests.test_snapshot_initialization_remains_supported) ... ok
2026-09-12T20:55:10.3234017Z test_unavailable_report_has_no_market_data_or_runtime_authority (test_databento_smoke_v02.DatabentoSmokeV02Tests.test_unavailable_report_has_no_market_data_or_runtime_authority) ... ok
2026-09-12T20:55:10.3250346Z test_unflagged_session_clear_passes_exact_replay (test_databento_smoke_v02.DatabentoSmokeV02Tests.test_unflagged_session_clear_passes_exact_replay) ... ok
2026-09-12T20:55:10.3252293Z test_workflow_is_one_shot_and_uploads_only_sanitized_json (test_databento_smoke_v02.DatabentoSmokeV02Tests.test_workflow_is_one_shot_and_uploads_only_sanitized_json) ... ok
2026-09-12T20:55:10.3270773Z test_canonical_fingerprint_is_order_independent (test_discretion_context.DiscretionContextTests.test_canonical_fingerprint_is_order_independent) ... ok
2026-09-12T20:55:10.3289276Z test_contextual_ai_must_remain_shadow_only (test_discretion_context.DiscretionContextTests.test_contextual_ai_must_remain_shadow_only) ... ok
2026-09-12T20:55:10.3306568Z test_frozen_contract_inventories_the_full_decision_chain (test_discretion_context.DiscretionContextTests.test_frozen_contract_inventories_the_full_decision_chain) ... ok
2026-09-12T20:55:10.3325234Z test_incomplete_context_cannot_be_enabled_as_a_strategy_gate (test_discretion_context.DiscretionContextTests.test_incomplete_context_cannot_be_enabled_as_a_strategy_gate) ... ok
2026-09-12T20:55:10.3344326Z test_retrospective_behavior_cannot_enter_runtime_inputs (test_discretion_context.DiscretionContextTests.test_retrospective_behavior_cannot_enter_runtime_inputs) ... ok
2026-09-12T20:55:10.3375863Z test_unknown_rule_link_fails_closed (test_discretion_context.DiscretionContextTests.test_unknown_rule_link_fails_closed) ... ok
2026-09-12T20:55:10.3378646Z test_artl_source_correction_separates_trade_label_from_catalyst_context (test_discretion_decision_context.DiscretionDecisionContextTests.test_artl_source_correction_separates_trade_label_from_catalyst_context) ... ok
2026-09-12T20:55:10.3381835Z test_dsy_context_preserves_theme_attention_and_cushion_without_runtime_use (test_discretion_decision_context.DiscretionDecisionContextTests.test_dsy_context_preserves_theme_attention_and_cushion_without_runtime_use) ... ok
2026-09-12T20:55:10.3385493Z test_vrax_context_preserves_comparison_skip_and_risk_reassessment (test_discretion_decision_context.DiscretionDecisionContextTests.test_vrax_context_preserves_comparison_skip_and_risk_reassessment) ... ok
2026-09-12T20:55:10.3389884Z test_zevai_context_captures_regime_catalyst_comparison_and_attention_split (test_discretion_decision_context.DiscretionDecisionContextTests.test_zevai_context_captures_regime_catalyst_comparison_and_attention_split) ... ok
2026-09-12T20:55:10.3414193Z test_artl_correction_and_zevai_catalyst_evidence_are_bound (test_discretion_evidence.DiscretionEvidenceTests.test_artl_correction_and_zevai_catalyst_evidence_are_bound) ... ok
2026-09-12T20:55:10.3447769Z test_benchmark_identity_and_evidence_paths_are_verified (test_discretion_evidence.DiscretionEvidenceTests.test_benchmark_identity_and_evidence_paths_are_verified) ... ok
2026-09-12T20:55:10.3479234Z test_claimed_complete_alternative_set_is_rejected (test_discretion_evidence.DiscretionEvidenceTests.test_claimed_complete_alternative_set_is_rejected) ... ok
2026-09-12T20:55:10.3510608Z test_context_domain_order_is_bound_to_contract (test_discretion_evidence.DiscretionEvidenceTests.test_context_domain_order_is_bound_to_contract) ... ok
2026-09-12T20:55:10.3540387Z test_frozen_audit_uses_all_context_domains_and_ten_benchmarks (test_discretion_evidence.DiscretionEvidenceTests.test_frozen_audit_uses_all_context_domains_and_ten_benchmarks) ... ok
2026-09-12T20:55:10.3570655Z test_runtime_or_policy_use_fails_closed (test_discretion_evidence.DiscretionEvidenceTests.test_runtime_or_policy_use_fails_closed) ... ok
2026-09-12T20:55:10.3582375Z test_first_fills_remain_descriptive_not_targets (test_discretion_heldout_comparison.DiscretionHeldoutComparisonTests.test_first_fills_remain_descriptive_not_targets) ... ok
2026-09-12T20:55:10.3592845Z test_micro_contingencies_are_account_scoped (test_discretion_heldout_comparison.DiscretionHeldoutComparisonTests.test_micro_contingencies_are_account_scoped) ... ok
2026-09-12T20:55:10.3603467Z test_off_candidate_participations_do_not_claim_runtime_features (test_discretion_heldout_comparison.DiscretionHeldoutComparisonTests.test_off_candidate_participations_do_not_claim_runtime_features) ... ok
2026-09-12T20:55:10.3618121Z test_result_is_bound_to_frozen_labels_and_components (test_discretion_heldout_comparison.DiscretionHeldoutComparisonTests.test_result_is_bound_to_frozen_labels_and_components) ... ok
2026-09-12T20:55:10.3628760Z test_scanner_acquisition_reports_known_misses_without_scoring (test_discretion_heldout_comparison.DiscretionHeldoutComparisonTests.test_scanner_acquisition_reports_known_misses_without_scoring) ... ok
2026-09-12T20:55:10.3656008Z test_self_rehashed_aggregate_tamper_fails (test_discretion_heldout_comparison.DiscretionHeldoutComparisonTests.test_self_rehashed_aggregate_tamper_fails) ... ok
2026-09-12T20:55:10.3682189Z test_self_rehashed_relation_tamper_fails (test_discretion_heldout_comparison.DiscretionHeldoutComparisonTests.test_self_rehashed_relation_tamper_fails) ... ok
2026-09-12T20:55:10.3708100Z test_self_rehashed_trade_completion_tamper_fails (test_discretion_heldout_comparison.DiscretionHeldoutComparisonTests.test_self_rehashed_trade_completion_tamper_fails) ... ok
2026-09-12T20:55:10.3718376Z test_unclear_actions_are_not_forced_into_trade_skip_contingencies (test_discretion_heldout_comparison.DiscretionHeldoutComparisonTests.test_unclear_actions_are_not_forced_into_trade_skip_contingencies) ... ok
2026-09-12T20:55:10.3737780Z test_account_scoped_counts_are_conservative (test_discretion_heldout_labels.DiscretionHeldoutLabelTests.test_account_scoped_counts_are_conservative) ... ok
2026-09-12T20:55:10.3755024Z test_all_candidates_are_bound_to_frozen_runtime (test_discretion_heldout_labels.DiscretionHeldoutLabelTests.test_all_candidates_are_bound_to_frozen_runtime) ... ok
2026-09-12T20:55:10.3789020Z test_no_trade_session_cannot_enable_skip_inference (test_discretion_heldout_labels.DiscretionHeldoutLabelTests.test_no_trade_session_cannot_enable_skip_inference) ... ok
2026-09-12T20:55:10.3806097Z test_off_candidate_trades_and_ticker_corrections_are_retained (test_discretion_heldout_labels.DiscretionHeldoutLabelTests.test_off_candidate_trades_and_ticker_corrections_are_retained) ... ok
2026-09-12T20:55:10.3843372Z test_participation_requires_completed_trade (test_discretion_heldout_labels.DiscretionHeldoutLabelTests.test_participation_requires_completed_trade) ... ok
2026-09-12T20:55:10.3880884Z test_self_rehashed_runtime_candidate_tamper_fails_against_audit (test_discretion_heldout_labels.DiscretionHeldoutLabelTests.test_self_rehashed_runtime_candidate_tamper_fails_against_audit) ... ok
2026-09-12T20:55:10.3898014Z test_sparse_labels_expand_unknown_without_inferred_skips (test_discretion_heldout_labels.DiscretionHeldoutLabelTests.test_sparse_labels_expand_unknown_without_inferred_skips) ... ok
2026-09-12T20:55:10.3914890Z test_unfilled_small_account_order_is_not_participation (test_discretion_heldout_labels.DiscretionHeldoutLabelTests.test_unfilled_small_account_order_is_not_participation) ... ok
2026-09-12T20:55:10.3924048Z test_a_known_trade_or_fill_label_cannot_enter_registration (test_discretion_heldout_panel.DiscretionHeldoutPanelTests.test_a_known_trade_or_fill_label_cannot_enter_registration) ... ok
2026-09-12T20:55:10.3930167Z test_account_scopes_must_remain_separate (test_discretion_heldout_panel.DiscretionHeldoutPanelTests.test_account_scopes_must_remain_separate) ... ok
2026-09-12T20:55:10.3933646Z test_fingerprint_is_stable_across_mapping_order (test_discretion_heldout_panel.DiscretionHeldoutPanelTests.test_fingerprint_is_stable_across_mapping_order) ... ok
2026-09-12T20:55:10.3939656Z test_fixed_dates_cannot_be_swapped_after_source_review (test_discretion_heldout_panel.DiscretionHeldoutPanelTests.test_fixed_dates_cannot_be_swapped_after_source_review) ... ok
2026-09-12T20:55:10.3946893Z test_panel_cannot_be_used_to_fit_or_promote_a_rule (test_discretion_heldout_panel.DiscretionHeldoutPanelTests.test_panel_cannot_be_used_to_fit_or_promote_a_rule) ... ok
2026-09-12T20:55:10.3951908Z test_registration_audit_binds_the_exact_contract (test_discretion_heldout_panel.DiscretionHeldoutPanelTests.test_registration_audit_binds_the_exact_contract) ... ok
2026-09-12T20:55:10.3955192Z test_registration_is_chronological_unlabeled_and_disjoint (test_discretion_heldout_panel.DiscretionHeldoutPanelTests.test_registration_is_chronological_unlabeled_and_disjoint) ... ok
2026-09-12T20:55:10.3963828Z test_unknown_or_missing_source_cannot_be_relabeled_as_skip (test_discretion_heldout_panel.DiscretionHeldoutPanelTests.test_unknown_or_missing_source_cannot_be_relabeled_as_skip) ... ok
2026-09-12T20:55:10.3969490Z test_all_dates_full_scheduled_sessions (test_early_pullback_capture_plan_v01.CapturePlanTests.test_all_dates_full_scheduled_sessions) ... ok
2026-09-12T20:55:10.3977025Z test_bad_receipts_and_after_terminal_rejected (test_early_pullback_capture_plan_v01.CapturePlanTests.test_bad_receipts_and_after_terminal_rejected) ... ok
2026-09-12T20:55:10.3980706Z test_cursor_cycle_rejected (test_early_pullback_capture_plan_v01.CapturePlanTests.test_cursor_cycle_rejected) ... ok
2026-09-12T20:55:10.3984934Z test_cursor_request_binds_parent_response_and_date (test_early_pullback_capture_plan_v01.CapturePlanTests.test_cursor_request_binds_parent_response_and_date) ... ok
2026-09-12T20:55:10.3989690Z test_dst_changes_utc_not_local_hours (test_early_pullback_capture_plan_v01.CapturePlanTests.test_dst_changes_utc_not_local_hours) ... ok
2026-09-12T20:55:10.3993823Z test_empty_census_is_not_zero_opportunities (test_early_pullback_capture_plan_v01.CapturePlanTests.test_empty_census_is_not_zero_opportunities) ... ok
2026-09-12T20:55:10.3996876Z test_empty_nonterminal_page_does_not_imply_exhaustion (test_early_pullback_capture_plan_v01.CapturePlanTests.test_empty_nonterminal_page_does_not_imply_exhaustion) ... ok
2026-09-12T20:55:10.3998359Z test_first_page_exact_filters (test_early_pullback_capture_plan_v01.CapturePlanTests.test_first_page_exact_filters) ... ok
2026-09-12T20:55:10.8769709Z test_frozen_parent_and_registration (test_early_pullback_capture_plan_v01.CapturePlanTests.test_frozen_parent_and_registration) ... ok
2026-09-12T20:55:10.8771613Z test_graph_is_topological_and_all_unresolved_nodes_remain (test_early_pullback_capture_plan_v01.CapturePlanTests.test_graph_is_topological_and_all_unresolved_nodes_remain) ... ok
2026-09-12T20:55:10.8783811Z test_initial_requests_and_ceiling_not_expected_count (test_early_pullback_capture_plan_v01.CapturePlanTests.test_initial_requests_and_ceiling_not_expected_count) ... ok
2026-09-12T20:55:10.8804593Z test_injection_and_route_substitution_rejected (test_early_pullback_capture_plan_v01.CapturePlanTests.test_injection_and_route_substitution_rejected) ... ok
2026-09-12T20:55:10.8819225Z test_no_capture_cost_or_financial_authority (test_early_pullback_capture_plan_v01.CapturePlanTests.test_no_capture_cost_or_financial_authority) ... ok
2026-09-12T20:55:10.8821275Z test_no_replacement_dates_or_bool_page (test_early_pullback_capture_plan_v01.CapturePlanTests.test_no_replacement_dates_or_bool_page) ... ok
2026-09-12T20:55:10.8822756Z test_official_sources_agree_and_keep_provenance_limits (test_early_pullback_capture_plan_v01.CapturePlanTests.test_official_sources_agree_and_keep_provenance_limits) ... ok
2026-09-12T20:55:10.8824660Z test_optional_root_parameters_must_match (test_early_pullback_capture_plan_v01.CapturePlanTests.test_optional_root_parameters_must_match) ... ok
2026-09-12T20:55:10.8959421Z test_page_21_blocked_without_truncating_to_success (test_early_pullback_capture_plan_v01.CapturePlanTests.test_page_21_blocked_without_truncating_to_success) ... ok
2026-09-12T20:55:10.8971489Z test_page_chain_tampering_rejected (test_early_pullback_capture_plan_v01.CapturePlanTests.test_page_chain_tampering_rejected) ... ok
2026-09-12T20:55:10.9006353Z test_planning_is_pure_and_deterministic (test_early_pullback_capture_plan_v01.CapturePlanTests.test_planning_is_pure_and_deterministic) ... ok
2026-09-12T20:55:16.5827574Z test_real_cli_normal_optimized_and_no_overwrite (test_early_pullback_capture_plan_v01.CapturePlanTests.test_real_cli_normal_optimized_and_no_overwrite) ... ok
2026-09-12T20:55:16.5834584Z test_rehashed_calendar_changes_rejected (test_early_pullback_capture_plan_v01.CapturePlanTests.test_rehashed_calendar_changes_rejected) ... ok
2026-09-12T20:55:16.5966100Z test_terminal_last_page_20_is_accepted (test_early_pullback_capture_plan_v01.CapturePlanTests.test_terminal_last_page_20_is_accepted) ... ok
2026-09-12T20:55:17.2597818Z test_actual_runtime_must_match_frozen_runtime (test_early_pullback_census_hosted_v01.HostedCensusTests.test_actual_runtime_must_match_frozen_runtime) ... ok
2026-09-12T20:55:17.2743582Z test_artifact_id_run_branch_expiry_size_digest_and_name_required (test_early_pullback_census_hosted_v01.HostedCensusTests.test_artifact_id_run_branch_expiry_size_digest_and_name_required) ... ok
2026-09-12T20:55:17.2842063Z test_bad_preflight_never_reads_credential_or_starts_transport (test_early_pullback_census_hosted_v01.HostedCensusTests.test_bad_preflight_never_reads_credential_or_starts_transport) ... ok
2026-09-12T20:55:17.2939646Z test_bad_runtime_never_reads_credential (test_early_pullback_census_hosted_v01.HostedCensusTests.test_bad_runtime_never_reads_credential) ... ok
2026-09-12T20:55:17.3053523Z test_changed_parent_tree_extra_file_merge_and_dirty_checkout_rejected (test_early_pullback_census_hosted_v01.HostedCensusTests.test_changed_parent_tree_extra_file_merge_and_dirty_checkout_rejected) ... ok
2026-09-12T20:55:18.2105290Z test_cli_has_provider_free_registration_validation (test_early_pullback_census_hosted_v01.HostedCensusTests.test_cli_has_provider_free_registration_validation) ... ok
2026-09-12T20:55:18.2316355Z test_cost_upgrade_date_route_and_entitlement_proof_changes_rejected (test_early_pullback_census_hosted_v01.HostedCensusTests.test_cost_upgrade_date_route_and_entitlement_proof_changes_rejected) ... ok
2026-09-12T20:55:18.2360633Z test_exact_first_attempt_execution_is_valid (test_early_pullback_census_hosted_v01.HostedCensusTests.test_exact_first_attempt_execution_is_valid) ... ok
2026-09-12T20:55:18.2390743Z test_exact_parent_ci_and_all_steps_required (test_early_pullback_census_hosted_v01.HostedCensusTests.test_exact_parent_ci_and_all_steps_required) ... ok
2026-09-12T20:55:18.2471271Z test_expired_future_overlong_naive_approval_rejected (test_early_pullback_census_hosted_v01.HostedCensusTests.test_expired_future_overlong_naive_approval_rejected) ... ok
2026-09-12T20:55:18.2501133Z test_frozen_registration_and_ancestors_unchanged (test_early_pullback_census_hosted_v01.HostedCensusTests.test_frozen_registration_and_ancestors_unchanged) ... ok
2026-09-12T20:55:18.3628882Z test_full_synthetic_launch_keeps_all_origin_runtime_gates_closed (test_early_pullback_census_hosted_v01.HostedCensusTests.test_full_synthetic_launch_keeps_all_origin_runtime_gates_closed) ... ok
2026-09-12T20:55:18.3660641Z test_green_workflow_cannot_hide_failed_skipped_or_missing_ci_steps (test_early_pullback_census_hosted_v01.HostedCensusTests.test_green_workflow_cannot_hide_failed_skipped_or_missing_ci_steps) ... ok
2026-09-12T20:55:18.3760980Z test_live_ref_drift_or_tag_object_rejected (test_early_pullback_census_hosted_v01.HostedCensusTests.test_live_ref_drift_or_tag_object_rejected) ... ok
2026-09-12T20:55:18.3903589Z test_missing_credential_retains_launch_failure_without_request (test_early_pullback_census_hosted_v01.HostedCensusTests.test_missing_credential_retains_launch_failure_without_request) ... ok
2026-09-12T20:55:18.3958819Z test_missing_or_placeholder_approval_and_entitlement_rejected (test_early_pullback_census_hosted_v01.HostedCensusTests.test_missing_or_placeholder_approval_and_entitlement_rejected) ... ok
2026-09-12T20:55:18.5036875Z test_output_reuse_blocked_before_second_credential_read (test_early_pullback_census_hosted_v01.HostedCensusTests.test_output_reuse_blocked_before_second_credential_read) ... ok
2026-09-12T20:55:18.5115954Z test_preflight_byte_tampering_missing_extra_and_wrong_pin_rejected (test_early_pullback_census_hosted_v01.HostedCensusTests.test_preflight_byte_tampering_missing_extra_and_wrong_pin_rejected) ... ok
2026-09-12T20:55:18.5199117Z test_preflight_roundtrip_exact_artifact_and_runtime (test_early_pullback_census_hosted_v01.HostedCensusTests.test_preflight_roundtrip_exact_artifact_and_runtime) ... ok
2026-09-12T20:55:18.5293205Z test_preparation_cannot_reuse_directory (test_early_pullback_census_hosted_v01.HostedCensusTests.test_preparation_cannot_reuse_directory) ... ok
2026-09-12T20:55:18.5344742Z test_preparation_rejects_bad_ci_before_creating_marker (test_early_pullback_census_hosted_v01.HostedCensusTests.test_preparation_rejects_bad_ci_before_creating_marker) ... ok
2026-09-12T20:55:18.5569342Z test_provider_failure_is_retained_without_retry (test_early_pullback_census_hosted_v01.HostedCensusTests.test_provider_failure_is_retained_without_retry) ... ok
2026-09-12T20:55:18.5655068Z test_rehashed_preflight_cannot_change_runtime_or_approval (test_early_pullback_census_hosted_v01.HostedCensusTests.test_rehashed_preflight_cannot_change_runtime_or_approval) ... ok
2026-09-12T20:55:18.5787463Z test_rerun_dispatch_wrong_branch_repo_or_workflow_rejected (test_early_pullback_census_hosted_v01.HostedCensusTests.test_rerun_dispatch_wrong_branch_repo_or_workflow_rejected) ... ok
2026-09-12T20:55:18.5883997Z test_rerun_never_reads_credential (test_early_pullback_census_hosted_v01.HostedCensusTests.test_rerun_never_reads_credential) ... ok
2026-09-12T20:55:18.5927228Z test_resealed_execution_scope_change_rejected (test_early_pullback_census_hosted_v01.HostedCensusTests.test_resealed_execution_scope_change_rejected) ... ok
2026-09-12T20:55:18.6000214Z test_symlink_and_oversize_preflight_rejected_before_read (test_early_pullback_census_hosted_v01.HostedCensusTests.test_symlink_and_oversize_preflight_rejected_before_read) ... ok
2026-09-12T20:55:18.6122706Z test_workflow_actions_pinned_and_no_credential_checkout_persistence (test_early_pullback_census_hosted_v01.HostedCensusTests.test_workflow_actions_pinned_and_no_credential_checkout_persistence) ... ok
2026-09-12T20:55:18.6243984Z test_workflow_consumes_atomically_before_upload_and_secrets (test_early_pullback_census_hosted_v01.HostedCensusTests.test_workflow_consumes_atomically_before_upload_and_secrets) ... ok
2026-09-12T20:55:18.6361742Z test_workflow_only_separate_execution_path_can_trigger (test_early_pullback_census_hosted_v01.HostedCensusTests.test_workflow_only_separate_execution_path_can_trigger) ... ok
2026-09-12T20:55:19.6485713Z test_actual_runtime_must_match_frozen_runtime (test_early_pullback_census_hosted_v02.HostedCensusV02Tests.test_actual_runtime_must_match_frozen_runtime) ... ok
2026-09-12T20:55:19.6662073Z test_artifact_id_run_branch_expiry_size_digest_and_name_required (test_early_pullback_census_hosted_v02.HostedCensusV02Tests.test_artifact_id_run_branch_expiry_size_digest_and_name_required) ... ok
2026-09-12T20:55:19.6829086Z test_bad_preflight_never_reads_credential_or_starts_transport (test_early_pullback_census_hosted_v02.HostedCensusV02Tests.test_bad_preflight_never_reads_credential_or_starts_transport) ... ok
2026-09-12T20:55:19.6997092Z test_bad_runtime_never_reads_credential (test_early_pullback_census_hosted_v02.HostedCensusV02Tests.test_bad_runtime_never_reads_credential) ... ok
2026-09-12T20:55:19.7309466Z test_changed_parent_tree_extra_file_merge_and_dirty_checkout_rejected (test_early_pullback_census_hosted_v02.HostedCensusV02Tests.test_changed_parent_tree_extra_file_merge_and_dirty_checkout_rejected) ... ok
2026-09-12T20:55:20.9977197Z test_cli_has_provider_free_registration_validation (test_early_pullback_census_hosted_v02.HostedCensusV02Tests.test_cli_has_provider_free_registration_validation) ... ok
2026-09-12T20:55:21.0497428Z test_cost_upgrade_date_route_and_entitlement_proof_changes_rejected (test_early_pullback_census_hosted_v02.HostedCensusV02Tests.test_cost_upgrade_date_route_and_entitlement_proof_changes_rejected) ... ok
2026-09-12T20:55:21.0607173Z test_exact_first_attempt_execution_is_valid (test_early_pullback_census_hosted_v02.HostedCensusV02Tests.test_exact_first_attempt_execution_is_valid) ... ok
2026-09-12T20:55:21.0676363Z test_exact_parent_ci_and_all_steps_required (test_early_pullback_census_hosted_v02.HostedCensusV02Tests.test_exact_parent_ci_and_all_steps_required) ... ok
2026-09-12T20:55:21.0847562Z test_expired_future_overlong_naive_approval_rejected (test_early_pullback_census_hosted_v02.HostedCensusV02Tests.test_expired_future_overlong_naive_approval_rejected) ... ok
2026-09-12T20:55:21.0916801Z test_frozen_registration_and_ancestors_unchanged (test_early_pullback_census_hosted_v02.HostedCensusV02Tests.test_frozen_registration_and_ancestors_unchanged) ... ok
2026-09-12T20:55:21.2081869Z test_full_synthetic_launch_keeps_all_origin_runtime_gates_closed (test_early_pullback_census_hosted_v02.HostedCensusV02Tests.test_full_synthetic_launch_keeps_all_origin_runtime_gates_closed) ... ok
2026-09-12T20:55:21.2153417Z test_green_workflow_cannot_hide_failed_skipped_or_missing_ci_steps (test_early_pullback_census_hosted_v02.HostedCensusV02Tests.test_green_workflow_cannot_hide_failed_skipped_or_missing_ci_steps) ... ok
2026-09-12T20:55:21.2291317Z test_live_ref_drift_or_tag_object_rejected (test_early_pullback_census_hosted_v02.HostedCensusV02Tests.test_live_ref_drift_or_tag_object_rejected) ... ok
2026-09-12T20:55:21.2499754Z test_missing_credential_retains_launch_failure_without_request (test_early_pullback_census_hosted_v02.HostedCensusV02Tests.test_missing_credential_retains_launch_failure_without_request) ... ok
2026-09-12T20:55:21.2698127Z test_missing_or_placeholder_approval_and_entitlement_rejected (test_early_pullback_census_hosted_v02.HostedCensusV02Tests.test_missing_or_placeholder_approval_and_entitlement_rejected) ... ok
2026-09-12T20:55:21.3871731Z test_output_reuse_blocked_before_second_credential_read (test_early_pullback_census_hosted_v02.HostedCensusV02Tests.test_output_reuse_blocked_before_second_credential_read) ... ok
2026-09-12T20:55:21.7454380Z test_owner_message_records_uncertainty_without_credit_provider_inference (test_early_pullback_census_hosted_v02.HostedCensusV02Tests.test_owner_message_records_uncertainty_without_credit_provider_inference) ... ok
2026-09-12T20:55:21.7575913Z test_preflight_byte_tampering_missing_extra_and_wrong_pin_rejected (test_early_pullback_census_hosted_v02.HostedCensusV02Tests.test_preflight_byte_tampering_missing_extra_and_wrong_pin_rejected) ... ok
2026-09-12T20:55:21.7696129Z test_preflight_roundtrip_exact_artifact_and_runtime (test_early_pullback_census_hosted_v02.HostedCensusV02Tests.test_preflight_roundtrip_exact_artifact_and_runtime) ... ok
2026-09-12T20:55:21.7804623Z test_preparation_cannot_reuse_directory (test_early_pullback_census_hosted_v02.HostedCensusV02Tests.test_preparation_cannot_reuse_directory) ... ok
2026-09-12T20:55:21.7895790Z test_preparation_rejects_bad_ci_before_creating_marker (test_early_pullback_census_hosted_v02.HostedCensusV02Tests.test_preparation_rejects_bad_ci_before_creating_marker) ... ok
2026-09-12T20:55:21.8212036Z test_provider_failure_is_retained_without_retry (test_early_pullback_census_hosted_v02.HostedCensusV02Tests.test_provider_failure_is_retained_without_retry) ... ok
2026-09-12T20:55:21.8334678Z test_rehashed_preflight_cannot_change_runtime_or_approval (test_early_pullback_census_hosted_v02.HostedCensusV02Tests.test_rehashed_preflight_cannot_change_runtime_or_approval) ... ok
2026-09-12T20:55:21.8684133Z test_rerun_dispatch_wrong_branch_repo_or_workflow_rejected (test_early_pullback_census_hosted_v02.HostedCensusV02Tests.test_rerun_dispatch_wrong_branch_repo_or_workflow_rejected) ... ok
2026-09-12T20:55:21.8848048Z test_rerun_never_reads_credential (test_early_pullback_census_hosted_v02.HostedCensusV02Tests.test_rerun_never_reads_credential) ... ok
2026-09-12T20:55:21.8956997Z test_resealed_execution_scope_change_rejected (test_early_pullback_census_hosted_v02.HostedCensusV02Tests.test_resealed_execution_scope_change_rejected) ... ok
2026-09-12T20:55:21.9217019Z test_source_hashes_and_expected_zero_cost_are_exact (test_early_pullback_census_hosted_v02.HostedCensusV02Tests.test_source_hashes_and_expected_zero_cost_are_exact) ... ok
2026-09-12T20:55:21.9323230Z test_stale_public_pricing_is_rejected_even_with_fresh_approval (test_early_pullback_census_hosted_v02.HostedCensusV02Tests.test_stale_public_pricing_is_rejected_even_with_fresh_approval) ... ok
2026-09-12T20:55:21.9437168Z test_symlink_and_oversize_preflight_rejected_before_read (test_early_pullback_census_hosted_v02.HostedCensusV02Tests.test_symlink_and_oversize_preflight_rejected_before_read) ... ok
2026-09-12T20:55:21.9890175Z test_truthful_approval_rejects_invented_entitlement_balance_and_billing_guarantee (test_early_pullback_census_hosted_v02.HostedCensusV02Tests.test_truthful_approval_rejects_invented_entitlement_balance_and_billing_guarantee) ... ok
2026-09-12T20:55:22.0053460Z test_workflow_actions_pinned_and_no_credential_checkout_persistence (test_early_pullback_census_hosted_v02.HostedCensusV02Tests.test_workflow_actions_pinned_and_no_credential_checkout_persistence) ... ok
2026-09-12T20:55:22.0214230Z test_workflow_consumes_atomically_before_upload_and_secrets (test_early_pullback_census_hosted_v02.HostedCensusV02Tests.test_workflow_consumes_atomically_before_upload_and_secrets) ... ok
2026-09-12T20:55:22.0374967Z test_workflow_only_separate_execution_path_can_trigger (test_early_pullback_census_hosted_v02.HostedCensusV02Tests.test_workflow_only_separate_execution_path_can_trigger) ... ok
2026-09-12T20:55:22.1409913Z test_archive_inner_hash_detects_changed_raw_bytes (test_early_pullback_census_v01.CensusTests.test_archive_inner_hash_detects_changed_raw_bytes) ... ok
2026-09-12T20:55:22.3178535Z test_archive_missing_extra_and_partial_evidence_cannot_pass (test_early_pullback_census_v01.CensusTests.test_archive_missing_extra_and_partial_evidence_cannot_pass) ... ok
2026-09-12T20:55:22.4222908Z test_archive_outer_and_inventory_pins_are_required (test_early_pullback_census_v01.CensusTests.test_archive_outer_and_inventory_pins_are_required) ... ok
2026-09-12T20:55:22.5315381Z test_archive_unsafe_duplicate_and_special_members_rejected (test_early_pullback_census_v01.CensusTests.test_archive_unsafe_duplicate_and_special_members_rejected) ... ok
2026-09-12T20:55:22.5974893Z test_bad_http_encoding_incomplete_and_oversize_stop_without_retry (test_early_pullback_census_v01.CensusTests.test_bad_http_encoding_incomplete_and_oversize_stop_without_retry) ... ok
2026-09-12T20:55:23.4973160Z test_cli_offline_validation_and_no_capture_mode (test_early_pullback_census_v01.CensusTests.test_cli_offline_validation_and_no_capture_mode) ... ok
2026-09-12T20:55:23.6229790Z test_complete_31_request_capture_and_independent_byte_replay (test_early_pullback_census_v01.CensusTests.test_complete_31_request_capture_and_independent_byte_replay) ... ok
2026-09-12T20:55:23.6309205Z test_current_type_dictionary_rejects_empty_duplicate_or_paginated (test_early_pullback_census_v01.CensusTests.test_current_type_dictionary_rejects_empty_duplicate_or_paginated) ... ok
2026-09-12T20:55:23.6404728Z test_duplicate_membership_within_or_across_pages_rejected (test_early_pullback_census_v01.CensusTests.test_duplicate_membership_within_or_across_pages_rejected) ... ok
2026-09-12T20:55:23.6541135Z test_empty_complete_census_is_failure_not_zero_opportunities (test_early_pullback_census_v01.CensusTests.test_empty_complete_census_is_failure_not_zero_opportunities) ... ok
2026-09-12T20:55:23.9249391Z test_empty_intermediate_or_terminal_after_members_can_complete (test_early_pullback_census_v01.CensusTests.test_empty_intermediate_or_terminal_after_members_can_complete) ... ok
2026-09-12T20:55:24.2316369Z test_frozen_parent_and_registration (test_early_pullback_census_v01.CensusTests.test_frozen_parent_and_registration) ... ok
2026-09-12T20:55:24.3358292Z test_independently_pinned_contract_must_match (test_early_pullback_census_v01.CensusTests.test_independently_pinned_contract_must_match) ... ok
2026-09-12T20:55:24.4324545Z test_intent_persisted_before_transport_and_no_credential_files (test_early_pullback_census_v01.CensusTests.test_intent_persisted_before_transport_and_no_credential_files) ... ok
2026-09-12T20:55:24.4422794Z test_interruption_preserves_pending_intent_and_failure_inventory (test_early_pullback_census_v01.CensusTests.test_interruption_preserves_pending_intent_and_failure_inventory) ... ok
2026-09-12T20:55:24.4656862Z test_literal_encoded_and_json_escaped_credential_echo_never_retained (test_early_pullback_census_v01.CensusTests.test_literal_encoded_and_json_escaped_credential_echo_never_retained) ... ok
2026-09-12T20:55:24.4761756Z test_no_early_request_when_sleeper_fails_to_advance_clock (test_early_pullback_census_v01.CensusTests.test_no_early_request_when_sleeper_fails_to_advance_clock) ... ok
2026-09-12T20:55:24.5681329Z test_no_restart_output_reuse_or_implicit_transport (test_early_pullback_census_v01.CensusTests.test_no_restart_output_reuse_or_implicit_transport) ... ok
2026-09-12T20:55:24.5687194Z test_output_symlink_and_metadata_overflow_rejected (test_early_pullback_census_v01.CensusTests.test_output_symlink_and_metadata_overflow_rejected) ... ok
2026-09-12T20:55:24.5751937Z test_page_and_cross_page_order_regression_rejected (test_early_pullback_census_v01.CensusTests.test_page_and_cross_page_order_regression_rejected) ... ok
2026-09-12T20:55:24.5849817Z test_payload_limit_stops_and_retains_failure_metadata (test_early_pullback_census_v01.CensusTests.test_payload_limit_stops_and_retains_failure_metadata) ... ok
2026-09-12T20:55:24.5855011Z test_request_mutations_fail_before_transport (test_early_pullback_census_v01.CensusTests.test_request_mutations_fail_before_transport) ... ok
2026-09-12T20:55:24.6887220Z test_required_page_21_fails_without_next_request (test_early_pullback_census_v01.CensusTests.test_required_page_21_fails_without_next_request) ... ok
2026-09-12T20:55:24.8436967Z test_resealed_normalization_report_and_pacing_forgery_rejected (test_early_pullback_census_v01.CensusTests.test_resealed_normalization_report_and_pacing_forgery_rejected) ... ok
2026-09-12T20:55:24.8470440Z test_schema_rejects_labels_coercion_nonfinite_and_duplicate_json (test_early_pullback_census_v01.CensusTests.test_schema_rejects_labels_coercion_nonfinite_and_duplicate_json) ... ok
2026-09-12T20:55:24.8516890Z test_ticker_collisions_missing_identity_and_unknown_types_retained (test_early_pullback_census_v01.CensusTests.test_ticker_collisions_missing_identity_and_unknown_types_retained) ... ok
2026-09-12T20:55:24.8593380Z test_transport_exception_sanitized_and_not_retried (test_early_pullback_census_v01.CensusTests.test_transport_exception_sanitized_and_not_retried) ... ok
2026-09-12T20:55:27.7517510Z test_twentieth_terminal_page_and_601_attempt_ceiling (test_early_pullback_census_v01.CensusTests.test_twentieth_terminal_page_and_601_attempt_ceiling) ... ok
2026-09-12T20:55:27.9447690Z test_two_pages_all_dates_are_exhausted (test_early_pullback_census_v01.CensusTests.test_two_pages_all_dates_are_exhausted) ... ok
2026-09-12T20:55:27.9539187Z test_unicode_escaped_credential_in_unprojected_metadata_not_retained (test_early_pullback_census_v01.CensusTests.test_unicode_escaped_credential_in_unprojected_metadata_not_retained) ... ok
2026-09-12T20:55:27.9566698Z test_content_length_mismatch_marks_incomplete (test_early_pullback_census_v01.HTTPTests.test_content_length_mismatch_marks_incomplete) ... ok
2026-09-12T20:55:27.9593844Z test_fixed_host_exact_get_identity_encoding_and_close (test_early_pullback_census_v01.HTTPTests.test_fixed_host_exact_get_identity_encoding_and_close) ... ok
2026-09-12T20:55:27.9620042Z test_invalid_request_never_constructs_connection (test_early_pullback_census_v01.HTTPTests.test_invalid_request_never_constructs_connection) ... ok
2026-09-12T20:55:27.9697645Z test_read_error_preserves_partial_failure_and_closes (test_early_pullback_census_v01.HTTPTests.test_read_error_preserves_partial_failure_and_closes) ... ok
2026-09-12T20:55:27.9723611Z test_redirect_is_returned_without_following (test_early_pullback_census_v01.HTTPTests.test_redirect_is_returned_without_following) ... ok
2026-09-12T20:55:27.9749824Z test_transport_stops_at_oversize_sentinel (test_early_pullback_census_v01.HTTPTests.test_transport_stops_at_oversize_sentinel) ... ok
2026-09-12T20:55:28.3697893Z test_all_allowed_control_and_child_preserve_parent_account_state_and_events (test_early_pullback_paired_adapter_v01.PairedMechanicsTests.test_all_allowed_control_and_child_preserve_parent_account_state_and_events) ... ok
2026-09-12T20:55:30.2244440Z test_all_twelve_original_fixture_paths_have_independent_thirty_session_arms (test_early_pullback_paired_adapter_v01.PairedMechanicsTests.test_all_twelve_original_fixture_paths_have_independent_thirty_session_arms) ... ok
2026-09-12T20:55:31.8261460Z test_both_accounts_and_execution_scenarios_preserve_parent_fills_and_fees (test_early_pullback_paired_adapter_v01.PairedMechanicsTests.test_both_accounts_and_execution_scenarios_preserve_parent_fills_and_fees) ... ok
2026-09-12T20:55:31.8437104Z test_changed_new_catalogue_and_non_synthetic_mode_fail_closed (test_early_pullback_paired_adapter_v01.PairedMechanicsTests.test_changed_new_catalogue_and_non_synthetic_mode_fail_closed) ... ok
2026-09-12T20:55:32.2546040Z test_each_arm_carries_own_cash_and_own_previous_close (test_early_pullback_paired_adapter_v01.PairedMechanicsTests.test_each_arm_carries_own_cash_and_own_previous_close) ... ok
2026-09-12T20:55:32.8564583Z test_input_immutability_and_recomputed_result_rejects_cash_tampering (test_early_pullback_paired_adapter_v01.PairedMechanicsTests.test_input_immutability_and_recomputed_result_rejects_cash_tampering) ... ok
2026-09-12T20:55:33.0539107Z test_late_withhold_creates_no_order_campaign_fee_or_position (test_early_pullback_paired_adapter_v01.PairedMechanicsTests.test_late_withhold_creates_no_order_campaign_fee_or_position) ... ok
2026-09-12T20:55:33.2079727Z test_missing_and_extra_source_cannot_be_a_withhold (test_early_pullback_paired_adapter_v01.PairedMechanicsTests.test_missing_and_extra_source_cannot_be_a_withhold) ... ok
2026-09-12T20:55:33.4057942Z test_open_position_and_blocked_carry_are_independent_between_arms (test_early_pullback_paired_adapter_v01.PairedMechanicsTests.test_open_position_and_blocked_carry_are_independent_between_arms) ... ok
2026-09-12T20:55:33.5822982Z test_trailing_stream_error_is_not_erased_for_withheld_opportunity (test_early_pullback_paired_adapter_v01.PairedMechanicsTests.test_trailing_stream_error_is_not_erased_for_withheld_opportunity) ... ok
2026-09-12T20:55:33.6136305Z test_unavailable_reference_retained_and_not_strategy_withheld (test_early_pullback_paired_adapter_v01.PairedMechanicsTests.test_unavailable_reference_retained_and_not_strategy_withheld) ... ok
2026-09-12T20:55:33.9673699Z test_withholding_releases_capacity_for_other_symbol_in_same_session (test_early_pullback_paired_adapter_v01.PairedMechanicsTests.test_withholding_releases_capacity_for_other_symbol_in_same_session) ... ok
2026-09-12T20:55:33.9691944Z test_bounded_plan_has_exact_fixed_dates_four_unarmed_calls_no_cost_guess (test_early_pullback_paired_adapter_v01.RegistrationTests.test_bounded_plan_has_exact_fixed_dates_four_unarmed_calls_no_cost_guess) ... ok
2026-09-12T20:55:34.0934691Z test_frozen_registration_and_original_selection_unchanged (test_early_pullback_paired_adapter_v01.RegistrationTests.test_frozen_registration_and_original_selection_unchanged) ... ok
2026-09-12T20:55:34.1968488Z test_earlier_crossing_cannot_be_hidden_by_later_decision (test_early_pullback_paired_adapter_v01.TriggerBindingTests.test_earlier_crossing_cannot_be_hidden_by_later_decision) ... ok
2026-09-12T20:55:34.6063146Z test_forged_plan_or_prefix_rejected_even_with_rehashed_source (test_early_pullback_paired_adapter_v01.TriggerBindingTests.test_forged_plan_or_prefix_rejected_even_with_rehashed_source) ... ok
2026-09-12T20:55:34.7176790Z test_future_trade_or_uncompleted_minute_rejected (test_early_pullback_paired_adapter_v01.TriggerBindingTests.test_future_trade_or_uncompleted_minute_rejected) ... ok
2026-09-12T20:55:34.7709588Z test_independent_source_and_decision_pins_required (test_early_pullback_paired_adapter_v01.TriggerBindingTests.test_independent_source_and_decision_pins_required) ... ok
2026-09-12T20:55:34.9863188Z test_labels_and_extra_market_columns_rejected (test_early_pullback_paired_adapter_v01.TriggerBindingTests.test_labels_and_extra_market_columns_rejected) ... ok
2026-09-12T20:55:35.3035238Z test_original_plans_prefixes_and_ordinals_reproduce (test_early_pullback_paired_adapter_v01.TriggerBindingTests.test_original_plans_prefixes_and_ordinals_reproduce) ... ok
2026-09-12T20:55:35.4135776Z test_prior_session_warmup_and_clock_order_enforced (test_early_pullback_paired_adapter_v01.TriggerBindingTests.test_prior_session_warmup_and_clock_order_enforced) ... ok
2026-09-12T20:55:35.5168961Z test_same_timestamp_trade_order_binds_original_prefix (test_early_pullback_paired_adapter_v01.TriggerBindingTests.test_same_timestamp_trade_order_binds_original_prefix) ... ok
2026-09-12T20:55:35.6197959Z test_source_normalization_change_breaks_original_prefix (test_early_pullback_paired_adapter_v01.TriggerBindingTests.test_source_normalization_change_breaks_original_prefix) ... ok
2026-09-12T20:55:35.7264738Z test_wrong_activation_or_profiles_rejected (test_early_pullback_paired_adapter_v01.TriggerBindingTests.test_wrong_activation_or_profiles_rejected) ... ok
2026-09-12T20:55:35.7267796Z test_dated_2026_schedule_and_original_guard (test_early_pullback_panel_accounts_v01.FeeContextTests.test_dated_2026_schedule_and_original_guard) ... ok
2026-09-12T20:55:35.7307142Z test_same_fee_arithmetic_capping_and_daily_increment_on_new_dates (test_early_pullback_panel_accounts_v01.FeeContextTests.test_same_fee_arithmetic_capping_and_daily_increment_on_new_dates) ... ok
2026-09-12T20:55:35.7762678Z test_context_ports_preserve_every_frozen_mechanical_statement (test_early_pullback_panel_accounts_v01.MechanicalParityTests.test_context_ports_preserve_every_frozen_mechanical_statement) ... ok
2026-09-12T20:55:35.7765087Z test_final_management_and_account_methods_are_inherited_unchanged (test_early_pullback_panel_accounts_v01.MechanicalParityTests.test_final_management_and_account_methods_are_inherited_unchanged) ... ok
2026-09-12T20:55:41.0573485Z test_all_24_paths_run_720_real_new_date_slots_seed_once (test_early_pullback_panel_accounts_v01.PanelAccountTests.test_all_24_paths_run_720_real_new_date_slots_seed_once) ... ok
2026-09-12T20:55:41.2027474Z test_ancestor_date_guards_and_old_entry_points_stay_frozen (test_early_pullback_panel_accounts_v01.PanelAccountTests.test_ancestor_date_guards_and_old_entry_points_stay_frozen) ... ok
2026-09-12T20:55:41.2029670Z test_both_arms_have_identical_economics_when_gate_admits (test_early_pullback_panel_accounts_v01.PanelAccountTests.test_both_arms_have_identical_economics_when_gate_admits) ... ok
2026-09-12T20:55:41.2032107Z test_evaluation_provider_and_brokerage_gates_remain_closed (test_early_pullback_panel_accounts_v01.PanelAccountTests.test_evaluation_provider_and_brokerage_gates_remain_closed) ... ok
2026-09-12T20:55:43.7845747Z test_full_replay_is_reproducible (test_early_pullback_panel_accounts_v01.PanelAccountTests.test_full_replay_is_reproducible) ... ok
2026-09-12T20:55:43.8608371Z test_independent_inventory_and_result_commitments_required (test_early_pullback_panel_accounts_v01.PanelAccountTests.test_independent_inventory_and_result_commitments_required) ... ok
2026-09-12T20:55:43.8613726Z test_label_inside_carried_state_is_rejected (test_early_pullback_panel_accounts_v01.PanelAccountTests.test_label_inside_carried_state_is_rejected) ... ok
2026-09-12T20:55:44.6737372Z test_late_stream_corruption_retains_known_state_and_blocks_next_day (test_early_pullback_panel_accounts_v01.PanelAccountTests.test_late_stream_corruption_retains_known_state_and_blocks_next_day) ... ok
2026-09-12T20:55:48.1119272Z test_late_withhold_cannot_hide_invalid_entry_or_exit_sources (test_early_pullback_panel_accounts_v01.PanelAccountTests.test_late_withhold_cannot_hide_invalid_entry_or_exit_sources) ... ok
2026-09-12T20:55:50.6364376Z test_missing_extra_or_mutated_inventory_cannot_filter_plans (test_early_pullback_panel_accounts_v01.PanelAccountTests.test_missing_extra_or_mutated_inventory_cannot_filter_plans) ... ok
2026-09-12T20:55:55.0398371Z test_new_dates_across_dst_and_last_date_execute_and_carry (test_early_pullback_panel_accounts_v01.PanelAccountTests.test_new_dates_across_dst_and_last_date_execute_and_carry) ... ok
2026-09-12T20:55:57.9689650Z test_no_fresh_quote_at_stress_arrival_means_no_fill_or_fee (test_early_pullback_panel_accounts_v01.PanelAccountTests.test_no_fresh_quote_at_stress_arrival_means_no_fill_or_fee) ... ok
2026-09-12T20:55:57.9691405Z test_original_causal_candidate_projection_and_new_opportunity_identity (test_early_pullback_panel_accounts_v01.PanelAccountTests.test_original_causal_candidate_projection_and_new_opportunity_identity) ... ok
2026-09-12T20:55:57.9703587Z test_previous_close_requires_same_arm_cell_and_immediate_date (test_early_pullback_panel_accounts_v01.PanelAccountTests.test_previous_close_requires_same_arm_cell_and_immediate_date) ... ok
2026-09-12T20:55:57.9713548Z test_slot_changes_cannot_reseed_move_dates_or_alias_arms (test_early_pullback_panel_accounts_v01.PanelAccountTests.test_slot_changes_cannot_reseed_move_dates_or_alias_arms) ... ok
2026-09-12T20:56:01.3722813Z test_small_profile_executes_with_own_seed_on_qualifying_price (test_early_pullback_panel_accounts_v01.PanelAccountTests.test_small_profile_executes_with_own_seed_on_qualifying_price) ... ok
2026-09-12T20:56:04.6861403Z test_unavailable_early_plans_preserved_late_gate_changes_only_child (test_early_pullback_panel_accounts_v01.PanelAccountTests.test_unavailable_early_plans_preserved_late_gate_changes_only_child) ... ok
2026-09-12T20:56:07.7418095Z test_unresolved_position_carries_without_invented_liquidation_or_reset (test_early_pullback_panel_accounts_v01.PanelAccountTests.test_unresolved_position_carries_without_invented_liquidation_or_reset) ... ok
2026-09-12T20:56:07.9154735Z test_registration_and_exact_unarmed_four_call_preparation (test_early_pullback_panel_accounts_v01.RegistrationTests.test_registration_and_exact_unarmed_four_call_preparation) ... ok
2026-09-12T20:56:09.6770525Z test_archive_and_manifest_external_pins_required (test_early_pullback_panel_sources_v01.ArchiveTests.test_archive_and_manifest_external_pins_required) ... ok
2026-09-12T20:56:11.8831452Z test_byte_verified_full_panel_retains_all_dates_and_same_arm_source_union (test_early_pullback_panel_sources_v01.ArchiveTests.test_byte_verified_full_panel_retains_all_dates_and_same_arm_source_union) ... ok
2026-09-12T20:56:15.4344441Z test_duplicate_json_key_and_mutated_manifest_rejected (test_early_pullback_panel_sources_v01.ArchiveTests.test_duplicate_json_key_and_mutated_manifest_rejected) ... ok
2026-09-12T20:56:17.2013189Z test_member_tamper_rejected_even_with_new_outer_archive_hash (test_early_pullback_panel_sources_v01.ArchiveTests.test_member_tamper_rejected_even_with_new_outer_archive_hash) ... ok
2026-09-12T20:56:26.0218666Z test_missing_date_extra_file_duplicate_and_symlink_rejected (test_early_pullback_panel_sources_v01.ArchiveTests.test_missing_date_extra_file_duplicate_and_symlink_rejected) ... ok
2026-09-12T20:56:29.7059525Z test_wrong_day_content_and_altered_catalogue_rejected (test_early_pullback_panel_sources_v01.ArchiveTests.test_wrong_day_content_and_altered_catalogue_rejected) ... ok
2026-09-12T20:56:29.7333941Z test_dst_conversion_preserves_full_new_york_session (test_early_pullback_panel_sources_v01.CatalogueTests.test_dst_conversion_preserves_full_new_york_session) ... ok
2026-09-12T20:56:29.7570154Z test_exact_24_paths_720_new_date_slots_and_once_only_seeds (test_early_pullback_panel_sources_v01.CatalogueTests.test_exact_24_paths_720_new_date_slots_and_once_only_seeds) ... ok
2026-09-12T20:56:29.8367909Z test_external_pin_and_catalogue_tamper_rejected (test_early_pullback_panel_sources_v01.CatalogueTests.test_external_pin_and_catalogue_tamper_rejected) ... ok
2026-09-12T20:56:29.8577933Z test_missing_replaced_reordered_half_day_or_naive_calendar_rejected (test_early_pullback_panel_sources_v01.CatalogueTests.test_missing_replaced_reordered_half_day_or_naive_calendar_rejected) ... ok
2026-09-12T20:56:29.8809760Z test_original_date_guard_unchanged_and_rejects_new_slots (test_early_pullback_panel_sources_v01.CatalogueTests.test_original_date_guard_unchanged_and_rejects_new_slots) ... ok
2026-09-12T20:56:30.7788710Z test_active_source_reconstruction_crosses_dst_and_last_panel_date (test_early_pullback_panel_sources_v01.DaySourceTests.test_active_source_reconstruction_crosses_dst_and_last_panel_date) ... ok
2026-09-12T20:56:30.9555450Z test_dropped_census_rank_or_candidate_source_rejected (test_early_pullback_panel_sources_v01.DaySourceTests.test_dropped_census_rank_or_candidate_source_rejected) ... ok
2026-09-12T20:56:31.4017124Z test_factor_tamper_inconsistent_basis_and_raw_bridge_rejected (test_early_pullback_panel_sources_v01.DaySourceTests.test_factor_tamper_inconsistent_basis_and_raw_bridge_rejected) ... ok
2026-09-12T20:56:31.9481957Z test_future_news_does_not_change_earlier_activation_or_prefix (test_early_pullback_panel_sources_v01.DaySourceTests.test_future_news_does_not_change_earlier_activation_or_prefix) ... ok
2026-09-12T20:56:32.2460548Z test_input_immutability_and_unverified_provenance_not_overclaimed (test_early_pullback_panel_sources_v01.DaySourceTests.test_input_immutability_and_unverified_provenance_not_overclaimed) ... ok
2026-09-12T20:56:32.5911976Z test_labels_extra_market_columns_and_real_symbol_rejected (test_early_pullback_panel_sources_v01.DaySourceTests.test_labels_extra_market_columns_and_real_symbol_rejected) ... ok
2026-09-12T20:56:33.1322792Z test_later_trade_never_enters_earlier_source_prefix (test_early_pullback_panel_sources_v01.DaySourceTests.test_later_trade_never_enters_earlier_source_prefix) ... ok
2026-09-12T20:56:33.2993700Z test_missing_micro_cannot_be_no_trigger_or_filter_opportunity (test_early_pullback_panel_sources_v01.DaySourceTests.test_missing_micro_cannot_be_no_trigger_or_filter_opportunity) ... ok
2026-09-12T20:56:33.4165315Z test_new_dates_and_synthetic_scope_are_not_caller_selectable (test_early_pullback_panel_sources_v01.DaySourceTests.test_new_dates_and_synthetic_scope_are_not_caller_selectable) ... ok
2026-09-12T20:56:33.5862221Z test_parent_profile_grouping_agrees_except_child_identity (test_early_pullback_panel_sources_v01.DaySourceTests.test_parent_profile_grouping_agrees_except_child_identity) ... ok
2026-09-12T20:56:34.6048796Z test_scanner_normalization_original_micro_and_first_two_reproduce (test_early_pullback_panel_sources_v01.DaySourceTests.test_scanner_normalization_original_micro_and_first_two_reproduce) ... ok
2026-09-12T20:56:35.2010198Z test_tied_receive_order_and_source_pin_preserved (test_early_pullback_panel_sources_v01.DaySourceTests.test_tied_receive_order_and_source_pin_preserved) ... ok
2026-09-12T20:56:35.4587101Z test_verified_no_candidate_and_verified_empty_trade_tape_are_distinct (test_early_pullback_panel_sources_v01.DaySourceTests.test_verified_no_candidate_and_verified_empty_trade_tape_are_distinct) ... ok
2026-09-12T20:56:35.9984083Z test_warmup_session_clock_and_noncausal_support_rejected (test_early_pullback_panel_sources_v01.DaySourceTests.test_warmup_session_clock_and_noncausal_support_rejected) ... ok
2026-09-12T20:56:36.2699000Z test_registration_binds_unchanged_parent_and_closed_authority (test_early_pullback_panel_sources_v01.RegistrationTests.test_registration_binds_unchanged_parent_and_closed_authority) ... ok
2026-09-12T20:56:36.5202833Z test_alpaca_next_page_fails_without_following (test_early_pullback_provider_check_v01.ProviderCheckTests.test_alpaca_next_page_fails_without_following) ... ok
2026-09-12T20:56:36.5437059Z test_archive_external_pins_and_changed_bytes_rejected (test_early_pullback_provider_check_v01.ProviderCheckTests.test_archive_external_pins_and_changed_bytes_rejected) ... ok
2026-09-12T20:56:36.5607846Z test_complete_probe_and_independent_artifact_check (test_early_pullback_provider_check_v01.ProviderCheckTests.test_complete_probe_and_independent_artifact_check) ... ok
2026-09-12T20:56:36.5611353Z test_consumption_from_other_run_rejected (test_early_pullback_provider_check_v01.ProviderCheckTests.test_consumption_from_other_run_rejected) ... ok
2026-09-12T20:56:36.5616055Z test_daily_dates_handle_dst_and_missing_date_without_replacement (test_early_pullback_provider_check_v01.ProviderCheckTests.test_daily_dates_handle_dst_and_missing_date_without_replacement) ... ok
2026-09-12T20:56:36.5619306Z test_duplicate_json_and_nonfinite_json_rejected (test_early_pullback_provider_check_v01.ProviderCheckTests.test_duplicate_json_and_nonfinite_json_rejected) ... ok
2026-09-12T20:56:36.5627929Z test_execution_wrong_event_attempt_checkout_and_extra_files_rejected (test_early_pullback_provider_check_v01.ProviderCheckTests.test_execution_wrong_event_attempt_checkout_and_extra_files_rejected) ... ok
2026-09-12T20:56:36.5768125Z test_extra_raw_fields_and_forged_conclusion_rejected (test_early_pullback_provider_check_v01.ProviderCheckTests.test_extra_raw_fields_and_forged_conclusion_rejected) ... ok
2026-09-12T20:56:36.5900004Z test_fresh_process_cannot_reuse_output (test_early_pullback_provider_check_v01.ProviderCheckTests.test_fresh_process_cannot_reuse_output) ... ok
2026-09-12T20:56:36.5904747Z test_frozen_requests_and_parent_unchanged (test_early_pullback_provider_check_v01.ProviderCheckTests.test_frozen_requests_and_parent_unchanged) ... ok
2026-09-12T20:56:36.6072853Z test_http_failure_preserved_and_other_requests_attempted_once (test_early_pullback_provider_check_v01.ProviderCheckTests.test_http_failure_preserved_and_other_requests_attempted_once) ... ok
2026-09-12T20:56:36.6137369Z test_in_memory_retries_and_out_of_order_attempts_rejected (test_early_pullback_provider_check_v01.ProviderCheckTests.test_in_memory_retries_and_out_of_order_attempts_rejected) ... ok
2026-09-12T20:56:36.6292844Z test_intent_is_written_before_each_network_attempt (test_early_pullback_provider_check_v01.ProviderCheckTests.test_intent_is_written_before_each_network_attempt) ... ok
2026-09-12T20:56:36.6358134Z test_interruption_preserves_consumed_intent_without_invented_response (test_early_pullback_provider_check_v01.ProviderCheckTests.test_interruption_preserves_consumed_intent_without_invented_response) ... ok
2026-09-12T20:56:36.6368093Z test_invalid_daily_clock_order_and_duplicate_rejected (test_early_pullback_provider_check_v01.ProviderCheckTests.test_invalid_daily_clock_order_and_duplicate_rejected) ... ok
2026-09-12T20:56:36.6374689Z test_membership_row_filter_or_provider_status_mismatch_fails (test_early_pullback_provider_check_v01.ProviderCheckTests.test_membership_row_filter_or_provider_status_mismatch_fails) ... ok
2026-09-12T20:56:36.6380525Z test_missing_credentials_fail_before_output_or_network (test_early_pullback_provider_check_v01.ProviderCheckTests.test_missing_credentials_fail_before_output_or_network) ... ok
2026-09-12T20:56:36.6519933Z test_no_secret_price_ticker_company_or_next_url_retained (test_early_pullback_provider_check_v01.ProviderCheckTests.test_no_secret_price_ticker_company_or_next_url_retained) ... ok
2026-09-12T20:56:36.6689732Z test_non_json_response_is_retained_as_failure (test_early_pullback_provider_check_v01.ProviderCheckTests.test_non_json_response_is_retained_as_failure) ... ok
2026-09-12T20:56:36.6692984Z test_only_successful_exact_code_ci_permits_consumption (test_early_pullback_provider_check_v01.ProviderCheckTests.test_only_successful_exact_code_ci_permits_consumption) ... ok
2026-09-12T20:56:36.6826112Z test_oversized_body_reads_only_one_bounded_prefix (test_early_pullback_provider_check_v01.ProviderCheckTests.test_oversized_body_reads_only_one_bounded_prefix) ... ok
2026-09-12T20:56:36.6983001Z test_polygon_route_chosen_before_attempts_without_runtime_fallback (test_early_pullback_provider_check_v01.ProviderCheckTests.test_polygon_route_chosen_before_attempts_without_runtime_fallback) ... ok
2026-09-12T20:56:36.6985952Z test_redirect_handler_refuses_new_request (test_early_pullback_provider_check_v01.ProviderCheckTests.test_redirect_handler_refuses_new_request) ... ok
2026-09-12T20:56:36.7125250Z test_requests_match_exact_parameters_with_no_pagination (test_early_pullback_provider_check_v01.ProviderCheckTests.test_requests_match_exact_parameters_with_no_pagination) ... ok
2026-09-12T20:56:36.7267555Z test_response_digest_is_raw_bytes_not_projected_values (test_early_pullback_provider_check_v01.ProviderCheckTests.test_response_digest_is_raw_bytes_not_projected_values) ... ok
2026-09-12T20:56:36.7443404Z test_run_cannot_repeat_after_completion (test_early_pullback_provider_check_v01.ProviderCheckTests.test_run_cannot_repeat_after_completion) ... ok
2026-09-12T20:56:36.7447676Z test_schema_subset_and_exclusive_end_enforced (test_early_pullback_provider_check_v01.ProviderCheckTests.test_schema_subset_and_exclusive_end_enforced) ... ok
2026-09-12T20:56:36.7579475Z test_transport_exception_text_never_retained (test_early_pullback_provider_check_v01.ProviderCheckTests.test_transport_exception_text_never_retained) ... ok
2026-09-12T20:56:36.7714563Z test_unexpected_content_encoding_rejected_without_read (test_early_pullback_provider_check_v01.ProviderCheckTests.test_unexpected_content_encoding_rejected_without_read) ... ok
2026-09-12T20:56:36.7806912Z test_workflow_consumes_before_separate_read_only_provider_job (test_early_pullback_provider_check_v01.ProviderCheckTests.test_workflow_consumes_before_separate_read_only_provider_job) ... ok
2026-09-12T20:56:36.7972607Z test_wrong_external_execution_identity_rejected (test_early_pullback_provider_check_v01.ProviderCheckTests.test_wrong_external_execution_identity_rejected) ... ok
2026-09-12T20:56:36.8038441Z test_decision_cannot_use_incomplete_or_expired_bar (test_early_pullback_selection_v01.CausalEarlyPullbackTests.test_decision_cannot_use_incomplete_or_expired_bar) ... ok
2026-09-12T20:56:36.8053244Z test_empty_prefix_fails (test_early_pullback_selection_v01.CausalEarlyPullbackTests.test_empty_prefix_fails) ... ok
2026-09-12T20:56:36.8078154Z test_equal_running_high_does_not_confirm_resumption (test_early_pullback_selection_v01.CausalEarlyPullbackTests.test_equal_running_high_does_not_confirm_resumption) ... ok
2026-09-12T20:56:36.8140355Z test_first_and_second_selected_third_withheld (test_early_pullback_selection_v01.CausalEarlyPullbackTests.test_first_and_second_selected_third_withheld) ... ok
2026-09-12T20:56:36.8152318Z test_future_prefix_is_rejected_not_silently_sliced (test_early_pullback_selection_v01.CausalEarlyPullbackTests.test_future_prefix_is_rejected_not_silently_sliced) ... ok
2026-09-12T20:56:36.8200817Z test_input_not_mutated_and_prefix_identity_changes_with_market_evidence (test_early_pullback_selection_v01.CausalEarlyPullbackTests.test_input_not_mutated_and_prefix_identity_changes_with_market_evidence) ... ok
2026-09-12T20:56:36.8260870Z test_invalid_indices_fail (test_early_pullback_selection_v01.CausalEarlyPullbackTests.test_invalid_indices_fail) ... ok
2026-09-12T20:56:36.8387848Z test_invalid_market_values_fail (test_early_pullback_selection_v01.CausalEarlyPullbackTests.test_invalid_market_values_fail) ... ok
2026-09-12T20:56:36.8431715Z test_naive_or_missing_clock_fails (test_early_pullback_selection_v01.CausalEarlyPullbackTests.test_naive_or_missing_clock_fails) ... ok
2026-09-12T20:56:36.8500657Z test_prefix_only_no_fill_or_label_inputs (test_early_pullback_selection_v01.CausalEarlyPullbackTests.test_prefix_only_no_fill_or_label_inputs) ... ok
2026-09-12T20:56:36.8511779Z test_prequalification_prefix_fails (test_early_pullback_selection_v01.CausalEarlyPullbackTests.test_prequalification_prefix_fails) ... ok
2026-09-12T20:56:36.8532926Z test_qualification_anchor_is_not_first_entry (test_early_pullback_selection_v01.CausalEarlyPullbackTests.test_qualification_anchor_is_not_first_entry) ... ok
2026-09-12T20:56:36.8645418Z test_timestamp_resolution_does_not_change_decision (test_early_pullback_selection_v01.CausalEarlyPullbackTests.test_timestamp_resolution_does_not_change_decision) ... ok
2026-09-12T20:56:36.8697644Z test_withheld_prefix_does_not_reset_on_next_bar (test_early_pullback_selection_v01.CausalEarlyPullbackTests.test_withheld_prefix_does_not_reset_on_next_bar) ... ok
2026-09-12T20:56:36.8701888Z test_date_only_inventory_includes_path_and_nested_archives (test_early_pullback_selection_v01.PanelSelectionTests.test_date_only_inventory_includes_path_and_nested_archives) ... ok
2026-09-12T20:56:36.8704154Z test_duplicate_exclusions_fail_even_if_rehashed (test_early_pullback_selection_v01.PanelSelectionTests.test_duplicate_exclusions_fail_even_if_rehashed) ... ok
2026-09-12T20:56:36.8706042Z test_empty_duplicate_or_corrupt_inventory_fails (test_early_pullback_selection_v01.PanelSelectionTests.test_empty_duplicate_or_corrupt_inventory_fails) ... ok
2026-09-12T20:56:36.8727102Z test_exhausted_panel_fails_without_relaxing_exclusions (test_early_pullback_selection_v01.PanelSelectionTests.test_exhausted_panel_fails_without_relaxing_exclusions) ... ok
2026-09-12T20:56:36.8729222Z test_inventory_order_irrelevant_and_bytes_bound (test_early_pullback_selection_v01.PanelSelectionTests.test_inventory_order_irrelevant_and_bytes_bound) ... ok
2026-09-12T20:56:36.8742324Z test_selection_deterministic_full_block_no_excluded_date (test_early_pullback_selection_v01.PanelSelectionTests.test_selection_deterministic_full_block_no_excluded_date) ... ok
2026-09-12T20:56:36.8744604Z test_tampered_exclusion_hash_and_parent_fail (test_early_pullback_selection_v01.PanelSelectionTests.test_tampered_exclusion_hash_and_parent_fail) ... ok
2026-09-12T20:56:36.8761503Z test_all_authority_closed_and_both_complete_arms_required (test_early_pullback_selection_v01.SavedRegistrationTests.test_all_authority_closed_and_both_complete_arms_required) ... ok
2026-09-12T20:56:36.8779523Z test_old_baseline_and_prior_exclusions_cannot_be_holdout (test_early_pullback_selection_v01.SavedRegistrationTests.test_old_baseline_and_prior_exclusions_cannot_be_holdout) ... ok
2026-09-12T20:56:36.8794436Z test_registration_and_implementation_bindings (test_early_pullback_selection_v01.SavedRegistrationTests.test_registration_and_implementation_bindings) ... ok
2026-09-12T20:56:36.8817518Z test_saved_panel_reproduces_and_no_claim_of_fresh_external_exposure (test_early_pullback_selection_v01.SavedRegistrationTests.test_saved_panel_reproduces_and_no_claim_of_fresh_external_exposure) ... ok
2026-09-12T20:56:36.8819972Z test_fee_types_aggregate_daily_then_round_up_separately (test_execution_realism.EquityFeeTests.test_fee_types_aggregate_daily_then_round_up_separately) ... ok
2026-09-12T20:56:36.8822252Z test_taf_cap_is_per_sell_trade_before_daily_aggregation (test_execution_realism.EquityFeeTests.test_taf_cap_is_per_sell_trade_before_daily_aggregation) ... ok
2026-09-12T20:56:36.8824362Z test_fresh_arrival_quote_fills_buy_at_ask_and_records_spread (test_execution_realism.MarketableLimitExecutionTests.test_fresh_arrival_quote_fills_buy_at_ask_and_records_spread) ... ok
2026-09-12T20:56:36.8827158Z test_invalid_book_or_out_of_order_stream_fails_closed (test_execution_realism.MarketableLimitExecutionTests.test_invalid_book_or_out_of_order_stream_fails_closed) ... ok
2026-09-12T20:56:36.8829471Z test_non_marketable_limit_cancels_and_halt_can_resume_before_ack (test_execution_realism.MarketableLimitExecutionTests.test_non_marketable_limit_cancels_and_halt_can_resume_before_ack) ... ok
2026-09-12T20:56:36.8831180Z test_partial_fill_haircuts_first_state_once_and_cancels_remainder (test_execution_realism.MarketableLimitExecutionTests.test_partial_fill_haircuts_first_state_once_and_cancels_remainder) ... ok
2026-09-12T20:56:36.8833228Z test_sell_crosses_bid_and_limit_offset_is_directional (test_execution_realism.MarketableLimitExecutionTests.test_sell_crosses_bid_and_limit_offset_is_directional) ... ok
2026-09-12T20:56:36.8834776Z test_stale_quote_fails_unavailable_instead_of_inventing_fill (test_execution_realism.MarketableLimitExecutionTests.test_stale_quote_fails_unavailable_instead_of_inventing_fill) ... ok
2026-09-12T20:56:36.8836254Z test_contract_is_hash_bound_source_selected_and_non_authoritative (test_execution_realism.ProspectiveExecutionContractTests.test_contract_is_hash_bound_source_selected_and_non_authoritative) ... ok
2026-09-12T20:56:36.8838290Z test_contract_mutation_fails_closed (test_execution_realism.ProspectiveExecutionContractTests.test_contract_mutation_fails_closed) ... ok
2026-09-12T20:56:36.8839546Z test_fixed_scenarios_are_conservative_and_stress_not_candidates (test_execution_realism.ProspectiveExecutionContractTests.test_fixed_scenarios_are_conservative_and_stress_not_candidates) ... ok
2026-09-12T20:56:36.8842984Z test_registration_audit_binds_child_without_runtime_authority (test_execution_realism.ProspectiveExecutionContractTests.test_registration_audit_binds_child_without_runtime_authority) ... ok
2026-09-12T20:56:36.8859414Z test_invalid_manual_pass_bound_is_rejected (test_finalize_sec_float_join.FinalizeSecFloatJoinTests.test_invalid_manual_pass_bound_is_rejected) ... ok
2026-09-12T20:56:36.8944983Z test_manual_bounds_produce_deterministic_pass_fail_and_unknown (test_finalize_sec_float_join.FinalizeSecFloatJoinTests.test_manual_bounds_produce_deterministic_pass_fail_and_unknown) ... ok
2026-09-12T20:56:36.8947420Z test_activation_row_must_be_exact_and_complete (test_historical_account_diagnostic.CandidateProjectionTests.test_activation_row_must_be_exact_and_complete) ... ok
2026-09-12T20:56:36.8950341Z test_profiles_are_reapplied_to_same_causal_activation (test_historical_account_diagnostic.CandidateProjectionTests.test_profiles_are_reapplied_to_same_causal_activation) ... ok
2026-09-12T20:56:36.8952224Z test_provider_relative_no_news_exception_remains_narrow (test_historical_account_diagnostic.CandidateProjectionTests.test_provider_relative_no_news_exception_remains_narrow) ... ok
2026-09-12T20:56:36.8954639Z test_runtime_parser_preserves_frozen_plan_and_outcome (test_historical_account_diagnostic.HistoricalCompositionTests.test_runtime_parser_preserves_frozen_plan_and_outcome) ... ok
2026-09-12T20:56:36.8956520Z test_separate_historical_snapshot_does_not_weaken_prospective_guard (test_historical_account_diagnostic.HistoricalCompositionTests.test_separate_historical_snapshot_does_not_weaken_prospective_guard) ... ok
2026-09-12T20:56:36.8966938Z test_unchanged_engine_sizes_and_applies_historical_events (test_historical_account_diagnostic.HistoricalCompositionTests.test_unchanged_engine_sizes_and_applies_historical_events) ... ok
2026-09-12T20:56:36.8969506Z test_contract_is_retrospective_non_promotable_and_separate (test_historical_account_diagnostic.HistoricalDiagnosticContractTests.test_contract_is_retrospective_non_promotable_and_separate) ... ok
2026-09-12T20:56:36.8974319Z test_contract_mutations_fail_closed (test_historical_account_diagnostic.HistoricalDiagnosticContractTests.test_contract_mutations_fail_closed) ... ok
2026-09-12T20:56:36.8983034Z test_mechanical_audit_binds_deliverables (test_historical_account_diagnostic.HistoricalDiagnosticContractTests.test_mechanical_audit_binds_deliverables) ... ok
2026-09-12T20:56:36.8984959Z test_asset_master_fingerprint_is_order_independent (test_historical_data.HistoricalDataTests.test_asset_master_fingerprint_is_order_independent) ... ok
2026-09-12T20:56:36.8986603Z test_asset_master_status_counts_preserve_inactive_members (test_historical_data.HistoricalDataTests.test_asset_master_status_counts_preserve_inactive_members) ... ok
2026-09-12T20:56:36.9008568Z test_daily_scan_basis_is_unchanged_without_split (test_historical_data.HistoricalDataTests.test_daily_scan_basis_is_unchanged_without_split) ... ok
2026-09-12T20:56:36.9042770Z test_daily_scan_basis_normalizes_same_day_reverse_split (test_historical_data.HistoricalDataTests.test_daily_scan_basis_normalizes_same_day_reverse_split) ... ok
2026-09-12T20:56:36.9579904Z test_discovery_audit_accounts_for_complete_candidate_path (test_historical_data.HistoricalDataTests.test_discovery_audit_accounts_for_complete_candidate_path) ... ok
2026-09-12T20:56:37.0088004Z test_discovery_bounds_daily_bar_requests_to_explicit_causal_end (test_historical_data.HistoricalDataTests.test_discovery_bounds_daily_bar_requests_to_explicit_causal_end) ... ok
2026-09-12T20:56:37.0090168Z test_discovery_disposition_fails_closed_at_first_missing_stage (test_historical_data.HistoricalDataTests.test_discovery_disposition_fails_closed_at_first_missing_stage) ... ok
2026-09-12T20:56:37.0130740Z test_discovery_rejects_naive_daily_bar_end (test_historical_data.HistoricalDataTests.test_discovery_rejects_naive_daily_bar_end) ... ok
2026-09-12T20:56:37.0144060Z test_scan_cutoff_is_applied_when_one_minute_bar_is_available (test_historical_data.HistoricalDataTests.test_scan_cutoff_is_applied_when_one_minute_bar_is_available) ... ok
2026-09-12T20:56:37.0181744Z test_split_consistent_basis_cancels_future_adjustment_factor (test_historical_data.HistoricalDataTests.test_split_consistent_basis_cancels_future_adjustment_factor) ... ok
2026-09-12T20:56:37.0187575Z test_basis_observation_never_uses_a_forward_price (test_historical_float.HistoricalFloatTests.test_basis_observation_never_uses_a_forward_price) ... ok
2026-09-12T20:56:37.0189653Z test_evidence_selection_excludes_disclosure_after_qualification (test_historical_float.HistoricalFloatTests.test_evidence_selection_excludes_disclosure_after_qualification) ... ok
2026-09-12T20:56:37.0205138Z test_float_loader_verifies_source_counts_and_record_hash (test_historical_float.HistoricalFloatTests.test_float_loader_verifies_source_counts_and_record_hash) ... ok
2026-09-12T20:56:37.0209603Z test_float_record_contract_rejects_tampered_future_evidence (test_historical_float.HistoricalFloatTests.test_float_record_contract_rejects_tampered_future_evidence) ... ok
2026-09-12T20:56:37.0211375Z test_latest_measure_date_wins_over_later_old_amendment (test_historical_float.HistoricalFloatTests.test_latest_measure_date_wins_over_later_old_amendment) ... ok
2026-09-12T20:56:37.0212829Z test_legacy_float_estimate_does_not_invent_a_missing_bar_start (test_historical_float.HistoricalFloatTests.test_legacy_float_estimate_does_not_invent_a_missing_bar_start) ... ok
2026-09-12T20:56:37.0217654Z test_selected_evidence_produces_split_normalized_bound (test_historical_float.HistoricalFloatTests.test_selected_evidence_produces_split_normalized_bound) ... ok
2026-09-12T20:56:37.0222068Z test_final_preflight_preserves_full_authoritative_census (test_historical_float_identity_v11.HistoricalFloatIdentityV11Tests.test_final_preflight_preserves_full_authoritative_census) ... ok
2026-09-12T20:56:37.0225890Z test_final_summarizer_is_the_only_protected_loader (test_historical_float_identity_v11.HistoricalFloatIdentityV11Tests.test_final_summarizer_is_the_only_protected_loader) ... ok
2026-09-12T20:56:37.0229927Z test_final_summarizer_restores_identity_after_failure (test_historical_float_identity_v11.HistoricalFloatIdentityV11Tests.test_final_summarizer_restores_identity_after_failure) ... ok
2026-09-12T20:56:37.0231792Z test_legacy_failure_is_reproduced_and_scope_restores_parent (test_historical_float_identity_v11.HistoricalFloatIdentityV11Tests.test_legacy_failure_is_reproduced_and_scope_restores_parent) ... ok
2026-09-12T20:56:37.0233209Z test_scope_restores_parent_after_exception (test_historical_float_identity_v11.HistoricalFloatIdentityV11Tests.test_scope_restores_parent_after_exception) ... ok
2026-09-12T20:56:37.0234327Z test_builder_daily_window_stops_after_measure_basis (test_historical_float_v04.HistoricalFloatV04Tests.test_builder_daily_window_stops_after_measure_basis) ... ok
2026-09-12T20:56:37.0308953Z test_date_and_root_loaders_reject_file_tampering (test_historical_float_v04.HistoricalFloatV04Tests.test_date_and_root_loaders_reject_file_tampering) ... ok
2026-09-12T20:56:37.0316082Z test_exact_qualification_minute_target_pair_is_required (test_historical_float_v04.HistoricalFloatV04Tests.test_exact_qualification_minute_target_pair_is_required) ... ok
2026-09-12T20:56:37.0326902Z test_forward_split_before_target_multiplies_shares (test_historical_float_v04.HistoricalFloatV04Tests.test_forward_split_before_target_multiplies_shares) ... ok
2026-09-12T20:56:37.0328572Z test_legacy_v01_contract_is_unchanged (test_historical_float_v04.HistoricalFloatV04Tests.test_legacy_v01_contract_is_unchanged) ... ok
2026-09-12T20:56:37.0342257Z test_malformed_or_misaligned_raw_split_pair_fails_closed (test_historical_float_v04.HistoricalFloatV04Tests.test_malformed_or_misaligned_raw_split_pair_fails_closed) ... ok
2026-09-12T20:56:37.0351429Z test_measure_frames_do_not_retreat_to_an_older_common_session (test_historical_float_v04.HistoricalFloatV04Tests.test_measure_frames_do_not_retreat_to_an_older_common_session) ... ok
2026-09-12T20:56:37.0354074Z test_no_selected_sec_evidence_makes_no_alpaca_basis_call (test_historical_float_v04.HistoricalFloatV04Tests.test_no_selected_sec_evidence_makes_no_alpaca_basis_call) ... ok
2026-09-12T20:56:37.0365602Z test_nonfinite_public_float_and_nonintegral_shares_are_rejected (test_historical_float_v04.HistoricalFloatV04Tests.test_nonfinite_public_float_and_nonintegral_shares_are_rejected) ... ok
2026-09-12T20:56:37.0375975Z test_post_target_split_factor_cancels (test_historical_float_v04.HistoricalFloatV04Tests.test_post_target_split_factor_cancels) ... ok
2026-09-12T20:56:37.0387083Z test_public_float_uses_raw_measure_price_then_target_factor (test_historical_float_v04.HistoricalFloatV04Tests.test_public_float_uses_raw_measure_price_then_target_factor) ... ok
2026-09-12T20:56:37.0408797Z test_record_validation_recomputes_factor_decision_and_lineage (test_historical_float_v04.HistoricalFloatV04Tests.test_record_validation_recomputes_factor_decision_and_lineage) ... ok
2026-09-12T20:56:37.0419230Z test_reverse_split_before_target_divides_shares (test_historical_float_v04.HistoricalFloatV04Tests.test_reverse_split_before_target_divides_shares) ... ok
2026-09-12T20:56:37.0436594Z test_target_basis_payload_round_trip_and_tampering (test_historical_float_v04.HistoricalFloatV04Tests.test_target_basis_payload_round_trip_and_tampering) ... ok
2026-09-12T20:56:37.0449347Z test_threshold_rounding_is_exact_and_conservative (test_historical_float_v04.HistoricalFloatV04Tests.test_threshold_rounding_is_exact_and_conservative) ... ok
2026-09-12T20:56:37.0479179Z test_alias_validation_requires_matching_bars_in_both_directions (test_historical_identity_audit.HistoricalIdentityAuditTests.test_alias_validation_requires_matching_bars_in_both_directions) ... ok
2026-09-12T20:56:37.0481751Z test_failed_alias_inside_later_lookback_remains_unresolved (test_historical_identity_audit.HistoricalIdentityAuditTests.test_failed_alias_inside_later_lookback_remains_unresolved) ... ok
2026-09-12T20:56:37.0483872Z test_failed_full_gap_alias_is_safe_when_change_precedes_lookback (test_historical_identity_audit.HistoricalIdentityAuditTests.test_failed_full_gap_alias_is_safe_when_change_precedes_lookback) ... ok
2026-09-12T20:56:37.0485820Z test_recursive_symbol_extraction_and_relevance_filter (test_historical_identity_audit.HistoricalIdentityAuditTests.test_recursive_symbol_extraction_and_relevance_filter) ... ok
2026-09-12T20:56:37.0487831Z test_as_of_projection_is_inclusive_and_requires_aware_time (test_historical_news.HistoricalNewsTests.test_as_of_projection_is_inclusive_and_requires_aware_time) ... ok
2026-09-12T20:56:37.0510561Z test_loader_checks_hashes_coverage_and_as_of_projection (test_historical_news.HistoricalNewsTests.test_loader_checks_hashes_coverage_and_as_of_projection) ... ok
2026-09-12T20:56:37.0512245Z test_post_only_event_stays_on_tape_but_not_in_status (test_historical_news.HistoricalNewsTests.test_post_only_event_stays_on_tape_but_not_in_status) ... ok
2026-09-12T20:56:37.0516037Z test_prior_session_comes_from_market_calendar_proxy (test_historical_news.HistoricalNewsTests.test_prior_session_comes_from_market_calendar_proxy) ... ok
2026-09-12T20:56:37.0517826Z test_provider_failure_is_unknown_not_no_news (test_historical_news.HistoricalNewsTests.test_provider_failure_is_unknown_not_no_news) ... ok
2026-09-12T20:56:37.0519540Z test_v0_2_preserves_v0_1_provenance_and_hardens_boundary (test_historical_news.HistoricalNewsTests.test_v0_2_preserves_v0_1_provenance_and_hardens_boundary) ... ok
2026-09-12T20:56:37.0521397Z test_validator_rejects_ambiguous_full_window_status_field (test_historical_news.HistoricalNewsTests.test_validator_rejects_ambiguous_full_window_status_field) ... ok
2026-09-12T20:56:37.1573568Z test_low_price_small_account_candidate_is_retained_by_union (test_historical_profile_union_v01.HistoricalProfileUnionV01Tests.test_low_price_small_account_candidate_is_retained_by_union) ... ok
2026-09-12T20:56:37.1580893Z test_union_is_exactly_derived_without_mutating_strategy_profiles (test_historical_profile_union_v01.HistoricalProfileUnionV01Tests.test_union_is_exactly_derived_without_mutating_strategy_profiles) ... ok
2026-09-12T20:56:37.1589465Z test_union_proves_coverage_of_both_frozen_profiles (test_historical_profile_union_v01.HistoricalProfileUnionV01Tests.test_union_proves_coverage_of_both_frozen_profiles) ... ok
2026-09-12T20:56:37.1600533Z test_union_rejects_changed_parent_or_changed_union (test_historical_profile_union_v01.HistoricalProfileUnionV01Tests.test_union_rejects_changed_parent_or_changed_union) ... ok
2026-09-12T20:56:37.1607246Z test_v04_mode_is_fixed_before_any_provider_or_file_access (test_historical_profile_union_v01.HistoricalProfileUnionV01Tests.test_v04_mode_is_fixed_before_any_provider_or_file_access) ... ok
2026-09-12T20:56:37.1609508Z test_clean_common_equity_with_complete_bars_is_included (test_historical_universe.HistoricalUniverseTests.test_clean_common_equity_with_complete_bars_is_included) ... ok
2026-09-12T20:56:37.1612458Z test_collision_selects_one_clean_identity_but_not_two (test_historical_universe.HistoricalUniverseTests.test_collision_selects_one_clean_identity_but_not_two) ... ok
2026-09-12T20:56:37.1617390Z test_market_data_failure_reasons_are_structural_and_deterministic (test_historical_universe.HistoricalUniverseTests.test_market_data_failure_reasons_are_structural_and_deterministic) ... ok
2026-09-12T20:56:37.1619769Z test_missing_coverage_and_disallowed_exchange_fail_closed (test_historical_universe.HistoricalUniverseTests.test_missing_coverage_and_disallowed_exchange_fail_closed) ... ok
2026-09-12T20:56:37.1621447Z test_policy_manifest_is_stable_and_non_promotable_by_status (test_historical_universe.HistoricalUniverseTests.test_policy_manifest_is_stable_and_non_promotable_by_status) ... ok
2026-09-12T20:56:37.1624074Z test_type_name_conflict_and_units_fail_closed (test_historical_universe.HistoricalUniverseTests.test_type_name_conflict_and_units_fail_closed) ... ok
2026-09-12T20:56:37.1627155Z test_bridge_fingerprint_is_input_order_independent (test_identity_continuity.IdentityContinuityTests.test_bridge_fingerprint_is_input_order_independent) ... ok
2026-09-12T20:56:37.1628768Z test_different_nonblank_figis_are_not_collapsed_by_cik (test_identity_continuity.IdentityContinuityTests.test_different_nonblank_figis_are_not_collapsed_by_cik) ... ok
2026-09-12T20:56:37.1630845Z test_figi_primary_cik_fallback_and_symbol_reuse_are_explicit (test_identity_continuity.IdentityContinuityTests.test_figi_primary_cik_fallback_and_symbol_reuse_are_explicit) ... ok
2026-09-12T20:56:37.1632805Z test_nonunique_cik_without_figi_is_quarantined (test_identity_continuity.IdentityContinuityTests.test_nonunique_cik_without_figi_is_quarantined) ... ok
2026-09-12T20:56:37.1634192Z test_single_date_status_uses_the_same_frozen_rule (test_identity_continuity.IdentityContinuityTests.test_single_date_status_uses_the_same_frozen_rule) ... ok
2026-09-12T20:56:37.1647236Z test_loader_verifies_complete_bundle_before_returning_rows (test_identity_resolved_universe.IdentityResolvedUniverseTests.test_loader_verifies_complete_bundle_before_returning_rows) ... ok
2026-09-12T20:56:37.1648978Z test_policy_is_fingerprinted_and_non_promotable (test_identity_resolved_universe.IdentityResolvedUniverseTests.test_policy_is_fingerprinted_and_non_promotable) ... ok
2026-09-12T20:56:37.1650670Z test_provisional_membership_fingerprint_is_order_invariant (test_identity_resolved_universe.IdentityResolvedUniverseTests.test_provisional_membership_fingerprint_is_order_invariant) ... ok
2026-09-12T20:56:37.1652508Z test_resolution_removes_only_quarantine_and_attaches_identity (test_identity_resolved_universe.IdentityResolvedUniverseTests.test_resolution_removes_only_quarantine_and_attaches_identity) ... ok
2026-09-12T20:56:37.1654180Z test_statuses_must_cover_every_provisional_ticker (test_identity_resolved_universe.IdentityResolvedUniverseTests.test_statuses_must_cover_every_provisional_ticker) ... ok
2026-09-12T20:56:37.1655356Z test_unique_cik_fallback_requires_missing_figi (test_identity_resolved_universe.IdentityResolvedUniverseTests.test_unique_cik_fallback_requires_missing_figi) ... ok
2026-09-12T20:56:37.1719148Z test_completed_bar_support_is_timestamped_when_bar_closes (test_indicators.IndicatorTests.test_completed_bar_support_is_timestamped_when_bar_closes) ... ok
2026-09-12T20:56:37.1744603Z test_completed_bar_support_requires_timezone_aware_bars (test_indicators.IndicatorTests.test_completed_bar_support_requires_timezone_aware_bars) ... ok
2026-09-12T20:56:37.1792195Z test_ema_warmup_requires_timezone_aware_bars (test_indicators.IndicatorTests.test_ema_warmup_requires_timezone_aware_bars) ... ok
2026-09-12T20:56:37.1952522Z test_ema_warmup_uses_only_bars_before_session_start (test_indicators.IndicatorTests.test_ema_warmup_uses_only_bars_before_session_start) ... ok
2026-09-12T20:56:37.2087642Z test_prior_bars_warm_ema_without_changing_session_vwap (test_indicators.IndicatorTests.test_prior_bars_warm_ema_without_changing_session_vwap) ... ok
2026-09-12T20:56:37.2101428Z test_standard_macd_is_positive_on_strong_rise (test_indicators.IndicatorTests.test_standard_macd_is_positive_on_strong_rise) ... ok
2026-09-12T20:56:37.2106690Z test_upper_wick_fraction (test_indicators.IndicatorTests.test_upper_wick_fraction) ... ok
2026-09-12T20:56:37.2162897Z test_vwap_is_causal (test_indicators.IndicatorTests.test_vwap_is_causal) ... ok
2026-09-12T20:56:37.2165493Z test_company_names_do_not_trigger_broad_keyword_false_positives (test_instrument_metadata.InstrumentMetadataTests.test_company_names_do_not_trigger_broad_keyword_false_positives) ... ok
2026-09-12T20:56:37.2176289Z test_explicit_preferred_debt_and_rights_fail_closed (test_instrument_metadata.InstrumentMetadataTests.test_explicit_preferred_debt_and_rights_fail_closed) ... ok
2026-09-12T20:56:37.2179665Z test_manifest_is_deterministic_and_explicitly_not_eligibility (test_instrument_metadata.InstrumentMetadataTests.test_manifest_is_deterministic_and_explicitly_not_eligibility) ... ok
2026-09-12T20:56:37.2182089Z test_non_common_provider_type_stays_outside_common_family (test_instrument_metadata.InstrumentMetadataTests.test_non_common_provider_type_stays_outside_common_family) ... ok
2026-09-12T20:56:37.2184535Z test_plain_depositary_structure_is_reviewed_but_american_adr_is_not (test_instrument_metadata.InstrumentMetadataTests.test_plain_depositary_structure_is_reviewed_but_american_adr_is_not) ... ok
2026-09-12T20:56:37.2187630Z test_summary_and_date_manifest_remain_non_promotable (test_instrument_metadata.InstrumentMetadataTests.test_summary_and_date_manifest_remain_non_promotable) ... ok
2026-09-12T20:56:37.2190150Z test_units_are_quarantined_for_review_not_called_debt (test_instrument_metadata.InstrumentMetadataTests.test_units_are_quarantined_for_review_not_called_debt) ... ok
2026-09-12T20:56:37.2429913Z test_legacy_provider_workflows_are_manual_only (test_legacy_provider_workflow_gates.LegacyProviderWorkflowGateTests.test_legacy_provider_workflows_are_manual_only) ... ok
2026-09-12T20:56:37.2432366Z test_naive_response_timestamp_is_interpreted_as_documented_utc (test_marketaux_provider.MarketAuxProviderTests.test_naive_response_timestamp_is_interpreted_as_documented_utc) ... ok
2026-09-12T20:56:37.2434450Z test_naive_timestamp_is_rejected (test_marketaux_provider.MarketAuxProviderTests.test_naive_timestamp_is_rejected) ... ok
2026-09-12T20:56:37.2436359Z test_offset_response_timestamp_is_normalized_to_utc (test_marketaux_provider.MarketAuxProviderTests.test_offset_response_timestamp_is_normalized_to_utc) ... ok
2026-09-12T20:56:37.2438884Z test_timestamp_is_converted_to_utc_without_offset_suffix (test_marketaux_provider.MarketAuxProviderTests.test_timestamp_is_converted_to_utc_without_offset_suffix) ... ok
2026-09-12T20:56:37.2441300Z test_coverage_manifest_is_never_policy_promotable (test_massive_market_coverage.MassiveMarketCoverageTests.test_coverage_manifest_is_never_policy_promotable) ... ok
2026-09-12T20:56:37.2443681Z test_groups_colliding_security_records_into_one_market_query (test_massive_market_coverage.MassiveMarketCoverageTests.test_groups_colliding_security_records_into_one_market_query) ... ok
2026-09-12T20:56:37.2446136Z test_requires_prior_and_target_in_both_adjustment_series (test_massive_market_coverage.MassiveMarketCoverageTests.test_requires_prior_and_target_in_both_adjustment_series) ... ok
2026-09-12T20:56:37.2448791Z test_summary_preserves_type_and_exchange_failure_rates (test_massive_market_coverage.MassiveMarketCoverageTests.test_summary_preserves_type_and_exchange_failure_rates) ... ok
2026-09-12T20:56:37.2451068Z test_cursor_order_regression_is_recorded_not_rejected (test_massive_provider.MassiveProviderTests.test_cursor_order_regression_is_recorded_not_rejected) ... ok
2026-09-12T20:56:37.2453211Z test_exact_membership_identity_duplicate_fails_closed (test_massive_provider.MassiveProviderTests.test_exact_membership_identity_duplicate_fails_closed) ... ok
2026-09-12T20:56:37.2455832Z test_fingerprints_are_order_independent_and_membership_scoped (test_massive_provider.MassiveProviderTests.test_fingerprints_are_order_independent_and_membership_scoped) ... ok
2026-09-12T20:56:37.2458071Z test_non_active_row_fails_closed (test_massive_provider.MassiveProviderTests.test_non_active_row_fails_closed) ... ok
2026-09-12T20:56:37.2460519Z test_paginates_normalizes_and_never_preserves_cursor_secret (test_massive_provider.MassiveProviderTests.test_paginates_normalizes_and_never_preserves_cursor_secret) ... ok
2026-09-12T20:56:37.2464846Z test_repeated_cursor_is_rejected (test_massive_provider.MassiveProviderTests.test_repeated_cursor_is_rejected) ... ok
2026-09-12T20:56:37.2467504Z test_same_ticker_with_distinct_security_identities_is_preserved (test_massive_provider.MassiveProviderTests.test_same_ticker_with_distinct_security_identities_is_preserved) ... ok
2026-09-12T20:56:37.2470396Z test_stock_splits_paginate_and_keep_secret_out_of_result (test_massive_provider.MassiveProviderTests.test_stock_splits_paginate_and_keep_secret_out_of_result) ... ok
2026-09-12T20:56:37.2472704Z test_ticker_events_accept_composite_figi_and_normalize_events (test_massive_provider.MassiveProviderTests.test_ticker_events_accept_composite_figi_and_normalize_events) ... ok
2026-09-12T20:56:37.2474916Z test_ticker_types_normalize_documented_response (test_massive_provider.MassiveProviderTests.test_ticker_types_normalize_documented_response) ... ok
2026-09-12T20:56:37.2477023Z test_unofficial_pagination_host_is_rejected (test_massive_provider.MassiveProviderTests.test_unofficial_pagination_host_is_rejected) ... ok
2026-09-12T20:56:37.2510932Z test_aggregate_ten_second_bars_excludes_odd_lot_from_prices (test_micro_bars.MicroBarTests.test_aggregate_ten_second_bars_excludes_odd_lot_from_prices) ... ok
2026-09-12T20:56:37.2512881Z test_condition_rules_apply_strictest_semantics (test_micro_bars.MicroBarTests.test_condition_rules_apply_strictest_semantics) ... ok
2026-09-12T20:56:37.2530194Z test_fully_filtered_nonempty_tape_keeps_aware_empty_index (test_micro_bars.MicroBarTests.test_fully_filtered_nonempty_tape_keeps_aware_empty_index) ... ok
2026-09-12T20:56:37.2556347Z test_high_low_timestamps_preserve_intrabar_sequence (test_micro_bars.MicroBarTests.test_high_low_timestamps_preserve_intrabar_sequence) ... ok
2026-09-12T20:56:37.2581959Z test_unknown_condition_fails_closed_and_is_counted (test_micro_bars.MicroBarTests.test_unknown_condition_fails_closed_and_is_counted) ... ok
2026-09-12T20:56:37.2584876Z test_comparison_reports_matches_and_price_mismatches_without_selecting_variant (test_micro_benchmark.MicroBenchmarkTests.test_comparison_reports_matches_and_price_mismatches_without_selecting_variant) ... ok
2026-09-12T20:56:37.2587596Z test_dsy_style_fill_list_is_preserved_as_all_references (test_micro_benchmark.MicroBenchmarkTests.test_dsy_style_fill_list_is_preserved_as_all_references) ... ok
2026-09-12T20:56:37.2589568Z test_label_knowledge_policy_is_enforced (test_micro_benchmark.MicroBenchmarkTests.test_label_knowledge_policy_is_enforced) ... ok
2026-09-12T20:56:37.2591347Z test_runtime_and_label_symbols_must_match (test_micro_benchmark.MicroBenchmarkTests.test_runtime_and_label_symbols_must_match) ... ok
2026-09-12T20:56:37.2593162Z test_runtime_knowledge_policy_is_enforced (test_micro_benchmark.MicroBenchmarkTests.test_runtime_knowledge_policy_is_enforced) ... ok
2026-09-12T20:56:37.2715560Z test_ablation_artifact_is_label_blind_and_parent_provenanced (test_micro_context_ablation.PrequalificationContextAblationTests.test_ablation_artifact_is_label_blind_and_parent_provenanced) ... ok
2026-09-12T20:56:37.2718554Z test_context_bound_is_derived_from_parent_geometry (test_micro_context_ablation.PrequalificationContextAblationTests.test_context_bound_is_derived_from_parent_geometry) ... ok
2026-09-12T20:56:37.2886317Z test_context_can_recognize_existing_pullback_without_prequal_action (test_micro_context_ablation.PrequalificationContextAblationTests.test_context_can_recognize_existing_pullback_without_prequal_action) ... ok
2026-09-12T20:56:37.2894361Z test_context_start_uses_only_bars_completed_before_qualification (test_micro_context_ablation.PrequalificationContextAblationTests.test_context_start_uses_only_bars_completed_before_qualification) ... ok
2026-09-12T20:56:37.2897637Z test_bar_that_finishes_at_high_does_not_arm (test_micro_execution.MicroExecutionTests.test_bar_that_finishes_at_high_does_not_arm) ... ok
2026-09-12T20:56:37.3074910Z test_batch_execution_matches_single_plan_semantics (test_micro_execution.MicroExecutionTests.test_batch_execution_matches_single_plan_semantics) ... ok
2026-09-12T20:56:37.3222481Z test_clean_odd_lot_is_execution_visible_but_not_chart_visible (test_micro_execution.MicroExecutionTests.test_clean_odd_lot_is_execution_visible_but_not_chart_visible) ... ok
2026-09-12T20:56:37.3227418Z test_completed_bar_arms_only_after_close_and_for_one_next_bar (test_micro_execution.MicroExecutionTests.test_completed_bar_arms_only_after_close_and_for_one_next_bar) ... ok
2026-09-12T20:56:37.3352272Z test_dsy_shaped_trigger_modes_bracket_observed_price_path (test_micro_execution.MicroExecutionTests.test_dsy_shaped_trigger_modes_bracket_observed_price_path) ... ok
2026-09-12T20:56:37.3463631Z test_entry_latency_delays_fill_without_changing_trigger (test_micro_execution.MicroExecutionTests.test_entry_latency_delays_fill_without_changing_trigger) ... ok
2026-09-12T20:56:37.3523248Z test_gap_above_trigger_is_recorded_as_entry_slippage (test_micro_execution.MicroExecutionTests.test_gap_above_trigger_is_recorded_as_entry_slippage) ... ok
2026-09-12T20:56:37.3554150Z test_odd_lot_does_not_override_another_disqualifying_condition (test_micro_execution.MicroExecutionTests.test_odd_lot_does_not_override_another_disqualifying_condition) ... ok
2026-09-12T20:56:37.3600945Z test_plan_expires_before_late_breakout (test_micro_execution.MicroExecutionTests.test_plan_expires_before_late_breakout) ... ok
2026-09-12T20:56:37.3732137Z test_stop_and_target_use_ordered_post_fill_prints (test_micro_execution.MicroExecutionTests.test_stop_and_target_use_ordered_post_fill_prints) ... ok
2026-09-12T20:56:37.3884306Z test_only_qualification_base_changes_retrace_decision (test_micro_impulse_base_ablation.QualificationAnchoredImpulseBaseTests.test_only_qualification_base_changes_retrace_decision) ... ok
2026-09-12T20:56:37.3904133Z test_prequalification_low_is_never_used (test_micro_impulse_base_ablation.QualificationAnchoredImpulseBaseTests.test_prequalification_low_is_never_used) ... ok
2026-09-12T20:56:37.4088372Z test_replay_and_runtime_artifact_remain_label_blind (test_micro_impulse_base_ablation.QualificationAnchoredImpulseBaseTests.test_replay_and_runtime_artifact_remain_label_blind) ... ok
2026-09-12T20:56:37.4090900Z test_spec_changes_no_threshold_or_peak_rule (test_micro_impulse_base_ablation.QualificationAnchoredImpulseBaseTests.test_spec_changes_no_threshold_or_peak_rule) ... ok
2026-09-12T20:56:37.4116159Z test_local_peak_accepts_lower_impulse_that_parent_running_high_rejects (test_micro_local_peak_ablation.LocalImpulsePeakAblationTests.test_local_peak_accepts_lower_impulse_that_parent_running_high_rejects) ... ok
2026-09-12T20:56:37.4492077Z test_replay_changes_only_peak_scope_and_fills_postqualification (test_micro_local_peak_ablation.LocalImpulsePeakAblationTests.test_replay_changes_only_peak_scope_and_fills_postqualification) ... ok
2026-09-12T20:56:37.4715020Z test_runtime_artifact_is_label_blind_and_parent_provenanced (test_micro_local_peak_ablation.LocalImpulsePeakAblationTests.test_runtime_artifact_is_label_blind_and_parent_provenanced) ... ok
2026-09-12T20:56:37.4717908Z test_spec_uses_parent_impulse_lookback_without_new_constant (test_micro_local_peak_ablation.LocalImpulsePeakAblationTests.test_spec_uses_parent_impulse_lookback_without_new_constant) ... ok
2026-09-12T20:56:37.4720264Z test_manifest_is_stable_and_fingerprinted (test_micro_policy.FrozenMicroPolicyTests.test_manifest_is_stable_and_fingerprinted) ... ok
2026-09-12T20:56:37.4721930Z test_micro_v0_1_exact_contract (test_micro_policy.FrozenMicroPolicyTests.test_micro_v0_1_exact_contract) ... ok
2026-09-12T20:56:37.4745210Z test_active_pullback_number_advances_only_after_confirmed_resumption (test_micro_replay.MicroReplayTests.test_active_pullback_number_advances_only_after_confirmed_resumption) ... ok
2026-09-12T20:56:37.5002456Z test_replay_attaches_only_second_pullback_fill_without_labels (test_micro_replay.MicroReplayTests.test_replay_attaches_only_second_pullback_fill_without_labels) ... ok
2026-09-12T20:56:37.5016349Z test_replay_rejects_timezone_naive_candidate_anchor (test_micro_replay.MicroReplayTests.test_replay_rejects_timezone_naive_candidate_anchor) ... ok
2026-09-12T20:56:37.5282809Z test_runtime_artifact_is_json_safe_and_label_blind (test_micro_replay.MicroReplayTests.test_runtime_artifact_is_json_safe_and_label_blind) ... ok
2026-09-12T20:56:37.5315376Z test_canonical_micro_plan_uses_last_pullback_high_and_pullback_low (test_micro_setup.MicroSetupTests.test_canonical_micro_plan_uses_last_pullback_high_and_pullback_low) ... ok
2026-09-12T20:56:37.5337928Z test_canonical_policy_fails_closed_without_support_context (test_micro_setup.MicroSetupTests.test_canonical_policy_fails_closed_without_support_context) ... ok
2026-09-12T20:56:37.5363032Z test_equal_high_retest_does_not_replace_strict_running_high_peak (test_micro_setup.MicroSetupTests.test_equal_high_retest_does_not_replace_strict_running_high_peak) ... ok
2026-09-12T20:56:37.5386409Z test_geometry_research_policy_can_run_without_support_series (test_micro_setup.MicroSetupTests.test_geometry_research_policy_can_run_without_support_series) ... ok
2026-09-12T20:56:37.5418788Z test_psychological_levels_are_context_not_canonical_trigger (test_micro_setup.MicroSetupTests.test_psychological_levels_are_context_not_canonical_trigger) ... ok
2026-09-12T20:56:37.5446698Z test_pullback_below_support_is_rejected (test_micro_setup.MicroSetupTests.test_pullback_below_support_is_rejected) ... ok
2026-09-12T20:56:37.5471033Z test_pullback_volume_must_be_lighter (test_micro_setup.MicroSetupTests.test_pullback_volume_must_be_lighter) ... ok
2026-09-12T20:56:37.5483943Z test_pullbacks_are_counted_only_after_candidate_start (test_micro_setup.MicroSetupTests.test_pullbacks_are_counted_only_after_candidate_start) ... ok
2026-09-12T20:56:37.5506116Z test_retrace_above_half_is_rejected (test_micro_setup.MicroSetupTests.test_retrace_above_half_is_rejected) ... ok
2026-09-12T20:56:37.5537326Z test_support_series_does_not_read_future_values (test_micro_setup.MicroSetupTests.test_support_series_does_not_read_future_values) ... ok
2026-09-12T20:56:37.5547614Z test_unconfirmed_pullback_is_not_reported (test_micro_setup.MicroSetupTests.test_unconfirmed_pullback_is_not_reported) ... ok
2026-09-12T20:56:37.5706825Z test_context_volume_cell_can_use_completed_prequalification_structure (test_micro_volume_ablation.MicroVolumeAblationTests.test_context_volume_cell_can_use_completed_prequalification_structure) ... ok
2026-09-12T20:56:37.5709198Z test_specs_and_child_policy_are_isolated (test_micro_volume_ablation.MicroVolumeAblationTests.test_specs_and_child_policy_are_isolated) ... ok
2026-09-12T20:56:37.5910287Z test_volume_gate_off_can_admit_same_geometry (test_micro_volume_ablation.MicroVolumeAblationTests.test_volume_gate_off_can_admit_same_geometry) ... ok
2026-09-12T20:56:37.5929707Z test_contract_is_hash_bound_and_unarmed (test_microstructure_behavioral_cohort.MicrostructureBehavioralCohortTests.test_contract_is_hash_bound_and_unarmed) ... ok
2026-09-12T20:56:37.6043464Z test_every_opportunity_maps_to_one_exact_request (test_microstructure_behavioral_cohort.MicrostructureBehavioralCohortTests.test_every_opportunity_maps_to_one_exact_request) ... ok
2026-09-12T20:56:37.6058545Z test_execution_gate_is_absent_or_exactly_valid (test_microstructure_behavioral_cohort.MicrostructureBehavioralCohortTests.test_execution_gate_is_absent_or_exactly_valid) ... ok
2026-09-12T20:56:37.6071572Z test_exhaustive_panel_slice_and_quantities_are_frozen (test_microstructure_behavioral_cohort.MicrostructureBehavioralCohortTests.test_exhaustive_panel_slice_and_quantities_are_frozen) ... ok
2026-09-12T20:56:37.6088217Z test_registration_audit_binds_the_implementation (test_microstructure_behavioral_cohort.MicrostructureBehavioralCohortTests.test_registration_audit_binds_the_implementation) ... ok
2026-09-12T20:56:37.6103089Z test_requests_group_dates_and_minimize_the_registered_end (test_microstructure_behavioral_cohort.MicrostructureBehavioralCohortTests.test_requests_group_dates_and_minimize_the_registered_end) ... ok
2026-09-12T20:56:37.6129755Z test_selection_quantity_request_and_authority_drift_fail_closed (test_microstructure_behavioral_cohort.MicrostructureBehavioralCohortTests.test_selection_quantity_request_and_authority_drift_fail_closed) ... ok
2026-09-12T20:56:37.6140399Z test_contract_overclaim_or_provider_authority_fails_closed (test_microstructure_behavioral_comparison.MicrostructureBehavioralComparisonTests.test_contract_overclaim_or_provider_authority_fails_closed) ... ok
2026-09-12T20:56:37.6155267Z test_exact_disjoint_pre_post_comparison_reports_every_horizon (test_microstructure_behavioral_comparison.MicrostructureBehavioralComparisonTests.test_exact_disjoint_pre_post_comparison_reports_every_horizon) ... ok
2026-09-12T20:56:37.6159621Z test_registration_audit_binds_the_unarmed_bundle (test_microstructure_behavioral_comparison.MicrostructureBehavioralComparisonTests.test_registration_audit_binds_the_unarmed_bundle) ... ok
2026-09-12T20:56:37.6162249Z test_registration_is_hash_bound_unarmed_and_preoutcome (test_microstructure_behavioral_comparison.MicrostructureBehavioralComparisonTests.test_registration_is_hash_bound_unarmed_and_preoutcome) ... ok
2026-09-12T20:56:37.6174512Z test_scope_anchor_breakout_and_horizon_drift_fail_closed (test_microstructure_behavioral_comparison.MicrostructureBehavioralComparisonTests.test_scope_anchor_breakout_and_horizon_drift_fail_closed) ... ok
2026-09-12T20:56:37.6188332Z test_snapshot_tamper_labels_thresholds_and_authority_fail_closed (test_microstructure_behavioral_comparison.MicrostructureBehavioralComparisonTests.test_snapshot_tamper_labels_thresholds_and_authority_fail_closed) ... ok
2026-09-12T20:56:37.6198534Z test_unavailable_tape_families_fail_closed_without_book_loss (test_microstructure_behavioral_comparison.MicrostructureBehavioralComparisonTests.test_unavailable_tape_families_fail_closed_without_book_loss) ... ok
2026-09-12T20:56:37.6210641Z test_bridge_reports_complete_six_cell_pending_matrix (test_microstructure_behavioral_execution_bridge.MicrostructureBehavioralExecutionBridgeTests.test_bridge_reports_complete_six_cell_pending_matrix) ... ok
2026-09-12T20:56:37.6212514Z test_contract_binds_success_and_remains_unarmed (test_microstructure_behavioral_execution_bridge.MicrostructureBehavioralExecutionBridgeTests.test_contract_binds_success_and_remains_unarmed) ... ok
2026-09-12T20:56:37.6217618Z test_contract_mutation_cannot_enable_selection_or_authority (test_microstructure_behavioral_execution_bridge.MicrostructureBehavioralExecutionBridgeTests.test_contract_mutation_cannot_enable_selection_or_authority) ... ok
2026-09-12T20:56:37.6222285Z test_each_scenario_reuses_the_same_aggregate_for_each_horizon (test_microstructure_behavioral_execution_bridge.MicrostructureBehavioralExecutionBridgeTests.test_each_scenario_reuses_the_same_aggregate_for_each_horizon) ... ok
2026-09-12T20:56:37.6225452Z test_registration_audit_is_hash_bound_and_provider_inert (test_microstructure_behavioral_execution_bridge.MicrostructureBehavioralExecutionBridgeTests.test_registration_audit_is_hash_bound_and_provider_inert) ... ok
2026-09-12T20:56:37.6229266Z test_activity_spread_selection_rejects_outcomes (test_microstructure_contract.MicrostructureContractTests.test_activity_spread_selection_rejects_outcomes) ... ok
2026-09-12T20:56:37.6230906Z test_complete_snapshot_then_live_event_is_valid (test_microstructure_contract.MicrostructureContractTests.test_complete_snapshot_then_live_event_is_valid) ... ok
2026-09-12T20:56:37.6240089Z test_frozen_zip_inspector_uses_only_label_blind_rows (test_microstructure_contract.MicrostructureContractTests.test_frozen_zip_inspector_uses_only_label_blind_rows) ... ok
2026-09-12T20:56:37.6243460Z test_missing_clear_incomplete_snapshot_and_bad_clock_fail_closed (test_microstructure_contract.MicrostructureContractTests.test_missing_clear_incomplete_snapshot_and_bad_clock_fail_closed) ... ok
2026-09-12T20:56:37.6248378Z test_permanent_audit_binds_feasibility_deliverables (test_microstructure_contract.MicrostructureContractTests.test_permanent_audit_binds_feasibility_deliverables) ... ok
2026-09-12T20:56:37.6262799Z test_purchase_or_consolidated_depth_overclaim_fails_closed (test_microstructure_contract.MicrostructureContractTests.test_purchase_or_consolidated_depth_overclaim_fails_closed) ... ok
2026-09-12T20:56:37.6270873Z test_registration_is_hash_bound_and_keeps_single_venue_scope_explicit (test_microstructure_contract.MicrostructureContractTests.test_registration_is_hash_bound_and_keeps_single_venue_scope_explicit) ... ok
2026-09-12T20:56:37.6272856Z test_tape_preserves_unknown_aggressor_and_rejects_duplicate_ids (test_microstructure_contract.MicrostructureContractTests.test_tape_preserves_unknown_aggressor_and_rejects_duplicate_ids) ... ok
2026-09-12T20:56:37.6277239Z test_registered_windows_are_start_exclusive_and_history_is_bounded (test_microstructure_features.MicrostructureFeatureMechanicsTests.test_registered_windows_are_start_exclusive_and_history_is_bounded) ... ok
2026-09-12T20:56:37.6287522Z test_registration_is_hash_bound_threshold_free_and_unspendable (test_microstructure_features.MicrostructureFeatureMechanicsTests.test_registration_is_hash_bound_threshold_free_and_unspendable) ... ok
2026-09-12T20:56:37.6292139Z test_replenishment_matches_same_price_depletion_fifo (test_microstructure_features.MicrostructureFeatureMechanicsTests.test_replenishment_matches_same_price_depletion_fifo) ... ok
2026-09-12T20:56:37.6299141Z test_reset_incomplete_state_scope_and_time_fail_closed (test_microstructure_features.MicrostructureFeatureMechanicsTests.test_reset_incomplete_state_scope_and_time_fail_closed) ... ok
2026-09-12T20:56:37.6303662Z test_signed_tape_preserves_unknown_and_emits_breakout_context (test_microstructure_features.MicrostructureFeatureMechanicsTests.test_signed_tape_preserves_unknown_and_emits_breakout_context) ... ok
2026-09-12T20:56:37.6309977Z test_snapshot_fingerprint_is_reproducible_and_has_no_authority (test_microstructure_features.MicrostructureFeatureMechanicsTests.test_snapshot_fingerprint_is_reproducible_and_has_no_authority) ... ok
2026-09-12T20:56:37.6313394Z test_tape_correction_fails_affected_families_closed (test_microstructure_features.MicrostructureFeatureMechanicsTests.test_tape_correction_fails_affected_families_closed) ... ok
2026-09-12T20:56:37.6317949Z test_top_depth_imbalance_and_depth_walk_are_exact_rationals (test_microstructure_features.MicrostructureFeatureMechanicsTests.test_top_depth_imbalance_and_depth_walk_are_exact_rationals) ... ok
2026-09-12T20:56:37.6320297Z test_v03_success_audit_is_permanently_hash_bound (test_microstructure_features.MicrostructureFeatureMechanicsTests.test_v03_success_audit_is_permanently_hash_bound) ... ok
2026-09-12T20:56:37.6429897Z test_account_scoped_component_metrics_keep_unknowns_out (test_prospective_account_evaluation.ProspectiveAccountEvaluationTests.test_account_scoped_component_metrics_keep_unknowns_out) ... ok
2026-09-12T20:56:37.6432064Z test_all_reported_entry_and_exit_references_are_retained (test_prospective_account_evaluation.ProspectiveAccountEvaluationTests.test_all_reported_entry_and_exit_references_are_retained) ... ok
2026-09-12T20:56:37.6770100Z test_any_open_or_unavailable_session_nulls_only_its_account_cell (test_prospective_account_evaluation.ProspectiveAccountEvaluationTests.test_any_open_or_unavailable_session_nulls_only_its_account_cell) ... ok
2026-09-12T20:56:37.6917797Z test_candidate_set_and_session_hash_mismatches_fail_closed (test_prospective_account_evaluation.ProspectiveAccountEvaluationTests.test_candidate_set_and_session_hash_mismatches_fail_closed) ... ok
2026-09-12T20:56:38.5902000Z test_cli_writes_once_and_validates_before_output (test_prospective_account_evaluation.ProspectiveAccountEvaluationTests.test_cli_writes_once_and_validates_before_output) ... ok
2026-09-12T20:56:38.5903392Z test_complete_flat_portfolio_metrics_are_deterministic (test_prospective_account_evaluation.ProspectiveAccountEvaluationTests.test_complete_flat_portfolio_metrics_are_deterministic) ... ok
2026-09-12T20:56:38.5904774Z test_contract_binds_parents_cells_metrics_and_no_authority (test_prospective_account_evaluation.ProspectiveAccountEvaluationTests.test_contract_binds_parents_cells_metrics_and_no_authority) ... ok
2026-09-12T20:56:38.5999900Z test_labels_must_be_opened_after_exact_runtime_freeze (test_prospective_account_evaluation.ProspectiveAccountEvaluationTests.test_labels_must_be_opened_after_exact_runtime_freeze) ... ok
2026-09-12T20:56:38.6005966Z test_registration_audit_is_hash_bound_and_inert (test_prospective_account_evaluation.ProspectiveAccountEvaluationTests.test_registration_audit_is_hash_bound_and_inert) ... ok
2026-09-12T20:56:38.6010068Z test_rehashed_contract_scope_expansion_is_rejected (test_prospective_account_evaluation.ProspectiveAccountEvaluationTests.test_rehashed_contract_scope_expansion_is_rejected) ... ok
2026-09-12T20:56:38.6453921Z test_rehashed_report_tampering_is_recomputed_and_rejected (test_prospective_account_evaluation.ProspectiveAccountEvaluationTests.test_rehashed_report_tampering_is_recomputed_and_rejected) ... ok
2026-09-12T20:56:38.6467636Z test_report_has_no_best_cell_or_overall_imitation_score (test_prospective_account_evaluation.ProspectiveAccountEvaluationTests.test_report_has_no_best_cell_or_overall_imitation_score) ... ok
2026-09-12T20:56:38.6566328Z test_report_validator_accepts_builder_output (test_prospective_account_evaluation.ProspectiveAccountEvaluationTests.test_report_validator_accepts_builder_output) ... ok
2026-09-12T20:56:38.6617896Z test_runtime_rejects_retrospective_keys_even_when_rehashed (test_prospective_account_evaluation.ProspectiveAccountEvaluationTests.test_runtime_rejects_retrospective_keys_even_when_rehashed) ... ok
2026-09-12T20:56:38.6778451Z test_account_profile_difference_retains_unqualified_candidate (test_prospective_daily_account_runtime.ProspectiveDailyAccountRuntimeTests.test_account_profile_difference_retains_unqualified_candidate) ... ok
2026-09-12T20:56:39.1558581Z test_cli_materializes_exact_parent_directories_without_credentials (test_prospective_daily_account_runtime.ProspectiveDailyAccountRuntimeTests.test_cli_materializes_exact_parent_directories_without_credentials) ... ok
2026-09-12T20:56:39.1561918Z test_contract_is_hash_bound_and_provider_free (test_prospective_daily_account_runtime.ProspectiveDailyAccountRuntimeTests.test_contract_is_hash_bound_and_provider_free) ... ok
2026-09-12T20:56:39.1829758Z test_full_synthetic_chain_emits_twelve_hash_bound_open_sessions (test_prospective_daily_account_runtime.ProspectiveDailyAccountRuntimeTests.test_full_synthetic_chain_emits_twelve_hash_bound_open_sessions) ... ok
2026-09-12T20:56:39.1836349Z test_registration_audit_binds_the_inert_composer_surface (test_prospective_daily_account_runtime.ProspectiveDailyAccountRuntimeTests.test_registration_audit_binds_the_inert_composer_surface) ... ok
2026-09-12T20:56:39.2139123Z test_rehash_cannot_hide_session_or_retrospective_tampering (test_prospective_daily_account_runtime.ProspectiveDailyAccountRuntimeTests.test_rehash_cannot_hide_session_or_retrospective_tampering) ... ok
2026-09-12T20:56:39.2314791Z test_scenarios_remain_separate_and_horizons_do_not_select (test_prospective_daily_account_runtime.ProspectiveDailyAccountRuntimeTests.test_scenarios_remain_separate_and_horizons_do_not_select) ... ok
2026-09-12T20:56:39.2469235Z test_unavailable_status_is_retained_without_fallback (test_prospective_daily_account_runtime.ProspectiveDailyAccountRuntimeTests.test_unavailable_status_is_retained_without_fallback) ... ok
2026-09-12T20:56:39.2616252Z test_workflow_is_manual_parent_bound_and_credential_free (test_prospective_daily_account_runtime.ProspectiveDailyAccountRuntimeTests.test_workflow_is_manual_parent_bound_and_credential_free) ... ok
2026-09-12T20:56:39.2837365Z test_write_once_preserves_frozen_artifact (test_prospective_daily_account_runtime.ProspectiveDailyAccountRuntimeTests.test_write_once_preserves_frozen_artifact) ... ok
2026-09-12T20:56:39.2951023Z test_zero_opportunity_date_still_emits_every_session_and_candidate (test_prospective_daily_account_runtime.ProspectiveDailyAccountRuntimeTests.test_zero_opportunity_date_still_emits_every_session_and_candidate) ... ok
2026-09-12T20:56:39.2956291Z test_august_26_operational_repair_audit_is_hash_bound_and_future_only (test_prospective_daily_source.ProspectiveDailySourceTests.test_august_26_operational_repair_audit_is_hash_bound_and_future_only) ... ok
2026-09-12T20:56:39.2965576Z test_daily_basis_activity_resolution_cannot_mask_provider_wide_empty_data (test_prospective_daily_source.ProspectiveDailySourceTests.test_daily_basis_activity_resolution_cannot_mask_provider_wide_empty_data) ... ok
2026-09-12T20:56:39.2975808Z test_daily_basis_activity_resolution_confirms_only_explicit_empty_frames (test_prospective_daily_source.ProspectiveDailySourceTests.test_daily_basis_activity_resolution_confirms_only_explicit_empty_frames) ... ok
2026-09-12T20:56:39.2984513Z test_daily_basis_activity_resolution_is_hash_and_membership_bound (test_prospective_daily_source.ProspectiveDailySourceTests.test_daily_basis_activity_resolution_is_hash_and_membership_bound) ... ok
2026-09-12T20:56:39.2988478Z test_daily_basis_activity_resolution_makes_no_call_when_not_needed (test_prospective_daily_source.ProspectiveDailySourceTests.test_daily_basis_activity_resolution_makes_no_call_when_not_needed) ... ok
2026-09-12T20:56:39.2997781Z test_daily_basis_activity_resolution_rejects_mismatch_and_omission (test_prospective_daily_source.ProspectiveDailySourceTests.test_daily_basis_activity_resolution_rejects_mismatch_and_omission) ... ok
2026-09-12T20:56:39.3003169Z test_daily_basis_activity_resolution_rejects_provider_and_symbol_failures (test_prospective_daily_source.ProspectiveDailySourceTests.test_daily_basis_activity_resolution_rejects_provider_and_symbol_failures) ... ok
2026-09-12T20:56:39.3009612Z test_daily_basis_activity_resolution_rejects_target_activity (test_prospective_daily_source.ProspectiveDailySourceTests.test_daily_basis_activity_resolution_rejects_target_activity) ... ok
2026-09-12T20:56:39.3017653Z test_daily_source_binds_scanner_and_micro_without_account_state (test_prospective_daily_source.ProspectiveDailySourceTests.test_daily_source_binds_scanner_and_micro_without_account_state) ... ok
2026-09-12T20:56:39.3127265Z test_micro_source_stops_at_chart_trigger_without_fill_or_exit (test_prospective_daily_source.ProspectiveDailySourceTests.test_micro_source_stops_at_chart_trigger_without_fill_or_exit) ... ok
2026-09-12T20:56:39.3133416Z test_pre_session_prerequisite_is_hash_bound_and_before_strategy (test_prospective_daily_source.ProspectiveDailySourceTests.test_pre_session_prerequisite_is_hash_bound_and_before_strategy) ... ok
2026-09-12T20:56:39.3136047Z test_pre_session_provider_capture_rejects_deadline_before_any_read (test_prospective_daily_source.ProspectiveDailySourceTests.test_pre_session_provider_capture_rejects_deadline_before_any_read) ... ok
2026-09-12T20:56:39.3138835Z test_profile_activations_preserve_later_small_account_qualification (test_prospective_daily_source.ProspectiveDailySourceTests.test_profile_activations_preserve_later_small_account_qualification) ... ok
2026-09-12T20:56:39.3199988Z test_provider_orchestrator_composes_a_nonzero_source (test_prospective_daily_source.ProspectiveDailySourceTests.test_provider_orchestrator_composes_a_nonzero_source) ... ok
2026-09-12T20:56:39.3206193Z test_provider_orchestrator_does_not_hide_a_rejected_member_as_zero (test_prospective_daily_source.ProspectiveDailySourceTests.test_provider_orchestrator_does_not_hide_a_rejected_member_as_zero) ... ok
2026-09-12T20:56:39.3212199Z test_provider_orchestrator_rejects_pre_cutoff_and_wrong_date_runs (test_prospective_daily_source.ProspectiveDailySourceTests.test_provider_orchestrator_rejects_pre_cutoff_and_wrong_date_runs) ... ok
2026-09-12T20:56:39.3226901Z test_provider_orchestrator_retains_an_explicit_zero_candidate_date (test_prospective_daily_source.ProspectiveDailySourceTests.test_provider_orchestrator_retains_an_explicit_zero_candidate_date) ... ok
2026-09-12T20:56:39.3247967Z test_provider_orchestrator_retains_confirmed_inactive_member_as_audited_zero (test_prospective_daily_source.ProspectiveDailySourceTests.test_provider_orchestrator_retains_confirmed_inactive_member_as_audited_zero) ... ok
2026-09-12T20:56:39.3252928Z test_rank_reacquisition_cannot_contradict_confirmed_inactivity (test_prospective_daily_source.ProspectiveDailySourceTests.test_rank_reacquisition_cannot_contradict_confirmed_inactivity) ... ok
2026-09-12T20:56:39.3260589Z test_registered_contract_binds_parent_profiles_and_zero_execution_authority (test_prospective_daily_source.ProspectiveDailySourceTests.test_registered_contract_binds_parent_profiles_and_zero_execution_authority) ... ok
2026-09-12T20:56:39.3270412Z test_registration_audit_is_hash_bound_and_unarmed (test_prospective_daily_source.ProspectiveDailySourceTests.test_registration_audit_is_hash_bound_and_unarmed) ... ok
2026-09-12T20:56:39.3281123Z test_same_date_sip_reads_use_the_registered_causal_end (test_prospective_daily_source.ProspectiveDailySourceTests.test_same_date_sip_reads_use_the_registered_causal_end) ... ok
2026-09-12T20:56:39.3283989Z test_same_minute_profile_union_is_emitted_once (test_prospective_daily_source.ProspectiveDailySourceTests.test_same_minute_profile_union_is_emitted_once) ... ok
2026-09-12T20:56:39.3287443Z test_sec_crosswalk_normalization_is_strict_and_canonical (test_prospective_daily_source.ProspectiveDailySourceTests.test_sec_crosswalk_normalization_is_strict_and_canonical) ... ok
2026-09-12T20:56:39.3289651Z test_union_profile_covers_both_registered_price_and_gain_ranges (test_prospective_daily_source.ProspectiveDailySourceTests.test_union_profile_covers_both_registered_price_and_gain_ranges) ... ok
2026-09-12T20:56:39.3447030Z test_workflow_has_two_phase_schedule_and_only_registered_read_paths (test_prospective_daily_source.ProspectiveDailySourceTests.test_workflow_has_two_phase_schedule_and_only_registered_read_paths) ... ok
2026-09-12T20:56:39.3469002Z test_write_once_artifacts_and_prerequisites (test_prospective_daily_source.ProspectiveDailySourceTests.test_write_once_artifacts_and_prerequisites) ... ok
2026-09-12T20:56:39.3627762Z test_capture_filters_unknown_conditions_and_retains_odd_lot_proxy (test_prospective_management_window.ProspectiveManagementWindowTests.test_capture_filters_unknown_conditions_and_retains_odd_lot_proxy) ... ok
2026-09-12T20:56:39.3630484Z test_contract_is_hash_bound_and_keeps_portfolio_ineligible (test_prospective_management_window.ProspectiveManagementWindowTests.test_contract_is_hash_bound_and_keeps_portfolio_ineligible) ... ok
2026-09-12T20:56:39.3818155Z test_hash_and_write_once_guards_reject_tampering (test_prospective_management_window.ProspectiveManagementWindowTests.test_hash_and_write_once_guards_reject_tampering) ... ok
2026-09-12T20:56:39.4270435Z test_incomplete_path_is_unavailable_and_never_liquidated (test_prospective_management_window.ProspectiveManagementWindowTests.test_incomplete_path_is_unavailable_and_never_liquidated) ... ok
2026-09-12T20:56:39.9014356Z test_manifest_cli_is_provider_free (test_prospective_management_window.ProspectiveManagementWindowTests.test_manifest_cli_is_provider_free) ... ok
2026-09-12T20:56:39.9951107Z test_projection_rejects_rehashed_cell_that_differs_from_flattened_rows (test_prospective_management_window.ProspectiveManagementWindowTests.test_projection_rejects_rehashed_cell_that_differs_from_flattened_rows) ... ok
2026-09-12T20:56:40.0860126Z test_projection_resolves_descriptive_exits_but_leaves_ledger_open (test_prospective_management_window.ProspectiveManagementWindowTests.test_projection_resolves_descriptive_exits_but_leaves_ledger_open) ... ok
2026-09-12T20:56:40.0962638Z test_provider_capture_uses_exact_sip_raw_asof_requests (test_prospective_management_window.ProspectiveManagementWindowTests.test_provider_capture_uses_exact_sip_raw_asof_requests) ... ok
2026-09-12T20:56:40.0968548Z test_registration_audit_binds_the_unrun_capture_surface (test_prospective_management_window.ProspectiveManagementWindowTests.test_registration_audit_binds_the_unrun_capture_surface) ... ok
2026-09-12T20:56:40.1070659Z test_request_manifest_merges_fixed_symbol_window_without_provider_call (test_prospective_management_window.ProspectiveManagementWindowTests.test_request_manifest_merges_fixed_symbol_window_without_provider_call) ... ok
2026-09-12T20:56:40.1288302Z test_workflow_is_date_bounded_first_attempt_and_immutably_pinned (test_prospective_management_window.ProspectiveManagementWindowTests.test_workflow_is_date_bounded_first_attempt_and_immutably_pinned) ... ok
2026-09-12T20:56:40.1320306Z test_zero_opportunity_date_makes_no_provider_call (test_prospective_management_window.ProspectiveManagementWindowTests.test_zero_opportunity_date_makes_no_provider_call) ... ok
2026-09-12T20:56:40.1457294Z test_authorization_binds_quote_freeze_ceilings_and_first_attempt (test_prospective_market_input_acquisition.ProspectiveMarketInputAcquisitionTests.test_authorization_binds_quote_freeze_ceilings_and_first_attempt) ... ok
2026-09-12T20:56:41.4057268Z test_cli_authorization_is_provider_free_write_once_and_missing_key_is_safe (test_prospective_market_input_acquisition.ProspectiveMarketInputAcquisitionTests.test_cli_authorization_is_provider_free_write_once_and_missing_key_is_safe) ... ok
2026-09-12T20:56:41.4060676Z test_contract_is_hash_bound_unarmed_and_exact (test_prospective_market_input_acquisition.ProspectiveMarketInputAcquisitionTests.test_contract_is_hash_bound_unarmed_and_exact) ... ok
2026-09-12T20:56:41.4207931Z test_cost_or_availability_drift_stops_before_every_download (test_prospective_market_input_acquisition.ProspectiveMarketInputAcquisitionTests.test_cost_or_availability_drift_stops_before_every_download) ... ok
2026-09-12T20:56:41.4383566Z test_download_metadata_symbol_and_window_mismatches_fail_closed (test_prospective_market_input_acquisition.ProspectiveMarketInputAcquisitionTests.test_download_metadata_symbol_and_window_mismatches_fail_closed) ... ok
2026-09-12T20:56:41.4435613Z test_first_download_failure_stops_later_requests_and_discards_partial_capture (test_prospective_market_input_acquisition.ProspectiveMarketInputAcquisitionTests.test_first_download_failure_stops_later_requests_and_discards_partial_capture) ... ok
2026-09-12T20:56:41.4471342Z test_only_a_successful_exact_quote_can_create_authority (test_prospective_market_input_acquisition.ProspectiveMarketInputAcquisitionTests.test_only_a_successful_exact_quote_can_create_authority) ... ok
2026-09-12T20:56:41.4519588Z test_pre_provider_failure_and_execution_context_are_exact (test_prospective_market_input_acquisition.ProspectiveMarketInputAcquisitionTests.test_pre_provider_failure_and_execution_context_are_exact) ... ok
2026-09-12T20:56:41.4525582Z test_registration_audit_is_hash_bound_and_inert (test_prospective_market_input_acquisition.ProspectiveMarketInputAcquisitionTests.test_registration_audit_is_hash_bound_and_inert) ... ok
2026-09-12T20:56:41.4712698Z test_report_tampering_and_retrospective_scope_expansion_are_rejected (test_prospective_market_input_acquisition.ProspectiveMarketInputAcquisitionTests.test_report_tampering_and_retrospective_scope_expansion_are_rejected) ... ok
2026-09-12T20:56:41.4789007Z test_success_requotes_then_downloads_each_exact_request_once (test_prospective_market_input_acquisition.ProspectiveMarketInputAcquisitionTests.test_success_requotes_then_downloads_each_exact_request_once) ... ok
2026-09-12T20:56:41.4791792Z test_workflow_push_is_provider_free_and_dispatch_is_exact (test_prospective_market_input_acquisition.ProspectiveMarketInputAcquisitionTests.test_workflow_push_is_provider_free_and_dispatch_is_exact) ... ok
2026-09-12T20:56:41.4919433Z test_zero_request_date_makes_no_provider_calls_and_emits_empty_capture (test_prospective_market_input_acquisition.ProspectiveMarketInputAcquisitionTests.test_zero_request_date_makes_no_provider_calls_and_emits_empty_capture) ... ok
2026-09-12T20:56:41.4932860Z test_complete_capture_preserves_receive_time_quotes_and_halts (test_prospective_market_input_capture.ProspectiveMarketInputCaptureTests.test_complete_capture_preserves_receive_time_quotes_and_halts) ... ok
2026-09-12T20:56:41.4935706Z test_contract_binds_parents_and_authorizes_zero_calls (test_prospective_market_input_capture.ProspectiveMarketInputCaptureTests.test_contract_binds_parents_and_authorizes_zero_calls) ... ok
2026-09-12T20:56:41.4944430Z test_contract_mutations_cannot_add_scope_or_authority (test_prospective_market_input_capture.ProspectiveMarketInputCaptureTests.test_contract_mutations_cannot_add_scope_or_authority) ... ok
2026-09-12T20:56:41.4947758Z test_future_or_retrospective_fields_cannot_enter_manifest (test_prospective_market_input_capture.ProspectiveMarketInputCaptureTests.test_future_or_retrospective_fields_cannot_enter_manifest) ... ok
2026-09-12T20:56:41.4954256Z test_locked_undefined_and_equal_status_time_quotes_are_unusable (test_prospective_market_input_capture.ProspectiveMarketInputCaptureTests.test_locked_undefined_and_equal_status_time_quotes_are_unusable) ... ok
2026-09-12T20:56:41.4964594Z test_missing_or_unknown_status_fails_closed (test_prospective_market_input_capture.ProspectiveMarketInputCaptureTests.test_missing_or_unknown_status_fails_closed) ... ok
2026-09-12T20:56:41.4969345Z test_registration_audit_is_hash_bound_and_unarmed (test_prospective_market_input_capture.ProspectiveMarketInputCaptureTests.test_registration_audit_is_hash_bound_and_unarmed) ... ok
2026-09-12T20:56:41.4978901Z test_rehashed_capture_cannot_tamper_with_halt_or_runtime_authority (test_prospective_market_input_capture.ProspectiveMarketInputCaptureTests.test_rehashed_capture_cannot_tamper_with_halt_or_runtime_authority) ... ok
2026-09-12T20:56:41.4987879Z test_request_evidence_must_reconcile_counts_and_ranges (test_prospective_market_input_capture.ProspectiveMarketInputCaptureTests.test_request_evidence_must_reconcile_counts_and_ranges) ... ok
2026-09-12T20:56:41.4990630Z test_request_manifest_is_exact_offline_and_label_blind (test_prospective_market_input_capture.ProspectiveMarketInputCaptureTests.test_request_manifest_is_exact_offline_and_label_blind) ... ok
2026-09-12T20:56:41.4997757Z test_status_is_isolated_to_the_same_registered_symbol_date (test_prospective_market_input_capture.ProspectiveMarketInputCaptureTests.test_status_is_isolated_to_the_same_registered_symbol_date) ... ok
2026-09-12T20:56:41.5041163Z test_authorization_is_deterministic_exact_and_does_not_authorize_download (test_prospective_market_input_quote.ProspectiveMarketInputQuoteTests.test_authorization_is_deterministic_exact_and_does_not_authorize_download) ... ok
2026-09-12T20:56:41.5055407Z test_bundle_rederives_every_request_and_rejects_rehashed_tamper (test_prospective_market_input_quote.ProspectiveMarketInputQuoteTests.test_bundle_rederives_every_request_and_rejects_rehashed_tamper) ... ok
2026-09-12T20:56:42.3400118Z test_cli_authorization_and_missing_credential_quote_are_provider_free (test_prospective_market_input_quote.ProspectiveMarketInputQuoteTests.test_cli_authorization_and_missing_credential_quote_are_provider_free) ... ok
2026-09-12T20:56:42.3425724Z test_contract_and_report_scope_expansion_is_rejected (test_prospective_market_input_quote.ProspectiveMarketInputQuoteTests.test_contract_and_report_scope_expansion_is_rejected) ... ok
2026-09-12T20:56:42.3428357Z test_contract_is_hash_bound_unarmed_and_metadata_only (test_prospective_market_input_quote.ProspectiveMarketInputQuoteTests.test_contract_is_hash_bound_unarmed_and_metadata_only) ... ok
2026-09-12T20:56:42.3430887Z test_execution_context_requires_exact_freeze_and_first_attempt (test_prospective_market_input_quote.ProspectiveMarketInputQuoteTests.test_execution_context_requires_exact_freeze_and_first_attempt) ... ok
2026-09-12T20:56:42.3452168Z test_partial_provider_failure_is_sanitized_and_totals_are_incomplete (test_prospective_market_input_quote.ProspectiveMarketInputQuoteTests.test_partial_provider_failure_is_sanitized_and_totals_are_incomplete) ... ok
2026-09-12T20:56:42.3473965Z test_pre_provider_failure_retains_every_request_without_messages (test_prospective_market_input_quote.ProspectiveMarketInputQuoteTests.test_pre_provider_failure_retains_every_request_without_messages) ... ok
2026-09-12T20:56:42.3480062Z test_registration_audit_is_hash_bound_and_unarmed (test_prospective_market_input_quote.ProspectiveMarketInputQuoteTests.test_registration_audit_is_hash_bound_and_unarmed) ... ok
2026-09-12T20:56:42.3503263Z test_success_quotes_all_exact_rows_with_two_methods_each (test_prospective_market_input_quote.ProspectiveMarketInputQuoteTests.test_success_quotes_all_exact_rows_with_two_methods_each) ... ok
2026-09-12T20:56:42.3505846Z test_workflow_push_is_provider_free_and_dispatch_requires_exact_authority (test_prospective_market_input_quote.ProspectiveMarketInputQuoteTests.test_workflow_push_is_provider_free_and_dispatch_requires_exact_authority) ... ok
2026-09-12T20:56:42.3559348Z test_zero_opportunity_date_is_success_without_client_or_credential (test_prospective_market_input_quote.ProspectiveMarketInputQuoteTests.test_zero_opportunity_date_is_success_without_client_or_credential) ... ok
2026-09-12T20:56:42.3584931Z test_zero_size_is_unavailable_without_substitution (test_prospective_market_input_quote.ProspectiveMarketInputQuoteTests.test_zero_size_is_unavailable_without_substitution) ... ok
2026-09-12T20:56:42.7684393Z test_cli_materializes_without_credentials (test_prospective_opportunity_freeze.ProspectiveOpportunityFreezeTests.test_cli_materializes_without_credentials) ... ok
2026-09-12T20:56:42.7687720Z test_contract_binds_parent_profiles_and_zero_authority (test_prospective_opportunity_freeze.ProspectiveOpportunityFreezeTests.test_contract_binds_parent_profiles_and_zero_authority) ... ok
2026-09-12T20:56:42.7699577Z test_contract_mutations_cannot_expand_scope_or_authority (test_prospective_opportunity_freeze.ProspectiveOpportunityFreezeTests.test_contract_mutations_cannot_expand_scope_or_authority) ... ok
2026-09-12T20:56:42.7719269Z test_daily_freeze_derives_exact_unquoted_request_pairs (test_prospective_opportunity_freeze.ProspectiveOpportunityFreezeTests.test_daily_freeze_derives_exact_unquoted_request_pairs) ... ok
2026-09-12T20:56:42.7723498Z test_materializer_strips_provenance_to_exact_market_input_boundary (test_prospective_opportunity_freeze.ProspectiveOpportunityFreezeTests.test_materializer_strips_provenance_to_exact_market_input_boundary) ... ok
2026-09-12T20:56:42.7728954Z test_registration_audit_is_hash_bound_and_unarmed (test_prospective_opportunity_freeze.ProspectiveOpportunityFreezeTests.test_registration_audit_is_hash_bound_and_unarmed) ... ok
2026-09-12T20:56:42.7777134Z test_rehashed_request_or_freeze_tamper_is_rejected (test_prospective_opportunity_freeze.ProspectiveOpportunityFreezeTests.test_rehashed_request_or_freeze_tamper_is_rejected) ... ok
2026-09-12T20:56:42.7783789Z test_same_symbol_time_is_sorted_by_opportunity_identity_for_handoff (test_prospective_opportunity_freeze.ProspectiveOpportunityFreezeTests.test_same_symbol_time_is_sorted_by_opportunity_identity_for_handoff) ... ok
2026-09-12T20:56:42.7788772Z test_source_builder_is_deterministic_and_profile_union_is_not_duplicated (test_prospective_opportunity_freeze.ProspectiveOpportunityFreezeTests.test_source_builder_is_deterministic_and_profile_union_is_not_duplicated) ... ok
2026-09-12T20:56:42.7794173Z test_source_builder_rejects_invalid_date_order_profiles_and_counts (test_prospective_opportunity_freeze.ProspectiveOpportunityFreezeTests.test_source_builder_rejects_invalid_date_order_profiles_and_counts) ... ok
2026-09-12T20:56:42.7801194Z test_source_rejects_account_execution_and_retrospective_boundaries (test_prospective_opportunity_freeze.ProspectiveOpportunityFreezeTests.test_source_rejects_account_execution_and_retrospective_boundaries) ... ok
2026-09-12T20:56:42.7809326Z test_source_rejects_forbidden_fields_even_when_rehashed (test_prospective_opportunity_freeze.ProspectiveOpportunityFreezeTests.test_source_rejects_forbidden_fields_even_when_rehashed) ... ok
2026-09-12T20:56:42.7818635Z test_source_rejects_tamper_duplicate_and_wrong_date (test_prospective_opportunity_freeze.ProspectiveOpportunityFreezeTests.test_source_rejects_tamper_duplicate_and_wrong_date) ... ok
2026-09-12T20:56:42.7822639Z test_stable_identity_excludes_profile_eligibility (test_prospective_opportunity_freeze.ProspectiveOpportunityFreezeTests.test_stable_identity_excludes_profile_eligibility) ... ok
2026-09-12T20:56:42.7825441Z test_workflow_is_source_bound_provider_free_and_not_prematurely_scheduled (test_prospective_opportunity_freeze.ProspectiveOpportunityFreezeTests.test_workflow_is_source_bound_provider_free_and_not_prematurely_scheduled) ... ok
2026-09-12T20:56:42.7857842Z test_writer_and_loader_round_trip_exact_three_file_handoff (test_prospective_opportunity_freeze.ProspectiveOpportunityFreezeTests.test_writer_and_loader_round_trip_exact_three_file_handoff) ... ok
2026-09-12T20:56:42.7870484Z test_zero_opportunity_date_is_retained_without_substitution (test_prospective_opportunity_freeze.ProspectiveOpportunityFreezeTests.test_zero_opportunity_date_is_retained_without_substitution) ... ok
2026-09-12T20:56:42.7879942Z test_audit_hook_checks_urllib_requests_only (test_provider_entrypoint_v04.ProviderEntrypointV04Tests.test_audit_hook_checks_urllib_requests_only) ... ok
2026-09-12T20:56:42.7942339Z test_blocked_attempt_ledger_is_strict_and_contains_only_counts (test_provider_entrypoint_v04.ProviderEntrypointV04Tests.test_blocked_attempt_ledger_is_strict_and_contains_only_counts) ... ok
2026-09-12T20:56:42.7944924Z test_direct_sockets_and_process_escape_are_blocked (test_provider_entrypoint_v04.ProviderEntrypointV04Tests.test_direct_sockets_and_process_escape_are_blocked) ... ok
2026-09-12T20:56:42.7968303Z test_each_urllib_audit_event_consumes_one_attempt_before_network (test_provider_entrypoint_v04.ProviderEntrypointV04Tests.test_each_urllib_audit_event_consumes_one_attempt_before_network) ... ok
2026-09-12T20:56:42.7970820Z test_exact_https_hosts_are_allowed (test_provider_entrypoint_v04.ProviderEntrypointV04Tests.test_exact_https_hosts_are_allowed) ... ok
2026-09-12T20:56:42.8941966Z test_frozen_transport_call_graph_has_no_alternate_network_stack (test_provider_entrypoint_v04.ProviderEntrypointV04Tests.test_frozen_transport_call_graph_has_no_alternate_network_stack) ... ok
2026-09-12T20:56:42.9964744Z test_guarded_urllib_allows_only_direct_registered_https_transport (test_provider_entrypoint_v04.ProviderEntrypointV04Tests.test_guarded_urllib_allows_only_direct_registered_https_transport) ... ok
2026-09-12T20:56:42.9986125Z test_https_connection_cannot_replace_the_validated_socket_target (test_provider_entrypoint_v04.ProviderEntrypointV04Tests.test_https_connection_cannot_replace_the_validated_socket_target) ... ok
2026-09-12T20:56:43.1051653Z test_installed_guard_centralizes_legacy_and_redirect_accounting (test_provider_entrypoint_v04.ProviderEntrypointV04Tests.test_installed_guard_centralizes_legacy_and_redirect_accounting) ... ok
2026-09-12T20:56:43.1054771Z test_only_frozen_repository_entrypoints_are_resolved (test_provider_entrypoint_v04.ProviderEntrypointV04Tests.test_only_frozen_repository_entrypoints_are_resolved) ... ok
2026-09-12T20:56:43.1056739Z test_redirect_is_rejected_without_disclosing_either_url (test_provider_entrypoint_v04.ProviderEntrypointV04Tests.test_redirect_is_rejected_without_disclosing_either_url) ... ok
2026-09-12T20:56:43.1058723Z test_scheme_credentials_port_and_lookalike_hosts_fail_closed (test_provider_entrypoint_v04.ProviderEntrypointV04Tests.test_scheme_credentials_port_and_lookalike_hosts_fail_closed) ... ok
2026-09-12T20:56:43.1067130Z test_symlink_and_non_regular_entrypoints_are_rejected (test_provider_entrypoint_v04.ProviderEntrypointV04Tests.test_symlink_and_non_regular_entrypoints_are_rejected) ... ok
2026-09-12T20:56:43.1883601Z test_uncaught_provider_error_is_replaced_by_one_sanitized_line (test_provider_entrypoint_v04.ProviderEntrypointV04Tests.test_uncaught_provider_error_is_replaced_by_one_sanitized_line) ... ok
2026-09-12T20:56:43.1889356Z test_allowlist_contains_only_remaining_recovery_routes (test_provider_entrypoint_v05.ProviderEntrypointV05Tests.test_allowlist_contains_only_remaining_recovery_routes) ... ok
2026-09-12T20:56:43.6984933Z test_exact_workflow_script_invocations_resolve_peer_modules (test_provider_entrypoint_v05.ProviderEntrypointV05Tests.test_exact_workflow_script_invocations_resolve_peer_modules) ... ok
2026-09-12T20:56:43.6995875Z test_main_installs_guard_before_running_exact_file (test_provider_entrypoint_v05.ProviderEntrypointV05Tests.test_main_installs_guard_before_running_exact_file) ... ok
2026-09-12T20:56:43.6997567Z test_parent_market_and_massive_entrypoints_are_prohibited (test_provider_entrypoint_v05.ProviderEntrypointV05Tests.test_parent_market_and_massive_entrypoints_are_prohibited) ... ok
2026-09-12T20:56:43.7002481Z test_symlink_entrypoint_is_rejected (test_provider_entrypoint_v05.ProviderEntrypointV05Tests.test_symlink_entrypoint_is_rejected) ... ok
2026-09-12T20:56:43.7008728Z test_allowlist_contains_only_remaining_recovery_routes (test_provider_entrypoint_v06.ProviderEntrypointV06Tests.test_allowlist_contains_only_remaining_recovery_routes) ... ok
2026-09-12T20:56:44.2065832Z test_exact_workflow_script_invocations_resolve_peer_modules (test_provider_entrypoint_v06.ProviderEntrypointV06Tests.test_exact_workflow_script_invocations_resolve_peer_modules) ... ok
2026-09-12T20:56:44.2075863Z test_main_installs_guard_before_running_exact_file (test_provider_entrypoint_v06.ProviderEntrypointV06Tests.test_main_installs_guard_before_running_exact_file) ... ok
2026-09-12T20:56:44.2078277Z test_parent_routes_and_obsolete_float_adapters_are_prohibited (test_provider_entrypoint_v06.ProviderEntrypointV06Tests.test_parent_routes_and_obsolete_float_adapters_are_prohibited) ... ok
2026-09-12T20:56:44.2082116Z test_symlink_entrypoint_is_rejected (test_provider_entrypoint_v06.ProviderEntrypointV06Tests.test_symlink_entrypoint_is_rejected) ... ok
2026-09-12T20:56:44.2086883Z test_allowlist_contains_only_remaining_recovery_routes (test_provider_entrypoint_v07.ProviderEntrypointV07Tests.test_allowlist_contains_only_remaining_recovery_routes) ... ok
2026-09-12T20:56:44.7330577Z test_exact_workflow_script_invocations_resolve_peer_modules (test_provider_entrypoint_v07.ProviderEntrypointV07Tests.test_exact_workflow_script_invocations_resolve_peer_modules) ... ok
2026-09-12T20:56:44.7340376Z test_main_installs_guard_before_running_exact_file (test_provider_entrypoint_v07.ProviderEntrypointV07Tests.test_main_installs_guard_before_running_exact_file) ... ok
2026-09-12T20:56:44.7342285Z test_parent_routes_and_obsolete_float_adapters_are_prohibited (test_provider_entrypoint_v07.ProviderEntrypointV07Tests.test_parent_routes_and_obsolete_float_adapters_are_prohibited) ... ok
2026-09-12T20:56:44.7346866Z test_symlink_entrypoint_is_rejected (test_provider_entrypoint_v07.ProviderEntrypointV07Tests.test_symlink_entrypoint_is_rejected) ... ok
2026-09-12T20:56:44.7351726Z test_allowlist_contains_only_remaining_recovery_routes (test_provider_entrypoint_v08.ProviderEntrypointV08Tests.test_allowlist_contains_only_remaining_recovery_routes) ... ok
2026-09-12T20:56:45.2452481Z test_exact_workflow_script_invocations_resolve_peer_modules (test_provider_entrypoint_v08.ProviderEntrypointV08Tests.test_exact_workflow_script_invocations_resolve_peer_modules) ... ok
2026-09-12T20:56:45.2464294Z test_main_installs_guard_before_running_exact_file (test_provider_entrypoint_v08.ProviderEntrypointV08Tests.test_main_installs_guard_before_running_exact_file) ... ok
2026-09-12T20:56:45.2466132Z test_parent_routes_and_obsolete_float_adapters_are_prohibited (test_provider_entrypoint_v08.ProviderEntrypointV08Tests.test_parent_routes_and_obsolete_float_adapters_are_prohibited) ... ok
2026-09-12T20:56:45.2470816Z test_symlink_entrypoint_is_rejected (test_provider_entrypoint_v08.ProviderEntrypointV08Tests.test_symlink_entrypoint_is_rejected) ... ok
2026-09-12T20:56:45.2475298Z test_allowlist_contains_only_remaining_recovery_routes (test_provider_entrypoint_v09.ProviderEntrypointV09Tests.test_allowlist_contains_only_remaining_recovery_routes) ... ok
2026-09-12T20:56:45.7560545Z test_exact_workflow_script_invocations_resolve_peer_modules (test_provider_entrypoint_v09.ProviderEntrypointV09Tests.test_exact_workflow_script_invocations_resolve_peer_modules) ... ok
2026-09-12T20:56:45.7570177Z test_main_installs_guard_before_running_exact_file (test_provider_entrypoint_v09.ProviderEntrypointV09Tests.test_main_installs_guard_before_running_exact_file) ... ok
2026-09-12T20:56:45.7572158Z test_parent_routes_and_obsolete_float_adapters_are_prohibited (test_provider_entrypoint_v09.ProviderEntrypointV09Tests.test_parent_routes_and_obsolete_float_adapters_are_prohibited) ... ok
2026-09-12T20:56:45.7576302Z test_symlink_entrypoint_is_rejected (test_provider_entrypoint_v09.ProviderEntrypointV09Tests.test_symlink_entrypoint_is_rejected) ... ok
2026-09-12T20:56:45.7579685Z test_allowlist_contains_only_remaining_scanner_route (test_provider_entrypoint_v10.ProviderEntrypointV10Tests.test_allowlist_contains_only_remaining_scanner_route) ... ok
2026-09-12T20:56:46.2753146Z test_exact_workflow_script_invocations_resolve_peer_modules (test_provider_entrypoint_v10.ProviderEntrypointV10Tests.test_exact_workflow_script_invocations_resolve_peer_modules) ... ok
2026-09-12T20:56:46.2762880Z test_main_installs_guard_before_running_exact_file (test_provider_entrypoint_v10.ProviderEntrypointV10Tests.test_main_installs_guard_before_running_exact_file) ... ok
2026-09-12T20:56:46.2764918Z test_parent_routes_and_obsolete_float_adapters_are_prohibited (test_provider_entrypoint_v10.ProviderEntrypointV10Tests.test_parent_routes_and_obsolete_float_adapters_are_prohibited) ... ok
2026-09-12T20:56:46.2769450Z test_symlink_entrypoint_is_rejected (test_provider_entrypoint_v10.ProviderEntrypointV10Tests.test_symlink_entrypoint_is_rejected) ... ok
2026-09-12T20:56:46.2770944Z test_float_estimate_is_unavailable_before_filing (test_provider_parsers.ProviderParserTests.test_float_estimate_is_unavailable_before_filing) ... ok
2026-09-12T20:56:46.2772642Z test_float_estimate_uses_historical_price (test_provider_parsers.ProviderParserTests.test_float_estimate_uses_historical_price) ... ok
2026-09-12T20:56:46.2774705Z test_sec_api_parser_sums_share_classes_and_preserves_public_float_dollars (test_provider_parsers.ProviderParserTests.test_sec_api_parser_sums_share_classes_and_preserves_public_float_dollars) ... ok
2026-09-12T20:56:46.2793846Z test_budget_exhaustion_fails_before_an_extra_attempt (test_provider_request_budget.ProviderRequestBudgetTests.test_budget_exhaustion_fails_before_an_extra_attempt) ... ok
2026-09-12T20:56:46.2801449Z test_budget_is_inactive_when_unconfigured (test_provider_request_budget.ProviderRequestBudgetTests.test_budget_is_inactive_when_unconfigured) ... ok
2026-09-12T20:56:46.2815319Z test_partial_or_relative_configuration_is_rejected (test_provider_request_budget.ProviderRequestBudgetTests.test_partial_or_relative_configuration_is_rejected) ... ok
2026-09-12T20:56:46.2843767Z test_shared_budget_counts_attempts_by_host_without_urls (test_provider_request_budget.ProviderRequestBudgetTests.test_shared_budget_counts_attempts_by_host_without_urls) ... ok
2026-09-12T20:56:46.2854828Z test_action_bars_require_completion_before_entry_cutoff (test_reconstruct_discretion_heldout_micro_date.ReconstructDiscretionHeldoutMicroDateTests.test_action_bars_require_completion_before_entry_cutoff) ... ok
2026-09-12T20:56:46.2859768Z test_anchor_uses_completed_bar_decision_without_intraminute_backdating (test_reconstruct_discretion_heldout_micro_date.ReconstructDiscretionHeldoutMicroDateTests.test_anchor_uses_completed_bar_decision_without_intraminute_backdating) ... ok
2026-09-12T20:56:46.2887615Z test_deterministic_gzip_and_unavailable_state_are_hash_bound (test_reconstruct_discretion_heldout_micro_date.ReconstructDiscretionHeldoutMicroDateTests.test_deterministic_gzip_and_unavailable_state_are_hash_bound) ... ok
2026-09-12T20:56:46.2890847Z test_replay_is_pinned_to_the_registered_micro_policy (test_reconstruct_discretion_heldout_micro_date.ReconstructDiscretionHeldoutMicroDateTests.test_replay_is_pinned_to_the_registered_micro_policy) ... ok
2026-09-12T20:56:46.2957958Z test_session_support_uses_frozen_bar_grid_and_blocks_drift (test_reconstruct_discretion_heldout_micro_date.ReconstructDiscretionHeldoutMicroDateTests.test_session_support_uses_frozen_bar_grid_and_blocks_drift) ... ok
2026-09-12T20:56:46.2960912Z test_source_requires_frozen_unlabeled_all_candidate_runtime (test_reconstruct_discretion_heldout_micro_date.ReconstructDiscretionHeldoutMicroDateTests.test_source_requires_frozen_unlabeled_all_candidate_runtime) ... ok
2026-09-12T20:56:46.2963946Z test_cell_summary_measures_first_plan_latency_when_plan_is_armed (test_reconstruct_micro_volume_cohort_case.MicroVolumeCohortCaseTests.test_cell_summary_measures_first_plan_latency_when_plan_is_armed) ... ok
2026-09-12T20:56:46.2966754Z test_paired_delta_reports_activity_and_earlier_onset (test_reconstruct_micro_volume_cohort_case.MicroVolumeCohortCaseTests.test_paired_delta_reports_activity_and_earlier_onset) ... ok
2026-09-12T20:56:46.2969478Z test_qualification_anchors_reject_bar_start_as_decision_time (test_reconstruct_micro_volume_cohort_case.MicroVolumeCohortCaseTests.test_qualification_anchors_reject_bar_start_as_decision_time) ... ok
2026-09-12T20:56:46.2972575Z test_qualification_anchors_separate_bar_start_from_decision_time (test_reconstruct_micro_volume_cohort_case.MicroVolumeCohortCaseTests.test_qualification_anchors_separate_bar_start_from_decision_time) ... ok
2026-09-12T20:56:46.2974988Z test_refinement_cannot_backdate_the_0700_strategy_boundary (test_reconstruct_micro_volume_cohort_case.MicroVolumeCohortCaseTests.test_refinement_cannot_backdate_the_0700_strategy_boundary) ... ok
2026-09-12T20:56:46.2976947Z test_refinement_inside_strategy_window_is_retained (test_reconstruct_micro_volume_cohort_case.MicroVolumeCohortCaseTests.test_refinement_inside_strategy_window_is_retained) ... ok
2026-09-12T20:56:46.2978437Z test_daily_max_loss_locks_session (test_risk.RiskTests.test_daily_max_loss_locks_session) ... ok
2026-09-12T20:56:46.2979128Z test_half_profit_giveback_locks_session (test_risk.RiskTests.test_half_profit_giveback_locks_session) ... ok
2026-09-12T20:56:46.2979747Z test_lock_is_terminal (test_risk.RiskTests.test_lock_is_terminal) ... ok
2026-09-12T20:56:46.2998039Z test_duplicate_rule_ids_rejected (test_rulebook.RulebookTests.test_duplicate_rule_ids_rejected) ... ok
2026-09-12T20:56:46.2999223Z test_evidence_registry_checks_title_and_date (test_rulebook.RulebookTests.test_evidence_registry_checks_title_and_date) ... ok
2026-09-12T20:56:46.2999948Z test_load_and_filter (test_rulebook.RulebookTests.test_load_and_filter) ... ok
2026-09-12T20:56:46.3000565Z test_manifest_loads_rule_bundles (test_rulebook.RulebookTests.test_manifest_loads_rule_bundles) ... ok
2026-09-12T20:56:46.3042170Z test_coarse_curve_is_an_upper_bound_inside_current_bucket (test_rvol.RvolTests.test_coarse_curve_is_an_upper_bound_inside_current_bucket) ... ok
2026-09-12T20:56:46.3048032Z test_prior_session_dates_are_chronological_and_bounded (test_rvol.RvolTests.test_prior_session_dates_are_chronological_and_bounded) ... ok
2026-09-12T20:56:46.3080213Z test_same_time_rvol_compares_cumulative_volume_at_same_minute (test_rvol.RvolTests.test_same_time_rvol_compares_cumulative_volume_at_same_minute) ... ok
2026-09-12T20:56:46.3108558Z test_all_five_pillars_are_a_quality (test_scanner.ScannerTests.test_all_five_pillars_are_a_quality) ... ok
2026-09-12T20:56:46.3135907Z test_float_is_strictly_below_ten_million (test_scanner.ScannerTests.test_float_is_strictly_below_ten_million) ... ok
2026-09-12T20:56:46.3184039Z test_missing_news_is_conditional_only_for_number_one_gainer (test_scanner.ScannerTests.test_missing_news_is_conditional_only_for_number_one_gainer) ... ok
2026-09-12T20:56:46.3210982Z test_small_account_profile_requires_top_three_and_tighter_price_gain (test_scanner.ScannerTests.test_small_account_profile_requires_top_three_and_tighter_price_gain) ... ok
2026-09-12T20:56:46.3237335Z test_time_of_day_rvol_override_replaces_legacy_daily_ratio (test_scanner.ScannerTests.test_time_of_day_rvol_override_replaces_legacy_daily_ratio) ... ok
2026-09-12T20:56:46.3267339Z test_total_volume_is_not_a_canonical_pillar (test_scanner.ScannerTests.test_total_volume_is_not_a_canonical_pillar) ... ok
2026-09-12T20:56:46.3291968Z test_extra_symbols_and_duplicate_rvol_timestamps_fail_closed (test_scanner_rvol_alignment_v10.ScannerRvolAlignmentV10Tests.test_extra_symbols_and_duplicate_rvol_timestamps_fail_closed) ... ok
2026-09-12T20:56:46.3317124Z test_missing_raw_timestamp_fails_closed_without_imputation (test_scanner_rvol_alignment_v10.ScannerRvolAlignmentV10Tests.test_missing_raw_timestamp_fails_closed_without_imputation) ... ok
2026-09-12T20:56:46.4354152Z test_real_blrx_sparse_prefix_round_trips_without_value_change (test_scanner_rvol_alignment_v10.ScannerRvolAlignmentV10Tests.test_real_blrx_sparse_prefix_round_trips_without_value_change) ... ok
2026-09-12T20:56:46.4385689Z test_scoped_writer_adapter_projects_then_restores_frozen_writer (test_scanner_rvol_alignment_v10.ScannerRvolAlignmentV10Tests.test_scoped_writer_adapter_projects_then_restores_frozen_writer) ... ok
2026-09-12T20:56:46.4423505Z test_compressed_file_tamper_fails_closed (test_scanner_source_inputs.ScannerSourceInputTests.test_compressed_file_tamper_fails_closed) ... ok
2026-09-12T20:56:46.4473205Z test_compressed_sidecar_is_deterministic (test_scanner_source_inputs.ScannerSourceInputTests.test_compressed_sidecar_is_deterministic) ... ok
2026-09-12T20:56:46.4505602Z test_manifest_knowledge_tamper_fails_closed (test_scanner_source_inputs.ScannerSourceInputTests.test_manifest_knowledge_tamper_fails_closed) ... ok
2026-09-12T20:56:46.4547192Z test_rehashed_out_of_order_stream_is_rejected (test_scanner_source_inputs.ScannerSourceInputTests.test_rehashed_out_of_order_stream_is_rejected) ... ok
2026-09-12T20:56:46.4579912Z test_root_manifest_binds_ordered_dates_without_promotion (test_scanner_source_inputs.ScannerSourceInputTests.test_root_manifest_binds_ordered_dates_without_promotion) ... ok
2026-09-12T20:56:46.4709463Z test_round_trip_preserves_existing_hash_and_empty_candidate (test_scanner_source_inputs.ScannerSourceInputTests.test_round_trip_preserves_existing_hash_and_empty_candidate) ... ok
2026-09-12T20:56:46.4743130Z test_cash_fee_pnl_and_share_mutations_rejected (test_sealed_historical_account_conditional_evaluation_v01.CashFlowTests.test_cash_fee_pnl_and_share_mutations_rejected) ... ok
2026-09-12T20:56:46.4748328Z test_confirmed_fill_cannot_be_known_in_future (test_sealed_historical_account_conditional_evaluation_v01.CashFlowTests.test_confirmed_fill_cannot_be_known_in_future) ... ok
2026-09-12T20:56:46.4750194Z test_empty_session_has_no_phantom_trade_or_fee (test_sealed_historical_account_conditional_evaluation_v01.CashFlowTests.test_empty_session_has_no_phantom_trade_or_fee) ... ok
2026-09-12T20:56:46.4763041Z test_fee_component_and_accumulation_mismatches_rejected (test_sealed_historical_account_conditional_evaluation_v01.CashFlowTests.test_fee_component_and_accumulation_mismatches_rejected) ... ok
2026-09-12T20:56:46.4765557Z test_invalid_monetary_and_share_inputs_rejected (test_sealed_historical_account_conditional_evaluation_v01.CashFlowTests.test_invalid_monetary_and_share_inputs_rejected) ... ok
2026-09-12T20:56:46.4770759Z test_open_position_is_not_closed_trade (test_sealed_historical_account_conditional_evaluation_v01.CashFlowTests.test_open_position_is_not_closed_trade) ... ok
2026-09-12T20:56:46.4781221Z test_outer_decimal_precision_cannot_change_money (test_sealed_historical_account_conditional_evaluation_v01.CashFlowTests.test_outer_decimal_precision_cannot_change_money) ... ok
2026-09-12T20:56:46.4788062Z test_partial_exits_and_reentry_are_two_net_episodes (test_sealed_historical_account_conditional_evaluation_v01.CashFlowTests.test_partial_exits_and_reentry_are_two_net_episodes) ... ok
2026-09-12T20:56:46.4794310Z test_sell_must_bind_exact_entry (test_sealed_historical_account_conditional_evaluation_v01.CashFlowTests.test_sell_must_bind_exact_entry) ... ok
2026-09-12T20:56:46.4800406Z test_unknown_side_rejected (test_sealed_historical_account_conditional_evaluation_v01.CashFlowTests.test_unknown_side_rejected) ... ok
2026-09-12T20:56:46.4804878Z test_unsealed_journal_tampering_rejected (test_sealed_historical_account_conditional_evaluation_v01.CashFlowTests.test_unsealed_journal_tampering_rejected) ... ok
2026-09-12T20:56:46.4809745Z test_changed_source_evidence_is_rejected (test_sealed_historical_account_conditional_evaluation_v01.EntryBindingTests.test_changed_source_evidence_is_rejected) ... ok
2026-09-12T20:56:46.4814164Z test_missing_fill_event_is_rejected (test_sealed_historical_account_conditional_evaluation_v01.EntryBindingTests.test_missing_fill_event_is_rejected) ... ok
2026-09-12T20:56:46.4818580Z test_unavailable_cannot_be_relabelled (test_sealed_historical_account_conditional_evaluation_v01.EntryBindingTests.test_unavailable_cannot_be_relabelled) ... ok
2026-09-12T20:56:46.4822897Z test_unverified_observation_is_not_known_abstention (test_sealed_historical_account_conditional_evaluation_v01.EntryBindingTests.test_unverified_observation_is_not_known_abstention) ... ok
2026-09-12T20:56:46.4827174Z test_withheld_opportunity_cannot_have_any_execution_event (test_sealed_historical_account_conditional_evaluation_v01.EntryBindingTests.test_withheld_opportunity_cannot_have_any_execution_event) ... ok
2026-09-12T20:56:46.4831867Z test_withhold_preserved_and_available_fill_bound (test_sealed_historical_account_conditional_evaluation_v01.EntryBindingTests.test_withhold_preserved_and_available_fill_bound) ... ok
2026-09-12T20:56:46.4836811Z test_wrong_opportunity_fill_cannot_bypass_gate (test_sealed_historical_account_conditional_evaluation_v01.EntryBindingTests.test_wrong_opportunity_fill_cannot_bypass_gate) ... ok
2026-09-12T20:56:46.5155540Z test_registered_code_and_scope (test_sealed_historical_account_conditional_evaluation_v01.FrozenScopeTests.test_registered_code_and_scope) ... ok
2026-09-12T20:56:48.7209901Z test_saved_report_reproduces_from_saved_artifacts_without_replay (test_sealed_historical_account_conditional_evaluation_v01.FrozenScopeTests.test_saved_report_reproduces_from_saved_artifacts_without_replay) ... ok
2026-09-12T20:56:48.7522214Z test_wrong_external_registration_rejected (test_sealed_historical_account_conditional_evaluation_v01.FrozenScopeTests.test_wrong_external_registration_rejected) ... ok
2026-09-12T20:56:48.7524403Z test_account_reseed_cannot_hide_loss (test_sealed_historical_account_conditional_evaluation_v01.MetricTests.test_account_reseed_cannot_hide_loss) ... ok
2026-09-12T20:56:48.7526767Z test_all_losses_profit_factor_is_zero (test_sealed_historical_account_conditional_evaluation_v01.MetricTests.test_all_losses_profit_factor_is_zero) ... ok
2026-09-12T20:56:48.7528713Z test_exact_nanosecond_identity (test_sealed_historical_account_conditional_evaluation_v01.MetricTests.test_exact_nanosecond_identity) ... ok
2026-09-12T20:56:48.7530726Z test_null_ratio_and_deterministic_rounding (test_sealed_historical_account_conditional_evaluation_v01.MetricTests.test_null_ratio_and_deterministic_rounding) ... ok
2026-09-12T20:56:48.7532931Z test_seed_highwater_and_zero_trade_dates_preserved (test_sealed_historical_account_conditional_evaluation_v01.MetricTests.test_seed_highwater_and_zero_trade_dates_preserved) ... ok
2026-09-12T20:56:48.7535376Z test_zero_loss_profit_factor_is_null_and_flats_in_win_denominator (test_sealed_historical_account_conditional_evaluation_v01.MetricTests.test_zero_loss_profit_factor_is_null_and_flats_in_win_denominator) ... ok
2026-09-12T20:56:49.0038021Z test_ack_tie_still_blocks_reentry (test_sealed_historical_account_continuity_v01.ContinuityMechanicsTests.test_ack_tie_still_blocks_reentry) ... ok
2026-09-12T20:56:49.0889922Z test_activation_cannot_change_symbols (test_sealed_historical_account_continuity_v01.ContinuityMechanicsTests.test_activation_cannot_change_symbols) ... ok
2026-09-12T20:56:49.2265372Z test_campaign_history_fees_and_exact_cash_persist (test_sealed_historical_account_continuity_v01.ContinuityMechanicsTests.test_campaign_history_fees_and_exact_cash_persist) ... ok
2026-09-12T20:56:49.3254000Z test_changed_source_and_cross_path_checkpoint_rejected (test_sealed_historical_account_continuity_v01.ContinuityMechanicsTests.test_changed_source_and_cross_path_checkpoint_rejected) ... ok
2026-09-12T20:56:49.5994651Z test_checkpoint_before_fill_has_only_reservation (test_sealed_historical_account_continuity_v01.ContinuityMechanicsTests.test_checkpoint_before_fill_has_only_reservation) ... ok
2026-09-12T20:56:49.7698673Z test_checkpoint_hash_and_rehashed_money_cannot_be_imported (test_sealed_historical_account_continuity_v01.ContinuityMechanicsTests.test_checkpoint_hash_and_rehashed_money_cannot_be_imported) ... ok
2026-09-12T20:56:49.9073016Z test_cutoffs_reject_backwards_and_cross_session_times (test_sealed_historical_account_continuity_v01.ContinuityMechanicsTests.test_cutoffs_reject_backwards_and_cross_session_times) ... ok
2026-09-12T20:56:50.2825871Z test_expired_window_retains_position_and_exact_state (test_sealed_historical_account_continuity_v01.ContinuityMechanicsTests.test_expired_window_retains_position_and_exact_state) ... ok
2026-09-12T20:56:50.4297829Z test_future_execution_price_does_not_change_public_prefix (test_sealed_historical_account_continuity_v01.ContinuityMechanicsTests.test_future_execution_price_does_not_change_public_prefix) ... ok
2026-09-12T20:56:50.5096649Z test_known_guard_still_blocks_reentry (test_sealed_historical_account_continuity_v01.ContinuityMechanicsTests.test_known_guard_still_blocks_reentry) ... ok
2026-09-12T20:56:50.6192831Z test_missing_exit_preserves_intent_through_resume (test_sealed_historical_account_continuity_v01.ContinuityMechanicsTests.test_missing_exit_preserves_intent_through_resume) ... ok
2026-09-12T20:56:50.9961469Z test_next_session_preserves_unresolved_carried_position (test_sealed_historical_account_continuity_v01.ContinuityMechanicsTests.test_next_session_preserves_unresolved_carried_position) ... ok
2026-09-12T20:56:51.1412008Z test_open_partial_campaign_cannot_reenter_or_add (test_sealed_historical_account_continuity_v01.ContinuityMechanicsTests.test_open_partial_campaign_cannot_reenter_or_add) ... ok
2026-09-12T20:56:51.4880406Z test_partial_target_does_not_move_stop_during_resume (test_sealed_historical_account_continuity_v01.ContinuityMechanicsTests.test_partial_target_does_not_move_stop_during_resume) ... ok
2026-09-12T20:56:53.1545339Z test_pending_input_failure_stays_failed_after_resume (test_sealed_historical_account_continuity_v01.ContinuityMechanicsTests.test_pending_input_failure_stays_failed_after_resume) ... ok
2026-09-12T20:56:53.2512732Z test_reentry_has_fresh_target_and_stop (test_sealed_historical_account_continuity_v01.ContinuityMechanicsTests.test_reentry_has_fresh_target_and_stop) ... ok
2026-09-12T20:56:53.3732655Z test_reentry_uses_new_fill_cost_basis (test_sealed_historical_account_continuity_v01.ContinuityMechanicsTests.test_reentry_uses_new_fill_cost_basis) ... ok
2026-09-12T20:56:53.7677181Z test_rehashed_stop_attempt_and_entry_history_tampering_rejected (test_sealed_historical_account_continuity_v01.ContinuityMechanicsTests.test_rehashed_stop_attempt_and_entry_history_tampering_rejected) ... ok
2026-09-12T20:56:55.2761973Z test_resume_at_entry_fill_and_ack_boundaries (test_sealed_historical_account_continuity_v01.ContinuityMechanicsTests.test_resume_at_entry_fill_and_ack_boundaries) ... ok
2026-09-12T20:56:55.6507750Z test_resume_preserves_target_confirmation_and_pending_cancel (test_sealed_historical_account_continuity_v01.ContinuityMechanicsTests.test_resume_preserves_target_confirmation_and_pending_cancel) ... ok
2026-09-12T20:56:55.8731353Z test_resume_preserves_used_liquidity_and_confirmed_journal (test_sealed_historical_account_continuity_v01.ContinuityMechanicsTests.test_resume_preserves_used_liquidity_and_confirmed_journal) ... ok
2026-09-12T20:56:55.9158824Z test_retrospective_keys_rejected_in_source_and_checkpoint (test_sealed_historical_account_continuity_v01.ContinuityMechanicsTests.test_retrospective_keys_rejected_in_source_and_checkpoint) ... ok
2026-09-12T20:56:57.6309164Z test_same_symbol_new_activation_is_a_new_campaign (test_sealed_historical_account_continuity_v01.ContinuityMechanicsTests.test_same_symbol_new_activation_is_a_new_campaign) ... ok
2026-09-12T20:56:57.7812154Z test_small_account_keeps_frozen_risk_sizing (test_sealed_historical_account_continuity_v01.ContinuityMechanicsTests.test_small_account_keeps_frozen_risk_sizing) ... ok
2026-09-12T20:56:58.0510858Z test_terminal_partial_resume_does_not_retry (test_sealed_historical_account_continuity_v01.ContinuityMechanicsTests.test_terminal_partial_resume_does_not_retry) ... ok
2026-09-12T20:56:58.6039329Z test_two_entries_one_campaign_third_is_blocked (test_sealed_historical_account_continuity_v01.ContinuityMechanicsTests.test_two_entries_one_campaign_third_is_blocked) ... ok
2026-09-12T20:56:58.6889250Z test_unfilled_order_does_not_spend_an_entry (test_sealed_historical_account_continuity_v01.ContinuityMechanicsTests.test_unfilled_order_does_not_spend_an_entry) ... ok
2026-09-12T20:56:58.7910728Z test_valuation_handoff_retains_open_basis_without_window_extension (test_sealed_historical_account_continuity_v01.ContinuityMechanicsTests.test_valuation_handoff_retains_open_basis_without_window_extension) ... ok
2026-09-12T20:56:59.0724465Z test_all_original_slots_and_unavailable_references_unchanged (test_sealed_historical_account_continuity_v01.ContinuityRegistrationTests.test_all_original_slots_and_unavailable_references_unchanged) ... ok
2026-09-12T20:57:18.2291467Z test_direct_offline_cli_produces_independently_verified_artifacts (test_sealed_historical_account_continuity_v01.ContinuityRegistrationTests.test_direct_offline_cli_produces_independently_verified_artifacts) ... ok
2026-09-12T20:57:18.2902754Z test_entrypoints_have_no_undefined_globals_and_checker_is_stdlib (test_sealed_historical_account_continuity_v01.ContinuityRegistrationTests.test_entrypoints_have_no_undefined_globals_and_checker_is_stdlib) ... ok
2026-09-12T20:57:30.4499472Z test_independent_checker_recomputes_and_rejects_rehashed_scarcity (test_sealed_historical_account_continuity_v01.ContinuityRegistrationTests.test_independent_checker_recomputes_and_rejects_rehashed_scarcity) ... ok
2026-09-12T20:57:30.6408919Z test_independent_checker_rejects_rehashed_campaign_and_checkpoint_state (test_sealed_historical_account_continuity_v01.ContinuityRegistrationTests.test_independent_checker_rejects_rehashed_campaign_and_checkpoint_state) ... ok
2026-09-12T20:57:30.6411684Z test_management_execution_methods_remain_frozen (test_sealed_historical_account_continuity_v01.ContinuityRegistrationTests.test_management_execution_methods_remain_frozen) ... ok
2026-09-12T20:57:30.9010956Z test_metadata_build_cannot_run_mechanics_or_open_market_bundle (test_sealed_historical_account_continuity_v01.ContinuityRegistrationTests.test_metadata_build_cannot_run_mechanics_or_open_market_bundle) ... ok
2026-09-12T20:57:31.1623654Z test_parent_and_implementation_mutations_fail_registration (test_sealed_historical_account_continuity_v01.ContinuityRegistrationTests.test_parent_and_implementation_mutations_fail_registration) ... ok
2026-09-12T20:57:31.4085294Z test_registration_binds_immutable_parent_and_scope (test_sealed_historical_account_continuity_v01.ContinuityRegistrationTests.test_registration_binds_immutable_parent_and_scope) ... ok
2026-09-12T20:57:31.4094280Z test_symlink_and_frozen_output_paths_rejected (test_sealed_historical_account_continuity_v01.ContinuityRegistrationTests.test_symlink_and_frozen_output_paths_rejected) ... ok
2026-09-12T20:57:32.4611420Z test_write_once_rehashed_metadata_and_extra_files_fail (test_sealed_historical_account_continuity_v01.ContinuityRegistrationTests.test_write_once_rehashed_metadata_and_extra_files_fail) ... ok
2026-09-12T20:57:32.5642514Z test_expired_wait_blocks_all_later_slots_with_exact_shares (test_sealed_historical_account_exit_waiting_v01.WaitingAccountTests.test_expired_wait_blocks_all_later_slots_with_exact_shares) ... ok
2026-09-12T20:57:38.6094065Z test_no_wait_path_objects_match_risk_parent_exactly (test_sealed_historical_account_exit_waiting_v01.WaitingAccountTests.test_no_wait_path_objects_match_risk_parent_exactly) ... ok
2026-09-12T20:57:39.2661057Z test_waiting_closes_and_preserves_audit_after_capacity_release (test_sealed_historical_account_exit_waiting_v01.WaitingAccountTests.test_waiting_closes_and_preserves_audit_after_capacity_release) ... ok
2026-09-12T20:57:39.4234377Z test_delayed_submission_after_an_earlier_fresh_print_is_rejected (test_sealed_historical_account_exit_waiting_v01.WaitingIndependentTests.test_delayed_submission_after_an_earlier_fresh_print_is_rejected) ... ok
2026-09-12T20:57:39.5168136Z test_failed_submission_preserves_causal_proposal_without_attempt (test_sealed_historical_account_exit_waiting_v01.WaitingIndependentTests.test_failed_submission_preserves_causal_proposal_without_attempt) ... ok
2026-09-12T20:57:39.5288280Z test_independent_reference_matches_frozen_index_on_status_ties_and_unknowns (test_sealed_historical_account_exit_waiting_v01.WaitingIndependentTests.test_independent_reference_matches_frozen_index_on_status_ties_and_unknowns) ... ok
2026-09-12T20:57:40.0230537Z test_independent_wait_sources_and_unchanged_account_checks (test_sealed_historical_account_exit_waiting_v01.WaitingIndependentTests.test_independent_wait_sources_and_unchanged_account_checks) ... ok
2026-09-12T20:57:40.8998504Z test_mutated_parent_or_child_invalidates_registration (test_sealed_historical_account_exit_waiting_v01.WaitingIndependentTests.test_mutated_parent_or_child_invalidates_registration) ... ok
2026-09-12T20:57:40.9004148Z test_registration_and_source_authority_fail_before_original_access (test_sealed_historical_account_exit_waiting_v01.WaitingIndependentTests.test_registration_and_source_authority_fail_before_original_access) ... ok
2026-09-12T20:57:41.7309228Z test_registration_reproduces_and_metadata_build_never_opens_originals (test_sealed_historical_account_exit_waiting_v01.WaitingIndependentTests.test_registration_reproduces_and_metadata_build_never_opens_originals) ... ok
2026-09-12T20:57:41.8808099Z test_rehashed_attempt_consumption_before_submission_is_rejected (test_sealed_historical_account_exit_waiting_v01.WaitingIndependentTests.test_rehashed_attempt_consumption_before_submission_is_rejected) ... ok
2026-09-12T20:57:41.9711466Z test_rehashed_false_expiry_and_dropped_wait_end_are_rejected (test_sealed_historical_account_exit_waiting_v01.WaitingIndependentTests.test_rehashed_false_expiry_and_dropped_wait_end_are_rejected) ... ok
2026-09-12T20:57:42.1204778Z test_rehashed_quote_witness_mutation_is_rejected (test_sealed_historical_account_exit_waiting_v01.WaitingIndependentTests.test_rehashed_quote_witness_mutation_is_rejected) ... ok
2026-09-12T20:57:42.1224548Z test_runtime_output_is_external_and_write_once (test_sealed_historical_account_exit_waiting_v01.WaitingIndependentTests.test_runtime_output_is_external_and_write_once) ... ok
2026-09-12T20:57:42.2895923Z test_supersession_is_independently_reconstructed (test_sealed_historical_account_exit_waiting_v01.WaitingIndependentTests.test_supersession_is_independently_reconstructed) ... ok
2026-09-12T20:57:42.2965101Z test_account_risk_latch_can_supersede_target_but_stop_has_priority (test_sealed_historical_account_exit_waiting_v01.WaitingManagementTests.test_account_risk_latch_can_supersede_target_but_stop_has_priority) ... ok
2026-09-12T20:57:42.3031463Z test_changed_tape_while_waiting_is_rejected (test_sealed_historical_account_exit_waiting_v01.WaitingManagementTests.test_changed_tape_while_waiting_is_rejected) ... ok
2026-09-12T20:57:42.3164809Z test_completed_red_bar_supersedes_target_but_never_stop (test_sealed_historical_account_exit_waiting_v01.WaitingManagementTests.test_completed_red_bar_supersedes_target_but_never_stop) ... ok
2026-09-12T20:57:42.3220133Z test_first_signal_without_full_tail_still_fails (test_sealed_historical_account_exit_waiting_v01.WaitingManagementTests.test_first_signal_without_full_tail_still_fails) ... ok
2026-09-12T20:57:42.3260189Z test_freshness_is_inclusive_and_native_ties_keep_last_record (test_sealed_historical_account_exit_waiting_v01.WaitingManagementTests.test_freshness_is_inclusive_and_native_ties_keep_last_record) ... ok
2026-09-12T20:57:42.3333603Z test_ineligible_print_does_not_reconsider_but_clean_odd_lot_does (test_sealed_historical_account_exit_waiting_v01.WaitingManagementTests.test_ineligible_print_does_not_reconsider_but_clean_odd_lot_does) ... ok
2026-09-12T20:57:42.3453731Z test_known_halt_waits_and_unknown_status_is_not_a_wait (test_sealed_historical_account_exit_waiting_v01.WaitingManagementTests.test_known_halt_waits_and_unknown_status_is_not_a_wait) ... ok
2026-09-12T20:57:42.3529812Z test_no_future_quote_then_first_fresh_print_submits_latched_target (test_sealed_historical_account_exit_waiting_v01.WaitingManagementTests.test_no_future_quote_then_first_fresh_print_submits_latched_target) ... ok
2026-09-12T20:57:42.3599235Z test_reference_index_is_immutable_and_matches_frozen_capture (test_sealed_historical_account_exit_waiting_v01.WaitingManagementTests.test_reference_index_is_immutable_and_matches_frozen_capture) ... ok
2026-09-12T20:57:42.3664403Z test_stale_reference_waits_without_reserving_or_consuming_attempt (test_sealed_historical_account_exit_waiting_v01.WaitingManagementTests.test_stale_reference_waits_without_reserving_or_consuming_attempt) ... ok
2026-09-12T20:57:42.3738381Z test_stop_supersedes_waiting_target_and_preserves_origin (test_sealed_historical_account_exit_waiting_v01.WaitingManagementTests.test_stop_supersedes_waiting_target_and_preserves_origin) ... ok
2026-09-12T20:57:42.4109169Z test_tape_mutation_or_wrong_pin_never_becomes_waiting (test_sealed_historical_account_exit_waiting_v01.WaitingManagementTests.test_tape_mutation_or_wrong_pin_never_becomes_waiting) ... ok
2026-09-12T20:57:42.4188192Z test_terminal_partial_fill_does_not_retry (test_sealed_historical_account_exit_waiting_v01.WaitingManagementTests.test_terminal_partial_fill_does_not_retry) ... ok
2026-09-12T20:57:42.4255955Z test_unknown_status_in_frozen_execution_tail_still_fails_closed (test_sealed_historical_account_exit_waiting_v01.WaitingManagementTests.test_unknown_status_in_frozen_execution_tail_still_fails_closed) ... ok
2026-09-12T20:57:42.4324397Z test_window_expiry_preserves_open_intent_and_shares (test_sealed_historical_account_exit_waiting_v01.WaitingManagementTests.test_window_expiry_preserves_open_intent_and_shares) ... ok
2026-09-12T20:57:42.5282979Z test_cli_has_no_replay_option_and_does_not_overwrite_output (test_sealed_historical_account_hosted_acceptance_v01.ArtifactAndRegistrationTests.test_cli_has_no_replay_option_and_does_not_overwrite_output) ... ok
2026-09-12T20:57:42.5293982Z test_duplicate_and_unsafe_zip_members_rejected (test_sealed_historical_account_hosted_acceptance_v01.ArtifactAndRegistrationTests.test_duplicate_and_unsafe_zip_members_rejected) ... ok
2026-09-12T20:57:42.5301909Z test_exact_zip_bytes_crc_inventory_and_no_extraction (test_sealed_historical_account_hosted_acceptance_v01.ArtifactAndRegistrationTests.test_exact_zip_bytes_crc_inventory_and_no_extraction) ... ok
2026-09-12T20:57:42.5909191Z test_external_commitment_and_changed_implementation_rejected (test_sealed_historical_account_hosted_acceptance_v01.ArtifactAndRegistrationTests.test_external_commitment_and_changed_implementation_rejected) ... ok
2026-09-12T20:57:42.5911472Z test_nonfinite_or_float_account_values_rejected (test_sealed_historical_account_hosted_acceptance_v01.ArtifactAndRegistrationTests.test_nonfinite_or_float_account_values_rejected) ... ok
2026-09-12T20:57:42.6083651Z test_registration_waives_only_local_rerun_and_is_post_result (test_sealed_historical_account_hosted_acceptance_v01.ArtifactAndRegistrationTests.test_registration_waives_only_local_rerun_and_is_post_result) ... ok
2026-09-12T20:57:42.6087301Z test_seals_canonical_bytes_and_duplicate_json_keys (test_sealed_historical_account_hosted_acceptance_v01.ArtifactAndRegistrationTests.test_seals_canonical_bytes_and_duplicate_json_keys) ... ok
2026-09-12T20:57:42.6116101Z test_available_input_cannot_be_silently_left_unprocessed (test_sealed_historical_account_hosted_acceptance_v01.CoverageTests.test_available_input_cannot_be_silently_left_unprocessed) ... ok
2026-09-12T20:57:42.6129371Z test_dropped_unavailable_history_is_rejected (test_sealed_historical_account_hosted_acceptance_v01.CoverageTests.test_dropped_unavailable_history_is_rejected) ... ok
2026-09-12T20:57:42.6136128Z test_exact_decimal_reconciliation_without_financial_output (test_sealed_historical_account_hosted_acceptance_v01.CoverageTests.test_exact_decimal_reconciliation_without_financial_output) ... ok
2026-09-12T20:57:42.6161491Z test_false_full_path_completion_and_wrong_chain_are_rejected (test_sealed_historical_account_hosted_acceptance_v01.CoverageTests.test_false_full_path_completion_and_wrong_chain_are_rejected) ... ok
2026-09-12T20:57:42.6184451Z test_first_gap_after_available_prefix_and_empty_gap_population (test_sealed_historical_account_hosted_acceptance_v01.CoverageTests.test_first_gap_after_available_prefix_and_empty_gap_population) ... ok
2026-09-12T20:57:42.6203301Z test_flat_execution_does_not_turn_missing_inputs_into_no_trade (test_sealed_historical_account_hosted_acceptance_v01.CoverageTests.test_flat_execution_does_not_turn_missing_inputs_into_no_trade) ... ok
2026-09-12T20:57:42.6222072Z test_missing_path_and_reordered_paths_are_rejected (test_sealed_historical_account_hosted_acceptance_v01.CoverageTests.test_missing_path_and_reordered_paths_are_rejected) ... ok
2026-09-12T20:57:42.6245597Z test_omitted_or_reclassified_unavailable_opportunity_is_rejected (test_sealed_historical_account_hosted_acceptance_v01.CoverageTests.test_omitted_or_reclassified_unavailable_opportunity_is_rejected) ... ok
2026-09-12T20:57:42.6268357Z test_omitted_session_and_duplicate_slot_are_rejected (test_sealed_historical_account_hosted_acceptance_v01.CoverageTests.test_omitted_session_and_duplicate_slot_are_rejected) ... ok
2026-09-12T20:57:42.6315154Z test_open_positions_pending_orders_and_window_are_rejected (test_sealed_historical_account_hosted_acceptance_v01.CoverageTests.test_open_positions_pending_orders_and_window_are_rejected) ... ok
2026-09-12T20:57:42.6327796Z test_prior_gap_conditions_later_fully_available_session (test_sealed_historical_account_hosted_acceptance_v01.CoverageTests.test_prior_gap_conditions_later_fully_available_session) ... ok
2026-09-12T20:57:42.6351205Z test_runtime_failure_and_incomplete_streams_are_rejected (test_sealed_historical_account_hosted_acceptance_v01.CoverageTests.test_runtime_failure_and_incomplete_streams_are_rejected) ... ok
2026-09-12T20:57:42.6375587Z test_unknown_gap_reason_and_false_complete_status_are_rejected (test_sealed_historical_account_hosted_acceptance_v01.CoverageTests.test_unknown_gap_reason_and_false_complete_status_are_rejected) ... ok
2026-09-12T20:57:42.6455158Z test_wrong_cash_fee_carry_or_reseed_is_rejected (test_sealed_historical_account_hosted_acceptance_v01.CoverageTests.test_wrong_cash_fee_carry_or_reseed_is_rejected) ... ok
2026-09-12T20:57:42.6529146Z test_complete_verification_accepts_hosted_only_without_financial_promotion (test_sealed_historical_account_hosted_acceptance_v01.EndToEndAcceptanceTests.test_complete_verification_accepts_hosted_only_without_financial_promotion) ... ok
2026-09-12T20:57:42.6629235Z test_failed_checker_or_incomplete_steps_do_not_qualify (test_sealed_historical_account_hosted_acceptance_v01.EndToEndAcceptanceTests.test_failed_checker_or_incomplete_steps_do_not_qualify) ... ok
2026-09-12T20:57:42.6842626Z test_missing_progress_or_changed_local_evidence_is_rejected (test_sealed_historical_account_hosted_acceptance_v01.EndToEndAcceptanceTests.test_missing_progress_or_changed_local_evidence_is_rejected) ... ok
2026-09-12T20:57:42.6927084Z test_rerun_or_wrong_artifact_do_not_qualify (test_sealed_historical_account_hosted_acceptance_v01.EndToEndAcceptanceTests.test_rerun_or_wrong_artifact_do_not_qualify) ... ok
2026-09-12T20:57:43.3548061Z test_12_paths_360_sessions_and_exactly_12_initial_seeds (test_sealed_historical_account_inputs_v01.HistoricalAccountInputsTests.test_12_paths_360_sessions_and_exactly_12_initial_seeds) ... ok
2026-09-12T20:57:43.5510659Z test_30_session_synthetic_handoff_carries_profit_loss_fees_and_positions (test_sealed_historical_account_inputs_v01.HistoricalAccountInputsTests.test_30_session_synthetic_handoff_carries_profit_loss_fees_and_positions) ... ok
2026-09-12T20:57:43.5513641Z test_all_profiles_unavailable_opportunities_and_empty_dates_preserved (test_sealed_historical_account_inputs_v01.HistoricalAccountInputsTests.test_all_profiles_unavailable_opportunities_and_empty_dates_preserved) ... ok
2026-09-12T20:57:43.5574168Z test_close_from_wrong_account_horizon_scenario_or_date_is_rejected (test_sealed_historical_account_inputs_v01.HistoricalAccountInputsTests.test_close_from_wrong_account_horizon_scenario_or_date_is_rejected) ... ok
2026-09-12T20:57:43.5720538Z test_currency_must_be_exact_cents_and_complete_state_must_survive (test_sealed_historical_account_inputs_v01.HistoricalAccountInputsTests.test_currency_must_be_exact_cents_and_complete_state_must_survive) ... ok
2026-09-12T20:57:45.6391784Z test_extra_output_file_and_symlinks_are_rejected (test_sealed_historical_account_inputs_v01.HistoricalAccountInputsTests.test_extra_output_file_and_symlinks_are_rejected) ... ok
2026-09-12T20:57:45.6403441Z test_first_date_rejects_a_supplied_previous_balance (test_sealed_historical_account_inputs_v01.HistoricalAccountInputsTests.test_first_date_rejects_a_supplied_previous_balance) ... ok
2026-09-12T20:57:45.6408479Z test_first_session_limits_reuse_frozen_policy_for_both_accounts (test_sealed_historical_account_inputs_v01.HistoricalAccountInputsTests.test_first_session_limits_reuse_frozen_policy_for_both_accounts) ... ok
2026-09-12T20:57:45.6420607Z test_handoff_does_not_share_mutable_state_with_prior_close (test_sealed_historical_account_inputs_v01.HistoricalAccountInputsTests.test_handoff_does_not_share_mutable_state_with_prior_close) ... ok
2026-09-12T20:57:45.6431484Z test_insolvent_state_is_preserved_without_reseeding (test_sealed_historical_account_inputs_v01.HistoricalAccountInputsTests.test_insolvent_state_is_preserved_without_reseeding) ... ok
2026-09-12T20:57:45.6456773Z test_merged_bounds_equal_union_not_larger_or_outcome_extended (test_sealed_historical_account_inputs_v01.HistoricalAccountInputsTests.test_merged_bounds_equal_union_not_larger_or_outcome_extended) ... ok
2026-09-12T20:57:45.6460018Z test_missing_or_duplicate_opportunity_population_is_rejected (test_sealed_historical_account_inputs_v01.HistoricalAccountInputsTests.test_missing_or_duplicate_opportunity_population_is_rejected) ... ok
2026-09-12T20:57:45.6581741Z test_missing_previous_close_blocks_every_later_date_including_zero_dates (test_sealed_historical_account_inputs_v01.HistoricalAccountInputsTests.test_missing_previous_close_blocks_every_later_date_including_zero_dates) ... ok
2026-09-12T20:57:45.6592961Z test_pending_orders_and_unavailable_state_are_not_inferred_flat (test_sealed_historical_account_inputs_v01.HistoricalAccountInputsTests.test_pending_orders_and_unavailable_state_are_not_inferred_flat) ... ok
2026-09-12T20:57:46.3331053Z test_real_parent_plan_reconstructs_without_provider_or_execution_calls (test_sealed_historical_account_inputs_v01.HistoricalAccountInputsTests.test_real_parent_plan_reconstructs_without_provider_or_execution_calls) ... ok
2026-09-12T20:57:46.8215798Z test_registration_binds_approved_values_and_unchanged_parent (test_sealed_historical_account_inputs_v01.HistoricalAccountInputsTests.test_registration_binds_approved_values_and_unchanged_parent) ... ok
2026-09-12T20:57:46.8228262Z test_rehashed_changed_balance_cannot_match_pinned_close (test_sealed_historical_account_inputs_v01.HistoricalAccountInputsTests.test_rehashed_changed_balance_cannot_match_pinned_close) ... ok
2026-09-12T20:57:46.8265089Z test_rehashed_registration_and_changed_parent_bytes_are_rejected (test_sealed_historical_account_inputs_v01.HistoricalAccountInputsTests.test_rehashed_registration_and_changed_parent_bytes_are_rejected) ... ok
2026-09-12T20:57:46.8310755Z test_rehashed_slot_cannot_reset_or_skip_registered_session (test_sealed_historical_account_inputs_v01.HistoricalAccountInputsTests.test_rehashed_slot_cannot_reset_or_skip_registered_session) ... ok
2026-09-12T20:57:46.8337559Z test_request_windows_keep_exact_nanoseconds_and_all_109_identities (test_sealed_historical_account_inputs_v01.HistoricalAccountInputsTests.test_request_windows_keep_exact_nanoseconds_and_all_109_identities) ... ok
2026-09-12T20:57:46.8359490Z test_retrospective_keys_and_unbound_source_runtime_are_rejected (test_sealed_historical_account_inputs_v01.HistoricalAccountInputsTests.test_retrospective_keys_and_unbound_source_runtime_are_rejected) ... ok
2026-09-12T20:57:49.5972085Z test_write_once_and_full_reconstruction_reject_rehashed_output (test_sealed_historical_account_inputs_v01.HistoricalAccountInputsTests.test_write_once_and_full_reconstruction_reject_rehashed_output) ... ok
2026-09-12T20:57:50.8827327Z test_all_twelve_paths_use_one_seed_and_thirty_slots (test_sealed_historical_account_replay_v01.HistoricalReplayMechanicsTests.test_all_twelve_paths_use_one_seed_and_thirty_slots) ... ok
2026-09-12T20:57:50.8830350Z test_external_registration_pin_is_required_before_source_access (test_sealed_historical_account_replay_v01.HistoricalReplayMechanicsTests.test_external_registration_pin_is_required_before_source_access) ... ok
2026-09-12T20:57:55.5350414Z test_frozen_parent_state_parity_across_mechanics (test_sealed_historical_account_replay_v01.HistoricalReplayMechanicsTests.test_frozen_parent_state_parity_across_mechanics) ... ok
2026-09-12T20:57:59.2451521Z test_independent_checker_accepts_every_frozen_mechanics_case (test_sealed_historical_account_replay_v01.HistoricalReplayMechanicsTests.test_independent_checker_accepts_every_frozen_mechanics_case) ... ok
2026-09-12T20:57:59.3406250Z test_independent_checker_rejects_financial_promotion (test_sealed_historical_account_replay_v01.HistoricalReplayMechanicsTests.test_independent_checker_rejects_financial_promotion) ... ok
2026-09-12T20:58:01.0408760Z test_independent_checker_rejects_lost_open_window (test_sealed_historical_account_replay_v01.HistoricalReplayMechanicsTests.test_independent_checker_rejects_lost_open_window) ... ok
2026-09-12T20:58:02.8032372Z test_independent_checker_rejects_rehashed_cash_reseed (test_sealed_historical_account_replay_v01.HistoricalReplayMechanicsTests.test_independent_checker_rejects_rehashed_cash_reseed) ... ok
2026-09-12T20:58:04.6400608Z test_independent_checker_rejects_stream_substitution (test_sealed_historical_account_replay_v01.HistoricalReplayMechanicsTests.test_independent_checker_rejects_stream_substitution) ... ok
2026-09-12T20:58:06.2856947Z test_omitted_original_source_fails_and_preserves_last_state (test_sealed_historical_account_replay_v01.HistoricalReplayMechanicsTests.test_omitted_original_source_fails_and_preserves_last_state) ... ok
2026-09-12T20:58:07.9022211Z test_omitted_unavailable_ref_is_rejected_before_execution (test_sealed_historical_account_replay_v01.HistoricalReplayMechanicsTests.test_omitted_unavailable_ref_is_rejected_before_execution) ... ok
2026-09-12T20:58:09.5857229Z test_open_position_blocks_all_later_slots_with_exact_basis_and_cash (test_sealed_historical_account_replay_v01.HistoricalReplayMechanicsTests.test_open_position_blocks_all_later_slots_with_exact_basis_and_cash) ... ok
2026-09-12T20:58:09.5999443Z test_original_registration_preserves_panel_and_closed_metrics (test_sealed_historical_account_replay_v01.HistoricalReplayMechanicsTests.test_original_registration_preserves_panel_and_closed_metrics) ... ok
2026-09-12T20:58:09.6086073Z test_parent_historical_guards_are_unchanged (test_sealed_historical_account_replay_v01.HistoricalReplayMechanicsTests.test_parent_historical_guards_are_unchanged) ... ok
2026-09-12T20:58:11.2530806Z test_pending_entry_failure_keeps_unreconciled_feedback (test_sealed_historical_account_replay_v01.HistoricalReplayMechanicsTests.test_pending_entry_failure_keeps_unreconciled_feedback) ... ok
2026-09-12T20:58:11.2533949Z test_public_api_rejects_caller_source_objects (test_sealed_historical_account_replay_v01.HistoricalReplayMechanicsTests.test_public_api_rejects_caller_source_objects) ... ok
2026-09-12T20:58:11.2537843Z test_public_api_rejects_rehashed_synthetic_binding_manifest (test_sealed_historical_account_replay_v01.HistoricalReplayMechanicsTests.test_public_api_rejects_rehashed_synthetic_binding_manifest) ... ok
2026-09-12T20:58:12.0268765Z test_registration_is_reproducible_and_parent_pins_are_real (test_sealed_historical_account_replay_v01.HistoricalReplayMechanicsTests.test_registration_is_reproducible_and_parent_pins_are_real) ... ok
2026-09-12T20:58:13.6650224Z test_resolved_foreign_opportunity_fails_before_order_submission (test_sealed_historical_account_replay_v01.HistoricalReplayMechanicsTests.test_resolved_foreign_opportunity_fails_before_order_submission) ... ok
2026-09-12T20:58:15.6477544Z test_stream_iterators_produce_identical_account_results (test_sealed_historical_account_replay_v01.HistoricalReplayMechanicsTests.test_stream_iterators_produce_identical_account_results) ... ok
2026-09-12T20:58:17.2380120Z test_unavailable_is_retained_and_never_resolved (test_sealed_historical_account_replay_v01.HistoricalReplayMechanicsTests.test_unavailable_is_retained_and_never_resolved) ... ok
2026-09-12T20:58:17.6283347Z test_native_quote_gap_produces_valid_feedback_rejected_by_frozen_checker (test_sealed_historical_account_residual_exit_diagnostic_v01.FrozenCheckerDefectRegressionTests.test_native_quote_gap_produces_valid_feedback_rejected_by_frozen_checker) ... ok
2026-09-12T20:58:17.7965469Z test_ordinary_unfilled_cancellation_does_not_imply_a_quote_gap (test_sealed_historical_account_residual_exit_diagnostic_v01.FrozenCheckerDefectRegressionTests.test_ordinary_unfilled_cancellation_does_not_imply_a_quote_gap) ... ok
2026-09-12T20:58:17.7968812Z test_arrival_freshness_includes_exact_age_boundary_only (test_sealed_historical_account_residual_exit_diagnostic_v01.QuoteLifecycleDiagnosticTests.test_arrival_freshness_includes_exact_age_boundary_only) ... ok
2026-09-12T20:58:17.7971893Z test_arrival_is_inclusive_and_cancellation_ack_is_exclusive (test_sealed_historical_account_residual_exit_diagnostic_v01.QuoteLifecycleDiagnosticTests.test_arrival_is_inclusive_and_cancellation_ack_is_exclusive) ... ok
2026-09-12T20:58:17.7974835Z test_changed_clock_and_missing_capture_coverage_fail_closed (test_sealed_historical_account_residual_exit_diagnostic_v01.QuoteLifecycleDiagnosticTests.test_changed_clock_and_missing_capture_coverage_fail_closed) ... ok
2026-09-12T20:58:17.7977918Z test_diagnostic_constants_equal_both_frozen_execution_policies (test_sealed_historical_account_residual_exit_diagnostic_v01.QuoteLifecycleDiagnosticTests.test_diagnostic_constants_equal_both_frozen_execution_policies) ... ok
2026-09-12T20:58:17.7980690Z test_equal_time_status_and_unusable_quotes_cannot_fill_a_gap (test_sealed_historical_account_residual_exit_diagnostic_v01.QuoteLifecycleDiagnosticTests.test_equal_time_status_and_unusable_quotes_cannot_fill_a_gap) ... ok
2026-09-12T20:58:17.7983571Z test_halted_fresh_candidate_is_distinct_from_no_fresh_quote (test_sealed_historical_account_residual_exit_diagnostic_v01.QuoteLifecycleDiagnosticTests.test_halted_fresh_candidate_is_distinct_from_no_fresh_quote) ... ok
2026-09-12T20:58:17.7986277Z test_quote_fresh_at_decision_can_be_stale_at_arrival (test_sealed_historical_account_residual_exit_diagnostic_v01.QuoteLifecycleDiagnosticTests.test_quote_fresh_at_decision_can_be_stale_at_arrival) ... ok
2026-09-12T20:58:17.7989223Z test_unknown_status_is_not_reclassified_as_a_quote_gap (test_sealed_historical_account_residual_exit_diagnostic_v01.QuoteLifecycleDiagnosticTests.test_unknown_status_is_not_reclassified_as_a_quote_gap) ... ok
2026-09-12T20:58:17.7992080Z test_bad_authority_or_internal_output_never_starts_an_attempt (test_sealed_historical_account_residual_exit_reproduction_v01.ReproductionAttemptTests.test_bad_authority_or_internal_output_never_starts_an_attempt) ... ok
2026-09-12T20:58:17.8063058Z test_changed_reproduced_byte_cannot_be_accepted_after_mocked_verifier_pass (test_sealed_historical_account_residual_exit_reproduction_v01.ReproductionAttemptTests.test_changed_reproduced_byte_cannot_be_accepted_after_mocked_verifier_pass) ... ok
2026-09-12T20:58:17.8200938Z test_extra_output_and_mutated_receipt_are_rejected (test_sealed_historical_account_residual_exit_reproduction_v01.ReproductionAttemptTests.test_extra_output_and_mutated_receipt_are_rejected) ... ok
2026-09-12T20:58:17.8256846Z test_original_failure_and_partial_output_survive_and_retry_is_refused (test_sealed_historical_account_residual_exit_reproduction_v01.ReproductionAttemptTests.test_original_failure_and_partial_output_survive_and_retry_is_refused) ... ok
2026-09-12T20:58:17.8360367Z test_receipt_precedes_sources_and_success_requires_six_exact_components (test_sealed_historical_account_residual_exit_reproduction_v01.ReproductionAttemptTests.test_receipt_precedes_sources_and_success_requires_six_exact_components) ... ok
2026-09-12T20:58:17.8387118Z test_source_mismatch_retains_receipt_and_failure_without_entering_replay (test_sealed_historical_account_residual_exit_reproduction_v01.ReproductionAttemptTests.test_source_mismatch_retains_receipt_and_failure_without_entering_replay) ... ok
2026-09-12T20:58:17.8393513Z test_symlink_output_is_rejected_without_touching_target (test_sealed_historical_account_residual_exit_reproduction_v01.ReproductionAttemptTests.test_symlink_output_is_rejected_without_touching_target) ... ok
2026-09-12T20:58:17.8443332Z test_verifier_failure_is_separately_retained_after_original_output (test_sealed_historical_account_residual_exit_reproduction_v01.ReproductionAttemptTests.test_verifier_failure_is_separately_retained_after_original_output) ... ok
2026-09-12T20:58:17.9228770Z test_metadata_cli_succeeds_under_offline_guard (test_sealed_historical_account_residual_exit_reproduction_v01.ReproductionRegistrationTests.test_metadata_cli_succeeds_under_offline_guard) ... ok
2026-09-12T20:58:17.9433377Z test_metadata_registration_preserves_original_producer_and_verifier (test_sealed_historical_account_residual_exit_reproduction_v01.ReproductionRegistrationTests.test_metadata_registration_preserves_original_producer_and_verifier) ... ok
2026-09-12T20:58:17.9453007Z test_original_cli_receives_exact_registration_and_restores_arguments (test_sealed_historical_account_residual_exit_reproduction_v01.ReproductionRegistrationTests.test_original_cli_receives_exact_registration_and_restores_arguments) ... ok
2026-09-12T20:58:17.9834743Z test_wrong_external_commitment_or_changed_orchestrator_is_rejected (test_sealed_historical_account_residual_exit_reproduction_v01.ReproductionRegistrationTests.test_wrong_external_commitment_or_changed_orchestrator_is_rejected) ... ok
2026-09-12T20:58:17.9933555Z test_inherited_checks_and_native_lifecycle_are_exact_original_functions (test_sealed_historical_account_residual_exit_status_v01.FrozenParityTests.test_inherited_checks_and_native_lifecycle_are_exact_original_functions) ... ok
2026-09-12T20:58:18.0151879Z test_outer_verification_body_is_identical (test_sealed_historical_account_residual_exit_status_v01.FrozenParityTests.test_outer_verification_body_is_identical) ... ok
2026-09-12T20:58:18.0852256Z test_residual_body_changes_only_the_expected_status_expression (test_sealed_historical_account_residual_exit_status_v01.FrozenParityTests.test_residual_body_changes_only_the_expected_status_expression) ... ok
2026-09-12T20:58:18.0870787Z test_attempt_receipt_precedes_verification_and_success_is_sealed (test_sealed_historical_account_residual_exit_status_v01.RegistrationAndAttemptTests.test_attempt_receipt_precedes_verification_and_success_is_sealed) ... ok
2026-09-12T20:58:18.0887541Z test_new_failure_is_retained_and_attempt_directory_cannot_be_reused (test_sealed_historical_account_residual_exit_status_v01.RegistrationAndAttemptTests.test_new_failure_is_retained_and_attempt_directory_cannot_be_reused) ... ok
2026-09-12T20:58:18.1058155Z test_registration_is_metadata_only_and_all_original_pins_are_unchanged (test_sealed_historical_account_residual_exit_status_v01.RegistrationAndAttemptTests.test_registration_is_metadata_only_and_all_original_pins_are_unchanged) ... ok
2026-09-12T20:58:18.1914720Z test_wrong_external_freeze_and_mutated_child_or_parent_fail_before_evidence (test_sealed_historical_account_residual_exit_status_v01.RegistrationAndAttemptTests.test_wrong_external_freeze_and_mutated_child_or_parent_fail_before_evidence) ... ok
2026-09-12T20:58:18.1929943Z test_wrong_registration_creates_no_attempt_and_draft_writer_never_overwrites (test_sealed_historical_account_residual_exit_status_v01.RegistrationAndAttemptTests.test_wrong_registration_creates_no_attempt_and_draft_writer_never_overwrites) ... ok
2026-09-12T20:58:18.1937316Z test_wrong_stored_runtime_cannot_reach_original_verifier (test_sealed_historical_account_residual_exit_status_v01.RegistrationAndAttemptTests.test_wrong_stored_runtime_cannot_reach_original_verifier) ... ok
2026-09-12T20:58:18.1942493Z test_exact_age_and_half_open_active_interval_classify_status (test_sealed_historical_account_residual_exit_status_v01.SourceDerivedStatusTests.test_exact_age_and_half_open_active_interval_classify_status) ... ok
2026-09-12T20:58:21.2324694Z test_existing_unfilled_partial_delayed_and_exhausted_paths_keep_checks (test_sealed_historical_account_residual_exit_status_v01.SourceDerivedStatusTests.test_existing_unfilled_partial_delayed_and_exhausted_paths_keep_checks) ... ok
2026-09-12T20:58:22.3062508Z test_no_quote_and_halted_feedback_pass_only_corrected_checker (test_sealed_historical_account_residual_exit_status_v01.SourceDerivedStatusTests.test_no_quote_and_halted_feedback_pass_only_corrected_checker) ... ok
2026-09-12T20:58:22.3065594Z test_positive_fill_rule_is_unchanged_and_invalid_quantity_rejected (test_sealed_historical_account_residual_exit_status_v01.SourceDerivedStatusTests.test_positive_fill_rule_is_unchanged_and_invalid_quantity_rejected) ... ok
2026-09-12T20:58:23.1208609Z test_rehashed_forged_status_is_not_an_allowlisted_cancellation (test_sealed_historical_account_residual_exit_status_v01.SourceDerivedStatusTests.test_rehashed_forged_status_is_not_an_allowlisted_cancellation) ... ok
2026-09-12T20:58:23.3901241Z test_removed_authority_and_changed_shares_still_fail (test_sealed_historical_account_residual_exit_status_v01.SourceDerivedStatusTests.test_removed_authority_and_changed_shares_still_fail) ... ok
2026-09-12T20:58:23.3903834Z test_unknown_status_and_changed_clocks_fail_closed (test_sealed_historical_account_residual_exit_status_v01.SourceDerivedStatusTests.test_unknown_status_and_changed_clocks_fail_closed) ... ok
2026-09-12T20:58:23.6214407Z test_acknowledged_authority_cannot_be_omitted_when_no_replacement_fills (test_sealed_historical_account_residual_exit_v01.ResidualAccountAndIndependentTests.test_acknowledged_authority_cannot_be_omitted_when_no_replacement_fills) ... ok
2026-09-12T20:58:23.8829249Z test_changed_parent_prefix_is_rejected (test_sealed_historical_account_residual_exit_v01.ResidualAccountAndIndependentTests.test_changed_parent_prefix_is_rejected) ... ok
2026-09-12T20:58:24.9971473Z test_confirmed_residual_close_releases_capacity_and_keeps_audit (test_sealed_historical_account_residual_exit_v01.ResidualAccountAndIndependentTests.test_confirmed_residual_close_releases_capacity_and_keeps_audit) ... ok
2026-09-12T20:58:25.2768174Z test_earlier_eligible_source_print_cannot_be_omitted (test_sealed_historical_account_residual_exit_v01.ResidualAccountAndIndependentTests.test_earlier_eligible_source_print_cannot_be_omitted) ... ok
2026-09-12T20:58:25.2885516Z test_frozen_finisher_arithmetic_is_unchanged (test_sealed_historical_account_residual_exit_v01.ResidualAccountAndIndependentTests.test_frozen_finisher_arithmetic_is_unchanged) ... ok
2026-09-12T20:58:25.3103344Z test_independent_account_checks_are_unchanged_except_parent_namespace (test_sealed_historical_account_residual_exit_v01.ResidualAccountAndIndependentTests.test_independent_account_checks_are_unchanged_except_parent_namespace) ... ok
2026-09-12T20:58:25.3710950Z test_independent_chronology_delta_is_only_registered_terminal_ceiling (test_sealed_historical_account_residual_exit_v01.ResidualAccountAndIndependentTests.test_independent_chronology_delta_is_only_registered_terminal_ceiling) ... ok
2026-09-12T20:58:25.6529791Z test_mutated_ack_remaining_count_and_first_print_are_rejected (test_sealed_historical_account_residual_exit_v01.ResidualAccountAndIndependentTests.test_mutated_ack_remaining_count_and_first_print_are_rejected) ... ok
2026-09-12T20:58:26.5718250Z test_mutated_parent_or_child_invalidates_registration (test_sealed_historical_account_residual_exit_v01.ResidualAccountAndIndependentTests.test_mutated_parent_or_child_invalidates_registration) ... ok
2026-09-12T20:58:26.6840019Z test_no_post_ack_print_records_expiry_and_preserves_shares (test_sealed_historical_account_residual_exit_v01.ResidualAccountAndIndependentTests.test_no_post_ack_print_records_expiry_and_preserves_shares) ... ok
2026-09-12T20:58:32.9988183Z test_no_residual_paths_are_byte_identical_to_waiting_parent (test_sealed_historical_account_residual_exit_v01.ResidualAccountAndIndependentTests.test_no_residual_paths_are_byte_identical_to_waiting_parent) ... ok
2026-09-12T20:58:33.3107019Z test_original_wait_and_residual_wait_remain_separate_bound_episodes (test_sealed_historical_account_residual_exit_v01.ResidualAccountAndIndependentTests.test_original_wait_and_residual_wait_remain_separate_bound_episodes) ... ok
2026-09-12T20:58:33.3109982Z test_registration_and_original_reader_are_required (test_sealed_historical_account_residual_exit_v01.ResidualAccountAndIndependentTests.test_registration_and_original_reader_are_required) ... ok
2026-09-12T20:58:34.1825321Z test_registration_is_metadata_only_and_parent_remains_frozen (test_sealed_historical_account_residual_exit_v01.ResidualAccountAndIndependentTests.test_registration_is_metadata_only_and_parent_remains_frozen) ... ok
2026-09-12T20:58:34.4609930Z test_rehashed_invalid_cancellation_context_is_rejected (test_sealed_historical_account_residual_exit_v01.ResidualAccountAndIndependentTests.test_rehashed_invalid_cancellation_context_is_rejected) ... ok
2026-09-12T20:58:34.5912872Z test_rehashed_third_terminal_order_exceeds_independent_budget (test_sealed_historical_account_residual_exit_v01.ResidualAccountAndIndependentTests.test_rehashed_third_terminal_order_exceeds_independent_budget) ... ok
2026-09-12T20:58:34.8707669Z test_removed_residual_audit_cannot_hide_second_order (test_sealed_historical_account_residual_exit_v01.ResidualAccountAndIndependentTests.test_removed_residual_audit_cannot_hide_second_order) ... ok
2026-09-12T20:58:35.2453985Z test_residual_release_can_change_later_capacity_decision_not_earlier_prefix (test_sealed_historical_account_residual_exit_v01.ResidualAccountAndIndependentTests.test_residual_release_can_change_later_capacity_decision_not_earlier_prefix) ... ok
2026-09-12T20:58:35.2473248Z test_runtime_output_is_external_and_write_once (test_sealed_historical_account_residual_exit_v01.ResidualAccountAndIndependentTests.test_runtime_output_is_external_and_write_once) ... ok
2026-09-12T20:58:35.6719043Z test_second_remainder_or_expired_wait_preserves_all_later_blocked_slots (test_sealed_historical_account_residual_exit_v01.ResidualAccountAndIndependentTests.test_second_remainder_or_expired_wait_preserves_all_later_blocked_slots) ... ok
2026-09-12T20:58:36.2525887Z test_stale_replacement_waits_then_closes_independently (test_sealed_historical_account_residual_exit_v01.ResidualAccountAndIndependentTests.test_stale_replacement_waits_then_closes_independently) ... ok
2026-09-12T20:58:36.2604631Z test_consumed_liquidity_is_not_reset_or_reused (test_sealed_historical_account_residual_exit_v01.ResidualManagementTests.test_consumed_liquidity_is_not_reset_or_reused) ... ok
2026-09-12T20:58:36.2766697Z test_first_later_eligible_print_uses_only_remainder_and_closes (test_sealed_historical_account_residual_exit_v01.ResidualManagementTests.test_first_later_eligible_print_uses_only_remainder_and_closes) ... ok
2026-09-12T20:58:36.2830853Z test_fully_filled_terminal_never_arms_residual (test_sealed_historical_account_residual_exit_v01.ResidualManagementTests.test_fully_filled_terminal_never_arms_residual) ... ok
2026-09-12T20:58:36.2912133Z test_known_halt_waits_without_consuming_additional_order (test_sealed_historical_account_residual_exit_v01.ResidualManagementTests.test_known_halt_waits_without_consuming_additional_order) ... ok
2026-09-12T20:58:36.3011651Z test_missing_reference_waits_without_spending_residual_budget (test_sealed_historical_account_residual_exit_v01.ResidualManagementTests.test_missing_reference_waits_without_spending_residual_budget) ... ok
2026-09-12T20:58:36.3080343Z test_no_later_print_expires_authority_without_order (test_sealed_historical_account_residual_exit_v01.ResidualManagementTests.test_no_later_print_expires_authority_without_order) ... ok
2026-09-12T20:58:36.3148233Z test_no_replacement_before_or_on_equal_time_ack_print (test_sealed_historical_account_residual_exit_v01.ResidualManagementTests.test_no_replacement_before_or_on_equal_time_ack_print) ... ok
2026-09-12T20:58:36.3209354Z test_partial_target_does_not_receive_replacement_authority (test_sealed_historical_account_residual_exit_v01.ResidualManagementTests.test_partial_target_does_not_receive_replacement_authority) ... ok
2026-09-12T20:58:36.3276292Z test_partial_terminal_ack_arms_without_resetting_attempt_or_liquidity (test_sealed_historical_account_residual_exit_v01.ResidualManagementTests.test_partial_terminal_ack_arms_without_resetting_attempt_or_liquidity) ... ok
2026-09-12T20:58:36.3436017Z test_second_partial_or_unfilled_exit_exhausts_budget_without_third_attempt (test_sealed_historical_account_residual_exit_v01.ResidualManagementTests.test_second_partial_or_unfilled_exit_exhausts_budget_without_third_attempt) ... ok
2026-09-12T20:58:36.3504004Z test_stop_can_supersede_prior_red_terminal_for_remainder (test_sealed_historical_account_residual_exit_v01.ResidualManagementTests.test_stop_can_supersede_prior_red_terminal_for_remainder) ... ok
2026-09-12T20:58:36.3582673Z test_unfilled_original_has_no_consumed_liquidity_but_valid_authority (test_sealed_historical_account_residual_exit_v01.ResidualManagementTests.test_unfilled_original_has_no_consumed_liquidity_but_valid_authority) ... ok
2026-09-12T20:58:36.3655935Z test_unknown_status_is_a_failure_not_permission_to_retry (test_sealed_historical_account_residual_exit_v01.ResidualManagementTests.test_unknown_status_is_a_failure_not_permission_to_retry) ... ok
2026-09-12T20:58:36.3736329Z test_wait_expiry_preserves_unsubmitted_remainder (test_sealed_historical_account_residual_exit_v01.ResidualManagementTests.test_wait_expiry_preserves_unsubmitted_remainder) ... ok
2026-09-12T20:58:36.3817722Z test_wrong_tape_rejected_without_spending_attempt (test_sealed_historical_account_residual_exit_v01.ResidualManagementTests.test_wrong_tape_rejected_without_spending_attempt) ... ok
2026-09-12T20:58:36.3823684Z test_confirmed_breakeven_and_flat_risk_are_exact_zero (test_sealed_historical_account_risk_projection_v01.DecimalRiskTests.test_confirmed_breakeven_and_flat_risk_are_exact_zero) ... ok
2026-09-12T20:58:36.3825398Z test_excess_precision_fails_instead_of_rounding (test_sealed_historical_account_risk_projection_v01.DecimalRiskTests.test_excess_precision_fails_instead_of_rounding) ... ok
2026-09-12T20:58:36.3830536Z test_internal_ledger_and_frozen_entry_evidence_are_untouched (test_sealed_historical_account_risk_projection_v01.DecimalRiskTests.test_internal_ledger_and_frozen_entry_evidence_are_untouched) ... ok
2026-09-12T20:58:36.3832494Z test_invalid_share_and_stop_inputs_are_rejected (test_sealed_historical_account_risk_projection_v01.DecimalRiskTests.test_invalid_share_and_stop_inputs_are_rejected) ... ok
2026-09-12T20:58:36.3837996Z test_multi_lot_risk_is_summed_before_numeric_projection (test_sealed_historical_account_risk_projection_v01.DecimalRiskTests.test_multi_lot_risk_is_summed_before_numeric_projection) ... ok
2026-09-12T20:58:36.3840168Z test_no_epsilon_quantization_or_rounding_is_allowed (test_sealed_historical_account_risk_projection_v01.DecimalRiskTests.test_no_epsilon_quantization_or_rounding_is_allowed) ... ok
2026-09-12T20:58:36.3855037Z test_nonbinary_cent_and_subcent_vectors (test_sealed_historical_account_risk_projection_v01.DecimalRiskTests.test_nonbinary_cent_and_subcent_vectors) ... ok
2026-09-12T20:58:36.3863169Z test_parent_equal_risk_representation_is_byte_identical (test_sealed_historical_account_risk_projection_v01.DecimalRiskTests.test_parent_equal_risk_representation_is_byte_identical) ... ok
2026-09-12T20:58:36.3869045Z test_partial_exit_uses_confirmed_remaining_shares (test_sealed_historical_account_risk_projection_v01.DecimalRiskTests.test_partial_exit_uses_confirmed_remaining_shares) ... ok
2026-09-12T20:58:36.3874213Z test_precision_does_not_depend_on_callers_decimal_context (test_sealed_historical_account_risk_projection_v01.DecimalRiskTests.test_precision_does_not_depend_on_callers_decimal_context) ... ok
2026-09-12T20:58:36.3880521Z test_projection_is_idempotent_and_does_not_alias_events (test_sealed_historical_account_risk_projection_v01.DecimalRiskTests.test_projection_is_idempotent_and_does_not_alias_events) ... ok
2026-09-12T20:58:36.5734153Z test_all_nonrisk_state_and_commitments_match_parent (test_sealed_historical_account_risk_projection_v01.RiskReplayTests.test_all_nonrisk_state_and_commitments_match_parent) ... ok
2026-09-12T20:58:38.6810634Z test_all_twelve_empty_paths_preserve_exact_parent_bytes (test_sealed_historical_account_risk_projection_v01.RiskReplayTests.test_all_twelve_empty_paths_preserve_exact_parent_bytes) ... ok
2026-09-12T20:58:38.6821671Z test_independent_rational_checker_rejects_total_and_campaign_risk (test_sealed_historical_account_risk_projection_v01.RiskReplayTests.test_independent_rational_checker_rejects_total_and_campaign_risk) ... ok
2026-09-12T20:58:38.7356271Z test_internal_ledger_copy_stays_frozen_before_and_after_entry (test_sealed_historical_account_risk_projection_v01.RiskReplayTests.test_internal_ledger_copy_stays_frozen_before_and_after_entry) ... ok
2026-09-12T20:58:39.5234853Z test_main_small_and_both_scenarios_preserve_entry_sizing (test_sealed_historical_account_risk_projection_v01.RiskReplayTests.test_main_small_and_both_scenarios_preserve_entry_sizing) ... ok
2026-09-12T20:58:39.5437382Z test_old_checker_rejects_parent_and_accepts_decimal_child (test_sealed_historical_account_risk_projection_v01.RiskReplayTests.test_old_checker_rejects_parent_and_accepts_decimal_child) ... ok
2026-09-12T20:58:46.0417136Z test_parent_cases_reentry_partial_fills_locks_and_failures_still_match (test_sealed_historical_account_risk_projection_v01.RiskReplayTests.test_parent_cases_reentry_partial_fills_locks_and_failures_still_match) ... ok
2026-09-12T20:58:46.0419544Z test_parity_does_not_ignore_arbitrary_hash_strings (test_sealed_historical_account_risk_projection_v01.RiskReplayTests.test_parity_does_not_ignore_arbitrary_hash_strings) ... ok
2026-09-12T20:58:46.1365435Z test_parity_rejects_rehashed_arbitrary_nonrisk_changes (test_sealed_historical_account_risk_projection_v01.RiskReplayTests.test_parity_rejects_rehashed_arbitrary_nonrisk_changes) ... ok
2026-09-12T20:58:46.1368414Z test_registration_and_source_objects_fail_before_historical_access (test_sealed_historical_account_risk_projection_v01.RiskReplayTests.test_registration_and_source_objects_fail_before_historical_access) ... ok
2026-09-12T20:58:46.9325356Z test_registration_is_reproducible_with_all_parent_pins (test_sealed_historical_account_risk_projection_v01.RiskReplayTests.test_registration_is_reproducible_with_all_parent_pins) ... ok
2026-09-12T20:58:47.7019764Z test_write_once_output_and_parent_replay_are_preserved (test_sealed_historical_account_risk_projection_v01.RiskReplayTests.test_write_once_output_and_parent_replay_are_preserved) ... ok
2026-09-12T20:58:47.8269300Z test_all_thirty_empty_slots_seed_once (test_sealed_historical_account_scheduler_v01.SchedulerMechanicsTests.test_all_thirty_empty_slots_seed_once) ... ok
2026-09-12T20:58:47.8481258Z test_boundary_flags_do_not_claim_complete_historical_integration (test_sealed_historical_account_scheduler_v01.SchedulerMechanicsTests.test_boundary_flags_do_not_claim_complete_historical_integration) ... ok
2026-09-12T20:58:47.8528760Z test_context_preflight_is_exact_frozen_prefix (test_sealed_historical_account_scheduler_v01.SchedulerMechanicsTests.test_context_preflight_is_exact_frozen_prefix) ... ok
2026-09-12T20:58:47.8742764Z test_continuation_requires_independent_session_pin (test_sealed_historical_account_scheduler_v01.SchedulerMechanicsTests.test_continuation_requires_independent_session_pin) ... ok
2026-09-12T20:58:48.1033747Z test_delayed_entry_does_not_expose_future_fill_or_cash (test_sealed_historical_account_scheduler_v01.SchedulerMechanicsTests.test_delayed_entry_does_not_expose_future_fill_or_cash) ... ok
2026-09-12T20:58:48.2937213Z test_duplicate_and_unknown_opportunities_fail_closed (test_sealed_historical_account_scheduler_v01.SchedulerMechanicsTests.test_duplicate_and_unknown_opportunities_fail_closed) ... ok
2026-09-12T20:58:48.4125976Z test_entry_ack_tie_cannot_recycle_capacity_but_next_ns_can (test_sealed_historical_account_scheduler_v01.SchedulerMechanicsTests.test_entry_ack_tie_cannot_recycle_capacity_but_next_ns_can) ... ok
2026-09-12T20:58:48.4862183Z test_entry_fill_tie_is_still_reserved_and_not_yet_booked (test_sealed_historical_account_scheduler_v01.SchedulerMechanicsTests.test_entry_fill_tie_is_still_reserved_and_not_yet_booked) ... ok
2026-09-12T20:58:48.5035614Z test_exact_slot_order_and_foreign_path_rejected (test_sealed_historical_account_scheduler_v01.SchedulerMechanicsTests.test_exact_slot_order_and_foreign_path_rejected) ... ok
2026-09-12T20:58:48.8091631Z test_exact_time_collision_uses_frozen_rank_not_input_order (test_sealed_historical_account_scheduler_v01.SchedulerMechanicsTests.test_exact_time_collision_uses_frozen_rank_not_input_order) ... ok
2026-09-12T20:58:49.0470065Z test_exit_ack_tie_cannot_recycle_capacity_but_next_ns_can (test_sealed_historical_account_scheduler_v01.SchedulerMechanicsTests.test_exit_ack_tie_cannot_recycle_capacity_but_next_ns_can) ... ok
2026-09-12T20:58:49.1479510Z test_flat_valuation_handoff_replays_parent_and_keeps_capital (test_sealed_historical_account_scheduler_v01.SchedulerMechanicsTests.test_flat_valuation_handoff_replays_parent_and_keeps_capital) ... ok
2026-09-12T20:58:49.3368704Z test_future_candidate_is_rejected (test_sealed_historical_account_scheduler_v01.SchedulerMechanicsTests.test_future_candidate_is_rejected) ... ok
2026-09-12T20:58:49.6092502Z test_future_entry_price_cannot_change_earlier_scarcity (test_sealed_historical_account_scheduler_v01.SchedulerMechanicsTests.test_future_entry_price_cannot_change_earlier_scarcity) ... ok
2026-09-12T20:58:49.8047750Z test_future_reconciliation_failure_is_deferred_and_preserves_feedback (test_sealed_historical_account_scheduler_v01.SchedulerMechanicsTests.test_future_reconciliation_failure_is_deferred_and_preserves_feedback) ... ok
2026-09-12T20:58:50.6020069Z test_invalid_candidate_numeric_shapes_fail_before_execution (test_sealed_historical_account_scheduler_v01.SchedulerMechanicsTests.test_invalid_candidate_numeric_shapes_fail_before_execution) ... ok
2026-09-12T20:58:50.6745388Z test_known_profit_giveback_lock_blocks_later_entry (test_sealed_historical_account_scheduler_v01.SchedulerMechanicsTests.test_known_profit_giveback_lock_blocks_later_entry) ... ok
2026-09-12T20:58:51.0485702Z test_missing_available_source_blocks_but_unavailable_receipt_does_not (test_sealed_historical_account_scheduler_v01.SchedulerMechanicsTests.test_missing_available_source_blocks_but_unavailable_receipt_does_not) ... ok
2026-09-12T20:58:51.1500555Z test_open_valuation_handoff_cannot_extend_original_window (test_sealed_historical_account_scheduler_v01.SchedulerMechanicsTests.test_open_valuation_handoff_cannot_extend_original_window) ... ok
2026-09-12T20:58:51.9605478Z test_overlapping_windows_release_before_old_window_end (test_sealed_historical_account_scheduler_v01.SchedulerMechanicsTests.test_overlapping_windows_release_before_old_window_end) ... ok
2026-09-12T20:58:52.2303975Z test_parent_and_input_objects_are_unchanged (test_sealed_historical_account_scheduler_v01.SchedulerMechanicsTests.test_parent_and_input_objects_are_unchanged) ... ok
2026-09-12T20:58:52.4570187Z test_partial_position_survives_next_day_without_seed_reset (test_sealed_historical_account_scheduler_v01.SchedulerMechanicsTests.test_partial_position_survives_next_day_without_seed_reset) ... ok
2026-09-12T20:58:52.4730464Z test_retrospective_inputs_and_historical_mode_rejected (test_sealed_historical_account_scheduler_v01.SchedulerMechanicsTests.test_retrospective_inputs_and_historical_mode_rejected) ... ok
2026-09-12T20:58:52.7421908Z test_risk_exit_missing_tape_retains_unsubmitted_intent (test_sealed_historical_account_scheduler_v01.SchedulerMechanicsTests.test_risk_exit_missing_tape_retains_unsubmitted_intent) ... ok
2026-09-12T20:58:53.0345743Z test_risk_exit_partial_fill_has_no_automatic_retry (test_sealed_historical_account_scheduler_v01.SchedulerMechanicsTests.test_risk_exit_partial_fill_has_no_automatic_retry) ... ok
2026-09-12T20:58:53.3287149Z test_risk_guard_executes_one_frozen_terminal_attempt (test_sealed_historical_account_scheduler_v01.SchedulerMechanicsTests.test_risk_guard_executes_one_frozen_terminal_attempt) ... ok
2026-09-12T20:58:53.5659870Z test_same_symbol_reentry_is_explicit_blocking_dependency (test_sealed_historical_account_scheduler_v01.SchedulerMechanicsTests.test_same_symbol_reentry_is_explicit_blocking_dependency) ... ok
2026-09-12T20:58:53.8501608Z test_source_pin_tamper_and_rehashed_result_tamper_are_rejected (test_sealed_historical_account_scheduler_v01.SchedulerMechanicsTests.test_source_pin_tamper_and_rehashed_result_tamper_are_rejected) ... ok
2026-09-12T20:58:53.9168634Z test_subcent_cash_survives_next_session (test_sealed_historical_account_scheduler_v01.SchedulerMechanicsTests.test_subcent_cash_survives_next_session) ... ok
2026-09-12T20:58:54.0392579Z test_trailing_old_source_is_verified_after_capacity_reuse (test_sealed_historical_account_scheduler_v01.SchedulerMechanicsTests.test_trailing_old_source_is_verified_after_capacity_reuse) ... ok
2026-09-12T20:58:54.2301903Z test_unconfirmed_entry_is_preserved_after_stream_failure (test_sealed_historical_account_scheduler_v01.SchedulerMechanicsTests.test_unconfirmed_entry_is_preserved_after_stream_failure) ... ok
2026-09-12T20:58:54.4649031Z test_unfilled_entry_holds_capacity_until_ack_and_has_no_fee (test_sealed_historical_account_scheduler_v01.SchedulerMechanicsTests.test_unfilled_entry_holds_capacity_until_ack_and_has_no_fee) ... ok
2026-09-12T20:58:54.4959675Z test_wrong_source_decision_hash_blocks_submission (test_sealed_historical_account_scheduler_v01.SchedulerMechanicsTests.test_wrong_source_decision_hash_blocks_submission) ... ok
2026-09-12T20:58:54.7424319Z test_all_original_slots_and_unavailable_references_unchanged (test_sealed_historical_account_scheduler_v01.SchedulerRegistrationTests.test_all_original_slots_and_unavailable_references_unchanged) ... ok
2026-09-12T20:59:01.4418384Z test_direct_offline_cli_produces_independently_verified_artifacts (test_sealed_historical_account_scheduler_v01.SchedulerRegistrationTests.test_direct_offline_cli_produces_independently_verified_artifacts) ... ok
2026-09-12T20:59:01.4818262Z test_entrypoints_have_no_undefined_globals_and_checker_is_stdlib (test_sealed_historical_account_scheduler_v01.SchedulerRegistrationTests.test_entrypoints_have_no_undefined_globals_and_checker_is_stdlib) ... ok
2026-09-12T20:59:04.7384581Z test_independent_checker_recomputes_and_rejects_rehashed_scarcity (test_sealed_historical_account_scheduler_v01.SchedulerRegistrationTests.test_independent_checker_recomputes_and_rejects_rehashed_scarcity) ... ok
2026-09-12T20:59:04.9790915Z test_metadata_build_cannot_run_mechanics_or_open_market_bundle (test_sealed_historical_account_scheduler_v01.SchedulerRegistrationTests.test_metadata_build_cannot_run_mechanics_or_open_market_bundle) ... ok
2026-09-12T20:59:05.2169760Z test_parent_and_implementation_mutations_fail_registration (test_sealed_historical_account_scheduler_v01.SchedulerRegistrationTests.test_parent_and_implementation_mutations_fail_registration) ... ok
2026-09-12T20:59:05.4417549Z test_registration_binds_immutable_parent_and_scope (test_sealed_historical_account_scheduler_v01.SchedulerRegistrationTests.test_registration_binds_immutable_parent_and_scope) ... ok
2026-09-12T20:59:05.4425834Z test_symlink_and_frozen_output_paths_rejected (test_sealed_historical_account_scheduler_v01.SchedulerRegistrationTests.test_symlink_and_frozen_output_paths_rejected) ... ok
2026-09-12T20:59:06.3741491Z test_write_once_rehashed_metadata_and_extra_files_fail (test_sealed_historical_account_scheduler_v01.SchedulerRegistrationTests.test_write_once_rehashed_metadata_and_extra_files_fail) ... ok
2026-09-12T20:59:06.4013354Z test_bad_exit_pin_cannot_debit_entry_cash (test_sealed_historical_account_state_producer_v01.ProducerMechanicsTests.test_bad_exit_pin_cannot_debit_entry_cash) ... ok
2026-09-12T20:59:06.4261379Z test_caller_balance_or_prior_close_fields_are_rejected (test_sealed_historical_account_state_producer_v01.ProducerMechanicsTests.test_caller_balance_or_prior_close_fields_are_rejected) ... ok
2026-09-12T20:59:06.4477060Z test_canonical_exact_money_and_retrospective_field_exclusion (test_sealed_historical_account_state_producer_v01.ProducerMechanicsTests.test_canonical_exact_money_and_retrospective_field_exclusion) ... ok
2026-09-12T20:59:06.4702104Z test_changed_date_and_duplicate_opportunity_rejected (test_sealed_historical_account_state_producer_v01.ProducerMechanicsTests.test_changed_date_and_duplicate_opportunity_rejected) ... ok
2026-09-12T20:59:06.5133546Z test_complete_trailing_stream_is_checked_after_flat (test_sealed_historical_account_state_producer_v01.ProducerMechanicsTests.test_complete_trailing_stream_is_checked_after_flat) ... ok
2026-09-12T20:59:06.7254737Z test_exact_cent_legacy_transport_remains_transport_only (test_sealed_historical_account_state_producer_v01.ProducerMechanicsTests.test_exact_cent_legacy_transport_remains_transport_only) ... ok
2026-09-12T20:59:07.0226790Z test_extending_prefix_preserves_prior_checkpoints (test_sealed_historical_account_state_producer_v01.ProducerMechanicsTests.test_extending_prefix_preserves_prior_checkpoints) ... ok
2026-09-12T20:59:07.0450539Z test_external_program_and_result_pins_required (test_sealed_historical_account_state_producer_v01.ProducerMechanicsTests.test_external_program_and_result_pins_required) ... ok
2026-09-12T20:59:07.0775383Z test_failure_before_entry_cancel_ack_preserves_the_entry_order (test_sealed_historical_account_state_producer_v01.ProducerMechanicsTests.test_failure_before_entry_cancel_ack_preserves_the_entry_order) ... ok
2026-09-12T20:59:07.2572968Z test_fee_book_persists_across_two_serial_positions (test_sealed_historical_account_state_producer_v01.ProducerMechanicsTests.test_fee_book_persists_across_two_serial_positions) ... ok
2026-09-12T20:59:07.4005857Z test_fractional_cent_survives_next_day_without_rounding (test_sealed_historical_account_state_producer_v01.ProducerMechanicsTests.test_fractional_cent_survives_next_day_without_rounding) ... ok
2026-09-12T20:59:07.4627399Z test_frozen_runner_management_parity (test_sealed_historical_account_state_producer_v01.ProducerMechanicsTests.test_frozen_runner_management_parity) ... ok
2026-09-12T20:59:07.4710353Z test_historical_scope_rejected (test_sealed_historical_account_state_producer_v01.ProducerMechanicsTests.test_historical_scope_rejected) ... ok
2026-09-12T20:59:07.6114994Z test_input_and_output_copies_are_isolated (test_sealed_historical_account_state_producer_v01.ProducerMechanicsTests.test_input_and_output_copies_are_isolated) ... ok
2026-09-12T20:59:07.6365505Z test_ledger_injection_is_rejected (test_sealed_historical_account_state_producer_v01.ProducerMechanicsTests.test_ledger_injection_is_rejected) ... ok
2026-09-12T20:59:07.7556799Z test_mid_stream_failure_retains_pending_order_and_confirmed_cash (test_sealed_historical_account_state_producer_v01.ProducerMechanicsTests.test_mid_stream_failure_retains_pending_order_and_confirmed_cash) ... ok
2026-09-12T20:59:07.8662448Z test_omitted_available_opportunity_blocks_an_empty_day_claim (test_sealed_historical_account_state_producer_v01.ProducerMechanicsTests.test_omitted_available_opportunity_blocks_an_empty_day_claim) ... ok
2026-09-12T20:59:08.0058283Z test_open_position_carried_without_inventing_equity (test_sealed_historical_account_state_producer_v01.ProducerMechanicsTests.test_open_position_carried_without_inventing_equity) ... ok
2026-09-12T20:59:08.0681232Z test_overlapping_complete_windows_do_not_reset_the_clock (test_sealed_historical_account_state_producer_v01.ProducerMechanicsTests.test_overlapping_complete_windows_do_not_reset_the_clock) ... ok
2026-09-12T20:59:08.2122207Z test_prior_open_position_prevents_new_execution (test_sealed_historical_account_state_producer_v01.ProducerMechanicsTests.test_prior_open_position_prevents_new_execution) ... ok
2026-09-12T20:59:08.5426769Z test_profit_fee_continuity_and_thirty_day_prefix (test_sealed_historical_account_state_producer_v01.ProducerMechanicsTests.test_profit_fee_continuity_and_thirty_day_prefix) ... ok
2026-09-12T20:59:08.5679235Z test_real_symbol_cannot_use_synthetic_component_entrypoint (test_sealed_historical_account_state_producer_v01.ProducerMechanicsTests.test_real_symbol_cannot_use_synthetic_component_entrypoint) ... ok
2026-09-12T20:59:08.9013227Z test_rehashed_forged_state_does_not_authenticate (test_sealed_historical_account_state_producer_v01.ProducerMechanicsTests.test_rehashed_forged_state_does_not_authenticate) ... ok
2026-09-12T20:59:09.0104981Z test_seed_once_and_all_empty_session_states (test_sealed_historical_account_state_producer_v01.ProducerMechanicsTests.test_seed_once_and_all_empty_session_states) ... ok
2026-09-12T20:59:09.0667851Z test_sessions_must_be_contiguous_same_path_and_start_at_seed (test_sealed_historical_account_state_producer_v01.ProducerMechanicsTests.test_sessions_must_be_contiguous_same_path_and_start_at_seed) ... ok
2026-09-12T20:59:09.2054861Z test_small_daily_guard_resets_with_carried_capital (test_sealed_historical_account_state_producer_v01.ProducerMechanicsTests.test_small_daily_guard_resets_with_carried_capital) ... ok
2026-09-12T20:59:09.3058763Z test_stress_scenario_reconciles_and_carries_its_own_path (test_sealed_historical_account_state_producer_v01.ProducerMechanicsTests.test_stress_scenario_reconciles_and_carries_its_own_path) ... ok
2026-09-12T20:59:09.4177535Z test_unavailable_gap_is_preserved_without_an_order (test_sealed_historical_account_state_producer_v01.ProducerMechanicsTests.test_unavailable_gap_is_preserved_without_an_order) ... ok
2026-09-12T20:59:09.4180271Z test_unrepresentable_frozen_float_projection_is_blocked (test_sealed_historical_account_state_producer_v01.ProducerMechanicsTests.test_unrepresentable_frozen_float_projection_is_blocked) ... ok
2026-09-12T20:59:12.0604355Z test_all_twelve_paths_and_independent_accounting (test_sealed_historical_account_state_producer_v01.ProducerRegistrationTests.test_all_twelve_paths_and_independent_accounting) ... ok
2026-09-12T20:59:12.1028366Z test_entrypoints_have_no_undefined_globals_and_checker_is_independent (test_sealed_historical_account_state_producer_v01.ProducerRegistrationTests.test_entrypoints_have_no_undefined_globals_and_checker_is_independent) ... ok
2026-09-12T20:59:12.2575139Z test_independent_checker_rejects_forged_cash_despite_resealed_chain (test_sealed_historical_account_state_producer_v01.ProducerRegistrationTests.test_independent_checker_rejects_forged_cash_despite_resealed_chain) ... ok
2026-09-12T20:59:12.3024799Z test_metadata_does_not_replay_or_open_source_tapes (test_sealed_historical_account_state_producer_v01.ProducerRegistrationTests.test_metadata_does_not_replay_or_open_source_tapes) ... ok
2026-09-12T20:59:12.3485437Z test_metadata_preserves_all_original_slots_and_unavailable_inputs (test_sealed_historical_account_state_producer_v01.ProducerRegistrationTests.test_metadata_preserves_all_original_slots_and_unavailable_inputs) ... ok
2026-09-12T20:59:17.2584906Z test_offline_cli_build_verify_vectors_and_independent_checker (test_sealed_historical_account_state_producer_v01.ProducerRegistrationTests.test_offline_cli_build_verify_vectors_and_independent_checker) ... ok
2026-09-12T20:59:17.2591857Z test_output_cannot_replace_frozen_paths_or_follow_symlinks (test_sealed_historical_account_state_producer_v01.ProducerRegistrationTests.test_output_cannot_replace_frozen_paths_or_follow_symlinks) ... ok
2026-09-12T20:59:17.2969097Z test_parent_or_implementation_mutation_invalidates_registration (test_sealed_historical_account_state_producer_v01.ProducerRegistrationTests.test_parent_or_implementation_mutation_invalidates_registration) ... ok
2026-09-12T20:59:17.3249022Z test_registration_pins_parent_and_closed_boundaries (test_sealed_historical_account_state_producer_v01.ProducerRegistrationTests.test_registration_pins_parent_and_closed_boundaries) ... ok
2026-09-12T20:59:17.5065051Z test_write_once_rehashed_metadata_and_extra_inventory (test_sealed_historical_account_state_producer_v01.ProducerRegistrationTests.test_write_once_rehashed_metadata_and_extra_inventory) ... ok
2026-09-12T20:59:17.8965902Z test_earlier_eligible_third_print_cannot_be_skipped (test_sealed_historical_account_terminal_continuation_v01.AccountAndVerificationTests.test_earlier_eligible_third_print_cannot_be_skipped) ... ok
2026-09-12T20:59:18.7070480Z test_expired_no_quote_no_print_and_unfilled_keep_later_slots_blocked (test_sealed_historical_account_terminal_continuation_v01.AccountAndVerificationTests.test_expired_no_quote_no_print_and_unfilled_keep_later_slots_blocked) ... ok
2026-09-12T20:59:20.2229214Z test_independent_account_close_and_cash_carry_all_cells (test_sealed_historical_account_terminal_continuation_v01.AccountAndVerificationTests.test_independent_account_close_and_cash_carry_all_cells) ... ok
2026-09-12T20:59:20.3218587Z test_original_account_arithmetic_and_corrected_status_checks_are_preserved (test_sealed_historical_account_terminal_continuation_v01.AccountAndVerificationTests.test_original_account_arithmetic_and_corrected_status_checks_are_preserved) ... ok
2026-09-12T20:59:21.3608577Z test_parent_paths_without_new_authority_are_exact (test_sealed_historical_account_terminal_continuation_v01.AccountAndVerificationTests.test_parent_paths_without_new_authority_are_exact) ... ok
2026-09-12T20:59:21.8812452Z test_release_permits_only_frozen_reentry_and_fee_accounting (test_sealed_historical_account_terminal_continuation_v01.AccountAndVerificationTests.test_release_permits_only_frozen_reentry_and_fee_accounting) ... ok
2026-09-12T20:59:22.3049946Z test_removed_audit_or_rehashed_semantic_mutations_fail (test_sealed_historical_account_terminal_continuation_v01.AccountAndVerificationTests.test_removed_audit_or_rehashed_semantic_mutations_fail) ... ok
2026-09-12T20:59:22.5807345Z test_unsubmitted_expiry_cannot_be_omitted (test_sealed_historical_account_terminal_continuation_v01.AccountAndVerificationTests.test_unsubmitted_expiry_cannot_be_omitted) ... ok
2026-09-12T20:59:23.4015877Z test_waited_third_submission_preserves_authority (test_sealed_historical_account_terminal_continuation_v01.AccountAndVerificationTests.test_waited_third_submission_preserves_authority) ... ok
2026-09-12T20:59:23.7283177Z test_zero_fill_without_active_quote_uses_corrected_cancellation_classifier (test_sealed_historical_account_terminal_continuation_v01.AccountAndVerificationTests.test_zero_fill_without_active_quote_uses_corrected_cancellation_classifier) ... ok
2026-09-12T20:59:23.8714404Z test_registration_binds_completed_parent_and_all_implementation (test_sealed_historical_account_terminal_continuation_v01.RegistrationTests.test_registration_binds_completed_parent_and_all_implementation) ... ok
2026-09-12T20:59:24.5269251Z test_wrong_external_registration_rejects_before_receipt_or_source_access (test_sealed_historical_account_terminal_continuation_v01.RegistrationTests.test_wrong_external_registration_rejects_before_receipt_or_source_access) ... ok
2026-09-12T20:59:24.5381281Z test_consumed_third_order_liquidity_cannot_be_reused (test_sealed_historical_account_terminal_continuation_v01.TerminalContinuationTests.test_consumed_third_order_liquidity_cannot_be_reused) ... ok
2026-09-12T20:59:24.5487470Z test_equal_ack_print_and_ineligible_print_cannot_replace (test_sealed_historical_account_terminal_continuation_v01.TerminalContinuationTests.test_equal_ack_print_and_ineligible_print_cannot_replace) ... ok
2026-09-12T20:59:24.5576313Z test_foreign_context_and_quantity_fail_before_order (test_sealed_historical_account_terminal_continuation_v01.TerminalContinuationTests.test_foreign_context_and_quantity_fail_before_order) ... ok
2026-09-12T20:59:24.5694373Z test_missing_reference_waits_without_spending_attempt (test_sealed_historical_account_terminal_continuation_v01.TerminalContinuationTests.test_missing_reference_waits_without_spending_attempt) ... ok
2026-09-12T20:59:24.5831049Z test_original_two_order_prefix_is_exact (test_sealed_historical_account_terminal_continuation_v01.TerminalContinuationTests.test_original_two_order_prefix_is_exact) ... ok
2026-09-12T20:59:24.5898341Z test_partial_target_never_arms_continuation (test_sealed_historical_account_terminal_continuation_v01.TerminalContinuationTests.test_partial_target_never_arms_continuation) ... ok
2026-09-12T20:59:24.5985797Z test_stop_supersedes_risk_latch_on_continuation_print (test_sealed_historical_account_terminal_continuation_v01.TerminalContinuationTests.test_stop_supersedes_risk_latch_on_continuation_print) ... ok
2026-09-12T20:59:24.6221081Z test_third_and_fourth_close_exact_remainder_across_scenarios (test_sealed_historical_account_terminal_continuation_v01.TerminalContinuationTests.test_third_and_fourth_close_exact_remainder_across_scenarios) ... ok
2026-09-12T20:59:24.6415847Z test_third_order_unknown_status_fails_and_known_halt_waits (test_sealed_historical_account_terminal_continuation_v01.TerminalContinuationTests.test_third_order_unknown_status_fails_and_known_halt_waits) ... ok
2026-09-12T20:59:24.6980746Z test_unfilled_attempts_have_finite_source_window_and_flat_context_size (test_sealed_historical_account_terminal_continuation_v01.TerminalContinuationTests.test_unfilled_attempts_have_finite_source_window_and_flat_context_size) ... ok
2026-09-12T20:59:26.2414287Z test_bad_tape_pin_or_truncated_ordinals_is_an_input_failure (test_sealed_historical_account_valuation_v01.ValuationMechanicsTests.test_bad_tape_pin_or_truncated_ordinals_is_an_input_failure) ... ok
2026-09-12T20:59:26.4421776Z test_duplicate_or_foreign_position_inputs_rejected (test_sealed_historical_account_valuation_v01.ValuationMechanicsTests.test_duplicate_or_foreign_position_inputs_rejected) ... ok
2026-09-12T20:59:26.5414628Z test_external_valuation_input_pin_is_required (test_sealed_historical_account_valuation_v01.ValuationMechanicsTests.test_external_valuation_input_pin_is_required) ... ok
2026-09-12T20:59:26.6774172Z test_final_registered_session_cannot_roll_into_an_unregistered_date (test_sealed_historical_account_valuation_v01.ValuationMechanicsTests.test_final_registered_session_cannot_roll_into_an_unregistered_date) ... ok
2026-09-12T20:59:26.8083281Z test_flat_profit_initializes_next_day_without_seed_reset (test_sealed_historical_account_valuation_v01.ValuationMechanicsTests.test_flat_profit_initializes_next_day_without_seed_reset) ... ok
2026-09-12T20:59:27.0001707Z test_foreign_session_or_previous_close_rejected (test_sealed_historical_account_valuation_v01.ValuationMechanicsTests.test_foreign_session_or_previous_close_rejected) ... ok
2026-09-12T20:59:28.4609453Z test_fractional_cent_equity_is_exact (test_sealed_historical_account_valuation_v01.ValuationMechanicsTests.test_fractional_cent_equity_is_exact) ... ok
2026-09-12T20:59:28.8624645Z test_freshness_boundaries_match_each_frozen_scenario (test_sealed_historical_account_valuation_v01.ValuationMechanicsTests.test_freshness_boundaries_match_each_frozen_scenario) ... ok
2026-09-12T20:59:29.0087561Z test_future_price_and_halt_do_not_change_the_causal_valuation (test_sealed_historical_account_valuation_v01.ValuationMechanicsTests.test_future_price_and_halt_do_not_change_the_causal_valuation) ... ok
2026-09-12T20:59:30.5438456Z test_halt_unknown_and_same_time_status_are_unavailable (test_sealed_historical_account_valuation_v01.ValuationMechanicsTests.test_halt_unknown_and_same_time_status_are_unavailable) ... ok
2026-09-12T20:59:30.7443669Z test_historical_mode_or_extra_retrospective_fields_are_rejected (test_sealed_historical_account_valuation_v01.ValuationMechanicsTests.test_historical_mode_or_extra_retrospective_fields_are_rejected) ... ok
2026-09-12T20:59:30.8408418Z test_july_transition_uses_original_registered_calendar (test_sealed_historical_account_valuation_v01.ValuationMechanicsTests.test_july_transition_uses_original_registered_calendar) ... ok
2026-09-12T20:59:30.9414698Z test_latest_native_ordinal_wins_equal_time_and_sequence (test_sealed_historical_account_valuation_v01.ValuationMechanicsTests.test_latest_native_ordinal_wins_equal_time_and_sequence) ... ok
2026-09-12T20:59:33.8708569Z test_missing_position_or_tape_preserves_unknown_equity (test_sealed_historical_account_valuation_v01.ValuationMechanicsTests.test_missing_position_or_tape_preserves_unknown_equity) ... ok
2026-09-12T20:59:38.2370771Z test_missing_unit_evidence_and_known_split_do_not_guess_adjustments (test_sealed_historical_account_valuation_v01.ValuationMechanicsTests.test_missing_unit_evidence_and_known_split_do_not_guess_adjustments) ... ok
2026-09-12T20:59:38.3686275Z test_omitted_available_input_cannot_be_cleared_by_valuation (test_sealed_historical_account_valuation_v01.ValuationMechanicsTests.test_omitted_available_input_cannot_be_cleared_by_valuation) ... ok
2026-09-12T20:59:38.5099530Z test_open_position_equity_and_original_cost_basis (test_sealed_historical_account_valuation_v01.ValuationMechanicsTests.test_open_position_equity_and_original_cost_basis) ... ok
2026-09-12T20:59:38.6601381Z test_pending_order_does_not_disappear_when_its_ack_time_has_passed (test_sealed_historical_account_valuation_v01.ValuationMechanicsTests.test_pending_order_does_not_disappear_when_its_ack_time_has_passed) ... ok
2026-09-12T20:59:38.8521722Z test_quote_at_cutoff_is_known_but_one_nanosecond_later_is_not (test_sealed_historical_account_valuation_v01.ValuationMechanicsTests.test_quote_at_cutoff_is_known_but_one_nanosecond_later_is_not) ... ok
2026-09-12T20:59:38.9925090Z test_resealed_forged_mark_is_rejected_by_recomputation (test_sealed_historical_account_valuation_v01.ValuationMechanicsTests.test_resealed_forged_mark_is_rejected_by_recomputation) ... ok
2026-09-12T20:59:39.1325091Z test_resume_requires_a_fresh_book_after_the_status_transition (test_sealed_historical_account_valuation_v01.ValuationMechanicsTests.test_resume_requires_a_fresh_book_after_the_status_transition) ... ok
2026-09-12T20:59:39.2281790Z test_tampered_producer_close_cannot_be_valued (test_sealed_historical_account_valuation_v01.ValuationMechanicsTests.test_tampered_producer_close_cannot_be_valued) ... ok
2026-09-12T20:59:39.3635291Z test_unavailable_input_remains_explicit_without_blocking_verified_flat_cash (test_sealed_historical_account_valuation_v01.ValuationMechanicsTests.test_unavailable_input_remains_explicit_without_blocking_verified_flat_cash) ... ok
2026-09-12T20:59:39.4646767Z test_unusable_latest_quote_does_not_fall_back_to_earlier_good_book (test_sealed_historical_account_valuation_v01.ValuationMechanicsTests.test_unusable_latest_quote_does_not_fall_back_to_earlier_good_book) ... ok
2026-09-12T20:59:39.5668632Z test_valuation_preserves_positions_orders_fees_and_campaigns (test_sealed_historical_account_valuation_v01.ValuationMechanicsTests.test_valuation_preserves_positions_orders_fees_and_campaigns) ... ok
2026-09-12T20:59:39.7158356Z test_valuation_time_is_frozen_next_session_start (test_sealed_historical_account_valuation_v01.ValuationMechanicsTests.test_valuation_time_is_frozen_next_session_start) ... ok
2026-09-12T20:59:40.1191773Z test_wrong_source_symbol_date_or_request_coverage_rejected (test_sealed_historical_account_valuation_v01.ValuationMechanicsTests.test_wrong_source_symbol_date_or_request_coverage_rejected) ... ok
2026-09-12T20:59:40.3339164Z test_all_348_dependencies_preserve_frozen_session_slots (test_sealed_historical_account_valuation_v01.ValuationRegistrationTests.test_all_348_dependencies_preserve_frozen_session_slots) ... ok
2026-09-12T20:59:47.0323060Z test_direct_offline_cli_produces_independently_verified_artifacts (test_sealed_historical_account_valuation_v01.ValuationRegistrationTests.test_direct_offline_cli_produces_independently_verified_artifacts) ... ok
2026-09-12T20:59:47.0623814Z test_entrypoints_have_no_undefined_globals_and_checker_is_stdlib (test_sealed_historical_account_valuation_v01.ValuationRegistrationTests.test_entrypoints_have_no_undefined_globals_and_checker_is_stdlib) ... ok
2026-09-12T20:59:47.0630964Z test_frozen_output_and_symlink_paths_rejected (test_sealed_historical_account_valuation_v01.ValuationRegistrationTests.test_frozen_output_and_symlink_paths_rejected) ... ok
2026-09-12T20:59:50.5921258Z test_independent_checker_recomputes_vectors_and_rejects_resealed_wrong_equity (test_sealed_historical_account_valuation_v01.ValuationRegistrationTests.test_independent_checker_recomputes_vectors_and_rejects_resealed_wrong_equity) ... ok
2026-09-12T20:59:50.8048316Z test_metadata_never_values_or_opens_market_tapes (test_sealed_historical_account_valuation_v01.ValuationRegistrationTests.test_metadata_never_values_or_opens_market_tapes) ... ok
2026-09-12T20:59:50.8740916Z test_parent_or_child_mutation_invalidates_registration (test_sealed_historical_account_valuation_v01.ValuationRegistrationTests.test_parent_or_child_mutation_invalidates_registration) ... ok
2026-09-12T20:59:50.9322900Z test_registration_pins_completed_producer_and_closed_boundaries (test_sealed_historical_account_valuation_v01.ValuationRegistrationTests.test_registration_pins_completed_producer_and_closed_boundaries) ... ok
2026-09-12T20:59:51.7867120Z test_write_once_rehashed_metadata_and_extra_files_fail (test_sealed_historical_account_valuation_v01.ValuationRegistrationTests.test_write_once_rehashed_metadata_and_extra_files_fail) ... ok
2026-09-12T20:59:51.7876702Z test_alpaca_pagination_token_fails_closed (test_sealed_historical_availability.SealedHistoricalAvailabilityTests.test_alpaca_pagination_token_fails_closed) ... ok
2026-09-12T20:59:51.7880776Z test_authorization_and_plan_are_exactly_frozen (test_sealed_historical_availability.SealedHistoricalAvailabilityTests.test_authorization_and_plan_are_exactly_frozen) ... ok
2026-09-12T20:59:51.7889937Z test_databento_short_range_fails_closed (test_sealed_historical_availability.SealedHistoricalAvailabilityTests.test_databento_short_range_fails_closed) ... ok
2026-09-12T20:59:51.7898849Z test_massive_missing_required_field_fails_closed (test_sealed_historical_availability.SealedHistoricalAvailabilityTests.test_massive_missing_required_field_fails_closed) ... ok
2026-09-12T20:59:51.7907745Z test_missing_session_fails_without_becoming_zero (test_sealed_historical_availability.SealedHistoricalAvailabilityTests.test_missing_session_fails_without_becoming_zero) ... ok
2026-09-12T20:59:51.7917842Z test_permanent_failure_is_sanitized_hash_bound_and_non_authorizing (test_sealed_historical_availability.SealedHistoricalAvailabilityTests.test_permanent_failure_is_sanitized_hash_bound_and_non_authorizing) ... ok
2026-09-12T20:59:51.7929919Z test_provider_exception_is_sanitized_and_report_remains_valid (test_sealed_historical_availability.SealedHistoricalAvailabilityTests.test_provider_exception_is_sanitized_and_report_remains_valid) ... ok
2026-09-12T20:59:51.8810687Z test_provider_free_cli_validation (test_sealed_historical_availability.SealedHistoricalAvailabilityTests.test_provider_free_cli_validation) ... ok
2026-09-12T20:59:51.8818961Z test_registration_audit_is_hash_bound_to_exact_files (test_sealed_historical_availability.SealedHistoricalAvailabilityTests.test_registration_audit_is_hash_bound_to_exact_files) ... ok
2026-09-12T20:59:51.8824912Z test_rehashed_authorization_cannot_expand_call_budget (test_sealed_historical_availability.SealedHistoricalAvailabilityTests.test_rehashed_authorization_cannot_expand_call_budget) ... ok
2026-09-12T20:59:51.8837800Z test_rehashed_report_tampering_is_rejected (test_sealed_historical_availability.SealedHistoricalAvailabilityTests.test_rehashed_report_tampering_is_rejected) ... ok
2026-09-12T20:59:51.8848103Z test_success_uses_four_calls_and_persists_only_summaries (test_sealed_historical_availability.SealedHistoricalAvailabilityTests.test_success_uses_four_calls_and_persists_only_summaries) ... ok
2026-09-12T20:59:51.8852633Z test_workflow_has_manual_one_shot_provider_gate_only (test_sealed_historical_availability.SealedHistoricalAvailabilityTests.test_workflow_has_manual_one_shot_provider_gate_only) ... ok
2026-09-12T20:59:51.8867875Z test_write_once_refuses_overwrite (test_sealed_historical_availability.SealedHistoricalAvailabilityTests.test_write_once_refuses_overwrite) ... ok
2026-09-12T20:59:51.8874877Z test_wrong_repository_commit_or_attempt_is_rejected (test_sealed_historical_availability.SealedHistoricalAvailabilityTests.test_wrong_repository_commit_or_attempt_is_rejected) ... ok
2026-09-12T20:59:51.8882357Z test_authorization_freezes_exact_main_credential_routing (test_sealed_historical_availability_v02.SealedHistoricalAvailabilityV02Tests.test_authorization_freezes_exact_main_credential_routing) ... ok
2026-09-12T20:59:51.8907708Z test_missing_session_or_pagination_fails_closed (test_sealed_historical_availability_v02.SealedHistoricalAvailabilityV02Tests.test_missing_session_or_pagination_fails_closed) ... ok
2026-09-12T20:59:51.8923510Z test_parent_bundle_requires_exact_v01_401_and_passed_other_providers (test_sealed_historical_availability_v02.SealedHistoricalAvailabilityV02Tests.test_parent_bundle_requires_exact_v01_401_and_passed_other_providers) ... ok
2026-09-12T20:59:51.8938429Z test_provider_failure_is_preserved_without_retry (test_sealed_historical_availability_v02.SealedHistoricalAvailabilityV02Tests.test_provider_failure_is_preserved_without_retry) ... ok
2026-09-12T20:59:51.9846646Z test_provider_free_cli_validation (test_sealed_historical_availability_v02.SealedHistoricalAvailabilityV02Tests.test_provider_free_cli_validation) ... ok
2026-09-12T20:59:51.9860016Z test_published_success_audit_binds_exact_sanitized_report (test_sealed_historical_availability_v02.SealedHistoricalAvailabilityV02Tests.test_published_success_audit_binds_exact_sanitized_report) ... ok
2026-09-12T20:59:51.9868654Z test_registration_audit_binds_exact_repair_files (test_sealed_historical_availability_v02.SealedHistoricalAvailabilityV02Tests.test_registration_audit_binds_exact_repair_files) ... ok
2026-09-12T20:59:51.9875508Z test_rehashed_authorization_cannot_restore_generic_secret_names (test_sealed_historical_availability_v02.SealedHistoricalAvailabilityV02Tests.test_rehashed_authorization_cannot_restore_generic_secret_names) ... ok
2026-09-12T20:59:51.9886211Z test_rehashed_parent_substitution_is_rejected (test_sealed_historical_availability_v02.SealedHistoricalAvailabilityV02Tests.test_rehashed_parent_substitution_is_rejected) ... ok
2026-09-12T20:59:51.9909760Z test_rehashed_report_cannot_claim_massive_or_databento_call (test_sealed_historical_availability_v02.SealedHistoricalAvailabilityV02Tests.test_rehashed_report_cannot_claim_massive_or_databento_call) ... ok
2026-09-12T20:59:51.9941054Z test_success_makes_one_call_and_inherits_other_provider_results (test_sealed_historical_availability_v02.SealedHistoricalAvailabilityV02Tests.test_success_makes_one_call_and_inherits_other_provider_results) ... ok
2026-09-12T20:59:51.9948567Z test_workflow_uses_only_validated_main_secret_pair (test_sealed_historical_availability_v02.SealedHistoricalAvailabilityV02Tests.test_workflow_uses_only_validated_main_secret_pair) ... ok
2026-09-12T20:59:51.9968508Z test_write_once_refuses_overwrite (test_sealed_historical_availability_v02.SealedHistoricalAvailabilityV02Tests.test_write_once_refuses_overwrite) ... ok
2026-09-12T20:59:51.9991909Z test_wrong_repository_commit_or_attempt_is_rejected_before_call (test_sealed_historical_availability_v02.SealedHistoricalAvailabilityV02Tests.test_wrong_repository_commit_or_attempt_is_rejected_before_call) ... ok
2026-09-12T20:59:51.9995022Z test_empty_result_needs_exact_bounds_and_mapping (test_sealed_historical_entry_reference_evidence_v01.EmptyResponseTests.test_empty_result_needs_exact_bounds_and_mapping) ... ok
2026-09-12T20:59:51.9997592Z test_exact_verified_empty_request_is_supported (test_sealed_historical_entry_reference_evidence_v01.EmptyResponseTests.test_exact_verified_empty_request_is_supported) ... ok
2026-09-12T20:59:52.0000199Z test_source_proof_does_not_open_financial_or_market_completeness_gate (test_sealed_historical_entry_reference_evidence_v01.EmptyResponseTests.test_source_proof_does_not_open_financial_or_market_completeness_gate) ... ok
2026-09-12T20:59:52.0003130Z test_truncated_or_nonempty_native_result_is_rejected (test_sealed_historical_entry_reference_evidence_v01.EmptyResponseTests.test_truncated_or_nonempty_native_result_is_rejected) ... ok
2026-09-12T20:59:52.0005551Z test_both_inclusive_endpoints_are_eligible (test_sealed_historical_entry_reference_evidence_v01.EntryObservationTests.test_both_inclusive_endpoints_are_eligible) ... ok
2026-09-12T20:59:52.0018538Z test_discontinuous_ordinals_and_wrong_symbols_are_rejected (test_sealed_historical_entry_reference_evidence_v01.EntryObservationTests.test_discontinuous_ordinals_and_wrong_symbols_are_rejected) ... ok
2026-09-12T20:59:52.0021670Z test_empty_without_empty_evidence_is_rejected (test_sealed_historical_entry_reference_evidence_v01.EntryObservationTests.test_empty_without_empty_evidence_is_rejected) ... ok
2026-09-12T20:59:52.0025062Z test_equal_receive_time_status_is_ambiguous (test_sealed_historical_entry_reference_evidence_v01.EntryObservationTests.test_equal_receive_time_status_is_ambiguous) ... ok
2026-09-12T20:59:52.0028522Z test_frozen_latest_usable_selection_is_preserved (test_sealed_historical_entry_reference_evidence_v01.EntryObservationTests.test_frozen_latest_usable_selection_is_preserved) ... ok
2026-09-12T20:59:52.0031181Z test_future_quote_never_authorizes_earlier_entry (test_sealed_historical_entry_reference_evidence_v01.EntryObservationTests.test_future_quote_never_authorizes_earlier_entry) ... ok
2026-09-12T20:59:52.0033838Z test_future_quote_values_do_not_change_observation (test_sealed_historical_entry_reference_evidence_v01.EntryObservationTests.test_future_quote_values_do_not_change_observation) ... ok
2026-09-12T20:59:52.0036708Z test_future_unknown_status_does_not_rewrite_decision (test_sealed_historical_entry_reference_evidence_v01.EntryObservationTests.test_future_unknown_status_does_not_rewrite_decision) ... ok
2026-09-12T20:59:52.0039292Z test_halted_quote_is_not_order_authority (test_sealed_historical_entry_reference_evidence_v01.EntryObservationTests.test_halted_quote_is_not_order_authority) ... ok
2026-09-12T20:59:52.0041672Z test_last_usable_update_preserves_ordinal (test_sealed_historical_entry_reference_evidence_v01.EntryObservationTests.test_last_usable_update_preserves_ordinal) ... ok
2026-09-12T20:59:52.0044267Z test_locked_or_one_sided_books_do_not_supply_reference (test_sealed_historical_entry_reference_evidence_v01.EntryObservationTests.test_locked_or_one_sided_books_do_not_supply_reference) ... ok
2026-09-12T20:59:52.0047034Z test_nonempty_source_cannot_claim_empty (test_sealed_historical_entry_reference_evidence_v01.EntryObservationTests.test_nonempty_source_cannot_claim_empty) ... ok
2026-09-12T20:59:52.0049574Z test_older_reference_does_not_relax_freshness (test_sealed_historical_entry_reference_evidence_v01.EntryObservationTests.test_older_reference_does_not_relax_freshness) ... ok
2026-09-12T20:59:52.0051966Z test_outside_request_quote_is_rejected (test_sealed_historical_entry_reference_evidence_v01.EntryObservationTests.test_outside_request_quote_is_rejected) ... ok
2026-09-12T20:59:52.0054390Z test_unknown_causal_status_stays_unresolved (test_sealed_historical_entry_reference_evidence_v01.EntryObservationTests.test_unknown_causal_status_stays_unresolved) ... ok
2026-09-12T20:59:52.0057112Z test_unverified_source_is_never_known_abstention (test_sealed_historical_entry_reference_evidence_v01.EntryObservationTests.test_unverified_source_is_never_known_abstention) ... ok
2026-09-12T20:59:52.0059918Z test_verified_empty_source_withholds_entry (test_sealed_historical_entry_reference_evidence_v01.EntryObservationTests.test_verified_empty_source_withholds_entry) ... ok
2026-09-12T20:59:52.0062276Z test_duplicate_json_keys_are_rejected (test_sealed_historical_entry_reference_evidence_v01.SourceProofTests.test_duplicate_json_keys_are_rejected) ... ok
2026-09-12T20:59:52.0063988Z test_existing_output_is_not_overwritten (test_sealed_historical_entry_reference_evidence_v01.SourceProofTests.test_existing_output_is_not_overwritten) ... ok
2026-09-12T20:59:52.0091032Z test_failed_partial_or_incomplete_receipt_cannot_prove_absence (test_sealed_historical_entry_reference_evidence_v01.SourceProofTests.test_failed_partial_or_incomplete_receipt_cannot_prove_absence) ... ok
2026-09-12T20:59:52.0097248Z test_nonempty_source_checks_physical_logical_and_receipt_identity (test_sealed_historical_entry_reference_evidence_v01.SourceProofTests.test_nonempty_source_checks_physical_logical_and_receipt_identity) ... ok
2026-09-12T20:59:52.0103615Z test_rehashed_evidence_with_wrong_logical_rows_is_rejected (test_sealed_historical_entry_reference_evidence_v01.SourceProofTests.test_rehashed_evidence_with_wrong_logical_rows_is_rejected) ... ok
2026-09-12T20:59:52.0109391Z test_tape_mutation_is_rejected (test_sealed_historical_entry_reference_evidence_v01.SourceProofTests.test_tape_mutation_is_rejected) ... ok
2026-09-12T20:59:52.0110603Z test_wrong_archive_bytes_rejected_before_reading (test_sealed_historical_entry_reference_evidence_v01.SourceProofTests.test_wrong_archive_bytes_rejected_before_reading) ... ok
2026-09-12T20:59:52.2172746Z test_complete_exact_tapes_are_deterministic_and_raw_files_removed (test_sealed_historical_execution_acquisition_v01.HistoricalExecutionAcquisitionTests.test_complete_exact_tapes_are_deterministic_and_raw_files_removed) ... ok
2026-09-12T20:59:52.2175178Z test_exact_registration_quote_and_ceilings (test_sealed_historical_execution_acquisition_v01.HistoricalExecutionAcquisitionTests.test_exact_registration_quote_and_ceilings) ... ok
2026-09-12T20:59:52.2191143Z test_execution_binds_new_consumption_and_rejects_attempt_two (test_sealed_historical_execution_acquisition_v01.HistoricalExecutionAcquisitionTests.test_execution_binds_new_consumption_and_rejects_attempt_two) ... ok
2026-09-12T20:59:52.2345154Z test_first_failure_stops_later_downloads_retains_completed_tapes_and_ledger (test_sealed_historical_execution_acquisition_v01.HistoricalExecutionAcquisitionTests.test_first_failure_stops_later_downloads_retains_completed_tapes_and_ledger) ... ok
2026-09-12T20:59:52.2348093Z test_http_error_or_wire_ceiling_is_one_attempt (test_sealed_historical_execution_acquisition_v01.HistoricalExecutionAcquisitionTests.test_http_error_or_wire_ceiling_is_one_attempt) ... skipped 'actual pinned SDK covered in dedicated acquisition validation'
2026-09-12T20:59:52.2350524Z test_real_dbn_roundtrip_preserves_exact_nanos_fixed_prices_and_status (test_sealed_historical_execution_acquisition_v01.HistoricalExecutionAcquisitionTests.test_real_dbn_roundtrip_preserves_exact_nanos_fixed_prices_and_status) ... skipped 'actual pinned SDK covered in dedicated acquisition validation'
2026-09-12T20:59:52.2353148Z test_real_sdk_exact_request_and_no_redirect_retry_or_broader_endpoint (test_sealed_historical_execution_acquisition_v01.HistoricalExecutionAcquisitionTests.test_real_sdk_exact_request_and_no_redirect_retry_or_broader_endpoint) ... skipped 'actual pinned SDK covered in dedicated acquisition validation'
2026-09-12T20:59:52.2385476Z test_rehashed_report_bytes_cannot_replace_parent (test_sealed_historical_execution_acquisition_v01.HistoricalExecutionAcquisitionTests.test_rehashed_report_bytes_cannot_replace_parent) ... ok
2026-09-12T20:59:52.2828369Z test_requote_cost_or_size_increase_blocks_before_any_download (test_sealed_historical_execution_acquisition_v01.HistoricalExecutionAcquisitionTests.test_requote_cost_or_size_increase_blocks_before_any_download) ... ok
2026-09-12T20:59:52.2926957Z test_workflow_parent_quote_and_durable_consumption_before_secret (test_sealed_historical_execution_acquisition_v01.HistoricalExecutionAcquisitionTests.test_workflow_parent_quote_and_durable_consumption_before_secret) ... ok
2026-09-12T20:59:52.2951970Z test_wrong_symbol_bound_or_record_order_rejected (test_sealed_historical_execution_acquisition_v01.HistoricalExecutionAcquisitionTests.test_wrong_symbol_bound_or_record_order_rejected) ... ok
2026-09-12T20:59:52.3061203Z test_zero_size_blocks_all_downloads_without_substitution (test_sealed_historical_execution_acquisition_v01.HistoricalExecutionAcquisitionTests.test_zero_size_blocks_all_downloads_without_substitution) ... ok
2026-09-12T20:59:52.5169889Z test_deterministic_tape_and_write_once (test_sealed_historical_execution_acquisition_v02.HistoricalExecutionAcquisitionV02Tests.test_deterministic_tape_and_write_once) ... ok
2026-09-12T20:59:52.5171901Z test_error_diagnostics_never_serialize_arbitrary_exception_text (test_sealed_historical_execution_acquisition_v02.HistoricalExecutionAcquisitionV02Tests.test_error_diagnostics_never_serialize_arbitrary_exception_text) ... ok
2026-09-12T20:59:52.7207600Z test_execution_rejects_attempt_two_wrong_parent_branch_and_workflow (test_sealed_historical_execution_acquisition_v02.HistoricalExecutionAcquisitionV02Tests.test_execution_rejects_attempt_two_wrong_parent_branch_and_workflow) ... ok
2026-09-12T20:59:52.7343056Z test_first_request_cannot_substitute_synthetic_or_revised_rows (test_sealed_historical_execution_acquisition_v02.HistoricalExecutionAcquisitionV02Tests.test_first_request_cannot_substitute_synthetic_or_revised_rows) ... ok
2026-09-12T20:59:52.7359806Z test_hosted_environment_rejects_python_or_package_drift (test_sealed_historical_execution_acquisition_v02.HistoricalExecutionAcquisitionV02Tests.test_hosted_environment_rejects_python_or_package_drift) ... ok
2026-09-12T20:59:52.7373014Z test_partial_normalized_and_compressed_ceiling_preserve_bounded_evidence (test_sealed_historical_execution_acquisition_v02.HistoricalExecutionAcquisitionV02Tests.test_partial_normalized_and_compressed_ceiling_preserve_bounded_evidence) ... ok
2026-09-12T20:59:52.7376677Z test_registration_preserves_exact_plan_adapter_and_parent_ceilings (test_sealed_historical_execution_acquisition_v02.HistoricalExecutionAcquisitionV02Tests.test_registration_preserves_exact_plan_adapter_and_parent_ceilings) ... ok
2026-09-12T20:59:52.7835020Z test_requote_increase_blocks_before_any_time_series_request (test_sealed_historical_execution_acquisition_v02.HistoricalExecutionAcquisitionV02Tests.test_requote_increase_blocks_before_any_time_series_request) ... ok
2026-09-12T20:59:52.7948861Z test_workflow_consumes_only_sole_child_and_durable_upload_precedes_provider (test_sealed_historical_execution_acquisition_v02.HistoricalExecutionAcquisitionV02Tests.test_workflow_consumes_only_sole_child_and_durable_upload_precedes_provider) ... ok
2026-09-12T20:59:52.7953197Z test_extra_member_rejected_even_with_rehashed_inventory (test_sealed_historical_execution_acquisition_v02.HistoricalExecutionV02EndToEndTests.test_extra_member_rejected_even_with_rehashed_inventory) ... skipped 'actual pinned SDK exercised in dedicated v0.2 validation'
2026-09-12T20:59:52.7956138Z test_partial_receipt_failure_retains_all_bytes_without_completion (test_sealed_historical_execution_acquisition_v02.HistoricalExecutionV02EndToEndTests.test_partial_receipt_failure_retains_all_bytes_without_completion) ... skipped 'actual pinned SDK exercised in dedicated v0.2 validation'
2026-09-12T20:59:52.7959099Z test_partial_tape_has_hash_and_cannot_pass_gate (test_sealed_historical_execution_acquisition_v02.HistoricalExecutionV02EndToEndTests.test_partial_tape_has_hash_and_cannot_pass_gate) ... skipped 'actual pinned SDK exercised in dedicated v0.2 validation'
2026-09-12T20:59:52.7961411Z test_provider_failure_retains_complete_prefix_and_safe_ledger (test_sealed_historical_execution_acquisition_v02.HistoricalExecutionV02EndToEndTests.test_provider_failure_retains_complete_prefix_and_safe_ledger) ... skipped 'actual pinned SDK exercised in dedicated v0.2 validation'
2026-09-12T20:59:52.7963798Z test_raw_tape_tamper_rejected (test_sealed_historical_execution_acquisition_v02.HistoricalExecutionV02EndToEndTests.test_raw_tape_tamper_rejected) ... skipped 'actual pinned SDK exercised in dedicated v0.2 validation'
2026-09-12T20:59:52.7966032Z test_real_sdk_full_cli_90_tapes_270_requests_and_full_byte_verification (test_sealed_historical_execution_acquisition_v02.HistoricalExecutionV02EndToEndTests.test_real_sdk_full_cli_90_tapes_270_requests_and_full_byte_verification) ... skipped 'actual pinned SDK exercised in dedicated v0.2 validation'
2026-09-12T20:59:52.7968850Z test_rehashed_ledger_cannot_claim_retry_or_shift_request (test_sealed_historical_execution_acquisition_v02.HistoricalExecutionV02EndToEndTests.test_rehashed_ledger_cannot_claim_retry_or_shift_request) ... skipped 'actual pinned SDK exercised in dedicated v0.2 validation'
2026-09-12T20:59:52.7970955Z test_rehashed_receipt_cannot_replace_request (test_sealed_historical_execution_acquisition_v02.HistoricalExecutionV02EndToEndTests.test_rehashed_receipt_cannot_replace_request) ... skipped 'actual pinned SDK exercised in dedicated v0.2 validation'
2026-09-12T20:59:52.7972715Z test_requote_increase_never_enters_provider_data_stage (test_sealed_historical_execution_acquisition_v02.HistoricalExecutionV02EndToEndTests.test_requote_increase_never_enters_provider_data_stage) ... skipped 'actual pinned SDK exercised in dedicated v0.2 validation'
2026-09-12T20:59:52.7974770Z test_wrong_environment_rejected_even_with_valid_content_hashes (test_sealed_historical_execution_acquisition_v02.HistoricalExecutionV02EndToEndTests.test_wrong_environment_rejected_even_with_valid_content_hashes) ... skipped 'actual pinned SDK exercised in dedicated v0.2 validation'
2026-09-12T20:59:52.7976702Z test_complete_suffix_retains_empty_outcomes_and_closes_gate (test_sealed_historical_execution_acquisition_v03.EndToEndTests.test_complete_suffix_retains_empty_outcomes_and_closes_gate) ... skipped 'real pinned SDK exercised by dedicated validation'
2026-09-12T20:59:52.7978394Z test_malformed_first_native_response_stops_and_retains_failure (test_sealed_historical_execution_acquisition_v03.EndToEndTests.test_malformed_first_native_response_stops_and_retains_failure) ... skipped 'real pinned SDK exercised by dedicated validation'
2026-09-12T20:59:52.7979970Z test_metadata_failure_prevents_all_downloads (test_sealed_historical_execution_acquisition_v03.EndToEndTests.test_metadata_failure_prevents_all_downloads) ... skipped 'real pinned SDK exercised by dedicated validation'
2026-09-12T20:59:52.7981454Z test_missing_consumption_blocks_provider_access (test_sealed_historical_execution_acquisition_v03.EndToEndTests.test_missing_consumption_blocks_provider_access) ... skipped 'real pinned SDK exercised by dedicated validation'
2026-09-12T20:59:52.7983037Z test_partial_receipt_preserves_completed_tape_as_ineligible (test_sealed_historical_execution_acquisition_v03.EndToEndTests.test_partial_receipt_preserves_completed_tape_as_ineligible) ... skipped 'real pinned SDK exercised by dedicated validation'
2026-09-12T20:59:52.7984676Z test_partial_tape_write_is_retained_ineligible_and_stops (test_sealed_historical_execution_acquisition_v03.EndToEndTests.test_partial_tape_write_is_retained_ineligible_and_stops) ... skipped 'real pinned SDK exercised by dedicated validation'
2026-09-12T20:59:52.7986310Z test_rehashed_gate_population_and_receipt_tampering_rejected (test_sealed_historical_execution_acquisition_v03.EndToEndTests.test_rehashed_gate_population_and_receipt_tampering_rejected) ... skipped 'real pinned SDK exercised by dedicated validation'
2026-09-12T20:59:52.7988046Z test_rehashed_tape_mutation_and_extra_member_rejected (test_sealed_historical_execution_acquisition_v03.EndToEndTests.test_rehashed_tape_mutation_and_extra_member_rejected) ... skipped 'real pinned SDK exercised by dedicated validation'
2026-09-12T20:59:52.7989878Z test_advertised_native_decompression_bomb_rejected_before_decode (test_sealed_historical_execution_acquisition_v03.NativeTests.test_advertised_native_decompression_bomb_rejected_before_decode) ... skipped 'real pinned SDK exercised by dedicated validation'
2026-09-12T20:59:52.7991488Z test_equal_native_quote_keys_keep_original_ordinal (test_sealed_historical_execution_acquisition_v03.NativeTests.test_equal_native_quote_keys_keep_original_ordinal) ... skipped 'real pinned SDK exercised by dedicated validation'
2026-09-12T20:59:52.7992996Z test_real_nonempty_and_metadata_only_both_schemas (test_sealed_historical_execution_acquisition_v03.NativeTests.test_real_nonempty_and_metadata_only_both_schemas) ... skipped 'real pinned SDK exercised by dedicated validation'
2026-09-12T20:59:52.7994556Z test_resealed_native_mapping_and_noninteger_count_rejected (test_sealed_historical_execution_acquisition_v03.NativeTests.test_resealed_native_mapping_and_noninteger_count_rejected) ... skipped 'real pinned SDK exercised by dedicated validation'
2026-09-12T20:59:52.7996174Z test_truncated_or_concatenated_zstd_is_not_empty_evidence (test_sealed_historical_execution_acquisition_v03.NativeTests.test_truncated_or_concatenated_zstd_is_not_empty_evidence) ... skipped 'real pinned SDK exercised by dedicated validation'
2026-09-12T20:59:52.7998059Z test_truncated_uncompressed_native_record_rejected (test_sealed_historical_execution_acquisition_v03.NativeTests.test_truncated_uncompressed_native_record_rejected) ... skipped 'real pinned SDK exercised by dedicated validation'
2026-09-12T20:59:52.7999501Z test_wire_ceiling_and_symlink_rejected (test_sealed_historical_execution_acquisition_v03.NativeTests.test_wire_ceiling_and_symlink_rejected) ... skipped 'real pinned SDK exercised by dedicated validation'
2026-09-12T20:59:52.8001109Z test_wrong_metadata_or_missing_mapping_is_not_unavailable (test_sealed_historical_execution_acquisition_v03.NativeTests.test_wrong_metadata_or_missing_mapping_is_not_unavailable) ... skipped 'real pinned SDK exercised by dedicated validation'
2026-09-12T20:59:52.8002543Z test_coverage_never_drops_jva_or_unattempted_requests (test_sealed_historical_execution_acquisition_v03.RegistrationTests.test_coverage_never_drops_jva_or_unattempted_requests) ... ok
2026-09-12T20:59:52.8377907Z test_every_original_quote_ceiling_is_required (test_sealed_historical_execution_acquisition_v03.RegistrationTests.test_every_original_quote_ceiling_is_required) ... ok
2026-09-12T20:59:52.8407651Z test_execution_requires_attempt_one_exact_parent_and_research_branch (test_sealed_historical_execution_acquisition_v03.RegistrationTests.test_execution_requires_attempt_one_exact_parent_and_research_branch) ... ok
2026-09-12T20:59:53.2424734Z test_frozen_suffix_parent_bytes_and_gate_flags (test_sealed_historical_execution_acquisition_v03.RegistrationTests.test_frozen_suffix_parent_bytes_and_gate_flags) ... ok
2026-09-12T20:59:53.4419605Z test_original_or_substituted_requests_rejected (test_sealed_historical_execution_acquisition_v03.RegistrationTests.test_original_or_substituted_requests_rejected) ... ok
2026-09-12T20:59:53.4449200Z test_quote_reseal_cannot_replace_original (test_sealed_historical_execution_acquisition_v03.RegistrationTests.test_quote_reseal_cannot_replace_original) ... ok
2026-09-12T20:59:53.4454643Z test_substituted_parent_artifacts_block_before_acquisition (test_sealed_historical_execution_acquisition_v03.RegistrationTests.test_substituted_parent_artifacts_block_before_acquisition) ... ok
2026-09-12T20:59:53.4568573Z test_transport_reuses_immutable_bounded_methods (test_sealed_historical_execution_acquisition_v03.RegistrationTests.test_transport_reuses_immutable_bounded_methods) ... ok
2026-09-12T20:59:53.4624398Z test_unregistered_metadata_endpoint_window_and_body_blocked (test_sealed_historical_execution_acquisition_v03.RegistrationTests.test_unregistered_metadata_endpoint_window_and_body_blocked) ... ok
2026-09-12T20:59:53.4729561Z test_workflow_consumes_after_parent_checks_before_only_provider (test_sealed_historical_execution_acquisition_v03.RegistrationTests.test_workflow_consumes_after_parent_checks_before_only_provider) ... ok
2026-09-12T20:59:53.4924537Z test_additional_missing_request_cannot_replace_verified_complete_tape (test_sealed_historical_execution_availability_v01.AvailabilityTests.test_additional_missing_request_cannot_replace_verified_complete_tape) ... ok
2026-09-12T20:59:53.5751311Z test_all_109_opportunities_profiles_and_30_dates_retained (test_sealed_historical_execution_availability_v01.AvailabilityTests.test_all_109_opportunities_profiles_and_30_dates_retained) ... ok
2026-09-12T20:59:53.5771581Z test_changed_frozen_parent_is_rejected_before_composition (test_sealed_historical_execution_availability_v01.AvailabilityTests.test_changed_frozen_parent_is_rejected_before_composition) ... ok
2026-09-12T20:59:53.6809972Z test_duplicate_opportunities_and_changed_date_counts_rejected (test_sealed_historical_execution_availability_v01.AvailabilityTests.test_duplicate_opportunities_and_changed_date_counts_rejected) ... ok
2026-09-12T20:59:53.6820169Z test_empty_substituted_or_reordered_source_records_are_rejected (test_sealed_historical_execution_availability_v01.AvailabilityTests.test_empty_substituted_or_reordered_source_records_are_rejected) ... ok
2026-09-12T20:59:53.6825801Z test_fresh_reference_preserves_exact_identity_and_all_closed_gates (test_sealed_historical_execution_availability_v01.AvailabilityTests.test_fresh_reference_preserves_exact_identity_and_all_closed_gates) ... ok
2026-09-12T20:59:55.9929790Z test_full_bundle_reconstruction_write_once_and_tamper_rejection (test_sealed_historical_execution_availability_v01.AvailabilityTests.test_full_bundle_reconstruction_write_once_and_tamper_rejection) ... ok
2026-09-12T20:59:55.9933561Z test_jva_is_explicitly_unavailable_without_synthetic_empty_tape (test_sealed_historical_execution_availability_v01.AvailabilityTests.test_jva_is_explicitly_unavailable_without_synthetic_empty_tape) ... ok
2026-09-12T20:59:55.9942254Z test_known_halt_is_retained_as_its_own_input_state (test_sealed_historical_execution_availability_v01.AvailabilityTests.test_known_halt_is_retained_as_its_own_input_state) ... ok
2026-09-12T20:59:55.9951291Z test_latest_original_ordinal_resolves_same_native_key (test_sealed_historical_execution_availability_v01.AvailabilityTests.test_latest_original_ordinal_resolves_same_native_key) ... ok
2026-09-12T20:59:56.0052023Z test_missing_duplicate_and_reordered_request_population_rejected (test_sealed_historical_execution_availability_v01.AvailabilityTests.test_missing_duplicate_and_reordered_request_population_rejected) ... ok
2026-09-12T20:59:56.0056155Z test_missing_status_request_remains_distinct (test_sealed_historical_execution_availability_v01.AvailabilityTests.test_missing_status_request_remains_distinct) ... ok
2026-09-12T20:59:56.0068740Z test_output_serialization_is_deterministic (test_sealed_historical_execution_availability_v01.AvailabilityTests.test_output_serialization_is_deterministic) ... ok
2026-09-12T20:59:56.0075227Z test_quote_status_tie_is_not_resolved_by_quote_sequence (test_sealed_historical_execution_availability_v01.AvailabilityTests.test_quote_status_tie_is_not_resolved_by_quote_sequence) ... ok
2026-09-12T20:59:56.0081865Z test_reference_100ms_boundary_is_inclusive (test_sealed_historical_execution_availability_v01.AvailabilityTests.test_reference_100ms_boundary_is_inclusive) ... ok
2026-09-12T20:59:56.4656344Z test_registration_rederives_exact_frozen_parent_chain (test_sealed_historical_execution_availability_v01.AvailabilityTests.test_registration_rederives_exact_frozen_parent_chain) ... ok
2026-09-12T20:59:56.4751026Z test_rehashed_contract_cannot_change_thresholds_or_population (test_sealed_historical_execution_availability_v01.AvailabilityTests.test_rehashed_contract_cannot_change_thresholds_or_population) ... ok
2026-09-12T20:59:56.4760243Z test_request_identity_and_incomplete_window_substitution_rejected (test_sealed_historical_execution_availability_v01.AvailabilityTests.test_request_identity_and_incomplete_window_substitution_rejected) ... ok
2026-09-12T20:59:56.4771360Z test_stale_or_postdecision_quotes_never_become_reference (test_sealed_historical_execution_availability_v01.AvailabilityTests.test_stale_or_postdecision_quotes_never_become_reference) ... ok
2026-09-12T20:59:56.4779636Z test_symlink_and_repository_input_output_paths_rejected (test_sealed_historical_execution_availability_v01.AvailabilityTests.test_symlink_and_repository_input_output_paths_rejected) ... ok
2026-09-12T20:59:56.4794749Z test_unknown_initial_late_and_tail_status_fail_closed (test_sealed_historical_execution_availability_v01.AvailabilityTests.test_unknown_initial_late_and_tail_status_fail_closed) ... ok
2026-09-12T20:59:56.4802012Z test_unusable_quotes_do_not_renumber_source_ordinals (test_sealed_historical_execution_availability_v01.AvailabilityTests.test_unusable_quotes_do_not_renumber_source_ordinals) ... ok
2026-09-12T20:59:56.9749794Z test_wrong_archive_rejected_before_capture_verifier (test_sealed_historical_execution_availability_v01.AvailabilityTests.test_wrong_archive_rejected_before_capture_verifier) ... ok
2026-09-12T20:59:56.9752580Z test_actual_sdk_end_to_end_failed_order_retains_diagnostic_and_cleans_raw (test_sealed_historical_execution_diagnostic_v01.DiagnosticTests.test_actual_sdk_end_to_end_failed_order_retains_diagnostic_and_cleans_raw) ... skipped 'pinned SDK covered by dedicated diagnostic validation'
2026-09-12T20:59:56.9755803Z test_actual_sdk_success_never_becomes_runtime_input (test_sealed_historical_execution_diagnostic_v01.DiagnosticTests.test_actual_sdk_success_never_becomes_runtime_input) ... skipped 'pinned SDK covered by dedicated diagnostic validation'
2026-09-12T20:59:56.9809567Z test_crossed_and_undefined_books_are_not_filtered_or_repaired (test_sealed_historical_execution_diagnostic_v01.DiagnosticTests.test_crossed_and_undefined_books_are_not_filtered_or_repaired) ... ok
2026-09-12T20:59:56.9862309Z test_duplicate_and_descending_quote_keys_retained_in_original_order (test_sealed_historical_execution_diagnostic_v01.DiagnosticTests.test_duplicate_and_descending_quote_keys_retained_in_original_order) ... ok
2026-09-12T20:59:56.9889546Z test_equal_receive_time_increasing_sequence_is_preserved (test_sealed_historical_execution_diagnostic_v01.DiagnosticTests.test_equal_receive_time_increasing_sequence_is_preserved) ... ok
2026-09-12T20:59:57.0479933Z test_exact_failure_and_frozen_parent_chain (test_sealed_historical_execution_diagnostic_v01.DiagnosticTests.test_exact_failure_and_frozen_parent_chain) ... ok
2026-09-12T20:59:57.0503994Z test_execution_rejects_attempt_two_and_changed_code (test_sealed_historical_execution_diagnostic_v01.DiagnosticTests.test_execution_rejects_attempt_two_and_changed_code) ... ok
2026-09-12T20:59:57.0552420Z test_field_and_integer_failures_remain_explicit (test_sealed_historical_execution_diagnostic_v01.DiagnosticTests.test_field_and_integer_failures_remain_explicit) ... ok
2026-09-12T20:59:57.0562283Z test_forbidden_endpoint_symbol_and_window_are_rejected_before_io (test_sealed_historical_execution_diagnostic_v01.DiagnosticTests.test_forbidden_endpoint_symbol_and_window_are_rejected_before_io) ... ok
2026-09-12T20:59:57.0565139Z test_fresh_quote_increase_never_downloads (test_sealed_historical_execution_diagnostic_v01.DiagnosticTests.test_fresh_quote_increase_never_downloads) ... skipped 'pinned SDK covered by dedicated diagnostic validation'
2026-09-12T20:59:57.0628532Z test_metadata_failure_codes_are_exact_and_do_not_rewrite_fields (test_sealed_historical_execution_diagnostic_v01.DiagnosticTests.test_metadata_failure_codes_are_exact_and_do_not_rewrite_fields) ... ok
2026-09-12T20:59:57.0633755Z test_metadata_http_error_stops_without_retry_and_journals_before_io (test_sealed_historical_execution_diagnostic_v01.DiagnosticTests.test_metadata_http_error_stops_without_retry_and_journals_before_io) ... ok
2026-09-12T20:59:57.0684586Z test_nanosecond_receive_bounds_remain_exclusive (test_sealed_historical_execution_diagnostic_v01.DiagnosticTests.test_nanosecond_receive_bounds_remain_exclusive) ... ok
2026-09-12T20:59:57.0688149Z test_overlarge_download_retains_failure_and_removes_partial_raw (test_sealed_historical_execution_diagnostic_v01.DiagnosticTests.test_overlarge_download_retains_failure_and_removes_partial_raw) ... skipped 'pinned SDK covered by dedicated diagnostic validation'
2026-09-12T20:59:57.0722324Z test_projection_determinism_content_hash_and_retention_ceiling (test_sealed_historical_execution_diagnostic_v01.DiagnosticTests.test_projection_determinism_content_hash_and_retention_ceiling) ... ok
2026-09-12T20:59:57.0742772Z test_projection_row_limit_is_explicit (test_sealed_historical_execution_diagnostic_v01.DiagnosticTests.test_projection_row_limit_is_explicit) ... ok
2026-09-12T20:59:57.0745125Z test_request_substitution_cannot_pass_preflight_or_inspection (test_sealed_historical_execution_diagnostic_v01.DiagnosticTests.test_request_substitution_cannot_pass_preflight_or_inspection) ... ok
2026-09-12T20:59:57.0747917Z test_size_cost_zero_or_incomplete_preflight_blocks (test_sealed_historical_execution_diagnostic_v01.DiagnosticTests.test_size_cost_zero_or_incomplete_preflight_blocks) ... ok
2026-09-12T20:59:57.0765037Z test_unknown_text_and_exception_details_cannot_escape (test_sealed_historical_execution_diagnostic_v01.DiagnosticTests.test_unknown_text_and_exception_details_cannot_escape) ... ok
2026-09-12T20:59:57.0867364Z test_workflow_consumption_is_durable_before_only_provider_step (test_sealed_historical_execution_diagnostic_v01.DiagnosticTests.test_workflow_consumption_is_durable_before_only_provider_step) ... ok
2026-09-12T20:59:57.0870701Z test_cli_malformed_native_preserves_failure_and_no_usable_tape (test_sealed_historical_execution_empty_diagnostic_v01.NativeDiagnosticTests.test_cli_malformed_native_preserves_failure_and_no_usable_tape) ... skipped 'real pinned SDK exercised by dedicated validation'
2026-09-12T20:59:57.0874398Z test_complete_cli_requires_consumption_preserves_empty_evidence_and_verifies (test_sealed_historical_execution_empty_diagnostic_v01.NativeDiagnosticTests.test_complete_cli_requires_consumption_preserves_empty_evidence_and_verifies) ... skipped 'real pinned SDK exercised by dedicated validation'
2026-09-12T20:59:57.0878317Z test_compressed_metadata_only_has_no_native_or_mapped_records (test_sealed_historical_execution_empty_diagnostic_v01.NativeDiagnosticTests.test_compressed_metadata_only_has_no_native_or_mapped_records) ... skipped 'real pinned SDK exercised by dedicated validation'
2026-09-12T20:59:57.0881580Z test_decompression_bound_rejects_compression_bomb (test_sealed_historical_execution_empty_diagnostic_v01.NativeDiagnosticTests.test_decompression_bound_rejects_compression_bomb) ... skipped 'real pinned SDK exercised by dedicated validation'
2026-09-12T20:59:57.0899147Z test_empty_without_symbol_resolution_is_recorded_without_substituting_mapping (test_sealed_historical_execution_empty_diagnostic_v01.NativeDiagnosticTests.test_empty_without_symbol_resolution_is_recorded_without_substituting_mapping) ... skipped 'real pinned SDK exercised by dedicated validation'
2026-09-12T20:59:57.0902554Z test_exact_three_calls_empty_evidence_and_raw_cleanup (test_sealed_historical_execution_empty_diagnostic_v01.NativeDiagnosticTests.test_exact_three_calls_empty_evidence_and_raw_cleanup) ... skipped 'real pinned SDK exercised by dedicated validation'
2026-09-12T20:59:57.0904745Z test_http_error_sanitized_and_no_retry (test_sealed_historical_execution_empty_diagnostic_v01.NativeDiagnosticTests.test_http_error_sanitized_and_no_retry) ... skipped 'real pinned SDK exercised by dedicated validation'
2026-09-12T20:59:57.0907123Z test_metadata_ceiling_failure_never_downloads (test_sealed_historical_execution_empty_diagnostic_v01.NativeDiagnosticTests.test_metadata_ceiling_failure_never_downloads) ... skipped 'real pinned SDK exercised by dedicated validation'
2026-09-12T20:59:57.0909482Z test_mismatched_symbol_and_nanosecond_bound_fail_exact_binding (test_sealed_historical_execution_empty_diagnostic_v01.NativeDiagnosticTests.test_mismatched_symbol_and_nanosecond_bound_fail_exact_binding) ... skipped 'real pinned SDK exercised by dedicated validation'
2026-09-12T20:59:57.0911784Z test_nonempty_and_tied_records_preserve_native_fields_and_normalizer (test_sealed_historical_execution_empty_diagnostic_v01.NativeDiagnosticTests.test_nonempty_and_tied_records_preserve_native_fields_and_normalizer) ... skipped 'real pinned SDK exercised by dedicated validation'
2026-09-12T20:59:57.0913700Z test_oversized_partial_wire_retains_failure_ledger_and_removes_raw (test_sealed_historical_execution_empty_diagnostic_v01.NativeDiagnosticTests.test_oversized_partial_wire_retains_failure_ledger_and_removes_raw) ... skipped 'real pinned SDK exercised by dedicated validation'
2026-09-12T20:59:57.0915553Z test_rehashed_report_inventory_and_ledger_tampering_rejected (test_sealed_historical_execution_empty_diagnostic_v01.NativeDiagnosticTests.test_rehashed_report_inventory_and_ledger_tampering_rejected) ... skipped 'real pinned SDK exercised by dedicated validation'
2026-09-12T20:59:57.0917709Z test_truncated_or_concatenated_compression_frames_are_not_empty_success (test_sealed_historical_execution_empty_diagnostic_v01.NativeDiagnosticTests.test_truncated_or_concatenated_compression_frames_are_not_empty_success) ... skipped 'real pinned SDK exercised by dedicated validation'
2026-09-12T20:59:57.0919476Z test_truncated_record_cannot_be_reported_as_empty (test_sealed_historical_execution_empty_diagnostic_v01.NativeDiagnosticTests.test_truncated_record_cannot_be_reported_as_empty) ... skipped 'real pinned SDK exercised by dedicated validation'
2026-09-12T20:59:57.0921339Z test_uncompressed_fixture_uses_same_native_record_observation (test_sealed_historical_execution_empty_diagnostic_v01.NativeDiagnosticTests.test_uncompressed_fixture_uses_same_native_record_observation) ... skipped 'real pinned SDK exercised by dedicated validation'
2026-09-12T20:59:57.2915846Z test_exact_failed_request_and_immutable_bytes (test_sealed_historical_execution_empty_diagnostic_v01.RegistrationTests.test_exact_failed_request_and_immutable_bytes) ... ok
2026-09-12T20:59:57.2940130Z test_execution_attempt_two_changed_tree_and_main_rejected (test_sealed_historical_execution_empty_diagnostic_v01.RegistrationTests.test_execution_attempt_two_changed_tree_and_main_rejected) ... ok
2026-09-12T20:59:57.2942525Z test_metadata_overestimate_does_not_relax_quote_ceiling (test_sealed_historical_execution_empty_diagnostic_v01.RegistrationTests.test_metadata_overestimate_does_not_relax_quote_ceiling) ... ok
2026-09-12T20:59:57.2950689Z test_parent_failure_zip_substitution_is_rejected (test_sealed_historical_execution_empty_diagnostic_v01.RegistrationTests.test_parent_failure_zip_substitution_is_rejected) ... ok
2026-09-12T20:59:57.2963455Z test_substitute_request_quote_and_window_rejected (test_sealed_historical_execution_empty_diagnostic_v01.RegistrationTests.test_substitute_request_quote_and_window_rejected) ... ok
2026-09-12T20:59:57.2965335Z test_unknown_text_is_hashed_and_arbitrary_errors_never_retained (test_sealed_historical_execution_empty_diagnostic_v01.RegistrationTests.test_unknown_text_is_hashed_and_arbitrary_errors_never_retained) ... ok
2026-09-12T20:59:57.3067237Z test_workflow_consumes_once_after_exact_parent_and_before_only_provider (test_sealed_historical_execution_empty_diagnostic_v01.RegistrationTests.test_workflow_consumes_once_after_exact_parent_and_before_only_provider) ... ok
2026-09-12T20:59:57.3490341Z test_all_dates_and_genuine_empty_dates_remain_explicit (test_sealed_historical_execution_inputs_v01.HistoricalExecutionInputRegistrationTests.test_all_dates_and_genuine_empty_dates_remain_explicit) ... ok
2026-09-12T20:59:57.3985460Z test_committed_bundle_rederives_from_every_exact_parent_file (test_sealed_historical_execution_inputs_v01.HistoricalExecutionInputRegistrationTests.test_committed_bundle_rederives_from_every_exact_parent_file) ... ok
2026-09-12T20:59:57.4047930Z test_every_source_decision_is_preserved_without_account_selection (test_sealed_historical_execution_inputs_v01.HistoricalExecutionInputRegistrationTests.test_every_source_decision_is_preserved_without_account_selection) ... ok
2026-09-12T20:59:57.4050319Z test_historical_bundle_cannot_be_passed_off_as_prospective (test_sealed_historical_execution_inputs_v01.HistoricalExecutionInputRegistrationTests.test_historical_bundle_cannot_be_passed_off_as_prospective) ... ok
2026-09-12T20:59:57.4052388Z test_missing_gate_cannot_be_turned_into_quote_or_simulation_authority (test_sealed_historical_execution_inputs_v01.HistoricalExecutionInputRegistrationTests.test_missing_gate_cannot_be_turned_into_quote_or_simulation_authority) ... ok
2026-09-12T20:59:57.4114171Z test_missing_source_date_is_not_zero_opportunities (test_sealed_historical_execution_inputs_v01.HistoricalExecutionInputRegistrationTests.test_missing_source_date_is_not_zero_opportunities) ... ok
2026-09-12T20:59:57.4125058Z test_opportunity_id_excludes_profile_selection_but_retains_profile_provenance (test_sealed_historical_execution_inputs_v01.HistoricalExecutionInputRegistrationTests.test_opportunity_id_excludes_profile_selection_but_retains_profile_provenance) ... ok
2026-09-12T20:59:57.4127754Z test_real_nanosecond_window_and_same_time_distinct_activations (test_sealed_historical_execution_inputs_v01.HistoricalExecutionInputRegistrationTests.test_real_nanosecond_window_and_same_time_distinct_activations) ... ok
2026-09-12T20:59:57.5969179Z test_registration_is_write_once (test_sealed_historical_execution_inputs_v01.HistoricalExecutionInputRegistrationTests.test_registration_is_write_once) ... ok
2026-09-12T20:59:57.8917488Z test_rehashed_output_request_or_identity_tampering_is_rejected (test_sealed_historical_execution_inputs_v01.HistoricalExecutionInputRegistrationTests.test_rehashed_output_request_or_identity_tampering_is_rejected) ... ok
2026-09-12T20:59:57.9002802Z test_rehashed_parent_change_is_rejected_before_plan_creation (test_sealed_historical_execution_inputs_v01.HistoricalExecutionInputRegistrationTests.test_rehashed_parent_change_is_rejected_before_plan_creation) ... ok
2026-09-12T20:59:58.1574065Z test_rehashed_retrospective_and_account_fields_are_rejected (test_sealed_historical_execution_inputs_v01.HistoricalExecutionInputRegistrationTests.test_rehashed_retrospective_and_account_fields_are_rejected) ... ok
2026-09-12T20:59:58.2422292Z test_symlink_or_extra_file_is_rejected (test_sealed_historical_execution_inputs_v01.HistoricalExecutionInputRegistrationTests.test_symlink_or_extra_file_is_rejected) ... ok
2026-09-12T20:59:58.5030994Z test_call_is_journaled_before_provider_and_failure_is_retained (test_sealed_historical_execution_quote_v01.HistoricalExecutionQuoteTests.test_call_is_journaled_before_provider_and_failure_is_retained) ... ok
2026-09-12T20:59:58.5040606Z test_changed_request_is_rejected_before_client_call (test_sealed_historical_execution_quote_v01.HistoricalExecutionQuoteTests.test_changed_request_is_rejected_before_client_call) ... ok
2026-09-12T20:59:58.5188077Z test_complete_quote_visits_every_method_once_and_preserves_nanos (test_sealed_historical_execution_quote_v01.HistoricalExecutionQuoteTests.test_complete_quote_visits_every_method_once_and_preserves_nanos) ... ok
2026-09-12T20:59:58.5190192Z test_exact_registration_requires_all_ninety_requests (test_sealed_historical_execution_quote_v01.HistoricalExecutionQuoteTests.test_exact_registration_requires_all_ninety_requests) ... ok
2026-09-12T20:59:58.5208642Z test_execution_is_parent_bound_and_rejects_reruns (test_sealed_historical_execution_quote_v01.HistoricalExecutionQuoteTests.test_execution_is_parent_bound_and_rejects_reruns) ... ok
2026-09-12T20:59:58.5664605Z test_invalid_numeric_results_fail_closed (test_sealed_historical_execution_quote_v01.HistoricalExecutionQuoteTests.test_invalid_numeric_results_fail_closed) ... ok
2026-09-12T20:59:58.5667244Z test_other_sdk_metadata_method_has_no_network_authority (test_sealed_historical_execution_quote_v01.HistoricalExecutionQuoteTests.test_other_sdk_metadata_method_has_no_network_authority) ... skipped 'pinned SDK exercised by dedicated quote validation'
2026-09-12T20:59:58.5678403Z test_preflight_failure_is_explicit_and_zero_call (test_sealed_historical_execution_quote_v01.HistoricalExecutionQuoteTests.test_preflight_failure_is_explicit_and_zero_call) ... ok
2026-09-12T20:59:58.5771557Z test_provider_errors_are_sanitized_no_retry_and_totals_unknown (test_sealed_historical_execution_quote_v01.HistoricalExecutionQuoteTests.test_provider_errors_are_sanitized_no_retry_and_totals_unknown) ... ok
2026-09-12T20:59:58.5774142Z test_real_pinned_sdk_serializes_all_180_exact_http_requests (test_sealed_historical_execution_quote_v01.HistoricalExecutionQuoteTests.test_real_pinned_sdk_serializes_all_180_exact_http_requests) ... skipped 'pinned SDK exercised by dedicated quote validation'
2026-09-12T20:59:58.6142612Z test_rehashed_report_identity_or_gate_tampering_is_rejected (test_sealed_historical_execution_quote_v01.HistoricalExecutionQuoteTests.test_rehashed_report_identity_or_gate_tampering_is_rejected) ... ok
2026-09-12T20:59:58.6209105Z test_transport_redirect_http_and_oversized_response_fail_without_retry (test_sealed_historical_execution_quote_v01.HistoricalExecutionQuoteTests.test_transport_redirect_http_and_oversized_response_fail_without_retry) ... ok
2026-09-12T20:59:58.6255188Z test_transport_rejects_other_endpoints_or_changed_symbols_before_network (test_sealed_historical_execution_quote_v01.HistoricalExecutionQuoteTests.test_transport_rejects_other_endpoints_or_changed_symbols_before_network) ... ok
2026-09-12T20:59:58.6341102Z test_workflow_consumes_and_uploads_before_the_only_secret_step (test_sealed_historical_execution_quote_v01.HistoricalExecutionQuoteTests.test_workflow_consumes_and_uploads_before_the_only_secret_step) ... ok
2026-09-12T20:59:58.6435709Z test_zero_size_is_unavailable_and_does_not_change_the_plan (test_sealed_historical_execution_quote_v01.HistoricalExecutionQuoteTests.test_zero_size_is_unavailable_and_does_not_change_the_plan) ... ok
2026-09-12T20:59:58.6877541Z test_registration_preserves_baseline_and_closes_counterfactual_claims (test_sealed_historical_loss_attribution_v01.FrozenEvidenceTests.test_registration_preserves_baseline_and_closes_counterfactual_claims) ... ok
2026-09-12T21:00:02.5837763Z test_report_reproduces_exactly_from_saved_evidence (test_sealed_historical_loss_attribution_v01.FrozenEvidenceTests.test_report_reproduces_exactly_from_saved_evidence) ... ok
2026-09-12T21:00:02.6275265Z test_wrong_external_registration_is_rejected (test_sealed_historical_loss_attribution_v01.FrozenEvidenceTests.test_wrong_external_registration_is_rejected) ... ok
2026-09-12T21:00:02.6277685Z test_exit_groups_do_not_double_debit_entry_fees (test_sealed_historical_loss_attribution_v01.GroupTests.test_exit_groups_do_not_double_debit_entry_fees) ... ok
2026-09-12T21:00:02.6280160Z test_unknown_group_cannot_silently_drop_losses (test_sealed_historical_loss_attribution_v01.GroupTests.test_unknown_group_cannot_silently_drop_losses) ... ok
2026-09-12T21:00:02.6282318Z test_zero_groups_and_no_trade_population_are_explicit (test_sealed_historical_loss_attribution_v01.GroupTests.test_zero_groups_and_no_trade_population_are_explicit) ... ok
2026-09-12T21:00:02.6284320Z test_duplicate_order_id_rejected (test_sealed_historical_loss_attribution_v01.OrderTests.test_duplicate_order_id_rejected) ... ok
2026-09-12T21:00:02.6286701Z test_missing_replacement_authority_not_treated_as_first_terminal (test_sealed_historical_loss_attribution_v01.OrderTests.test_missing_replacement_authority_not_treated_as_first_terminal) ... ok
2026-09-12T21:00:02.6288839Z test_negative_wait_rejected (test_sealed_historical_loss_attribution_v01.OrderTests.test_negative_wait_rejected) ... ok
2026-09-12T21:00:02.6290777Z test_reused_replacement_evidence_is_rejected (test_sealed_historical_loss_attribution_v01.OrderTests.test_reused_replacement_evidence_is_rejected) ... ok
2026-09-12T21:00:02.6294213Z test_targets_replacements_and_waiting_are_separate_dimensions (test_sealed_historical_loss_attribution_v01.OrderTests.test_targets_replacements_and_waiting_are_separate_dimensions) ... ok
2026-09-12T21:00:02.6296738Z test_unfilled_order_is_retained_without_a_fill (test_sealed_historical_loss_attribution_v01.OrderTests.test_unfilled_order_is_retained_without_a_fill) ... ok
2026-09-12T21:00:02.6299107Z test_unknown_exit_reason_rejected (test_sealed_historical_loss_attribution_v01.OrderTests.test_unknown_exit_reason_rejected) ... ok
2026-09-12T21:00:02.6300870Z test_wrong_sidecar_order_is_rejected (test_sealed_historical_loss_attribution_v01.OrderTests.test_wrong_sidecar_order_is_rejected) ... ok
2026-09-12T21:00:02.6302753Z test_wrong_terminal_attempt_number_rejected (test_sealed_historical_loss_attribution_v01.OrderTests.test_wrong_terminal_attempt_number_rejected) ... ok
2026-09-12T21:00:02.6304867Z test_exact_bridge_separates_entry_shortfall_and_fees (test_sealed_historical_loss_attribution_v01.PriceTests.test_exact_bridge_separates_entry_shortfall_and_fees) ... ok
2026-09-12T21:00:02.6307234Z test_exact_filled_size_not_requested_size_used (test_sealed_historical_loss_attribution_v01.PriceTests.test_exact_filled_size_not_requested_size_used) ... ok
2026-09-12T21:00:02.6309477Z test_float_stop_uses_serialized_decimal_not_binary_expansion (test_sealed_historical_loss_attribution_v01.PriceTests.test_float_stop_uses_serialized_decimal_not_binary_expansion) ... ok
2026-09-12T21:00:02.6311612Z test_invalid_or_nonfinite_price_rejected (test_sealed_historical_loss_attribution_v01.PriceTests.test_invalid_or_nonfinite_price_rejected) ... ok
2026-09-12T21:00:02.6313531Z test_outer_decimal_context_does_not_change_bridge (test_sealed_historical_loss_attribution_v01.PriceTests.test_outer_decimal_context_does_not_change_bridge) ... ok
2026-09-12T21:00:02.6315286Z test_partial_exits_all_required (test_sealed_historical_loss_attribution_v01.PriceTests.test_partial_exits_all_required) ... ok
2026-09-12T21:00:02.6317640Z test_price_improvement_is_signed_not_clipped (test_sealed_historical_loss_attribution_v01.PriceTests.test_price_improvement_is_signed_not_clipped) ... ok
2026-09-12T21:00:02.6330224Z test_absent_symbol_and_null_rows_retain_empty_receipts (test_sealed_historical_management_capture_v01.ManagementCaptureTests.test_absent_symbol_and_null_rows_retain_empty_receipts) ... ok
2026-09-12T21:00:02.7902869Z test_all_http_errors_are_one_attempt_without_retry_or_provider_body (test_sealed_historical_management_capture_v01.ManagementCaptureTests.test_all_http_errors_are_one_attempt_without_retry_or_provider_body) ... ok
2026-09-12T21:00:10.6607275Z test_all_ten_urls_match_previously_frozen_nanosecond_renderer (test_sealed_historical_management_capture_v01.ManagementCaptureTests.test_all_ten_urls_match_previously_frozen_nanosecond_renderer) ... ok
2026-09-12T21:00:18.9431775Z test_archive_rejects_resealed_wrong_ledger_request_receipt_and_provenance (test_sealed_historical_management_capture_v01.ManagementCaptureTests.test_archive_rejects_resealed_wrong_ledger_request_receipt_and_provenance) ... ok
2026-09-12T21:00:18.9826107Z test_attempt_ceiling_and_repeated_page_block_before_network (test_sealed_historical_management_capture_v01.ManagementCaptureTests.test_attempt_ceiling_and_repeated_page_block_before_network) ... ok
2026-09-12T21:00:19.0015569Z test_attempt_is_durably_recorded_before_get_and_contains_no_credentials (test_sealed_historical_management_capture_v01.ManagementCaptureTests.test_attempt_is_durably_recorded_before_get_and_contains_no_credentials) ... ok
2026-09-12T21:00:19.0030792Z test_before_start_and_exact_exclusive_end_are_rejected (test_sealed_historical_management_capture_v01.ManagementCaptureTests.test_before_start_and_exact_exclusive_end_are_rejected) ... ok
2026-09-12T21:00:19.0219062Z test_changed_request_blocks_before_network (test_sealed_historical_management_capture_v01.ManagementCaptureTests.test_changed_request_blocks_before_network) ... ok
2026-09-12T21:00:21.3048443Z test_cli_http_failure_retains_full_metadata_ledger_inventory_and_partial_tape (test_sealed_historical_management_capture_v01.ManagementCaptureTests.test_cli_http_failure_retains_full_metadata_ledger_inventory_and_partial_tape) ... ok
2026-09-12T21:00:24.3716186Z test_cli_rejects_wrong_consumption_or_source_receipt_before_provider_construction (test_sealed_historical_management_capture_v01.ManagementCaptureTests.test_cli_rejects_wrong_consumption_or_source_receipt_before_provider_construction) ... ok
2026-09-12T21:00:24.3776877Z test_complete_synthetic_capture_retains_all_ten_requests_and_no_runtime (test_sealed_historical_management_capture_v01.ManagementCaptureTests.test_complete_synthetic_capture_retains_all_ten_requests_and_no_runtime) ... ok
2026-09-12T21:00:24.3779645Z test_compressed_byte_limit_is_checked_before_every_write (test_sealed_historical_management_capture_v01.ManagementCaptureTests.test_compressed_byte_limit_is_checked_before_every_write) ... ok
2026-09-12T21:00:24.3792644Z test_empty_exhausted_segments_are_retained_for_both_resources (test_sealed_historical_management_capture_v01.ManagementCaptureTests.test_empty_exhausted_segments_are_retained_for_both_resources) ... ok
2026-09-12T21:00:24.3802260Z test_empty_page_with_token_is_exhausted_not_mistaken_for_completion (test_sealed_historical_management_capture_v01.ManagementCaptureTests.test_empty_page_with_token_is_exhausted_not_mistaken_for_completion) ... ok
2026-09-12T21:00:24.3814018Z test_exact_endpoint_and_same_timestamp_order_are_lossless (test_sealed_historical_management_capture_v01.ManagementCaptureTests.test_exact_endpoint_and_same_timestamp_order_are_lossless) ... ok
2026-09-12T21:00:24.3823257Z test_execution_full_hashes_are_required (test_sealed_historical_management_capture_v01.ManagementCaptureTests.test_execution_full_hashes_are_required) ... ok
2026-09-12T21:00:24.3844051Z test_execution_rerun_wrong_branch_event_and_parent_are_rejected (test_sealed_historical_management_capture_v01.ManagementCaptureTests.test_execution_rerun_wrong_branch_event_and_parent_are_rejected) ... ok
2026-09-12T21:00:24.3859733Z test_existing_output_and_symlink_are_not_modified (test_sealed_historical_management_capture_v01.ManagementCaptureTests.test_existing_output_and_symlink_are_not_modified) ... ok
2026-09-12T21:00:24.3884921Z test_failure_retains_completed_receipt_and_partial_tape_sanitized (test_sealed_historical_management_capture_v01.ManagementCaptureTests.test_failure_retains_completed_receipt_and_partial_tape_sanitized) ... ok
2026-09-12T21:00:28.1415939Z test_full_cli_capture_to_archive_verification_including_empty_receipt (test_sealed_historical_management_capture_v01.ManagementCaptureTests.test_full_cli_capture_to_archive_verification_including_empty_receipt) ... ok
2026-09-12T21:00:28.1423447Z test_gzip_failure_keeps_partial_evidence_inside_shared_ceiling (test_sealed_historical_management_capture_v01.ManagementCaptureTests.test_gzip_failure_keeps_partial_evidence_inside_shared_ceiling) ... ok
2026-09-12T21:00:28.1442199Z test_incomplete_reordered_or_changed_request_sets_fail_before_capture (test_sealed_historical_management_capture_v01.ManagementCaptureTests.test_incomplete_reordered_or_changed_request_sets_fail_before_capture) ... ok
2026-09-12T21:00:28.1470112Z test_invalid_or_repeated_pagination_tokens_fail (test_sealed_historical_management_capture_v01.ManagementCaptureTests.test_invalid_or_repeated_pagination_tokens_fail) ... ok
2026-09-12T21:00:28.1685129Z test_minimum_interval_applies_between_actual_attempts (test_sealed_historical_management_capture_v01.ManagementCaptureTests.test_minimum_interval_applies_between_actual_attempts) ... ok
2026-09-12T21:00:28.1689354Z test_minute_bars_must_be_unique_aligned_and_have_valid_ohlc (test_sealed_historical_management_capture_v01.ManagementCaptureTests.test_minute_bars_must_be_unique_aligned_and_have_valid_ohlc) ... ok
2026-09-12T21:00:28.1692712Z test_missing_credentials_fail_before_any_transport (test_sealed_historical_management_capture_v01.ManagementCaptureTests.test_missing_credentials_fail_before_any_transport) ... ok
2026-09-12T21:00:28.1709283Z test_non_chronological_or_duplicate_rows_across_pages_fail (test_sealed_historical_management_capture_v01.ManagementCaptureTests.test_non_chronological_or_duplicate_rows_across_pages_fail) ... ok
2026-09-12T21:00:28.1712911Z test_parent_byte_tampering_cannot_be_resealed (test_sealed_historical_management_capture_v01.ManagementCaptureTests.test_parent_byte_tampering_cannot_be_resealed) ... ok
2026-09-12T21:00:28.1714914Z test_redirect_handler_never_returns_redirect_request (test_sealed_historical_management_capture_v01.ManagementCaptureTests.test_redirect_handler_never_returns_redirect_request) ... ok
2026-09-12T21:00:28.9538772Z test_registration_exactly_binds_verified_parent_and_closed_execution_gates (test_sealed_historical_management_capture_v01.ManagementCaptureTests.test_registration_exactly_binds_verified_parent_and_closed_execution_gates) ... ok
2026-09-12T21:00:29.0304896Z test_response_bytes_invalid_json_duplicate_keys_and_non_object_fail (test_sealed_historical_management_capture_v01.ManagementCaptureTests.test_response_bytes_invalid_json_duplicate_keys_and_non_object_fail) ... ok
2026-09-12T21:00:29.0491818Z test_retained_byte_ceiling_blocks_before_network (test_sealed_historical_management_capture_v01.ManagementCaptureTests.test_retained_byte_ceiling_blocks_before_network) ... ok
2026-09-12T21:00:29.1059696Z test_transport_timeouts_and_url_errors_do_not_retry (test_sealed_historical_management_capture_v01.ManagementCaptureTests.test_transport_timeouts_and_url_errors_do_not_retry) ... ok
2026-09-12T21:00:29.1065665Z test_unchanged_normalization_retains_conditions_but_rejects_invalid_fields (test_sealed_historical_management_capture_v01.ManagementCaptureTests.test_unchanged_normalization_retains_conditions_but_rejects_invalid_fields) ... ok
2026-09-12T21:00:29.1070284Z test_url_rejects_modified_or_unregistered_request_and_invalid_token (test_sealed_historical_management_capture_v01.ManagementCaptureTests.test_url_rejects_modified_or_unregistered_request_and_invalid_token) ... ok
2026-09-12T21:00:29.8495068Z test_verified_reuse_receipt_honestly_attests_prior_source_verification (test_sealed_historical_management_capture_v01.ManagementCaptureTests.test_verified_reuse_receipt_honestly_attests_prior_source_verification) ... ok
2026-09-12T21:00:29.8566136Z test_workflow_consumes_and_uploads_before_credentials_and_has_no_rerun_trigger (test_sealed_historical_management_capture_v01.ManagementCaptureTests.test_workflow_consumes_and_uploads_before_credentials_and_has_no_rerun_trigger) ... ok
2026-09-12T21:00:29.8596605Z test_wrong_symbol_missing_fields_and_oversized_page_fail (test_sealed_historical_management_capture_v01.ManagementCaptureTests.test_wrong_symbol_missing_fields_and_oversized_page_fail) ... ok
2026-09-12T21:00:29.8599154Z test_complete_exit_capture_retains_empty_outcomes_and_closes_gate (test_sealed_historical_management_exit_acquisition_v01.EndToEndTests.test_complete_exit_capture_retains_empty_outcomes_and_closes_gate) ... skipped 'real pinned SDK exercised by dedicated validation'
2026-09-12T21:00:29.8601907Z test_failed_temporary_cleanup_cannot_report_complete_evidence (test_sealed_historical_management_exit_acquisition_v01.EndToEndTests.test_failed_temporary_cleanup_cannot_report_complete_evidence) ... skipped 'real pinned SDK exercised by dedicated validation'
2026-09-12T21:00:29.8604573Z test_malformed_first_native_response_stops_and_retains_failure (test_sealed_historical_management_exit_acquisition_v01.EndToEndTests.test_malformed_first_native_response_stops_and_retains_failure) ... skipped 'real pinned SDK exercised by dedicated validation'
2026-09-12T21:00:29.8607699Z test_metadata_failure_prevents_all_downloads (test_sealed_historical_management_exit_acquisition_v01.EndToEndTests.test_metadata_failure_prevents_all_downloads) ... skipped 'real pinned SDK exercised by dedicated validation'
2026-09-12T21:00:29.8610028Z test_missing_consumption_blocks_provider_access (test_sealed_historical_management_exit_acquisition_v01.EndToEndTests.test_missing_consumption_blocks_provider_access) ... skipped 'real pinned SDK exercised by dedicated validation'
2026-09-12T21:00:29.8612202Z test_missing_credential_preserves_zero_call_failure_evidence (test_sealed_historical_management_exit_acquisition_v01.EndToEndTests.test_missing_credential_preserves_zero_call_failure_evidence) ... skipped 'real pinned SDK exercised by dedicated validation'
2026-09-12T21:00:29.8614300Z test_partial_receipt_preserves_completed_tape_as_ineligible (test_sealed_historical_management_exit_acquisition_v01.EndToEndTests.test_partial_receipt_preserves_completed_tape_as_ineligible) ... skipped 'real pinned SDK exercised by dedicated validation'
2026-09-12T21:00:29.8615982Z test_partial_tape_write_is_retained_ineligible_and_stops (test_sealed_historical_management_exit_acquisition_v01.EndToEndTests.test_partial_tape_write_is_retained_ineligible_and_stops) ... skipped 'real pinned SDK exercised by dedicated validation'
2026-09-12T21:00:29.8617792Z test_rehashed_gate_population_and_receipt_tampering_rejected (test_sealed_historical_management_exit_acquisition_v01.EndToEndTests.test_rehashed_gate_population_and_receipt_tampering_rejected) ... skipped 'real pinned SDK exercised by dedicated validation'
2026-09-12T21:00:29.8619465Z test_rehashed_tape_mutation_and_extra_member_rejected (test_sealed_historical_management_exit_acquisition_v01.EndToEndTests.test_rehashed_tape_mutation_and_extra_member_rejected) ... skipped 'real pinned SDK exercised by dedicated validation'
2026-09-12T21:00:29.8621155Z test_advertised_native_decompression_bomb_rejected_before_decode (test_sealed_historical_management_exit_acquisition_v01.NativeTests.test_advertised_native_decompression_bomb_rejected_before_decode) ... skipped 'real pinned SDK exercised by dedicated validation'
2026-09-12T21:00:29.8622796Z test_equal_native_quote_keys_keep_original_ordinal (test_sealed_historical_management_exit_acquisition_v01.NativeTests.test_equal_native_quote_keys_keep_original_ordinal) ... skipped 'real pinned SDK exercised by dedicated validation'
2026-09-12T21:00:29.8624456Z test_real_nonempty_and_metadata_only_both_schemas (test_sealed_historical_management_exit_acquisition_v01.NativeTests.test_real_nonempty_and_metadata_only_both_schemas) ... skipped 'real pinned SDK exercised by dedicated validation'
2026-09-12T21:00:29.8626064Z test_resealed_native_mapping_and_noninteger_count_rejected (test_sealed_historical_management_exit_acquisition_v01.NativeTests.test_resealed_native_mapping_and_noninteger_count_rejected) ... skipped 'real pinned SDK exercised by dedicated validation'
2026-09-12T21:00:29.8627944Z test_timeseries_window_route_path_and_exhausted_scope_block_before_network (test_sealed_historical_management_exit_acquisition_v01.NativeTests.test_timeseries_window_route_path_and_exhausted_scope_block_before_network) ... skipped 'real pinned SDK exercised by dedicated validation'
2026-09-12T21:00:29.8629697Z test_truncated_or_concatenated_zstd_is_not_empty_evidence (test_sealed_historical_management_exit_acquisition_v01.NativeTests.test_truncated_or_concatenated_zstd_is_not_empty_evidence) ... skipped 'real pinned SDK exercised by dedicated validation'
2026-09-12T21:00:29.8631290Z test_truncated_uncompressed_native_record_rejected (test_sealed_historical_management_exit_acquisition_v01.NativeTests.test_truncated_uncompressed_native_record_rejected) ... skipped 'real pinned SDK exercised by dedicated validation'
2026-09-12T21:00:29.8632770Z test_wire_ceiling_and_symlink_rejected (test_sealed_historical_management_exit_acquisition_v01.NativeTests.test_wire_ceiling_and_symlink_rejected) ... skipped 'real pinned SDK exercised by dedicated validation'
2026-09-12T21:00:29.8634276Z test_wrong_metadata_or_missing_mapping_is_not_unavailable (test_sealed_historical_management_exit_acquisition_v01.NativeTests.test_wrong_metadata_or_missing_mapping_is_not_unavailable) ... skipped 'real pinned SDK exercised by dedicated validation'
2026-09-12T21:00:29.8635731Z test_coverage_never_drops_unattempted_exit_requests (test_sealed_historical_management_exit_acquisition_v01.RegistrationTests.test_coverage_never_drops_unattempted_exit_requests) ... ok
2026-09-12T21:00:29.9175658Z test_every_original_quote_ceiling_is_required (test_sealed_historical_management_exit_acquisition_v01.RegistrationTests.test_every_original_quote_ceiling_is_required) ... ok
2026-09-12T21:00:29.9206889Z test_execution_requires_attempt_one_exact_parent_and_research_branch (test_sealed_historical_management_exit_acquisition_v01.RegistrationTests.test_execution_requires_attempt_one_exact_parent_and_research_branch) ... ok
2026-09-12T21:00:30.7871895Z test_frozen_exit_parent_bytes_and_gate_flags (test_sealed_historical_management_exit_acquisition_v01.RegistrationTests.test_frozen_exit_parent_bytes_and_gate_flags) ... ok
2026-09-12T21:00:30.7880305Z test_http_ledger_rehashed_boolean_and_wire_substitutions_rejected (test_sealed_historical_management_exit_acquisition_v01.RegistrationTests.test_http_ledger_rehashed_boolean_and_wire_substitutions_rejected) ... ok
2026-09-12T21:00:30.8052839Z test_individual_ceiling_cannot_be_offset_by_another_request (test_sealed_historical_management_exit_acquisition_v01.RegistrationTests.test_individual_ceiling_cannot_be_offset_by_another_request) ... ok
2026-09-12T21:00:30.8054699Z test_native_decoder_and_normalizer_remain_original_functions (test_sealed_historical_management_exit_acquisition_v01.RegistrationTests.test_native_decoder_and_normalizer_remain_original_functions) ... ok
2026-09-12T21:00:31.0400023Z test_original_or_substituted_requests_rejected (test_sealed_historical_management_exit_acquisition_v01.RegistrationTests.test_original_or_substituted_requests_rejected) ... ok
2026-09-12T21:00:31.0431145Z test_quote_reseal_cannot_replace_original (test_sealed_historical_management_exit_acquisition_v01.RegistrationTests.test_quote_reseal_cannot_replace_original) ... ok
2026-09-12T21:00:31.9193985Z test_rehashed_limits_cannot_change_individual_caps (test_sealed_historical_management_exit_acquisition_v01.RegistrationTests.test_rehashed_limits_cannot_change_individual_caps) ... ok
2026-09-12T21:00:32.7985794Z test_substituted_parent_artifacts_block_before_acquisition (test_sealed_historical_management_exit_acquisition_v01.RegistrationTests.test_substituted_parent_artifacts_block_before_acquisition) ... ok
2026-09-12T21:00:32.8168046Z test_transport_reuses_immutable_bounded_methods (test_sealed_historical_management_exit_acquisition_v01.RegistrationTests.test_transport_reuses_immutable_bounded_methods) ... ok
2026-09-12T21:00:32.8236397Z test_unregistered_metadata_endpoint_window_and_body_blocked (test_sealed_historical_management_exit_acquisition_v01.RegistrationTests.test_unregistered_metadata_endpoint_window_and_body_blocked) ... ok
2026-09-12T21:00:32.8349072Z test_workflow_consumes_after_parent_checks_before_only_provider (test_sealed_historical_management_exit_acquisition_v01.RegistrationTests.test_workflow_consumes_after_parent_checks_before_only_provider) ... ok
2026-09-12T21:00:32.8532519Z test_boolean_float_and_nonpositive_exit_clock_rejected (test_sealed_historical_management_exit_inputs_v01.ExitInputsTests.test_boolean_float_and_nonpositive_exit_clock_rejected) ... ok
2026-09-12T21:00:32.8605418Z test_bounded_capture_preserves_ordinals_and_excludes_later_source_quotes (test_sealed_historical_management_exit_inputs_v01.ExitInputsTests.test_bounded_capture_preserves_ordinals_and_excludes_later_source_quotes) ... ok
2026-09-12T21:00:32.8610332Z test_cannot_write_output_over_repository_sources (test_sealed_historical_management_exit_inputs_v01.ExitInputsTests.test_cannot_write_output_over_repository_sources) ... ok
2026-09-12T21:00:33.3948634Z test_cli_installs_offline_guard_before_import_and_blocks_missing_sources (test_sealed_historical_management_exit_inputs_v01.ExitInputsTests.test_cli_installs_offline_guard_before_import_and_blocks_missing_sources) ... ok
2026-09-12T21:00:33.4037221Z test_complete_sources_do_not_imply_known_status_or_executable_exit (test_sealed_historical_management_exit_inputs_v01.ExitInputsTests.test_complete_sources_do_not_imply_known_status_or_executable_exit) ... ok
2026-09-12T21:00:33.4044907Z test_constructor_requires_external_pin_and_committed_metadata (test_sealed_historical_management_exit_inputs_v01.ExitInputsTests.test_constructor_requires_external_pin_and_committed_metadata) ... ok
2026-09-12T21:00:33.4112915Z test_copy_preserves_compressed_bytes_exactly_and_is_write_once (test_sealed_historical_management_exit_inputs_v01.ExitInputsTests.test_copy_preserves_compressed_bytes_exactly_and_is_write_once) ... ok
2026-09-12T21:00:33.4347585Z test_entrypoints_have_no_undefined_globals (test_sealed_historical_management_exit_inputs_v01.ExitInputsTests.test_entrypoints_have_no_undefined_globals) ... ok
2026-09-12T21:00:33.4349745Z test_exact_population_uses_all_80_new_and_two_original_sources (test_sealed_historical_management_exit_inputs_v01.ExitInputsTests.test_exact_population_uses_all_80_new_and_two_original_sources) ... ok
2026-09-12T21:00:33.4749478Z test_exit_tail_cannot_borrow_later_time_from_merged_or_XAGE_source (test_sealed_historical_management_exit_inputs_v01.ExitInputsTests.test_exit_tail_cannot_borrow_later_time_from_merged_or_XAGE_source) ... ok
2026-09-12T21:00:33.4815361Z test_final_truncation_is_detected_before_freeze (test_sealed_historical_management_exit_inputs_v01.ExitInputsTests.test_final_truncation_is_detected_before_freeze) ... ok
2026-09-12T21:00:33.4880829Z test_gzip_eof_or_crc_failure_cannot_be_hidden_by_rehashed_file_receipt (test_sealed_historical_management_exit_inputs_v01.ExitInputsTests.test_gzip_eof_or_crc_failure_cannot_be_hidden_by_rehashed_file_receipt) ... ok
2026-09-12T21:00:34.2964071Z test_historical_runtime_gate_stays_closed (test_sealed_historical_management_exit_inputs_v01.ExitInputsTests.test_historical_runtime_gate_stays_closed) ... ok
2026-09-12T21:00:34.3036796Z test_independent_verifier_rejects_source_ordinal_rewriting (test_sealed_historical_management_exit_inputs_v01.ExitInputsTests.test_independent_verifier_rejects_source_ordinal_rewriting) ... ok
2026-09-12T21:00:34.3039944Z test_new_request_with_same_symbol_date_does_not_overwrite_entry_identity (test_sealed_historical_management_exit_inputs_v01.ExitInputsTests.test_new_request_with_same_symbol_date_does_not_overwrite_entry_identity) ... ok
2026-09-12T21:00:34.3109902Z test_normalized_count_or_hash_mismatch_cannot_be_resealed (test_sealed_historical_management_exit_inputs_v01.ExitInputsTests.test_normalized_count_or_hash_mismatch_cannot_be_resealed) ... ok
2026-09-12T21:00:34.3179638Z test_pair_hash_matches_frozen_feedback_payload_with_native_ties (test_sealed_historical_management_exit_inputs_v01.ExitInputsTests.test_pair_hash_matches_frozen_feedback_payload_with_native_ties) ... ok
2026-09-12T21:00:34.3258916Z test_partial_copy_failure_is_retained_and_never_frozen (test_sealed_historical_management_exit_inputs_v01.ExitInputsTests.test_partial_copy_failure_is_retained_and_never_frozen) ... ok
2026-09-12T21:00:34.3265656Z test_paths_traversal_absolute_duplicate_slashes_and_symlinks_rejected (test_sealed_historical_management_exit_inputs_v01.ExitInputsTests.test_paths_traversal_absolute_duplicate_slashes_and_symlinks_rejected) ... ok
2026-09-12T21:00:34.3344925Z test_reader_keeps_identical_payload_across_repeated_sell_decisions (test_sealed_historical_management_exit_inputs_v01.ExitInputsTests.test_reader_keeps_identical_payload_across_repeated_sell_decisions) ... ok
2026-09-12T21:00:34.3426783Z test_reader_returns_detached_data_and_detects_changed_source_before_access (test_sealed_historical_management_exit_inputs_v01.ExitInputsTests.test_reader_returns_detached_data_and_detects_changed_source_before_access) ... ok
2026-09-12T21:00:35.2435673Z test_registration_pins_verified_parent_and_closed_runtime (test_sealed_historical_management_exit_inputs_v01.ExitInputsTests.test_registration_pins_verified_parent_and_closed_runtime) ... ok
2026-09-12T21:00:35.2440755Z test_registration_rejects_altered_parent_even_if_resealed (test_sealed_historical_management_exit_inputs_v01.ExitInputsTests.test_registration_rejects_altered_parent_even_if_resealed) ... ok
2026-09-12T21:00:35.2443238Z test_reused_XAGE_keeps_original_long_request_and_ordinals (test_sealed_historical_management_exit_inputs_v01.ExitInputsTests.test_reused_XAGE_keeps_original_long_request_and_ordinals) ... ok
2026-09-12T21:00:35.2449387Z test_single_write_detects_short_write (test_sealed_historical_management_exit_inputs_v01.ExitInputsTests.test_single_write_detects_short_write) ... ok
2026-09-12T21:00:35.2517018Z test_source_file_changed_before_copy_is_rejected (test_sealed_historical_management_exit_inputs_v01.ExitInputsTests.test_source_file_changed_before_copy_is_rejected) ... ok
2026-09-12T21:00:35.2563604Z test_source_gate_rejects_missing_extra_and_wrong_archive_without_runtime (test_sealed_historical_management_exit_inputs_v01.ExitInputsTests.test_source_gate_rejects_missing_extra_and_wrong_archive_without_runtime) ... ok
2026-09-12T21:00:35.2624540Z test_unavailable_entry_remains_visible_and_cannot_be_rescued (test_sealed_historical_management_exit_inputs_v01.ExitInputsTests.test_unavailable_entry_remains_visible_and_cannot_be_rescued) ... ok
2026-09-12T21:00:35.2695778Z test_workflow_is_read_only_fixed_artifacts_and_has_no_provider_secrets (test_sealed_historical_management_exit_inputs_v01.ExitInputsTests.test_workflow_is_read_only_fixed_artifacts_and_has_no_provider_secrets) ... ok
2026-09-12T21:00:35.2757682Z test_wrong_opportunity_or_original_window_pin_is_rejected (test_sealed_historical_management_exit_inputs_v01.ExitInputsTests.test_wrong_opportunity_or_original_window_pin_is_rejected) ... ok
2026-09-12T21:00:36.3103428Z test_call_is_journaled_before_provider_and_failure_is_retained (test_sealed_historical_management_exit_quote_v01.HistoricalManagementExitQuoteTests.test_call_is_journaled_before_provider_and_failure_is_retained) ... ok
2026-09-12T21:00:36.3112985Z test_changed_request_is_rejected_before_client_call (test_sealed_historical_management_exit_quote_v01.HistoricalManagementExitQuoteTests.test_changed_request_is_rejected_before_client_call) ... ok
2026-09-12T21:00:36.3156914Z test_changed_time_or_extra_metadata_parameters_have_no_network_authority (test_sealed_historical_management_exit_quote_v01.HistoricalManagementExitQuoteTests.test_changed_time_or_extra_metadata_parameters_have_no_network_authority) ... ok
2026-09-12T21:00:36.3160456Z test_cli_full_sdk_path_and_preflight_failure_retain_exact_evidence (test_sealed_historical_management_exit_quote_v01.HistoricalManagementExitQuoteTests.test_cli_full_sdk_path_and_preflight_failure_retain_exact_evidence) ... skipped 'pinned SDK exercised by dedicated quote validation'
2026-09-12T21:00:36.3291592Z test_complete_quote_visits_every_method_once_and_preserves_nanos (test_sealed_historical_management_exit_quote_v01.HistoricalManagementExitQuoteTests.test_complete_quote_visits_every_method_once_and_preserves_nanos) ... ok
2026-09-12T21:00:36.3294326Z test_exact_registration_requires_all_eighty_requests (test_sealed_historical_management_exit_quote_v01.HistoricalManagementExitQuoteTests.test_exact_registration_requires_all_eighty_requests) ... ok
2026-09-12T21:00:36.3314249Z test_execution_is_parent_bound_and_rejects_reruns (test_sealed_historical_management_exit_quote_v01.HistoricalManagementExitQuoteTests.test_execution_is_parent_bound_and_rejects_reruns) ... ok
2026-09-12T21:00:36.3731211Z test_invalid_numeric_results_fail_closed (test_sealed_historical_management_exit_quote_v01.HistoricalManagementExitQuoteTests.test_invalid_numeric_results_fail_closed) ... ok
2026-09-12T21:00:37.2878015Z test_original_entry_list_and_reordered_or_reused_pairs_are_rejected (test_sealed_historical_management_exit_quote_v01.HistoricalManagementExitQuoteTests.test_original_entry_list_and_reordered_or_reused_pairs_are_rejected) ... ok
2026-09-12T21:00:37.2880743Z test_other_sdk_metadata_method_has_no_network_authority (test_sealed_historical_management_exit_quote_v01.HistoricalManagementExitQuoteTests.test_other_sdk_metadata_method_has_no_network_authority) ... skipped 'pinned SDK exercised by dedicated quote validation'
2026-09-12T21:00:37.2891000Z test_preflight_failure_is_explicit_and_zero_call (test_sealed_historical_management_exit_quote_v01.HistoricalManagementExitQuoteTests.test_preflight_failure_is_explicit_and_zero_call) ... ok
2026-09-12T21:00:37.2975118Z test_provider_errors_are_sanitized_no_retry_and_totals_unknown (test_sealed_historical_management_exit_quote_v01.HistoricalManagementExitQuoteTests.test_provider_errors_are_sanitized_no_retry_and_totals_unknown) ... ok
2026-09-12T21:00:38.1374512Z test_quote_gate_does_not_authorize_acquisition_or_historical_runtime (test_sealed_historical_management_exit_quote_v01.HistoricalManagementExitQuoteTests.test_quote_gate_does_not_authorize_acquisition_or_historical_runtime) ... ok
2026-09-12T21:00:38.1377461Z test_real_pinned_sdk_serializes_all_160_exact_http_requests (test_sealed_historical_management_exit_quote_v01.HistoricalManagementExitQuoteTests.test_real_pinned_sdk_serializes_all_160_exact_http_requests) ... skipped 'pinned SDK exercised by dedicated quote validation'
2026-09-12T21:00:38.1711160Z test_rehashed_report_identity_or_gate_tampering_is_rejected (test_sealed_historical_management_exit_quote_v01.HistoricalManagementExitQuoteTests.test_rehashed_report_identity_or_gate_tampering_is_rejected) ... ok
2026-09-12T21:00:39.0010129Z test_rehashed_reuse_receipt_cannot_replace_verified_bytes (test_sealed_historical_management_exit_quote_v01.HistoricalManagementExitQuoteTests.test_rehashed_reuse_receipt_cannot_replace_verified_bytes) ... ok
2026-09-12T21:00:39.8383959Z test_reuse_is_exact_xage_pair_and_preserves_original_unavailable_entries (test_sealed_historical_management_exit_quote_v01.HistoricalManagementExitQuoteTests.test_reuse_is_exact_xage_pair_and_preserves_original_unavailable_entries) ... ok
2026-09-12T21:00:39.8884962Z test_transport_behavior_is_inherited_without_mutating_ancestor_scope (test_sealed_historical_management_exit_quote_v01.HistoricalManagementExitQuoteTests.test_transport_behavior_is_inherited_without_mutating_ancestor_scope) ... ok
2026-09-12T21:00:39.8906719Z test_transport_detaches_caller_requests_and_journals_before_http (test_sealed_historical_management_exit_quote_v01.HistoricalManagementExitQuoteTests.test_transport_detaches_caller_requests_and_journals_before_http) ... ok
2026-09-12T21:00:39.8964985Z test_transport_redirect_http_and_oversized_response_fail_without_retry (test_sealed_historical_management_exit_quote_v01.HistoricalManagementExitQuoteTests.test_transport_redirect_http_and_oversized_response_fail_without_retry) ... ok
2026-09-12T21:00:39.9004593Z test_transport_rejects_other_endpoints_or_changed_symbols_before_network (test_sealed_historical_management_exit_quote_v01.HistoricalManagementExitQuoteTests.test_transport_rejects_other_endpoints_or_changed_symbols_before_network) ... ok
2026-09-12T21:00:39.9094949Z test_workflow_consumes_and_uploads_before_the_only_secret_step (test_sealed_historical_management_exit_quote_v01.HistoricalManagementExitQuoteTests.test_workflow_consumes_and_uploads_before_the_only_secret_step) ... ok
2026-09-12T21:00:39.9180592Z test_zero_size_is_unavailable_and_does_not_change_the_plan (test_sealed_historical_management_exit_quote_v01.HistoricalManagementExitQuoteTests.test_zero_size_is_unavailable_and_does_not_change_the_plan) ... ok
2026-09-12T21:00:40.8299108Z test_buy_only_cat_and_daily_rounding_increment_not_per_fill (test_sealed_historical_management_fee_reconciliation_v01.HistoricalFeeTests.test_buy_only_cat_and_daily_rounding_increment_not_per_fill) ... ok
2026-09-12T21:00:40.8307539Z test_canceled_zero_negative_fractional_shares_and_bad_prices_rejected (test_sealed_historical_management_fee_reconciliation_v01.HistoricalFeeTests.test_canceled_zero_negative_fractional_shares_and_bad_prices_rejected) ... ok
2026-09-12T21:00:40.8313031Z test_deterministic_precision_ignores_callers_decimal_context (test_sealed_historical_management_fee_reconciliation_v01.HistoricalFeeTests.test_deterministic_precision_ignores_callers_decimal_context) ... ok
2026-09-12T21:00:40.8320224Z test_duplicate_fill_and_duplicate_order_are_atomic (test_sealed_historical_management_fee_reconciliation_v01.HistoricalFeeTests.test_duplicate_fill_and_duplicate_order_are_atomic) ... ok
2026-09-12T21:00:40.8327947Z test_fee_book_clock_and_new_york_date (test_sealed_historical_management_fee_reconciliation_v01.HistoricalFeeTests.test_fee_book_clock_and_new_york_date) ... ok
2026-09-12T21:00:40.8330930Z test_historical_rates_are_explicit_and_do_not_use_2026_defaults (test_sealed_historical_management_fee_reconciliation_v01.HistoricalFeeTests.test_historical_rates_are_explicit_and_do_not_use_2026_defaults) ... ok
2026-09-12T21:00:40.8333594Z test_invalid_or_out_of_interval_dates_fail_closed (test_sealed_historical_management_fee_reconciliation_v01.HistoricalFeeTests.test_invalid_or_out_of_interval_dates_fail_closed) ... ok
2026-09-12T21:00:40.8340266Z test_july_boundary_uses_trade_date_not_invoice_month (test_sealed_historical_management_fee_reconciliation_v01.HistoricalFeeTests.test_july_boundary_uses_trade_date_not_invoice_month) ... ok
2026-09-12T21:00:40.8346313Z test_repeated_read_does_not_post_fees_twice (test_sealed_historical_management_fee_reconciliation_v01.HistoricalFeeTests.test_repeated_read_does_not_post_fees_twice) ... ok
2026-09-12T21:00:40.8356814Z test_sell_taf_and_cat_caps_are_per_trade_before_daily_rounding (test_sealed_historical_management_fee_reconciliation_v01.HistoricalFeeTests.test_sell_taf_and_cat_caps_are_per_trade_before_daily_rounding) ... ok
2026-09-12T21:00:40.8629224Z test_account_lock_persists_and_rejects_new_entry (test_sealed_historical_management_fee_reconciliation_v01.ReconciliationTests.test_account_lock_persists_and_rejects_new_entry) ... ok
2026-09-12T21:00:40.8780629Z test_bad_submission_and_failed_reconciliation_roll_back_entire_transition (test_sealed_historical_management_fee_reconciliation_v01.ReconciliationTests.test_bad_submission_and_failed_reconciliation_roll_back_entire_transition) ... ok
2026-09-12T21:00:40.8867141Z test_bar_completion_delegates_to_frozen_engine_without_account_changes (test_sealed_historical_management_fee_reconciliation_v01.ReconciliationTests.test_bar_completion_delegates_to_frozen_engine_without_account_changes) ... ok
2026-09-12T21:00:40.9215600Z test_both_frozen_execution_scenarios_preserve_closed_boundaries (test_sealed_historical_management_fee_reconciliation_v01.ReconciliationTests.test_both_frozen_execution_scenarios_preserve_closed_boundaries) ... ok
2026-09-12T21:00:40.9330163Z test_complete_target_moves_remaining_ledger_lots_to_breakeven (test_sealed_historical_management_fee_reconciliation_v01.ReconciliationTests.test_complete_target_moves_remaining_ledger_lots_to_breakeven) ... ok
2026-09-12T21:00:40.9406847Z test_entry_pins_and_wrong_account_scenario_fail_without_mutation (test_sealed_historical_management_fee_reconciliation_v01.ReconciliationTests.test_entry_pins_and_wrong_account_scenario_fail_without_mutation) ... ok
2026-09-12T21:00:40.9554670Z test_equal_time_trade_precedes_fill_then_settlement_is_idempotent (test_sealed_historical_management_fee_reconciliation_v01.ReconciliationTests.test_equal_time_trade_precedes_fill_then_settlement_is_idempotent) ... ok
2026-09-12T21:00:40.9728269Z test_exact_net_giveback_boundary_locks (test_sealed_historical_management_fee_reconciliation_v01.ReconciliationTests.test_exact_net_giveback_boundary_locks) ... ok
2026-09-12T21:00:40.9903031Z test_fee_inclusive_high_water_does_not_use_gross_intermediate_peak (test_sealed_historical_management_fee_reconciliation_v01.ReconciliationTests.test_fee_inclusive_high_water_does_not_use_gross_intermediate_peak) ... ok
2026-09-12T21:00:41.0061823Z test_fees_take_small_account_to_exact_daily_loss_boundary (test_sealed_historical_management_fee_reconciliation_v01.ReconciliationTests.test_fees_take_small_account_to_exact_daily_loss_boundary) ... ok
2026-09-12T21:00:41.0256106Z test_full_round_trip_updates_cash_shares_net_pnl_and_guards (test_sealed_historical_management_fee_reconciliation_v01.ReconciliationTests.test_full_round_trip_updates_cash_shares_net_pnl_and_guards) ... ok
2026-09-12T21:00:41.0291867Z test_imported_or_mutated_opening_ledger_rejected (test_sealed_historical_management_fee_reconciliation_v01.ReconciliationTests.test_imported_or_mutated_opening_ledger_rejected) ... ok
2026-09-12T21:00:41.0376244Z test_mutating_exported_state_and_ledger_cannot_change_account (test_sealed_historical_management_fee_reconciliation_v01.ReconciliationTests.test_mutating_exported_state_and_ledger_cannot_change_account) ... ok
2026-09-12T21:00:41.0503570Z test_no_concurrent_position_or_outstanding_ack_release (test_sealed_historical_management_fee_reconciliation_v01.ReconciliationTests.test_no_concurrent_position_or_outstanding_ack_release) ... ok
2026-09-12T21:00:41.0617932Z test_no_fee_cash_or_share_change_on_intent_or_submission (test_sealed_historical_management_fee_reconciliation_v01.ReconciliationTests.test_no_fee_cash_or_share_change_on_intent_or_submission) ... ok
2026-09-12T21:00:41.0742975Z test_one_share_has_no_target_or_breakeven (test_sealed_historical_management_fee_reconciliation_v01.ReconciliationTests.test_one_share_has_no_target_or_breakeven) ... ok
2026-09-12T21:00:41.0854227Z test_partial_target_keeps_original_stop_and_correct_open_risk (test_sealed_historical_management_fee_reconciliation_v01.ReconciliationTests.test_partial_target_keeps_original_stop_and_correct_open_risk) ... ok
2026-09-12T21:00:41.1047977Z test_partial_terminal_cannot_close_or_release_and_charges_actual_fills (test_sealed_historical_management_fee_reconciliation_v01.ReconciliationTests.test_partial_terminal_cannot_close_or_release_and_charges_actual_fills) ... ok
2026-09-12T21:00:41.1122345Z test_recomputed_entry_applies_only_filled_shares_and_entry_fee (test_sealed_historical_management_fee_reconciliation_v01.ReconciliationTests.test_recomputed_entry_applies_only_filled_shares_and_entry_fee) ... ok
2026-09-12T21:00:41.1401141Z test_second_position_cannot_use_reset_ledger_or_stale_pin (test_sealed_historical_management_fee_reconciliation_v01.ReconciliationTests.test_second_position_cannot_use_reset_ledger_or_stale_pin) ... ok
2026-09-12T21:00:41.1820510Z test_second_position_keeps_daily_fee_book_and_net_cash (test_sealed_historical_management_fee_reconciliation_v01.ReconciliationTests.test_second_position_keeps_daily_fee_book_and_net_cash) ... ok
2026-09-12T21:00:41.1976325Z test_zero_exit_fills_have_no_sale_fee_or_proceeds (test_sealed_historical_management_fee_reconciliation_v01.ReconciliationTests.test_zero_exit_fills_have_no_sale_fee_or_proceeds) ... ok
2026-09-12T21:00:42.1639375Z test_direct_cli_generates_synthetic_vectors_and_independent_report (test_sealed_historical_management_fee_reconciliation_v01.RegistrationTests.test_direct_cli_generates_synthetic_vectors_and_independent_report) ... ok
2026-09-12T21:00:42.4488583Z test_independent_checker_validates_vectors_and_rejects_rehashed_wrong_cash (test_sealed_historical_management_fee_reconciliation_v01.RegistrationTests.test_independent_checker_validates_vectors_and_rejects_rehashed_wrong_cash) ... ok
2026-09-12T21:00:42.4671489Z test_metadata_never_opens_market_tapes_or_executes_history (test_sealed_historical_management_fee_reconciliation_v01.RegistrationTests.test_metadata_never_opens_market_tapes_or_executes_history) ... ok
2026-09-12T21:00:42.4844430Z test_parent_source_and_implementation_mutations_fail (test_sealed_historical_management_fee_reconciliation_v01.RegistrationTests.test_parent_source_and_implementation_mutations_fail) ... ok
2026-09-12T21:00:42.5109931Z test_registration_and_complete_session_fee_map (test_sealed_historical_management_fee_reconciliation_v01.RegistrationTests.test_registration_and_complete_session_fee_map) ... ok
2026-09-12T21:00:42.5683962Z test_write_once_and_rehashed_metadata_still_fails_reconstruction (test_sealed_historical_management_fee_reconciliation_v01.RegistrationTests.test_write_once_and_rehashed_metadata_still_fails_reconstruction) ... ok
2026-09-12T21:00:42.5801440Z test_all_caller_evidence_pins_are_required (test_sealed_historical_management_fill_feedback_v01.FillFeedbackTests.test_all_caller_evidence_pins_are_required) ... ok
2026-09-12T21:00:42.5917830Z test_availability_reference_and_reason_must_match (test_sealed_historical_management_fill_feedback_v01.FillFeedbackTests.test_availability_reference_and_reason_must_match) ... ok
2026-09-12T21:00:42.5969397Z test_binding_recomputes_positive_fill_exact_event_and_does_not_mutate_ledger (test_sealed_historical_management_fill_feedback_v01.FillFeedbackTests.test_binding_recomputes_positive_fill_exact_event_and_does_not_mutate_ledger) ... ok
2026-09-12T21:00:42.6030409Z test_cancel_ack_boundary_does_not_supply_a_last_instant_fill (test_sealed_historical_management_fill_feedback_v01.FillFeedbackTests.test_cancel_ack_boundary_does_not_supply_a_last_instant_fill) ... ok
2026-09-12T21:00:42.6089797Z test_changed_intent_or_duplicate_submission_is_rejected (test_sealed_historical_management_fill_feedback_v01.FillFeedbackTests.test_changed_intent_or_duplicate_submission_is_rejected) ... ok
2026-09-12T21:00:45.3434818Z test_cli_verifies_offline_and_exposes_no_runtime_mode (test_sealed_historical_management_fill_feedback_v01.FillFeedbackTests.test_cli_verifies_offline_and_exposes_no_runtime_mode) ... ok
2026-09-12T21:00:45.3517400Z test_common_tape_cannot_change_between_exit_attempts (test_sealed_historical_management_fill_feedback_v01.FillFeedbackTests.test_common_tape_cannot_change_between_exit_attempts) ... ok
2026-09-12T21:00:45.3582656Z test_competing_stop_during_target_is_latched_without_overselling (test_sealed_historical_management_fill_feedback_v01.FillFeedbackTests.test_competing_stop_during_target_is_latched_without_overselling) ... ok
2026-09-12T21:00:45.3637949Z test_completed_red_bar_needs_a_subsequent_eligible_print (test_sealed_historical_management_fill_feedback_v01.FillFeedbackTests.test_completed_red_bar_needs_a_subsequent_eligible_print) ... ok
2026-09-12T21:00:45.3748793Z test_cross_profile_or_session_slot_substitution_rejected (test_sealed_historical_management_fill_feedback_v01.FillFeedbackTests.test_cross_profile_or_session_slot_substitution_rejected) ... ok
2026-09-12T21:00:45.3801993Z test_entry_timestamp_prints_are_excluded (test_sealed_historical_management_fill_feedback_v01.FillFeedbackTests.test_entry_timestamp_prints_are_excluded) ... ok
2026-09-12T21:00:45.3867978Z test_equal_time_print_precedes_fill_feedback (test_sealed_historical_management_fill_feedback_v01.FillFeedbackTests.test_equal_time_print_precedes_fill_feedback) ... ok
2026-09-12T21:00:46.2294337Z test_exact_population_dates_availability_and_all_path_references (test_sealed_historical_management_fill_feedback_v01.FillFeedbackTests.test_exact_population_dates_availability_and_all_path_references) ... ok
2026-09-12T21:00:46.2353543Z test_exit_capture_tail_cannot_extend_original_window (test_sealed_historical_management_fill_feedback_v01.FillFeedbackTests.test_exit_capture_tail_cannot_extend_original_window) ... ok
2026-09-12T21:00:46.2393849Z test_forged_plan_identity_rejected_after_all_outer_hashes_recomputed (test_sealed_historical_management_fill_feedback_v01.FillFeedbackTests.test_forged_plan_identity_rejected_after_all_outer_hashes_recomputed) ... ok
2026-09-12T21:00:46.2456901Z test_full_target_fill_moves_stop_only_at_known_fill_time (test_sealed_historical_management_fill_feedback_v01.FillFeedbackTests.test_full_target_fill_moves_stop_only_at_known_fill_time) ... ok
2026-09-12T21:00:47.0542610Z test_implementation_mutation_invalidates_registration (test_sealed_historical_management_fill_feedback_v01.FillFeedbackTests.test_implementation_mutation_invalidates_registration) ... ok
2026-09-12T21:00:47.0602493Z test_invalid_nanosecond_clock_is_rejected_without_advancing (test_sealed_historical_management_fill_feedback_v01.FillFeedbackTests.test_invalid_nanosecond_clock_is_rejected_without_advancing) ... ok
2026-09-12T21:00:47.0668983Z test_latched_initial_stop_is_not_relabelled_after_target_fill (test_sealed_historical_management_fill_feedback_v01.FillFeedbackTests.test_latched_initial_stop_is_not_relabelled_after_target_fill) ... ok
2026-09-12T21:00:47.0722708Z test_late_bar_cannot_create_signal_after_frozen_signal_window (test_sealed_historical_management_fill_feedback_v01.FillFeedbackTests.test_late_bar_cannot_create_signal_after_frozen_signal_window) ... ok
2026-09-12T21:00:47.0775104Z test_locked_account_cannot_create_accepted_binding (test_sealed_historical_management_fill_feedback_v01.FillFeedbackTests.test_locked_account_cannot_create_accepted_binding) ... ok
2026-09-12T21:00:47.9395630Z test_metadata_build_never_opens_tapes_or_executes_entries (test_sealed_historical_management_fill_feedback_v01.FillFeedbackTests.test_metadata_build_never_opens_tapes_or_executes_entries) ... ok
2026-09-12T21:00:47.9459565Z test_missing_fresh_sell_reference_cannot_use_SIP_target_as_limit (test_sealed_historical_management_fill_feedback_v01.FillFeedbackTests.test_missing_fresh_sell_reference_cannot_use_SIP_target_as_limit) ... ok
2026-09-12T21:00:47.9510551Z test_no_end_of_window_liquidation (test_sealed_historical_management_fill_feedback_v01.FillFeedbackTests.test_no_end_of_window_liquidation) ... ok
2026-09-12T21:00:47.9562041Z test_original_source_ordinals_and_native_ties_survive_fill_binding (test_sealed_historical_management_fill_feedback_v01.FillFeedbackTests.test_original_source_ordinals_and_native_ties_survive_fill_binding) ... ok
2026-09-12T21:00:47.9601402Z test_original_stop_and_decision_cannot_be_replaced (test_sealed_historical_management_fill_feedback_v01.FillFeedbackTests.test_original_stop_and_decision_cannot_be_replaced) ... ok
2026-09-12T21:00:47.9657874Z test_outstanding_intent_cannot_use_later_data_at_earlier_clock (test_sealed_historical_management_fill_feedback_v01.FillFeedbackTests.test_outstanding_intent_cannot_use_later_data_at_earlier_clock) ... ok
2026-09-12T21:00:47.9664607Z test_parent_mutation_is_rejected_even_if_child_would_be_rehashed (test_sealed_historical_management_fill_feedback_v01.FillFeedbackTests.test_parent_mutation_is_rejected_even_if_child_would_be_rehashed) ... ok
2026-09-12T21:00:47.9737058Z test_partial_final_exit_remains_open_unresolved_without_automatic_retry (test_sealed_historical_management_fill_feedback_v01.FillFeedbackTests.test_partial_final_exit_remains_open_unresolved_without_automatic_retry) ... ok
2026-09-12T21:00:47.9799909Z test_partial_target_keeps_stop_and_reserves_unfilled_tranche_until_ack (test_sealed_historical_management_fill_feedback_v01.FillFeedbackTests.test_partial_target_keeps_stop_and_reserves_unfilled_tranche_until_ack) ... ok
2026-09-12T21:00:47.9860086Z test_previously_consumed_liquidity_cannot_be_spent_again (test_sealed_historical_management_fill_feedback_v01.FillFeedbackTests.test_previously_consumed_liquidity_cannot_be_spent_again) ... ok
2026-09-12T21:00:48.7741499Z test_registration_pins_completed_parent_and_closed_historical_boundary (test_sealed_historical_management_fill_feedback_v01.FillFeedbackTests.test_registration_pins_completed_parent_and_closed_historical_boundary) ... ok
2026-09-12T21:00:48.7807743Z test_repeated_feedback_cannot_duplicate_sell_fills_or_acknowledgments (test_sealed_historical_management_fill_feedback_v01.FillFeedbackTests.test_repeated_feedback_cannot_duplicate_sell_fills_or_acknowledgments) ... ok
2026-09-12T21:00:48.7890967Z test_risk_limits_and_initial_seed_are_not_caller_options (test_sealed_historical_management_fill_feedback_v01.FillFeedbackTests.test_risk_limits_and_initial_seed_are_not_caller_options) ... ok
2026-09-12T21:00:48.7937167Z test_second_entry_or_add_campaign_is_explicitly_unsupported (test_sealed_historical_management_fill_feedback_v01.FillFeedbackTests.test_second_entry_or_add_campaign_is_explicitly_unsupported) ... ok
2026-09-12T21:00:49.2821995Z test_seeded_synthetic_partial_paths_conserve_shares_in_both_scenarios (test_sealed_historical_management_fill_feedback_v01.FillFeedbackTests.test_seeded_synthetic_partial_paths_conserve_shares_in_both_scenarios) ... ok
2026-09-12T21:00:49.2882278Z test_sell_fill_uses_executable_bid_even_when_it_differs_from_SIP_target (test_sealed_historical_management_fill_feedback_v01.FillFeedbackTests.test_sell_fill_uses_executable_bid_even_when_it_differs_from_SIP_target) ... ok
2026-09-12T21:00:49.2932340Z test_small_account_uses_its_frozen_risk_capacity (test_sealed_historical_management_fill_feedback_v01.FillFeedbackTests.test_small_account_uses_its_frozen_risk_capacity) ... ok
2026-09-12T21:00:49.2997578Z test_snapshot_copies_and_event_hash_chain_preserve_evidence (test_sealed_historical_management_fill_feedback_v01.FillFeedbackTests.test_snapshot_copies_and_event_hash_chain_preserve_evidence) ... ok
2026-09-12T21:00:49.3050058Z test_source_conditions_unknown_codes_and_clean_odd_lots (test_sealed_historical_management_fill_feedback_v01.FillFeedbackTests.test_source_conditions_unknown_codes_and_clean_odd_lots) ... ok
2026-09-12T21:00:49.3106065Z test_source_order_and_clock_reversal_rejected_without_state_mutation (test_sealed_historical_management_fill_feedback_v01.FillFeedbackTests.test_source_order_and_clock_reversal_rejected_without_state_mutation) ... ok
2026-09-12T21:00:49.3159173Z test_stop_has_priority_over_completed_red_and_target (test_sealed_historical_management_fill_feedback_v01.FillFeedbackTests.test_stop_has_priority_over_completed_red_and_target) ... ok
2026-09-12T21:00:49.3300184Z test_target_then_terminal_fills_close_exact_shares_at_quote_prices (test_sealed_historical_management_fill_feedback_v01.FillFeedbackTests.test_target_then_terminal_fills_close_exact_shares_at_quote_prices) ... ok
2026-09-12T21:00:49.3359495Z test_touch_and_pending_execution_do_not_activate_breakeven (test_sealed_historical_management_fill_feedback_v01.FillFeedbackTests.test_touch_and_pending_execution_do_not_activate_breakeven) ... ok
2026-09-12T21:00:49.3399339Z test_unavailable_entry_never_promoted_by_management_data (test_sealed_historical_management_fill_feedback_v01.FillFeedbackTests.test_unavailable_entry_never_promoted_by_management_data) ... ok
2026-09-12T21:00:49.3485591Z test_unknown_status_or_missing_quote_is_not_inferred (test_sealed_historical_management_fill_feedback_v01.FillFeedbackTests.test_unknown_status_or_missing_quote_is_not_inferred) ... ok
2026-09-12T21:00:49.3695707Z test_whole_share_rounding_and_one_share_target_behavior (test_sealed_historical_management_fill_feedback_v01.FillFeedbackTests.test_whole_share_rounding_and_one_share_target_behavior) ... ok
2026-09-12T21:00:49.3730896Z test_workflow_is_read_only_pinned_without_provider_credentials (test_sealed_historical_management_fill_feedback_v01.FillFeedbackTests.test_workflow_is_read_only_pinned_without_provider_credentials) ... ok
2026-09-12T21:00:51.8791352Z test_write_once_and_rehashed_metadata_cannot_pass_reconstruction (test_sealed_historical_management_fill_feedback_v01.FillFeedbackTests.test_write_once_and_rehashed_metadata_cannot_pass_reconstruction) ... ok
2026-09-12T21:00:54.3308558Z test_wrong_output_symlink_and_extra_inventory_fail (test_sealed_historical_management_fill_feedback_v01.FillFeedbackTests.test_wrong_output_symlink_and_extra_inventory_fail) ... ok
2026-09-12T21:00:54.3371451Z test_zero_final_fill_remains_open (test_sealed_historical_management_fill_feedback_v01.FillFeedbackTests.test_zero_final_fill_remains_open) ... ok
2026-09-12T21:00:54.3422245Z test_zero_liquidity_does_not_become_an_entry_receipt (test_sealed_historical_management_fill_feedback_v01.FillFeedbackTests.test_zero_liquidity_does_not_become_an_entry_receipt) ... ok
2026-09-12T21:00:54.3483159Z test_zero_target_fill_does_not_move_stop_or_reduce_position (test_sealed_historical_management_fill_feedback_v01.FillFeedbackTests.test_zero_target_fill_does_not_move_stop_or_reduce_position) ... ok
2026-09-12T21:00:54.3719795Z test_bundle_tamper_or_extra_file_cannot_match_committed_metadata (test_sealed_historical_management_inputs_v01.ManagementInputsTests.test_bundle_tamper_or_extra_file_cannot_match_committed_metadata) ... ok
2026-09-12T21:00:55.7151856Z test_cli_registration_runs_with_early_offline_guard (test_sealed_historical_management_inputs_v01.ManagementInputsTests.test_cli_registration_runs_with_early_offline_guard) ... ok
2026-09-12T21:00:55.7167237Z test_complete_compressor_is_written_once_and_synced_after_finalization (test_sealed_historical_management_inputs_v01.ManagementInputsTests.test_complete_compressor_is_written_once_and_synced_after_finalization) ... ok
2026-09-12T21:00:55.7191769Z test_composition_copies_bytes_and_maps_original_ordinals_including_ties (test_sealed_historical_management_inputs_v01.ManagementInputsTests.test_composition_copies_bytes_and_maps_original_ordinals_including_ties) ... ok
2026-09-12T21:00:55.7244205Z test_composition_failure_keeps_partial_evidence_without_success_manifest (test_sealed_historical_management_inputs_v01.ManagementInputsTests.test_composition_failure_keeps_partial_evidence_without_success_manifest) ... ok
2026-09-12T21:00:55.7277832Z test_compression_is_deterministic_and_does_not_embed_path_or_timestamp (test_sealed_historical_management_inputs_v01.ManagementInputsTests.test_compression_is_deterministic_and_does_not_embed_path_or_timestamp) ... ok
2026-09-12T21:00:55.7287046Z test_empty_and_source_ordinal_type_errors_fail (test_sealed_historical_management_inputs_v01.ManagementInputsTests.test_empty_and_source_ordinal_type_errors_fail) ... ok
2026-09-12T21:00:55.7304249Z test_empty_complete_resources_keep_receipts_and_valid_empty_tapes (test_sealed_historical_management_inputs_v01.ManagementInputsTests.test_empty_complete_resources_keep_receipts_and_valid_empty_tapes) ... ok
2026-09-12T21:00:55.7590668Z test_end_to_end_build_freeze_reader_and_complete_reconstruction (test_sealed_historical_management_inputs_v01.ManagementInputsTests.test_end_to_end_build_freeze_reader_and_complete_reconstruction) ... ok
2026-09-12T21:00:55.7593045Z test_exact_10am_join_preserves_nanosecond_endpoints (test_sealed_historical_management_inputs_v01.ManagementInputsTests.test_exact_10am_join_preserves_nanosecond_endpoints) ... ok
2026-09-12T21:00:55.7594914Z test_exact_112_resources_use_122_disjoint_segments_and_all_ten_tails (test_sealed_historical_management_inputs_v01.ManagementInputsTests.test_exact_112_resources_use_122_disjoint_segments_and_all_ten_tails) ... ok
2026-09-12T21:00:55.7603382Z test_existing_composition_and_repo_input_targets_are_rejected_before_source_access (test_sealed_historical_management_inputs_v01.ManagementInputsTests.test_existing_composition_and_repo_input_targets_are_rejected_before_source_access) ... ok
2026-09-12T21:00:55.7674771Z test_final_file_change_cannot_be_sealed_as_a_successful_inventory (test_sealed_historical_management_inputs_v01.ManagementInputsTests.test_final_file_change_cannot_be_sealed_as_a_successful_inventory) ... ok
2026-09-12T21:00:55.7684890Z test_gap_overlap_extension_reversal_and_float_boundaries_fail (test_sealed_historical_management_inputs_v01.ManagementInputsTests.test_gap_overlap_extension_reversal_and_float_boundaries_fail) ... ok
2026-09-12T21:00:55.7732277Z test_hosted_workflow_has_no_market_credentials_or_capture_and_checks_committed_freeze (test_sealed_historical_management_inputs_v01.ManagementInputsTests.test_hosted_workflow_has_no_market_credentials_or_capture_and_checks_committed_freeze) ... ok
2026-09-12T21:00:55.7975130Z test_omitted_or_reordered_resource_receipts_do_not_create_readiness (test_sealed_historical_management_inputs_v01.ManagementInputsTests.test_omitted_or_reordered_resource_receipts_do_not_create_readiness) ... ok
2026-09-12T21:00:55.8171029Z test_opportunity_index_preserves_109_identities_23_unavailable_and_all_30_dates (test_sealed_historical_management_inputs_v01.ManagementInputsTests.test_opportunity_index_preserves_109_identities_23_unavailable_and_all_30_dates) ... ok
2026-09-12T21:00:55.8173867Z test_parent_audit_edit_cannot_be_resealed (test_sealed_historical_management_inputs_v01.ManagementInputsTests.test_parent_audit_edit_cannot_be_resealed) ... ok
2026-09-12T21:00:55.8456230Z test_parent_counts_predict_all_rows_without_reclassifying_prints (test_sealed_historical_management_inputs_v01.ManagementInputsTests.test_parent_counts_predict_all_rows_without_reclassifying_prints) ... ok
2026-09-12T21:00:55.8498143Z test_raw_minute_bars_reject_unaligned_or_repeated_timestamps (test_sealed_historical_management_inputs_v01.ManagementInputsTests.test_raw_minute_bars_reject_unaligned_or_repeated_timestamps) ... ok
2026-09-12T21:00:55.8533098Z test_reader_clips_shared_window_and_preserves_tail_source_ordinals (test_sealed_historical_management_inputs_v01.ManagementInputsTests.test_reader_clips_shared_window_and_preserves_tail_source_ordinals) ... ok
2026-09-12T21:00:55.8566260Z test_reader_handles_empty_prefix_and_returns_independent_opportunity_copies (test_sealed_historical_management_inputs_v01.ManagementInputsTests.test_reader_handles_empty_prefix_and_returns_independent_opportunity_copies) ... ok
2026-09-12T21:00:55.8603696Z test_reader_rejects_unknown_opportunity_resource_and_changed_tape (test_sealed_historical_management_inputs_v01.ManagementInputsTests.test_reader_rejects_unknown_opportunity_resource_and_changed_tape) ... ok
2026-09-12T21:00:55.8612531Z test_reader_requires_external_manifest_pin_even_for_resealed_metadata (test_sealed_historical_management_inputs_v01.ManagementInputsTests.test_reader_requires_external_manifest_pin_even_for_resealed_metadata) ... ok
2026-09-12T21:00:56.6780518Z test_registration_binds_verified_capture_parent_without_runtime_authority (test_sealed_historical_management_inputs_v01.ManagementInputsTests.test_registration_binds_verified_capture_parent_without_runtime_authority) ... ok
2026-09-12T21:00:56.6808856Z test_resealed_file_inventory_does_not_override_original_logical_receipt (test_sealed_historical_management_inputs_v01.ManagementInputsTests.test_resealed_file_inventory_does_not_override_original_logical_receipt) ... ok
2026-09-12T21:00:56.6850044Z test_source_order_and_parent_selection_commitment_cannot_change (test_sealed_historical_management_inputs_v01.ManagementInputsTests.test_source_order_and_parent_selection_commitment_cannot_change) ... ok
2026-09-12T21:00:56.6889948Z test_source_verification_rejects_missing_or_wrong_archives_before_reconstruction (test_sealed_historical_management_inputs_v01.ManagementInputsTests.test_source_verification_rejects_missing_or_wrong_archives_before_reconstruction) ... ok
2026-09-12T21:00:56.6910889Z test_tail_cannot_copy_an_event_at_exact_exclusive_end (test_sealed_historical_management_inputs_v01.ManagementInputsTests.test_tail_cannot_copy_an_event_at_exact_exclusive_end) ... ok
2026-09-12T21:00:56.6935414Z test_tape_path_traversal_and_symlink_parent_fail_before_write (test_sealed_historical_management_inputs_v01.ManagementInputsTests.test_tape_path_traversal_and_symlink_parent_fail_before_write) ... ok
2026-09-12T21:00:56.6959046Z test_truncated_source_cannot_supply_missing_selected_records (test_sealed_historical_management_inputs_v01.ManagementInputsTests.test_truncated_source_cannot_supply_missing_selected_records) ... ok
2026-09-12T21:00:56.9391240Z test_all_frozen_conditions_and_pairs_match_micro_eligibility (test_sealed_historical_management_projection_v01.ManagementProjectionTests.test_all_frozen_conditions_and_pairs_match_micro_eligibility) ... ok
2026-09-12T21:00:56.9393738Z test_all_same_fill_timestamp_prints_are_excluded (test_sealed_historical_management_projection_v01.ManagementProjectionTests.test_all_same_fill_timestamp_prints_are_excluded) ... ok
2026-09-12T21:00:56.9395961Z test_bar_closing_at_fill_is_excluded (test_sealed_historical_management_projection_v01.ManagementProjectionTests.test_bar_closing_at_fill_is_excluded) ... ok
2026-09-12T21:00:56.9400036Z test_breakeven_stop_beats_completed_red (test_sealed_historical_management_projection_v01.ManagementProjectionTests.test_breakeven_stop_beats_completed_red) ... ok
2026-09-12T21:01:00.1699822Z test_bundle_is_deterministic_write_once_and_tamper_evident (test_sealed_historical_management_projection_v01.ManagementProjectionTests.test_bundle_is_deterministic_write_once_and_tamper_evident) ... ok
2026-09-12T21:01:00.1702269Z test_clean_odd_lot_is_transaction_only (test_sealed_historical_management_projection_v01.ManagementProjectionTests.test_clean_odd_lot_is_transaction_only) ... ok
2026-09-12T21:01:01.5447646Z test_cli_is_offline_metadata_only_and_has_no_historical_run_mode (test_sealed_historical_management_projection_v01.ManagementProjectionTests.test_cli_is_offline_metadata_only_and_has_no_historical_run_mode) ... ok
2026-09-12T21:01:01.5450790Z test_completed_red_beats_target_at_exact_close (test_sealed_historical_management_projection_v01.ManagementProjectionTests.test_completed_red_beats_target_at_exact_close) ... ok
2026-09-12T21:01:01.5453013Z test_empty_path_is_not_liquidated (test_sealed_historical_management_projection_v01.ManagementProjectionTests.test_empty_path_is_not_liquidated) ... ok
2026-09-12T21:01:01.5457552Z test_equal_timestamp_source_order_preserved (test_sealed_historical_management_projection_v01.ManagementProjectionTests.test_equal_timestamp_source_order_preserved) ... ok
2026-09-12T21:01:01.5459665Z test_existing_float_target_rounding_is_not_reinterpreted (test_sealed_historical_management_projection_v01.ManagementProjectionTests.test_existing_float_target_rounding_is_not_reinterpreted) ... ok
2026-09-12T21:01:01.5462045Z test_exit_envelope_exact_nanoseconds_and_midnight (test_sealed_historical_management_projection_v01.ManagementProjectionTests.test_exit_envelope_exact_nanoseconds_and_midnight) ... ok
2026-09-12T21:01:01.5464418Z test_exit_tail_edge_censored_without_window_extension (test_sealed_historical_management_projection_v01.ManagementProjectionTests.test_exit_tail_edge_censored_without_window_extension) ... ok
2026-09-12T21:01:01.5467040Z test_frozen_signal_tail_and_exit_capture_constants_match (test_sealed_historical_management_projection_v01.ManagementProjectionTests.test_frozen_signal_tail_and_exit_capture_constants_match) ... ok
2026-09-12T21:01:01.5469225Z test_full_input_is_validated_even_after_terminal_proxy (test_sealed_historical_management_projection_v01.ManagementProjectionTests.test_full_input_is_validated_even_after_terminal_proxy) ... ok
2026-09-12T21:01:02.3302376Z test_implementation_mutation_invalidates_registration (test_sealed_historical_management_projection_v01.ManagementProjectionTests.test_implementation_mutation_invalidates_registration) ... ok
2026-09-12T21:01:02.3305714Z test_inputs_not_mutated_and_outputs_detached (test_sealed_historical_management_projection_v01.ManagementProjectionTests.test_inputs_not_mutated_and_outputs_detached) ... ok
2026-09-12T21:01:02.3309713Z test_invalid_fill_and_stop_fail_closed (test_sealed_historical_management_projection_v01.ManagementProjectionTests.test_invalid_fill_and_stop_fail_closed) ... ok
2026-09-12T21:01:02.3314793Z test_lineage_and_timestamp_tampering_fail_closed (test_sealed_historical_management_projection_v01.ManagementProjectionTests.test_lineage_and_timestamp_tampering_fail_closed) ... ok
2026-09-12T21:01:03.1224995Z test_metadata_preserves_full_population_without_running_primitive (test_sealed_historical_management_projection_v01.ManagementProjectionTests.test_metadata_preserves_full_population_without_running_primitive) ... ok
2026-09-12T21:01:03.1228741Z test_new_source_segment_can_restart_source_ordinal (test_sealed_historical_management_projection_v01.ManagementProjectionTests.test_new_source_segment_can_restart_source_ordinal) ... ok
2026-09-12T21:01:03.1231365Z test_no_post_terminal_red_metadata (test_sealed_historical_management_projection_v01.ManagementProjectionTests.test_no_post_terminal_red_metadata) ... ok
2026-09-12T21:01:03.1233841Z test_one_nanosecond_after_fill_can_trigger (test_sealed_historical_management_projection_v01.ManagementProjectionTests.test_one_nanosecond_after_fill_can_trigger) ... ok
2026-09-12T21:01:03.1236260Z test_original_window_required (test_sealed_historical_management_projection_v01.ManagementProjectionTests.test_original_window_required) ... ok
2026-09-12T21:01:03.1238566Z test_parent_mutation_cannot_be_resealed (test_sealed_historical_management_projection_v01.ManagementProjectionTests.test_parent_mutation_cannot_be_resealed) ... ok
2026-09-12T21:01:03.1240890Z test_pending_red_without_following_eligible_print_stays_open (test_sealed_historical_management_projection_v01.ManagementProjectionTests.test_pending_red_without_following_eligible_print_stays_open) ... ok
2026-09-12T21:01:04.3243196Z test_randomized_synthetic_leg_parity_with_frozen_external_fill_engine (test_sealed_historical_management_projection_v01.ManagementProjectionTests.test_randomized_synthetic_leg_parity_with_frozen_external_fill_engine) ... ok
2026-09-12T21:01:04.3246737Z test_red_not_visible_at_bar_start_or_before_close (test_sealed_historical_management_projection_v01.ManagementProjectionTests.test_red_not_visible_at_bar_start_or_before_close) ... ok
2026-09-12T21:01:05.1483264Z test_registration_binds_verified_parent_and_keeps_runtime_closed (test_sealed_historical_management_projection_v01.ManagementProjectionTests.test_registration_binds_verified_parent_and_keeps_runtime_closed) ... ok
2026-09-12T21:01:05.1485786Z test_repeated_target_prints_cannot_sell_extra_fraction (test_sealed_historical_management_projection_v01.ManagementProjectionTests.test_repeated_target_prints_cannot_sell_extra_fraction) ... ok
2026-09-12T21:01:05.1488241Z test_scenario_requirements_equal_frozen_execution_policies (test_sealed_historical_management_projection_v01.ManagementProjectionTests.test_scenario_requirements_equal_frozen_execution_policies) ... ok
2026-09-12T21:01:05.1493742Z test_signal_end_is_inclusive_but_next_bar_close_is_excluded (test_sealed_historical_management_projection_v01.ManagementProjectionTests.test_signal_end_is_inclusive_but_next_bar_close_is_excluded) ... ok
2026-09-12T21:01:05.1498150Z test_source_window_end_exclusive_and_start_inclusive (test_sealed_historical_management_projection_v01.ManagementProjectionTests.test_source_window_end_exclusive_and_start_inclusive) ... ok
2026-09-12T21:01:05.1500803Z test_stop_and_target_continue_through_original_tail (test_sealed_historical_management_projection_v01.ManagementProjectionTests.test_stop_and_target_continue_through_original_tail) ... ok
2026-09-12T21:01:05.1503360Z test_stop_beats_completed_red (test_sealed_historical_management_projection_v01.ManagementProjectionTests.test_stop_beats_completed_red) ... ok
2026-09-12T21:01:05.1506854Z test_target_gap_retains_target_proxy_and_observed_source_price (test_sealed_historical_management_projection_v01.ManagementProjectionTests.test_target_gap_retains_target_proxy_and_observed_source_price) ... ok
2026-09-12T21:01:05.1509650Z test_unavailable_entry_is_never_repaired_by_management (test_sealed_historical_management_projection_v01.ManagementProjectionTests.test_unavailable_entry_is_never_repaired_by_management) ... ok
2026-09-12T21:01:05.1512797Z test_unknown_or_disqualified_odd_lot_cannot_trigger (test_sealed_historical_management_projection_v01.ManagementProjectionTests.test_unknown_or_disqualified_odd_lot_cannot_trigger) ... ok
2026-09-12T21:01:05.1515267Z test_unsorted_or_duplicate_bars_fail_closed (test_sealed_historical_management_projection_v01.ManagementProjectionTests.test_unsorted_or_duplicate_bars_fail_closed) ... ok
2026-09-12T21:01:05.1521836Z test_unsorted_prints_or_noncanonical_rows_fail_closed (test_sealed_historical_management_projection_v01.ManagementProjectionTests.test_unsorted_prints_or_noncanonical_rows_fail_closed) ... ok
2026-09-12T21:01:05.1556350Z test_workflow_is_read_only_offline_and_hash_locked (test_sealed_historical_management_projection_v01.ManagementProjectionTests.test_workflow_is_read_only_offline_and_hash_locked) ... ok
2026-09-12T21:01:05.1565690Z test_wrong_repository_output_and_symlink_rejected (test_sealed_historical_management_projection_v01.ManagementProjectionTests.test_wrong_repository_output_and_symlink_rejected) ... ok
2026-09-12T21:01:05.1568762Z test_zero_size_retains_frozen_price_eligibility_without_new_filter (test_sealed_historical_management_projection_v01.ManagementProjectionTests.test_zero_size_retains_frozen_price_eligibility_without_new_filter) ... ok
2026-09-12T21:01:05.1917856Z test_all_56_windows_and_109_opportunities_remain_with_51_full_envelopes (test_sealed_historical_management_reuse_v01.ManagementReuseTests.test_all_56_windows_and_109_opportunities_remain_with_51_full_envelopes) ... ok
2026-09-12T21:01:05.1930412Z test_changed_archive_is_rejected_before_reading_rows (test_sealed_historical_management_reuse_v01.ManagementReuseTests.test_changed_archive_is_rejected_before_reading_rows) ... ok
2026-09-12T21:01:06.4741672Z test_cli_registration_succeeds_under_offline_audit_guard (test_sealed_historical_management_reuse_v01.ManagementReuseTests.test_cli_registration_succeeds_under_offline_audit_guard) ... ok
2026-09-12T21:01:06.4762618Z test_each_retained_file_hash_is_checked (test_sealed_historical_management_reuse_v01.ManagementReuseTests.test_each_retained_file_hash_is_checked) ... ok
2026-09-12T21:01:06.4777311Z test_full_tape_logical_hash_is_checked_even_without_selected_rows (test_sealed_historical_management_reuse_v01.ManagementReuseTests.test_full_tape_logical_hash_is_checked_even_without_selected_rows) ... ok
2026-09-12T21:01:06.4799501Z test_incomplete_ledger_is_rejected_even_with_rehashed_inventory (test_sealed_historical_management_reuse_v01.ManagementReuseTests.test_incomplete_ledger_is_rejected_even_with_rehashed_inventory) ... ok
2026-09-12T21:01:06.4802273Z test_interval_partition_rejects_float_boolean_and_reversed_bounds (test_sealed_historical_management_reuse_v01.ManagementReuseTests.test_interval_partition_rejects_float_boolean_and_reversed_bounds) ... ok
2026-09-12T21:01:06.4805031Z test_interval_partition_unions_touching_and_overlapping_sources (test_sealed_historical_management_reuse_v01.ManagementReuseTests.test_interval_partition_unions_touching_and_overlapping_sources) ... ok
2026-09-12T21:01:06.4808159Z test_missing_tails_are_exact_and_include_unavailable_jva (test_sealed_historical_management_reuse_v01.ManagementReuseTests.test_missing_tails_are_exact_and_include_unavailable_jva) ... ok
2026-09-12T21:01:06.4826006Z test_no_observed_row_does_not_shrink_the_verified_request_envelope (test_sealed_historical_management_reuse_v01.ManagementReuseTests.test_no_observed_row_does_not_shrink_the_verified_request_envelope) ... ok
2026-09-12T21:01:06.4848244Z test_noncanonical_selected_row_cannot_be_silently_repaired (test_sealed_historical_management_reuse_v01.ManagementReuseTests.test_noncanonical_selected_row_cannot_be_silently_repaired) ... ok
2026-09-12T21:01:06.4856057Z test_output_cannot_overwrite_parent_or_follow_symlink (test_sealed_historical_management_reuse_v01.ManagementReuseTests.test_output_cannot_overwrite_parent_or_follow_symlink) ... ok
2026-09-12T21:01:06.4858648Z test_partition_preserves_nanosecond_gaps (test_sealed_historical_management_reuse_v01.ManagementReuseTests.test_partition_preserves_nanosecond_gaps) ... ok
2026-09-12T21:01:07.3217973Z test_registration_preserves_account_seed_parent_and_all_closed_gates (test_sealed_historical_management_reuse_v01.ManagementReuseTests.test_registration_preserves_account_seed_parent_and_all_closed_gates) ... ok
2026-09-12T21:01:07.3318966Z test_required_selected_fields_are_normalized_fail_closed (test_sealed_historical_management_reuse_v01.ManagementReuseTests.test_required_selected_fields_are_normalized_fail_closed) ... ok
2026-09-12T21:01:07.3343043Z test_selected_rows_preserve_order_nanoseconds_and_unfiltered_conditions (test_sealed_historical_management_reuse_v01.ManagementReuseTests.test_selected_rows_preserve_order_nanoseconds_and_unfiltered_conditions) ... ok
2026-09-12T21:01:07.3462585Z test_source_normalization_preserves_management_bar_and_trade_projection_inputs (test_sealed_historical_management_reuse_v01.ManagementReuseTests.test_source_normalization_preserves_management_bar_and_trade_projection_inputs) ... ok
2026-09-12T21:01:07.3484782Z test_source_order_is_not_silently_sorted (test_sealed_historical_management_reuse_v01.ManagementReuseTests.test_source_order_is_not_silently_sorted) ... ok
2026-09-12T21:01:10.6188892Z test_synthetic_full_population_roundtrip_write_once_and_tamper_detection (test_sealed_historical_management_reuse_v01.ManagementReuseTests.test_synthetic_full_population_roundtrip_write_once_and_tamper_detection) ... ok
2026-09-12T21:01:13.7962306Z test_unregistered_request_or_invalid_pagination_fails (test_sealed_historical_management_reuse_v01.ManagementReuseTests.test_unregistered_request_or_invalid_pagination_fails) ... ok
2026-09-12T21:01:13.7968826Z test_unsafe_or_duplicate_archive_members_are_rejected (test_sealed_historical_management_reuse_v01.ManagementReuseTests.test_unsafe_or_duplicate_archive_members_are_rejected) ... ok
2026-09-12T21:01:15.3674440Z test_wire_urls_preserve_exact_bounds_raw_sip_identity_and_opaque_tokens (test_sealed_historical_management_reuse_v01.ManagementReuseTests.test_wire_urls_preserve_exact_bounds_raw_sip_identity_and_opaque_tokens) ... ok
2026-09-12T21:01:15.3693106Z test_wrong_request_identity_is_rejected (test_sealed_historical_management_reuse_v01.ManagementReuseTests.test_wrong_request_identity_is_rejected) ... ok
2026-09-12T21:01:15.3773356Z test_all_same_time_native_prints_precede_feedback (test_sealed_historical_management_runner_v01.RunnerMechanicsTests.test_all_same_time_native_prints_precede_feedback) ... ok
2026-09-12T21:01:15.3850083Z test_bar_cannot_signal_before_its_close (test_sealed_historical_management_runner_v01.RunnerMechanicsTests.test_bar_cannot_signal_before_its_close) ... ok
2026-09-12T21:01:15.4526043Z test_both_scenarios_and_small_odd_share_positions (test_sealed_historical_management_runner_v01.RunnerMechanicsTests.test_both_scenarios_and_small_odd_share_positions) ... ok
2026-09-12T21:01:15.4616926Z test_competing_stop_latches_until_ack_and_next_eligible_print (test_sealed_historical_management_runner_v01.RunnerMechanicsTests.test_competing_stop_latches_until_ack_and_next_eligible_print) ... ok
2026-09-12T21:01:15.4691809Z test_completed_bar_precedes_same_time_print (test_sealed_historical_management_runner_v01.RunnerMechanicsTests.test_completed_bar_precedes_same_time_print) ... ok
2026-09-12T21:01:15.4846396Z test_delayed_quote_fill_is_applied_at_its_receive_clock (test_sealed_historical_management_runner_v01.RunnerMechanicsTests.test_delayed_quote_fill_is_applied_at_its_receive_clock) ... ok
2026-09-12T21:01:15.4904392Z test_empty_streams_do_not_invent_liquidation (test_sealed_historical_management_runner_v01.RunnerMechanicsTests.test_empty_streams_do_not_invent_liquidation) ... ok
2026-09-12T21:01:15.4965044Z test_entry_time_print_is_excluded (test_sealed_historical_management_runner_v01.RunnerMechanicsTests.test_entry_time_print_is_excluded) ... ok
2026-09-12T21:01:15.5039593Z test_equal_time_target_fill_cannot_retroactively_create_breakeven_signal (test_sealed_historical_management_runner_v01.RunnerMechanicsTests.test_equal_time_target_fill_cannot_retroactively_create_breakeven_signal) ... ok
2026-09-12T21:01:15.5152468Z test_exact_group_tape_and_stream_pins_are_required (test_sealed_historical_management_runner_v01.RunnerMechanicsTests.test_exact_group_tape_and_stream_pins_are_required) ... ok
2026-09-12T21:01:15.5201685Z test_exit_evidence_cannot_replace_original_entry_evidence (test_sealed_historical_management_runner_v01.RunnerMechanicsTests.test_exit_evidence_cannot_replace_original_entry_evidence) ... ok
2026-09-12T21:01:15.5349604Z test_incomplete_or_tampered_stream_cannot_return_success (test_sealed_historical_management_runner_v01.RunnerMechanicsTests.test_incomplete_or_tampered_stream_cannot_return_success) ... ok
2026-09-12T21:01:15.5490361Z test_input_and_output_are_detached_and_account_ledger_unchanged (test_sealed_historical_management_runner_v01.RunnerMechanicsTests.test_input_and_output_are_detached_and_account_ledger_unchanged) ... ok
2026-09-12T21:01:15.5573316Z test_invalid_future_record_is_not_hidden_after_position_closes (test_sealed_historical_management_runner_v01.RunnerMechanicsTests.test_invalid_future_record_is_not_hidden_after_position_closes) ... ok
2026-09-12T21:01:15.5632585Z test_late_completed_bar_is_validated_without_extending_signal_window (test_sealed_historical_management_runner_v01.RunnerMechanicsTests.test_late_completed_bar_is_validated_without_extending_signal_window) ... ok
2026-09-12T21:01:15.5693867Z test_missing_exit_capture_tail_never_extends_window (test_sealed_historical_management_runner_v01.RunnerMechanicsTests.test_missing_exit_capture_tail_never_extends_window) ... ok
2026-09-12T21:01:15.5759095Z test_missing_exit_reference_preserves_entry_and_outstanding_intent (test_sealed_historical_management_runner_v01.RunnerMechanicsTests.test_missing_exit_reference_preserves_entry_and_outstanding_intent) ... ok
2026-09-12T21:01:15.5831953Z test_no_later_print_is_needed_for_pending_fill_and_cancel_feedback (test_sealed_historical_management_runner_v01.RunnerMechanicsTests.test_no_later_print_is_needed_for_pending_fill_and_cancel_feedback) ... ok
2026-09-12T21:01:15.5921100Z test_partial_final_remainder_is_explicitly_open (test_sealed_historical_management_runner_v01.RunnerMechanicsTests.test_partial_final_remainder_is_explicitly_open) ... ok
2026-09-12T21:01:15.6012692Z test_print_at_cancel_ack_cannot_clear_pending_before_that_print (test_sealed_historical_management_runner_v01.RunnerMechanicsTests.test_print_at_cancel_ack_cannot_clear_pending_before_that_print) ... ok
2026-09-12T21:01:15.6051978Z test_rehashed_incomplete_common_scope_fails_even_without_exit (test_sealed_historical_management_runner_v01.RunnerMechanicsTests.test_rehashed_incomplete_common_scope_fails_even_without_exit) ... ok
2026-09-12T21:01:15.6091699Z test_rehashed_request_substitution_cannot_bypass_registered_scope (test_sealed_historical_management_runner_v01.RunnerMechanicsTests.test_rehashed_request_substitution_cannot_bypass_registered_scope) ... ok
2026-09-12T21:01:15.6225593Z test_rehashed_source_reordering_and_skipped_ordinals_rejected (test_sealed_historical_management_runner_v01.RunnerMechanicsTests.test_rehashed_source_reordering_and_skipped_ordinals_rejected) ... ok
2026-09-12T21:01:15.6238821Z test_scheduler_does_not_read_private_future_outcome (test_sealed_historical_management_runner_v01.RunnerMechanicsTests.test_scheduler_does_not_read_private_future_outcome) ... ok
2026-09-12T21:01:16.0626804Z test_seeded_paths_agree_with_independent_integer_arithmetic (test_sealed_historical_management_runner_v01.RunnerMechanicsTests.test_seeded_paths_agree_with_independent_integer_arithmetic) ... ok
2026-09-12T21:01:16.0696283Z test_source_io_failure_preserves_partial_state (test_sealed_historical_management_runner_v01.RunnerMechanicsTests.test_source_io_failure_preserves_partial_state) ... ok
2026-09-12T21:01:16.0756892Z test_source_unknown_conditions_remain_ineligible (test_sealed_historical_management_runner_v01.RunnerMechanicsTests.test_source_unknown_conditions_remain_ineligible) ... ok
2026-09-12T21:01:16.0847087Z test_target_and_stop_automatically_process_fill_and_cancel_clocks (test_sealed_historical_management_runner_v01.RunnerMechanicsTests.test_target_and_stop_automatically_process_fill_and_cancel_clocks) ... ok
2026-09-12T21:01:16.0885237Z test_unused_tape_extra_fields_are_not_accepted_as_source_evidence (test_sealed_historical_management_runner_v01.RunnerMechanicsTests.test_unused_tape_extra_fields_are_not_accepted_as_source_evidence) ... ok
2026-09-12T21:01:16.0890003Z test_ancestor_mutation_cannot_be_rehashed_into_registration (test_sealed_historical_management_runner_v01.RunnerRegistrationTests.test_ancestor_mutation_cannot_be_rehashed_into_registration) ... ok
2026-09-12T21:01:19.3593446Z test_cli_offline_verification_and_no_run_or_quote_mode (test_sealed_historical_management_runner_v01.RunnerRegistrationTests.test_cli_offline_verification_and_no_run_or_quote_mode) ... ok
2026-09-12T21:01:19.3638243Z test_duplicate_opportunity_or_request_cannot_silently_collapse (test_sealed_historical_management_runner_v01.RunnerRegistrationTests.test_duplicate_opportunity_or_request_cannot_silently_collapse) ... ok
2026-09-12T21:01:20.2618553Z test_every_original_window_date_and_session_is_bound (test_sealed_historical_management_runner_v01.RunnerRegistrationTests.test_every_original_window_date_and_session_is_bound) ... ok
2026-09-12T21:01:21.0932906Z test_exact_population_and_bounded_request_counts (test_sealed_historical_management_runner_v01.RunnerRegistrationTests.test_exact_population_and_bounded_request_counts) ... ok
2026-09-12T21:01:21.9326702Z test_historical_gate_fails_before_any_source_access (test_sealed_historical_management_runner_v01.RunnerRegistrationTests.test_historical_gate_fails_before_any_source_access) ... ok
2026-09-12T21:01:21.9328549Z test_hosted_workflow_is_pinned_read_only_without_provider_paths (test_sealed_historical_management_runner_v01.RunnerRegistrationTests.test_hosted_workflow_is_pinned_read_only_without_provider_paths) ... ok
2026-09-12T21:01:22.7392931Z test_implementation_mutation_invalidates_registration (test_sealed_historical_management_runner_v01.RunnerRegistrationTests.test_implementation_mutation_invalidates_registration) ... ok
2026-09-12T21:01:22.7430950Z test_interval_scope_uses_integer_nanoseconds_and_not_actual_fills (test_sealed_historical_management_runner_v01.RunnerRegistrationTests.test_interval_scope_uses_integer_nanoseconds_and_not_actual_fills) ... ok
2026-09-12T21:01:23.5718655Z test_metadata_never_reads_source_tapes_or_runs_mechanics (test_sealed_historical_management_runner_v01.RunnerRegistrationTests.test_metadata_never_reads_source_tapes_or_runs_mechanics) ... ok
2026-09-12T21:01:26.1235260Z test_output_symlink_and_extra_file_rejected (test_sealed_historical_management_runner_v01.RunnerRegistrationTests.test_output_symlink_and_extra_file_rejected) ... ok
2026-09-12T21:01:26.9805261Z test_parent_and_contract_are_exact_and_runtime_closed (test_sealed_historical_management_runner_v01.RunnerRegistrationTests.test_parent_and_contract_are_exact_and_runtime_closed) ... ok
2026-09-12T21:01:26.9848729Z test_resolver_uses_frozen_catalog_and_never_caller_context_pin (test_sealed_historical_management_runner_v01.RunnerRegistrationTests.test_resolver_uses_frozen_catalog_and_never_caller_context_pin) ... ok
2026-09-12T21:01:26.9892222Z test_reuse_requires_both_complete_requests_and_identical_ends (test_sealed_historical_management_runner_v01.RunnerRegistrationTests.test_reuse_requires_both_complete_requests_and_identical_ends) ... ok
2026-09-12T21:01:26.9927414Z test_unavailable_opportunity_is_retained_and_never_requests_exit_data (test_sealed_historical_management_runner_v01.RunnerRegistrationTests.test_unavailable_opportunity_is_retained_and_never_requests_exit_data) ... ok
2026-09-12T21:01:29.6138993Z test_write_once_and_rehashed_request_tampering_fail (test_sealed_historical_management_runner_v01.RunnerRegistrationTests.test_write_once_and_rehashed_request_tampering_fail) ... ok
2026-09-12T21:01:29.6147096Z test_altered_frozen_plan_fails_before_request_derivation (test_sealed_historical_micro_inputs_v01.HistoricalMicroInputsV01Tests.test_altered_frozen_plan_fails_before_request_derivation) ... ok
2026-09-12T21:01:29.6156097Z test_backward_pages_fail (test_sealed_historical_micro_inputs_v01.HistoricalMicroInputsV01Tests.test_backward_pages_fail) ... ok
2026-09-12T21:01:29.6166028Z test_capture_exhausts_pages_and_preserves_nanoseconds (test_sealed_historical_micro_inputs_v01.HistoricalMicroInputsV01Tests.test_capture_exhausts_pages_and_preserves_nanoseconds) ... ok
2026-09-12T21:01:29.9244622Z test_complete_cli_capture_with_synthetic_provider_preserves_all_receipts (test_sealed_historical_micro_inputs_v01.HistoricalMicroInputsV01Tests.test_complete_cli_capture_with_synthetic_provider_preserves_all_receipts) ... ok
2026-09-12T21:01:29.9668554Z test_exact_plan_derives_340_requests_without_expanding_symbols (test_sealed_historical_micro_inputs_v01.HistoricalMicroInputsV01Tests.test_exact_plan_derives_340_requests_without_expanding_symbols) ... ok
2026-09-12T21:01:29.9672986Z test_existing_capture_is_never_overwritten (test_sealed_historical_micro_inputs_v01.HistoricalMicroInputsV01Tests.test_existing_capture_is_never_overwritten) ... ok
2026-09-12T21:01:29.9686082Z test_failed_date_does_not_become_zero_or_leak_provider_exception (test_sealed_historical_micro_inputs_v01.HistoricalMicroInputsV01Tests.test_failed_date_does_not_become_zero_or_leak_provider_exception) ... ok
2026-09-12T21:01:29.9690512Z test_input_validation_rejects_wrong_time_or_malformed_values (test_sealed_historical_micro_inputs_v01.HistoricalMicroInputsV01Tests.test_input_validation_rejects_wrong_time_or_malformed_values) ... ok
2026-09-12T21:01:29.9739316Z test_invalid_or_repeated_pagination_is_retained_as_failure (test_sealed_historical_micro_inputs_v01.HistoricalMicroInputsV01Tests.test_invalid_or_repeated_pagination_is_retained_as_failure) ... ok
2026-09-12T21:01:29.9747437Z test_overlapping_pages_cannot_double_count_a_trade (test_sealed_historical_micro_inputs_v01.HistoricalMicroInputsV01Tests.test_overlapping_pages_cannot_double_count_a_trade) ... ok
2026-09-12T21:01:30.0228084Z test_real_workflow_parent_binding_accepts_only_the_execution_file (test_sealed_historical_micro_inputs_v01.HistoricalMicroInputsV01Tests.test_real_workflow_parent_binding_accepts_only_the_execution_file) ... ok
2026-09-12T21:01:30.0229661Z test_redirect_cannot_forward_credentials (test_sealed_historical_micro_inputs_v01.HistoricalMicroInputsV01Tests.test_redirect_cannot_forward_credentials) ... ok
2026-09-12T21:01:30.0423096Z test_request_ceiling_blocks_before_network_and_records_the_block (test_sealed_historical_micro_inputs_v01.HistoricalMicroInputsV01Tests.test_request_ceiling_blocks_before_network_and_records_the_block) ... ok
2026-09-12T21:01:30.0427209Z test_request_routes_preserve_sip_identity_and_exclusive_cutoff (test_sealed_historical_micro_inputs_v01.HistoricalMicroInputsV01Tests.test_request_routes_preserve_sip_identity_and_exclusive_cutoff) ... ok
2026-09-12T21:01:30.0429221Z test_route_substitutions_fail (test_sealed_historical_micro_inputs_v01.HistoricalMicroInputsV01Tests.test_route_substitutions_fail) ... ok
2026-09-12T21:01:30.5368565Z test_validation_cli_makes_no_provider_calls (test_sealed_historical_micro_inputs_v01.HistoricalMicroInputsV01Tests.test_validation_cli_makes_no_provider_calls) ... ok
2026-09-12T21:01:30.5371128Z test_warmup_is_normalized_without_inventing_micro_bars (test_sealed_historical_micro_inputs_v01.HistoricalMicroInputsV01Tests.test_warmup_is_normalized_without_inventing_micro_bars) ... ok
2026-09-12T21:01:30.5374114Z test_workflow_consumes_and_preserves_evidence_before_secret_step (test_sealed_historical_micro_inputs_v01.HistoricalMicroInputsV01Tests.test_workflow_consumes_and_preserves_evidence_before_secret_step) ... ok
2026-09-12T21:01:30.5407985Z test_causal_basis_fails_when_missing_or_unstable (test_sealed_historical_micro_runtime_v01.SealedHistoricalMicroRuntimeV01Tests.test_causal_basis_fails_when_missing_or_unstable) ... ok
2026-09-12T21:01:30.5429628Z test_causal_basis_uses_only_completed_preactivation_pairs (test_sealed_historical_micro_runtime_v01.SealedHistoricalMicroRuntimeV01Tests.test_causal_basis_uses_only_completed_preactivation_pairs) ... ok
2026-09-12T21:01:30.5543192Z test_historical_adapter_preserves_activation_and_explicit_no_trigger (test_sealed_historical_micro_runtime_v01.SealedHistoricalMicroRuntimeV01Tests.test_historical_adapter_preserves_activation_and_explicit_no_trigger) ... ok
2026-09-12T21:01:30.5550927Z test_output_validator_rejects_missing_date_and_future_basis (test_sealed_historical_micro_runtime_v01.SealedHistoricalMicroRuntimeV01Tests.test_output_validator_rejects_missing_date_and_future_basis) ... ok
2026-09-12T21:01:30.5553627Z test_registered_contract_is_exact_and_narrow (test_sealed_historical_micro_runtime_v01.SealedHistoricalMicroRuntimeV01Tests.test_registered_contract_is_exact_and_narrow) ... ok
2026-09-12T21:01:30.5555981Z test_source_contains_no_provider_or_retrospective_entrypoint (test_sealed_historical_micro_runtime_v01.SealedHistoricalMicroRuntimeV01Tests.test_source_contains_no_provider_or_retrospective_entrypoint) ... ok
2026-09-12T21:01:30.5571716Z test_warmup_normalization_changes_prices_not_volume (test_sealed_historical_micro_runtime_v01.SealedHistoricalMicroRuntimeV01Tests.test_warmup_normalization_changes_prices_not_volume) ... ok
2026-09-12T21:01:30.5916112Z test_child_request_budget_is_enforced_before_network (test_sealed_historical_micro_session_inputs_v02.HistoricalMicroSessionInputsV02Tests.test_child_request_budget_is_enforced_before_network) ... ok
2026-09-12T21:01:30.7765089Z test_complete_synthetic_cli_capture_verifies_all_170_tapes (test_sealed_historical_micro_session_inputs_v02.HistoricalMicroSessionInputsV02Tests.test_complete_synthetic_cli_capture_verifies_all_170_tapes) ... ok
2026-09-12T21:01:30.8206122Z test_exact_170_pairs_retain_every_activation_and_date (test_sealed_historical_micro_session_inputs_v02.HistoricalMicroSessionInputsV02Tests.test_exact_170_pairs_retain_every_activation_and_date) ... ok
2026-09-12T21:01:30.8637991Z test_execution_workflow_guard_and_secret_step_are_exact (test_sealed_historical_micro_session_inputs_v02.HistoricalMicroSessionInputsV02Tests.test_execution_workflow_guard_and_secret_step_are_exact) ... ok
2026-09-12T21:01:30.8991696Z test_failed_capture_retains_tape_and_sanitizes_exception (test_sealed_historical_micro_session_inputs_v02.HistoricalMicroSessionInputsV02Tests.test_failed_capture_retains_tape_and_sanitizes_exception) ... ok
2026-09-12T21:01:30.9146750Z test_route_requires_raw_sip_exact_date_and_session (test_sealed_historical_micro_session_inputs_v02.HistoricalMicroSessionInputsV02Tests.test_route_requires_raw_sip_exact_date_and_session) ... ok
2026-09-12T21:01:30.9455597Z test_wrong_or_short_request_set_fails_before_capture (test_sealed_historical_micro_session_inputs_v02.HistoricalMicroSessionInputsV02Tests.test_wrong_or_short_request_set_fails_before_capture) ... ok
2026-09-12T21:01:30.9465453Z test_backward_native_keys_never_sorted_into_validity (test_sealed_historical_record_order_v01.RecordOrderTests.test_backward_native_keys_never_sorted_into_validity) ... ok
2026-09-12T21:01:30.9472083Z test_capture_retains_ties_and_ordinals_after_unusable_rows (test_sealed_historical_record_order_v01.RecordOrderTests.test_capture_retains_ties_and_ordinals_after_unusable_rows) ... ok
2026-09-12T21:01:30.9474506Z test_equal_keys_retain_distinct_and_identical_updates (test_sealed_historical_record_order_v01.RecordOrderTests.test_equal_keys_retain_distinct_and_identical_updates) ... ok
2026-09-12T21:01:30.9477590Z test_equal_time_status_ambiguity_never_resolved_by_quote_sequence_or_ordinal (test_sealed_historical_record_order_v01.RecordOrderTests.test_equal_time_status_ambiguity_never_resolved_by_quote_sequence_or_ordinal) ... ok
2026-09-12T21:01:30.9480450Z test_execution_after_arrival_keeps_first_eligible_state_and_no_refill (test_sealed_historical_record_order_v01.RecordOrderTests.test_execution_after_arrival_keeps_first_eligible_state_and_no_refill) ... ok
2026-09-12T21:01:30.9483110Z test_execution_at_arrival_uses_last_tied_state_not_transient_size (test_sealed_historical_record_order_v01.RecordOrderTests.test_execution_at_arrival_uses_last_tied_state_not_transient_size) ... ok
2026-09-12T21:01:30.9485771Z test_execution_keeps_cancellation_exclusive_and_freshness_inclusive (test_sealed_historical_record_order_v01.RecordOrderTests.test_execution_keeps_cancellation_exclusive_and_freshness_inclusive) ... ok
2026-09-12T21:01:30.9488525Z test_execution_provenance_and_original_order_required (test_sealed_historical_record_order_v01.RecordOrderTests.test_execution_provenance_and_original_order_required) ... ok
2026-09-12T21:01:30.9529076Z test_frozen_metadata_and_integer_mapping_rejections_remain (test_sealed_historical_record_order_v01.RecordOrderTests.test_frozen_metadata_and_integer_mapping_rejections_remain) ... ok
2026-09-12T21:01:31.0957884Z test_full_gits_fixture_is_lossless_and_never_executed (test_sealed_historical_record_order_v01.RecordOrderTests.test_full_gits_fixture_is_lossless_and_never_executed) ... ok
2026-09-12T21:01:31.1489371Z test_full_gits_mapped_store_preserves_every_original_normalized_field (test_sealed_historical_record_order_v01.RecordOrderTests.test_full_gits_mapped_store_preserves_every_original_normalized_field) ... ok
2026-09-12T21:01:31.1496297Z test_gaps_reversals_duplicate_or_noninteger_tape_ordinals_rejected (test_sealed_historical_record_order_v01.RecordOrderTests.test_gaps_reversals_duplicate_or_noninteger_tape_ordinals_rejected) ... ok
2026-09-12T21:01:31.1499545Z test_real_pinned_sdk_preserves_same_message_record_order_offline (test_sealed_historical_record_order_v01.RecordOrderTests.test_real_pinned_sdk_preserves_same_message_record_order_offline) ... skipped 'pinned SDK covered by dedicated record-order validation'
2026-09-12T21:01:31.2348538Z test_registered_parent_chain_and_policy_body_equivalence (test_sealed_historical_record_order_v01.RecordOrderTests.test_registered_parent_chain_and_policy_body_equivalence) ... ok
2026-09-12T21:01:31.2366359Z test_rehashed_capture_tampering_cannot_pass_without_source_replay (test_sealed_historical_record_order_v01.RecordOrderTests.test_rehashed_capture_tampering_cannot_pass_without_source_replay) ... ok
2026-09-12T21:01:31.2369223Z test_request_receive_time_bounds_are_exact_nanoseconds (test_sealed_historical_record_order_v01.RecordOrderTests.test_request_receive_time_bounds_are_exact_nanoseconds) ... ok
2026-09-12T21:01:31.2371575Z test_request_substitution_or_incomplete_window_blocks (test_sealed_historical_record_order_v01.RecordOrderTests.test_request_substitution_or_incomplete_window_blocks) ... ok
2026-09-12T21:01:31.3151245Z test_semantic_guard_detects_latency_and_cross_schema_ambiguity_changes (test_sealed_historical_record_order_v01.RecordOrderTests.test_semantic_guard_detects_latency_and_cross_schema_ambiguity_changes) ... ok
2026-09-12T21:01:31.3155036Z test_source_identity_symbols_schema_extra_fields_and_empty_tape_rejected (test_sealed_historical_record_order_v01.RecordOrderTests.test_source_identity_symbols_schema_extra_fields_and_empty_tape_rejected) ... ok
2026-09-12T21:01:31.3168492Z test_status_conversion_vocabulary_and_order_are_frozen (test_sealed_historical_record_order_v01.RecordOrderTests.test_status_conversion_vocabulary_and_order_are_frozen) ... ok
2026-09-12T21:01:31.3196216Z test_strict_execution_streams_match_both_frozen_policies_and_sides (test_sealed_historical_record_order_v01.RecordOrderTests.test_strict_execution_streams_match_both_frozen_policies_and_sides) ... ok
2026-09-12T21:01:31.3248683Z test_strict_stream_capture_is_identical_to_frozen_prospective_mechanics (test_sealed_historical_record_order_v01.RecordOrderTests.test_strict_stream_capture_is_identical_to_frozen_prospective_mechanics) ... ok
2026-09-12T21:01:31.3254453Z test_unknown_initial_or_later_status_remains_unavailable (test_sealed_historical_record_order_v01.RecordOrderTests.test_unknown_initial_or_later_status_remains_unavailable) ... ok
2026-09-12T21:01:31.3260932Z test_contract_is_exact_unarmed_and_policy_bound (test_sealed_historical_scanner_micro_runtime_v02.SealedHistoricalScannerMicroRuntimeV02Tests.test_contract_is_exact_unarmed_and_policy_bound) ... ok
2026-09-12T21:01:31.8172095Z test_explicit_materialization_reports_started_without_claiming_micro_execution (test_sealed_historical_scanner_micro_runtime_v02.SealedHistoricalScannerMicroRuntimeV02Tests.test_explicit_materialization_reports_started_without_claiming_micro_execution) ... ok
2026-09-12T21:01:31.8178805Z test_micro_gap_is_explicit_and_cannot_be_rehashed_away (test_sealed_historical_scanner_micro_runtime_v02.SealedHistoricalScannerMicroRuntimeV02Tests.test_micro_gap_is_explicit_and_cannot_be_rehashed_away) ... ok
2026-09-12T21:01:31.8191348Z test_output_cannot_modify_the_source_artifact (test_sealed_historical_scanner_micro_runtime_v02.SealedHistoricalScannerMicroRuntimeV02Tests.test_output_cannot_modify_the_source_artifact) ... ok
2026-09-12T21:01:31.8194239Z test_preparation_does_not_reference_retrospective_files (test_sealed_historical_scanner_micro_runtime_v02.SealedHistoricalScannerMicroRuntimeV02Tests.test_preparation_does_not_reference_retrospective_files) ... ok
2026-09-12T21:01:31.8201404Z test_registration_binds_exact_contract_file (test_sealed_historical_scanner_micro_runtime_v02.SealedHistoricalScannerMicroRuntimeV02Tests.test_registration_binds_exact_contract_file) ... ok
2026-09-12T21:01:31.8207003Z test_rehashed_authority_escalation_fails (test_sealed_historical_scanner_micro_runtime_v02.SealedHistoricalScannerMicroRuntimeV02Tests.test_rehashed_authority_escalation_fails) ... ok
2026-09-12T21:01:31.8231371Z test_rehashed_contract_cannot_change_unchecked_execution_boundaries (test_sealed_historical_scanner_micro_runtime_v02.SealedHistoricalScannerMicroRuntimeV02Tests.test_rehashed_contract_cannot_change_unchecked_execution_boundaries) ... ok
2026-09-12T21:01:31.8248259Z test_rehashed_registration_cannot_claim_different_source_or_started_runtime (test_sealed_historical_scanner_micro_runtime_v02.SealedHistoricalScannerMicroRuntimeV02Tests.test_rehashed_registration_cannot_claim_different_source_or_started_runtime) ... ok
2026-09-12T21:01:31.8254001Z test_synthetic_scanner_activation_plan_reapplies_frozen_profiles (test_sealed_historical_scanner_micro_runtime_v02.SealedHistoricalScannerMicroRuntimeV02Tests.test_synthetic_scanner_activation_plan_reapplies_frozen_profiles) ... ok
2026-09-12T21:01:32.7953514Z test_validation_cli_denies_network_and_child_processes (test_sealed_historical_scanner_micro_runtime_v02.SealedHistoricalScannerMicroRuntimeV02Tests.test_validation_cli_denies_network_and_child_processes) ... ok
2026-09-12T21:01:33.2880377Z test_validation_cli_is_provider_free_and_does_not_start_runtime (test_sealed_historical_scanner_micro_runtime_v02.SealedHistoricalScannerMicroRuntimeV02Tests.test_validation_cli_is_provider_free_and_does_not_start_runtime) ... ok
2026-09-12T21:01:33.2883142Z test_failure_parent_records_the_exact_mixed_adjustment_basis (test_sealed_historical_scanner_runtime_failure.SealedHistoricalScannerRuntimeFailureTests.test_failure_parent_records_the_exact_mixed_adjustment_basis) ... ok
2026-09-12T21:01:33.2885070Z test_runtime_failure_preserves_zero_as_invalid_not_strategy_evidence (test_sealed_historical_scanner_runtime_failure.SealedHistoricalScannerRuntimeFailureTests.test_runtime_failure_preserves_zero_as_invalid_not_strategy_evidence) ... ok
2026-09-12T21:01:33.2887392Z test_source_success_is_exact_but_does_not_claim_runtime_validity (test_sealed_historical_scanner_runtime_failure.SealedHistoricalScannerRuntimeFailureTests.test_source_success_is_exact_but_does_not_claim_runtime_validity) ... ok
2026-09-12T21:01:33.3325927Z test_changed_original_stop_or_ordinal_is_rejected (test_sealed_historical_setup_stop_audit_v01.CausalityTests.test_changed_original_stop_or_ordinal_is_rejected) ... ok
2026-09-12T21:01:33.3565671Z test_equal_timestamp_source_rows_still_bind_prefix (test_sealed_historical_setup_stop_audit_v01.CausalityTests.test_equal_timestamp_source_rows_still_bind_prefix) ... ok
2026-09-12T21:01:33.3888204Z test_future_prices_and_indicators_do_not_change_result (test_sealed_historical_setup_stop_audit_v01.CausalityTests.test_future_prices_and_indicators_do_not_change_result) ... ok
2026-09-12T21:01:33.4129428Z test_independent_original_builder_prefix_and_stop_reproduce (test_sealed_historical_setup_stop_audit_v01.CausalityTests.test_independent_original_builder_prefix_and_stop_reproduce) ... ok
2026-09-12T21:01:33.4347178Z test_later_crossing_cannot_replace_first_crossing (test_sealed_historical_setup_stop_audit_v01.CausalityTests.test_later_crossing_cannot_replace_first_crossing) ... ok
2026-09-12T21:01:33.4647112Z test_macd_unknown_and_zero_remain_distinct (test_sealed_historical_setup_stop_audit_v01.CausalityTests.test_macd_unknown_and_zero_remain_distinct) ... ok
2026-09-12T21:01:33.4889284Z test_quote_lookback_is_inclusive_and_separate_from_sip_clock (test_sealed_historical_setup_stop_audit_v01.CausalityTests.test_quote_lookback_is_inclusive_and_separate_from_sip_clock) ... ok
2026-09-12T21:01:33.4891545Z test_room_is_signed_and_nonpositive_denominators_stay_unknown (test_sealed_historical_setup_stop_audit_v01.CausalityTests.test_room_is_signed_and_nonpositive_denominators_stay_unknown) ... ok
2026-09-12T21:01:33.5100513Z test_support_later_than_trough_cannot_make_plan (test_sealed_historical_setup_stop_audit_v01.CausalityTests.test_support_later_than_trough_cannot_make_plan) ... ok
2026-09-12T21:01:33.5341163Z test_unavailable_quote_cannot_be_invented_or_available_quote_dropped (test_sealed_historical_setup_stop_audit_v01.CausalityTests.test_unavailable_quote_cannot_be_invented_or_available_quote_dropped) ... ok
2026-09-12T21:01:38.6552181Z test_changed_descriptive_field_cannot_be_resigned_into_evidence (test_sealed_historical_setup_stop_audit_v01.FrozenEvidenceTests.test_changed_descriptive_field_cannot_be_resigned_into_evidence) ... ok
2026-09-12T21:01:43.1635879Z test_changed_summary_or_authority_cannot_be_resigned (test_sealed_historical_setup_stop_audit_v01.FrozenEvidenceTests.test_changed_summary_or_authority_cannot_be_resigned) ... ok
2026-09-12T21:01:43.1644397Z test_every_alternative_and_unavailable_reference_is_retained (test_sealed_historical_setup_stop_audit_v01.FrozenEvidenceTests.test_every_alternative_and_unavailable_reference_is_retained) ... ok
2026-09-12T21:01:44.4043057Z test_frozen_registration_and_saved_geometry_reproduce (test_sealed_historical_setup_stop_audit_v01.FrozenEvidenceTests.test_frozen_registration_and_saved_geometry_reproduce) ... ok
2026-09-12T21:01:44.7165425Z test_mutated_geometry_witness_cannot_pass_original_plan (test_sealed_historical_setup_stop_audit_v01.FrozenEvidenceTests.test_mutated_geometry_witness_cannot_pass_original_plan) ... ok
2026-09-12T21:01:44.7861747Z test_publication_repair_preserves_every_original_observation (test_sealed_historical_setup_stop_audit_v01.FrozenEvidenceTests.test_publication_repair_preserves_every_original_observation) ... ok
2026-09-12T21:01:44.9162159Z test_wrong_external_commitment_is_rejected (test_sealed_historical_setup_stop_audit_v01.FrozenEvidenceTests.test_wrong_external_commitment_is_rejected) ... ok
2026-09-12T21:01:45.0110658Z test_aggregation_preserves_conditions_float_arithmetic_and_ties (test_sealed_historical_setup_stop_audit_v01.SourceMechanicsTests.test_aggregation_preserves_conditions_float_arithmetic_and_ties) ... ok
2026-09-12T21:01:45.0118261Z test_archive_path_traversal_is_rejected_even_with_matching_hash (test_sealed_historical_setup_stop_audit_v01.SourceMechanicsTests.test_archive_path_traversal_is_rejected_even_with_matching_hash) ... ok
2026-09-12T21:01:45.0126081Z test_original_archive_identity_is_required (test_sealed_historical_setup_stop_audit_v01.SourceMechanicsTests.test_original_archive_identity_is_required) ... ok
2026-09-12T21:01:45.0355060Z test_serialization_matches_original_including_numeric_coercion (test_sealed_historical_setup_stop_audit_v01.SourceMechanicsTests.test_serialization_matches_original_including_numeric_coercion) ... ok
2026-09-12T21:01:45.0373918Z test_witness_preserves_unknown_indicator_values (test_sealed_historical_setup_stop_audit_v01.SourceMechanicsTests.test_witness_preserves_unknown_indicator_values) ... ok
2026-09-12T21:01:45.0572634Z test_witness_rejects_repeated_clocks (test_sealed_historical_setup_stop_audit_v01.SourceMechanicsTests.test_witness_rejects_repeated_clocks) ... ok
2026-09-12T21:01:45.0580369Z test_authorization_and_passed_parent_bundle_are_exact (test_sealed_historical_source_acquisition.SealedHistoricalSourceAcquisitionTests.test_authorization_and_passed_parent_bundle_are_exact) ... ok
2026-09-12T21:01:45.0591446Z test_page_candidate_request_and_byte_ceilings_fail_closed (test_sealed_historical_source_acquisition.SealedHistoricalSourceAcquisitionTests.test_page_candidate_request_and_byte_ceilings_fail_closed) ... ok
2026-09-12T21:01:45.0603645Z test_registration_audit_binds_exact_bundle (test_sealed_historical_source_acquisition.SealedHistoricalSourceAcquisitionTests.test_registration_audit_binds_exact_bundle) ... ok
2026-09-12T21:01:45.0610442Z test_rehashed_authorization_cannot_expand_authority (test_sealed_historical_source_acquisition.SealedHistoricalSourceAcquisitionTests.test_rehashed_authorization_cannot_expand_authority) ... ok
2026-09-12T21:01:45.0619477Z test_success_report_preserves_zero_cost_and_causal_boundaries (test_sealed_historical_source_acquisition.SealedHistoricalSourceAcquisitionTests.test_success_report_preserves_zero_cost_and_causal_boundaries) ... ok
2026-09-12T21:01:45.0624738Z test_workflow_uses_validated_main_credentials_and_consumes_first (test_sealed_historical_source_acquisition.SealedHistoricalSourceAcquisitionTests.test_workflow_uses_validated_main_credentials_and_consumes_first) ... ok
2026-09-12T21:01:45.0638913Z test_write_once_refuses_overwrite (test_sealed_historical_source_acquisition.SealedHistoricalSourceAcquisitionTests.test_write_once_refuses_overwrite) ... ok
2026-09-12T21:01:45.0644857Z test_authorization_is_exact_and_only_repairs_request_ceiling (test_sealed_historical_source_acquisition_v02.SealedHistoricalSourceAcquisitionV02Tests.test_authorization_is_exact_and_only_repairs_request_ceiling) ... ok
2026-09-12T21:01:45.0655944Z test_failure_parent_and_original_artifact_bytes_are_exact (test_sealed_historical_source_acquisition_v02.SealedHistoricalSourceAcquisitionV02Tests.test_failure_parent_and_original_artifact_bytes_are_exact) ... ok
2026-09-12T21:01:45.0661150Z test_rehashed_child_cannot_change_strategy_or_provider_scope (test_sealed_historical_source_acquisition_v02.SealedHistoricalSourceAcquisitionV02Tests.test_rehashed_child_cannot_change_strategy_or_provider_scope) ... ok
2026-09-12T21:01:45.0667318Z test_repaired_ceiling_still_fails_closed (test_sealed_historical_source_acquisition_v02.SealedHistoricalSourceAcquisitionV02Tests.test_repaired_ceiling_still_fails_closed) ... ok
2026-09-12T21:01:45.0676864Z test_report_accepts_repaired_ceiling_and_preserves_boundaries (test_sealed_historical_source_acquisition_v02.SealedHistoricalSourceAcquisitionV02Tests.test_report_accepts_repaired_ceiling_and_preserves_boundaries) ... ok
2026-09-12T21:01:45.0681336Z test_workflow_is_new_one_shot_and_does_not_mutate_v0_1 (test_sealed_historical_source_acquisition_v02.SealedHistoricalSourceAcquisitionV02Tests.test_workflow_is_new_one_shot_and_does_not_mutate_v0_1) ... ok
2026-09-12T21:01:45.0700179Z test_write_once_and_registration_audit (test_sealed_historical_source_acquisition_v02.SealedHistoricalSourceAcquisitionV02Tests.test_write_once_and_registration_audit) ... ok
2026-09-12T21:01:45.0712016Z test_authorization_changes_only_the_normalization_child (test_sealed_historical_source_acquisition_v03.SealedHistoricalSourceAcquisitionV03Tests.test_authorization_changes_only_the_normalization_child) ... ok
2026-09-12T21:01:45.0729260Z test_exact_success_and_failure_parents_are_required (test_sealed_historical_source_acquisition_v03.SealedHistoricalSourceAcquisitionV03Tests.test_exact_success_and_failure_parents_are_required) ... ok
2026-09-12T21:01:45.0744809Z test_registration_audit_binds_versioned_files_provider_free (test_sealed_historical_source_acquisition_v03.SealedHistoricalSourceAcquisitionV03Tests.test_registration_audit_binds_versioned_files_provider_free) ... ok
2026-09-12T21:01:45.0757066Z test_report_preserves_cost_causal_and_attempt_boundaries (test_sealed_historical_source_acquisition_v03.SealedHistoricalSourceAcquisitionV03Tests.test_report_preserves_cost_causal_and_attempt_boundaries) ... ok
2026-09-12T21:01:45.0764565Z test_workflow_is_unarmed_on_push_and_uses_consistent_basis (test_sealed_historical_source_acquisition_v03.SealedHistoricalSourceAcquisitionV03Tests.test_workflow_is_unarmed_on_push_and_uses_consistent_basis) ... ok
2026-09-12T21:01:45.0812287Z test_checkpoint_final_tree_is_cross_bound_to_source_summary (test_sealed_historical_source_acquisition_v04.SealedHistoricalSourceAcquisitionV04Tests.test_checkpoint_final_tree_is_cross_bound_to_source_summary) ... ok
2026-09-12T21:01:45.0837700Z test_count_maps_require_exact_dates_and_real_nonnegative_ints (test_sealed_historical_source_acquisition_v04.SealedHistoricalSourceAcquisitionV04Tests.test_count_maps_require_exact_dates_and_real_nonnegative_ints) ... ok
2026-09-12T21:01:45.5841130Z test_deep_summary_rejects_profile_union_or_rank_basis_tamper (test_sealed_historical_source_acquisition_v04.SealedHistoricalSourceAcquisitionV04Tests.test_deep_summary_rejects_profile_union_or_rank_basis_tamper) ... ok
2026-09-12T21:01:45.7514523Z test_deep_summary_rejects_provider_free_replay_difference (test_sealed_historical_source_acquisition_v04.SealedHistoricalSourceAcquisitionV04Tests.test_deep_summary_rejects_provider_free_replay_difference) ... ok
2026-09-12T21:01:45.9120859Z test_deep_summary_rejects_root_date_manifest_tamper (test_sealed_historical_source_acquisition_v04.SealedHistoricalSourceAcquisitionV04Tests.test_deep_summary_rejects_root_date_manifest_tamper) ... ok
2026-09-12T21:01:46.0750868Z test_deep_summary_rejects_unexpected_manifest_or_date_directory (test_sealed_historical_source_acquisition_v04.SealedHistoricalSourceAcquisitionV04Tests.test_deep_summary_rejects_unexpected_manifest_or_date_directory) ... ok
2026-09-12T21:01:46.3807883Z test_deep_summary_strictly_decodes_every_json_source_file (test_sealed_historical_source_acquisition_v04.SealedHistoricalSourceAcquisitionV04Tests.test_deep_summary_strictly_decodes_every_json_source_file) ... ok
2026-09-12T21:01:46.6346916Z test_deep_summary_validates_all_30_dates_and_exact_replay (test_sealed_historical_source_acquisition_v04.SealedHistoricalSourceAcquisitionV04Tests.test_deep_summary_validates_all_30_dates_and_exact_replay) ... ok
2026-09-12T21:01:46.6506379Z test_default_loader_round_trip_replays_normalized_source_tape (test_sealed_historical_source_acquisition_v04.SealedHistoricalSourceAcquisitionV04Tests.test_default_loader_round_trip_replays_normalized_source_tape) ... ok
2026-09-12T21:01:46.6521418Z test_gates_must_be_real_boolean_true (test_sealed_historical_source_acquisition_v04.SealedHistoricalSourceAcquisitionV04Tests.test_gates_must_be_real_boolean_true) ... ok
2026-09-12T21:01:46.6641106Z test_provenance_requires_commit_tree_dispatcher_ref_run_and_attempt (test_sealed_historical_source_acquisition_v04.SealedHistoricalSourceAcquisitionV04Tests.test_provenance_requires_commit_tree_dispatcher_ref_run_and_attempt) ... ok
2026-09-12T21:01:47.0974363Z test_real_v04_completed_file_census_rejects_one_extra_file (test_sealed_historical_source_acquisition_v04.SealedHistoricalSourceAcquisitionV04Tests.test_real_v04_completed_file_census_rejects_one_extra_file) ... ok
2026-09-12T21:01:47.1018626Z test_report_and_checkpoint_require_the_exact_frozen_authorization_hash (test_sealed_historical_source_acquisition_v04.SealedHistoricalSourceAcquisitionV04Tests.test_report_and_checkpoint_require_the_exact_frozen_authorization_hash) ... ok
2026-09-12T21:01:47.1060990Z test_report_hash_tamper_is_rejected (test_sealed_historical_source_acquisition_v04.SealedHistoricalSourceAcquisitionV04Tests.test_report_hash_tamper_is_rejected) ... ok
2026-09-12T21:01:47.1208960Z test_report_nested_fields_and_false_booleans_are_strict (test_sealed_historical_source_acquisition_v04.SealedHistoricalSourceAcquisitionV04Tests.test_report_nested_fields_and_false_booleans_are_strict) ... ok
2026-09-12T21:01:47.1261961Z test_request_hosts_are_exact_and_positive_integer_counted (test_sealed_historical_source_acquisition_v04.SealedHistoricalSourceAcquisitionV04Tests.test_request_hosts_are_exact_and_positive_integer_counted) ... ok
2026-09-12T21:01:47.1325152Z test_serialized_report_loader_rejects_duplicate_and_nonfinite_json (test_sealed_historical_source_acquisition_v04.SealedHistoricalSourceAcquisitionV04Tests.test_serialized_report_loader_rejects_duplicate_and_nonfinite_json) ... ok
2026-09-12T21:01:47.1369836Z test_sha_maps_must_be_nonempty_exact_and_valid (test_sealed_historical_source_acquisition_v04.SealedHistoricalSourceAcquisitionV04Tests.test_sha_maps_must_be_nonempty_exact_and_valid) ... ok
2026-09-12T21:01:47.1412220Z test_strict_report_round_trip (test_sealed_historical_source_acquisition_v04.SealedHistoricalSourceAcquisitionV04Tests.test_strict_report_round_trip) ... ok
2026-09-12T21:01:47.1425349Z test_report_cross_binds_parent_diagnostic_budget_and_final_tree (test_sealed_historical_source_acquisition_v05.SealedHistoricalSourceAcquisitionV05Tests.test_report_cross_binds_parent_diagnostic_budget_and_final_tree) ... ok
2026-09-12T21:01:47.1442538Z test_report_rejects_checkpoint_tree_budget_and_recovery_mismatch (test_sealed_historical_source_acquisition_v05.SealedHistoricalSourceAcquisitionV05Tests.test_report_rejects_checkpoint_tree_budget_and_recovery_mismatch) ... ok
2026-09-12T21:01:47.1465607Z test_self_hash_and_causal_attestation_are_fail_closed (test_sealed_historical_source_acquisition_v05.SealedHistoricalSourceAcquisitionV05Tests.test_self_hash_and_causal_attestation_are_fail_closed) ... ok
2026-09-12T21:01:47.1477902Z test_report_cross_binds_parent_diagnostic_budget_and_final_tree (test_sealed_historical_source_acquisition_v06.SealedHistoricalSourceAcquisitionV06Tests.test_report_cross_binds_parent_diagnostic_budget_and_final_tree) ... ok
2026-09-12T21:01:47.1493924Z test_report_rejects_checkpoint_tree_budget_and_recovery_mismatch (test_sealed_historical_source_acquisition_v06.SealedHistoricalSourceAcquisitionV06Tests.test_report_rejects_checkpoint_tree_budget_and_recovery_mismatch) ... ok
2026-09-12T21:01:47.1517519Z test_self_hash_and_causal_attestation_are_fail_closed (test_sealed_historical_source_acquisition_v06.SealedHistoricalSourceAcquisitionV06Tests.test_self_hash_and_causal_attestation_are_fail_closed) ... ok
2026-09-12T21:01:47.1529540Z test_report_cross_binds_parent_diagnostic_budget_and_final_tree (test_sealed_historical_source_acquisition_v07.SealedHistoricalSourceAcquisitionV07Tests.test_report_cross_binds_parent_diagnostic_budget_and_final_tree) ... ok
2026-09-12T21:01:47.1544972Z test_report_rejects_checkpoint_tree_budget_and_recovery_mismatch (test_sealed_historical_source_acquisition_v07.SealedHistoricalSourceAcquisitionV07Tests.test_report_rejects_checkpoint_tree_budget_and_recovery_mismatch) ... ok
2026-09-12T21:01:47.1568384Z test_self_hash_and_causal_attestation_are_fail_closed (test_sealed_historical_source_acquisition_v07.SealedHistoricalSourceAcquisitionV07Tests.test_self_hash_and_causal_attestation_are_fail_closed) ... ok
2026-09-12T21:01:47.1580579Z test_report_cross_binds_parent_diagnostic_budget_and_final_tree (test_sealed_historical_source_acquisition_v08.SealedHistoricalSourceAcquisitionV08Tests.test_report_cross_binds_parent_diagnostic_budget_and_final_tree) ... ok
2026-09-12T21:01:47.1596152Z test_report_rejects_checkpoint_tree_budget_and_recovery_mismatch (test_sealed_historical_source_acquisition_v08.SealedHistoricalSourceAcquisitionV08Tests.test_report_rejects_checkpoint_tree_budget_and_recovery_mismatch) ... ok
2026-09-12T21:01:47.1621753Z test_self_hash_and_causal_attestation_are_fail_closed (test_sealed_historical_source_acquisition_v08.SealedHistoricalSourceAcquisitionV08Tests.test_self_hash_and_causal_attestation_are_fail_closed) ... ok
2026-09-12T21:01:47.1631857Z test_report_cross_binds_parent_diagnostic_budget_and_final_tree (test_sealed_historical_source_acquisition_v09.SealedHistoricalSourceAcquisitionV09Tests.test_report_cross_binds_parent_diagnostic_budget_and_final_tree) ... ok
2026-09-12T21:01:47.1648945Z test_report_rejects_checkpoint_tree_budget_and_recovery_mismatch (test_sealed_historical_source_acquisition_v09.SealedHistoricalSourceAcquisitionV09Tests.test_report_rejects_checkpoint_tree_budget_and_recovery_mismatch) ... ok
2026-09-12T21:01:47.1670430Z test_self_hash_and_causal_attestation_are_fail_closed (test_sealed_historical_source_acquisition_v09.SealedHistoricalSourceAcquisitionV09Tests.test_self_hash_and_causal_attestation_are_fail_closed) ... ok
2026-09-12T21:01:47.1681710Z test_report_cross_binds_parent_diagnostic_budget_and_final_tree (test_sealed_historical_source_acquisition_v10.SealedHistoricalSourceAcquisitionV10Tests.test_report_cross_binds_parent_diagnostic_budget_and_final_tree) ... ok
2026-09-12T21:01:47.1694963Z test_report_rejects_checkpoint_tree_budget_and_recovery_mismatch (test_sealed_historical_source_acquisition_v10.SealedHistoricalSourceAcquisitionV10Tests.test_report_rejects_checkpoint_tree_budget_and_recovery_mismatch) ... ok
2026-09-12T21:01:47.1717004Z test_self_hash_and_causal_attestation_are_fail_closed (test_sealed_historical_source_acquisition_v10.SealedHistoricalSourceAcquisitionV10Tests.test_self_hash_and_causal_attestation_are_fail_closed) ... ok
2026-09-12T21:01:47.1728853Z test_environment_comparison_ignores_only_editable_commit (test_sealed_historical_source_acquisition_v11.SealedHistoricalSourceAcquisitionV11Tests.test_environment_comparison_ignores_only_editable_commit) ... ok
2026-09-12T21:01:47.1740940Z test_report_cross_binds_checkpoint_identity_and_zero_requests (test_sealed_historical_source_acquisition_v11.SealedHistoricalSourceAcquisitionV11Tests.test_report_cross_binds_checkpoint_identity_and_zero_requests) ... ok
2026-09-12T21:01:47.1745950Z test_report_rejects_parent_checkpoint_or_final_tree_change (test_sealed_historical_source_acquisition_v11.SealedHistoricalSourceAcquisitionV11Tests.test_report_rejects_parent_checkpoint_or_final_tree_change) ... ok
2026-09-12T21:01:47.1760095Z test_report_self_hash_and_causal_attestation_fail_closed (test_sealed_historical_source_acquisition_v11.SealedHistoricalSourceAcquisitionV11Tests.test_report_self_hash_and_causal_attestation_fail_closed) ... ok
2026-09-12T21:01:47.1770403Z test_environment_comparison_ignores_only_editable_commit (test_sealed_historical_source_acquisition_v12.SealedHistoricalSourceAcquisitionV12Tests.test_environment_comparison_ignores_only_editable_commit) ... ok
2026-09-12T21:01:47.1781073Z test_report_cross_binds_checkpoint_identity_and_zero_requests (test_sealed_historical_source_acquisition_v12.SealedHistoricalSourceAcquisitionV12Tests.test_report_cross_binds_checkpoint_identity_and_zero_requests) ... ok
2026-09-12T21:01:47.1785536Z test_report_rejects_parent_checkpoint_or_final_tree_change (test_sealed_historical_source_acquisition_v12.SealedHistoricalSourceAcquisitionV12Tests.test_report_rejects_parent_checkpoint_or_final_tree_change) ... ok
2026-09-12T21:01:47.1801495Z test_report_self_hash_and_causal_attestation_fail_closed (test_sealed_historical_source_acquisition_v12.SealedHistoricalSourceAcquisitionV12Tests.test_report_self_hash_and_causal_attestation_fail_closed) ... ok
2026-09-12T21:01:47.3002824Z test_direct_entrypoint_sanitizes_observed_values_and_structural_errors (test_sealed_historical_source_artifact_metadata_v08.SealedHistoricalSourceArtifactMetadataV08Tests.test_direct_entrypoint_sanitizes_observed_values_and_structural_errors) ... ok
2026-09-12T21:01:47.3601508Z test_direct_entrypoint_succeeds_and_writes_receipt (test_sealed_historical_source_artifact_metadata_v08.SealedHistoricalSourceArtifactMetadataV08Tests.test_direct_entrypoint_succeeds_and_writes_receipt) ... ok
2026-09-12T21:01:47.3607642Z test_each_security_relevant_field_fails_with_field_only_diagnostic (test_sealed_historical_source_artifact_metadata_v08.SealedHistoricalSourceArtifactMetadataV08Tests.test_each_security_relevant_field_fails_with_field_only_diagnostic) ... ok
2026-09-12T21:01:47.3610514Z test_exact_metadata_builds_hash_bound_provider_free_receipt (test_sealed_historical_source_artifact_metadata_v08.SealedHistoricalSourceArtifactMetadataV08Tests.test_exact_metadata_builds_hash_bound_provider_free_receipt) ... ok
2026-09-12T21:01:47.3618309Z test_type_confusion_duplicate_keys_nonfinite_and_symlink_fail_closed (test_sealed_historical_source_artifact_metadata_v08.SealedHistoricalSourceArtifactMetadataV08Tests.test_type_confusion_duplicate_keys_nonfinite_and_symlink_fail_closed) ... ok
2026-09-12T21:01:47.4799316Z test_direct_entrypoint_sanitizes_observed_values_and_structural_errors (test_sealed_historical_source_artifact_metadata_v09.SealedHistoricalSourceArtifactMetadataV09Tests.test_direct_entrypoint_sanitizes_observed_values_and_structural_errors) ... ok
2026-09-12T21:01:47.5396608Z test_direct_entrypoint_succeeds_and_writes_receipt (test_sealed_historical_source_artifact_metadata_v09.SealedHistoricalSourceArtifactMetadataV09Tests.test_direct_entrypoint_succeeds_and_writes_receipt) ... ok
2026-09-12T21:01:47.5402978Z test_each_security_relevant_field_fails_with_field_only_diagnostic (test_sealed_historical_source_artifact_metadata_v09.SealedHistoricalSourceArtifactMetadataV09Tests.test_each_security_relevant_field_fails_with_field_only_diagnostic) ... ok
2026-09-12T21:01:47.5404979Z test_exact_metadata_builds_hash_bound_provider_free_receipt (test_sealed_historical_source_artifact_metadata_v09.SealedHistoricalSourceArtifactMetadataV09Tests.test_exact_metadata_builds_hash_bound_provider_free_receipt) ... ok
2026-09-12T21:01:47.5407278Z test_frozen_live_metadata_and_downloaded_zip_bind_implementation (test_sealed_historical_source_artifact_metadata_v09.SealedHistoricalSourceArtifactMetadataV09Tests.test_frozen_live_metadata_and_downloaded_zip_bind_implementation) ... ok
2026-09-12T21:01:47.5417840Z test_type_confusion_duplicate_keys_nonfinite_and_symlink_fail_closed (test_sealed_historical_source_artifact_metadata_v09.SealedHistoricalSourceArtifactMetadataV09Tests.test_type_confusion_duplicate_keys_nonfinite_and_symlink_fail_closed) ... ok
2026-09-12T21:01:47.6603125Z test_direct_entrypoint_sanitizes_observed_values_and_structural_errors (test_sealed_historical_source_artifact_metadata_v10.SealedHistoricalSourceArtifactMetadataV10Tests.test_direct_entrypoint_sanitizes_observed_values_and_structural_errors) ... ok
2026-09-12T21:01:47.7206628Z test_direct_entrypoint_succeeds_and_writes_receipt (test_sealed_historical_source_artifact_metadata_v10.SealedHistoricalSourceArtifactMetadataV10Tests.test_direct_entrypoint_succeeds_and_writes_receipt) ... ok
2026-09-12T21:01:47.7214587Z test_each_security_relevant_field_fails_with_field_only_diagnostic (test_sealed_historical_source_artifact_metadata_v10.SealedHistoricalSourceArtifactMetadataV10Tests.test_each_security_relevant_field_fails_with_field_only_diagnostic) ... ok
2026-09-12T21:01:47.7219123Z test_exact_metadata_builds_hash_bound_provider_free_receipt (test_sealed_historical_source_artifact_metadata_v10.SealedHistoricalSourceArtifactMetadataV10Tests.test_exact_metadata_builds_hash_bound_provider_free_receipt) ... ok
2026-09-12T21:01:47.7222353Z test_frozen_live_metadata_and_downloaded_zip_bind_implementation (test_sealed_historical_source_artifact_metadata_v10.SealedHistoricalSourceArtifactMetadataV10Tests.test_frozen_live_metadata_and_downloaded_zip_bind_implementation) ... ok
2026-09-12T21:01:47.7231187Z test_type_confusion_duplicate_keys_nonfinite_and_symlink_fail_closed (test_sealed_historical_source_artifact_metadata_v10.SealedHistoricalSourceArtifactMetadataV10Tests.test_type_confusion_duplicate_keys_nonfinite_and_symlink_fail_closed) ... ok
2026-09-12T21:01:47.7235546Z test_each_identity_field_is_exact (test_sealed_historical_source_artifact_metadata_v11.SealedHistoricalSourceArtifactMetadataV11Tests.test_each_identity_field_is_exact) ... ok
2026-09-12T21:01:47.7238458Z test_exact_metadata_returns_hash_bound_receipt (test_sealed_historical_source_artifact_metadata_v11.SealedHistoricalSourceArtifactMetadataV11Tests.test_exact_metadata_returns_hash_bound_receipt) ... ok
2026-09-12T21:01:47.7241090Z test_frozen_fixture_validates (test_sealed_historical_source_artifact_metadata_v11.SealedHistoricalSourceArtifactMetadataV11Tests.test_frozen_fixture_validates) ... ok
2026-09-12T21:01:47.7244469Z test_loader_rejects_duplicate_keys (test_sealed_historical_source_artifact_metadata_v11.SealedHistoricalSourceArtifactMetadataV11Tests.test_loader_rejects_duplicate_keys) ... ok
2026-09-12T21:01:47.7247212Z test_parent_run_and_head_are_exact (test_sealed_historical_source_artifact_metadata_v11.SealedHistoricalSourceArtifactMetadataV11Tests.test_parent_run_and_head_are_exact) ... ok
2026-09-12T21:01:47.7286685Z test_authorization_hash_id_and_required_api_are_frozen (test_sealed_historical_source_authorization_v04.SealedHistoricalSourceAuthorizationV04Tests.test_authorization_hash_id_and_required_api_are_frozen) ... ok
2026-09-12T21:01:47.7331612Z test_authorization_tamper_and_documented_hashes_fail_closed (test_sealed_historical_source_authorization_v04.SealedHistoricalSourceAuthorizationV04Tests.test_authorization_tamper_and_documented_hashes_fail_closed) ... ok
2026-09-12T21:01:47.7369982Z test_child_preserves_v03_dates_authority_cost_and_hard_ceilings (test_sealed_historical_source_authorization_v04.SealedHistoricalSourceAuthorizationV04Tests.test_child_preserves_v03_dates_authority_cost_and_hard_ceilings) ... ok
2026-09-12T21:01:47.7404199Z test_one_shot_provider_checkpoint_and_environment_boundaries (test_sealed_historical_source_authorization_v04.SealedHistoricalSourceAuthorizationV04Tests.test_one_shot_provider_checkpoint_and_environment_boundaries) ... ok
2026-09-12T21:01:47.7468609Z test_parent_bundle_loads_repo_files_and_rejects_tampering (test_sealed_historical_source_authorization_v04.SealedHistoricalSourceAuthorizationV04Tests.test_parent_bundle_loads_repo_files_and_rejects_tampering) ... ok
2026-09-12T21:01:47.7618406Z test_registration_binds_exact_provider_free_artifact_census (test_sealed_historical_source_authorization_v04.SealedHistoricalSourceAuthorizationV04Tests.test_registration_binds_exact_provider_free_artifact_census) ... ok
2026-09-12T21:01:47.7654348Z test_repair_contract_is_explicit_and_does_not_change_profiles (test_sealed_historical_source_authorization_v04.SealedHistoricalSourceAuthorizationV04Tests.test_repair_contract_is_explicit_and_does_not_change_profiles) ... ok
2026-09-12T21:01:47.7664607Z test_authorization_duplicate_key_and_tamper_fail_closed (test_sealed_historical_source_authorization_v05.SealedHistoricalSourceAuthorizationV05Tests.test_authorization_duplicate_key_and_tamper_fail_closed) ... ok
2026-09-12T21:01:47.7678388Z test_authorization_hash_identity_and_recovery_boundary_are_frozen (test_sealed_historical_source_authorization_v05.SealedHistoricalSourceAuthorizationV05Tests.test_authorization_hash_identity_and_recovery_boundary_are_frozen) ... ok
2026-09-12T21:01:47.7688035Z test_composite_budget_and_candidate_repair_do_not_change_strategy (test_sealed_historical_source_authorization_v05.SealedHistoricalSourceAuthorizationV05Tests.test_composite_budget_and_candidate_repair_do_not_change_strategy) ... ok
2026-09-12T21:01:47.7691230Z test_consumption_marker_binds_exact_tag_target_and_attempt (test_sealed_historical_source_authorization_v05.SealedHistoricalSourceAuthorizationV05Tests.test_consumption_marker_binds_exact_tag_target_and_attempt) ... ok
2026-09-12T21:01:47.7700961Z test_one_shot_dispatcher_and_prior_authorizations_are_closed (test_sealed_historical_source_authorization_v05.SealedHistoricalSourceAuthorizationV05Tests.test_one_shot_dispatcher_and_prior_authorizations_are_closed) ... ok
2026-09-12T21:01:47.7735533Z test_parent_failure_and_registration_bundles_validate_exact_files (test_sealed_historical_source_authorization_v05.SealedHistoricalSourceAuthorizationV05Tests.test_parent_failure_and_registration_bundles_validate_exact_files) ... ok
2026-09-12T21:01:47.7824151Z test_registration_detects_one_bound_file_change (test_sealed_historical_source_authorization_v05.SealedHistoricalSourceAuthorizationV05Tests.test_registration_detects_one_bound_file_change) ... ok
2026-09-12T21:01:47.7829346Z test_safe_failure_preserves_ceiling_and_unauthorized_host_evidence (test_sealed_historical_source_authorization_v05.SealedHistoricalSourceAuthorizationV05Tests.test_safe_failure_preserves_ceiling_and_unauthorized_host_evidence) ... ok
2026-09-12T21:01:47.7844055Z test_safe_failure_rejects_unsanitized_blocked_hosts (test_sealed_historical_source_authorization_v05.SealedHistoricalSourceAuthorizationV05Tests.test_safe_failure_rejects_unsanitized_blocked_hosts) ... ok
2026-09-12T21:01:47.7852008Z test_authorization_duplicate_key_and_tamper_fail_closed (test_sealed_historical_source_authorization_v06.SealedHistoricalSourceAuthorizationV06Tests.test_authorization_duplicate_key_and_tamper_fail_closed) ... ok
2026-09-12T21:01:47.7862628Z test_authorization_hash_identity_and_recovery_boundary_are_frozen (test_sealed_historical_source_authorization_v06.SealedHistoricalSourceAuthorizationV06Tests.test_authorization_hash_identity_and_recovery_boundary_are_frozen) ... ok
2026-09-12T21:01:47.7869351Z test_composite_budget_and_candidate_repair_do_not_change_strategy (test_sealed_historical_source_authorization_v06.SealedHistoricalSourceAuthorizationV06Tests.test_composite_budget_and_candidate_repair_do_not_change_strategy) ... ok
2026-09-12T21:01:47.7872010Z test_consumption_marker_binds_exact_tag_target_and_attempt (test_sealed_historical_source_authorization_v06.SealedHistoricalSourceAuthorizationV06Tests.test_consumption_marker_binds_exact_tag_target_and_attempt) ... ok
2026-09-12T21:01:47.7877751Z test_one_shot_dispatcher_and_prior_authorizations_are_closed (test_sealed_historical_source_authorization_v06.SealedHistoricalSourceAuthorizationV06Tests.test_one_shot_dispatcher_and_prior_authorizations_are_closed) ... ok
2026-09-12T21:01:47.7909417Z test_parent_failure_and_registration_bundles_validate_exact_files (test_sealed_historical_source_authorization_v06.SealedHistoricalSourceAuthorizationV06Tests.test_parent_failure_and_registration_bundles_validate_exact_files) ... ok
2026-09-12T21:01:47.7998322Z test_registration_detects_one_bound_file_change (test_sealed_historical_source_authorization_v06.SealedHistoricalSourceAuthorizationV06Tests.test_registration_detects_one_bound_file_change) ... ok
2026-09-12T21:01:47.8003254Z test_safe_failure_preserves_ceiling_and_unauthorized_host_evidence (test_sealed_historical_source_authorization_v06.SealedHistoricalSourceAuthorizationV06Tests.test_safe_failure_preserves_ceiling_and_unauthorized_host_evidence) ... ok
2026-09-12T21:01:47.8030661Z test_safe_failure_rejects_unsanitized_blocked_hosts (test_sealed_historical_source_authorization_v06.SealedHistoricalSourceAuthorizationV06Tests.test_safe_failure_rejects_unsanitized_blocked_hosts) ... ok
2026-09-12T21:01:47.8038497Z test_authorization_duplicate_key_and_tamper_fail_closed (test_sealed_historical_source_authorization_v07.SealedHistoricalSourceAuthorizationV07Tests.test_authorization_duplicate_key_and_tamper_fail_closed) ... ok
2026-09-12T21:01:47.8049130Z test_authorization_hash_identity_and_recovery_boundary_are_frozen (test_sealed_historical_source_authorization_v07.SealedHistoricalSourceAuthorizationV07Tests.test_authorization_hash_identity_and_recovery_boundary_are_frozen) ... ok
2026-09-12T21:01:47.8055649Z test_composite_budget_and_candidate_repair_do_not_change_strategy (test_sealed_historical_source_authorization_v07.SealedHistoricalSourceAuthorizationV07Tests.test_composite_budget_and_candidate_repair_do_not_change_strategy) ... ok
2026-09-12T21:01:47.8058927Z test_consumption_marker_binds_exact_tag_target_and_attempt (test_sealed_historical_source_authorization_v07.SealedHistoricalSourceAuthorizationV07Tests.test_consumption_marker_binds_exact_tag_target_and_attempt) ... ok
2026-09-12T21:01:47.8064298Z test_one_shot_dispatcher_and_prior_authorizations_are_closed (test_sealed_historical_source_authorization_v07.SealedHistoricalSourceAuthorizationV07Tests.test_one_shot_dispatcher_and_prior_authorizations_are_closed) ... ok
2026-09-12T21:01:47.8095229Z test_parent_failure_and_registration_bundles_validate_exact_files (test_sealed_historical_source_authorization_v07.SealedHistoricalSourceAuthorizationV07Tests.test_parent_failure_and_registration_bundles_validate_exact_files) ... ok
2026-09-12T21:01:47.8190036Z test_registration_detects_one_bound_file_change (test_sealed_historical_source_authorization_v07.SealedHistoricalSourceAuthorizationV07Tests.test_registration_detects_one_bound_file_change) ... ok
2026-09-12T21:01:47.8194552Z test_safe_failure_preserves_ceiling_and_unauthorized_host_evidence (test_sealed_historical_source_authorization_v07.SealedHistoricalSourceAuthorizationV07Tests.test_safe_failure_preserves_ceiling_and_unauthorized_host_evidence) ... ok
2026-09-12T21:01:47.8208852Z test_safe_failure_rejects_unsanitized_blocked_hosts (test_sealed_historical_source_authorization_v07.SealedHistoricalSourceAuthorizationV07Tests.test_safe_failure_rejects_unsanitized_blocked_hosts) ... ok
2026-09-12T21:01:47.8220498Z test_authorization_duplicate_key_and_tamper_fail_closed (test_sealed_historical_source_authorization_v08.SealedHistoricalSourceAuthorizationV08Tests.test_authorization_duplicate_key_and_tamper_fail_closed) ... ok
2026-09-12T21:01:47.8234660Z test_authorization_hash_identity_and_recovery_boundary_are_frozen (test_sealed_historical_source_authorization_v08.SealedHistoricalSourceAuthorizationV08Tests.test_authorization_hash_identity_and_recovery_boundary_are_frozen) ... ok
2026-09-12T21:01:47.8244836Z test_composite_budget_and_candidate_repair_do_not_change_strategy (test_sealed_historical_source_authorization_v08.SealedHistoricalSourceAuthorizationV08Tests.test_composite_budget_and_candidate_repair_do_not_change_strategy) ... ok
2026-09-12T21:01:47.8247700Z test_consumption_marker_binds_exact_tag_target_and_attempt (test_sealed_historical_source_authorization_v08.SealedHistoricalSourceAuthorizationV08Tests.test_consumption_marker_binds_exact_tag_target_and_attempt) ... ok
2026-09-12T21:01:47.8257717Z test_one_shot_dispatcher_and_prior_authorizations_are_closed (test_sealed_historical_source_authorization_v08.SealedHistoricalSourceAuthorizationV08Tests.test_one_shot_dispatcher_and_prior_authorizations_are_closed) ... ok
2026-09-12T21:01:47.8295304Z test_parent_failure_and_registration_bundles_validate_exact_files (test_sealed_historical_source_authorization_v08.SealedHistoricalSourceAuthorizationV08Tests.test_parent_failure_and_registration_bundles_validate_exact_files) ... ok
2026-09-12T21:01:47.8402988Z test_registration_detects_one_bound_file_change (test_sealed_historical_source_authorization_v08.SealedHistoricalSourceAuthorizationV08Tests.test_registration_detects_one_bound_file_change) ... ok
2026-09-12T21:01:47.8407724Z test_safe_failure_preserves_ceiling_and_unauthorized_host_evidence (test_sealed_historical_source_authorization_v08.SealedHistoricalSourceAuthorizationV08Tests.test_safe_failure_preserves_ceiling_and_unauthorized_host_evidence) ... ok
2026-09-12T21:01:47.8421529Z test_safe_failure_rejects_unsanitized_blocked_hosts (test_sealed_historical_source_authorization_v08.SealedHistoricalSourceAuthorizationV08Tests.test_safe_failure_rejects_unsanitized_blocked_hosts) ... ok
2026-09-12T21:01:47.8432204Z test_authorization_duplicate_key_and_tamper_fail_closed (test_sealed_historical_source_authorization_v09.SealedHistoricalSourceAuthorizationV09Tests.test_authorization_duplicate_key_and_tamper_fail_closed) ... ok
2026-09-12T21:01:47.8446588Z test_authorization_hash_identity_and_recovery_boundary_are_frozen (test_sealed_historical_source_authorization_v09.SealedHistoricalSourceAuthorizationV09Tests.test_authorization_hash_identity_and_recovery_boundary_are_frozen) ... ok
2026-09-12T21:01:47.8456861Z test_composite_budget_and_candidate_repair_do_not_change_strategy (test_sealed_historical_source_authorization_v09.SealedHistoricalSourceAuthorizationV09Tests.test_composite_budget_and_candidate_repair_do_not_change_strategy) ... ok
2026-09-12T21:01:47.8459572Z test_consumption_marker_binds_exact_tag_target_and_attempt (test_sealed_historical_source_authorization_v09.SealedHistoricalSourceAuthorizationV09Tests.test_consumption_marker_binds_exact_tag_target_and_attempt) ... ok
2026-09-12T21:01:47.8468553Z test_one_shot_dispatcher_and_prior_authorizations_are_closed (test_sealed_historical_source_authorization_v09.SealedHistoricalSourceAuthorizationV09Tests.test_one_shot_dispatcher_and_prior_authorizations_are_closed) ... ok
2026-09-12T21:01:47.8506968Z test_parent_failure_and_registration_bundles_validate_exact_files (test_sealed_historical_source_authorization_v09.SealedHistoricalSourceAuthorizationV09Tests.test_parent_failure_and_registration_bundles_validate_exact_files) ... ok
2026-09-12T21:01:47.8618090Z test_registration_detects_one_bound_file_change (test_sealed_historical_source_authorization_v09.SealedHistoricalSourceAuthorizationV09Tests.test_registration_detects_one_bound_file_change) ... ok
2026-09-12T21:01:47.8623864Z test_safe_failure_preserves_ceiling_and_unauthorized_host_evidence (test_sealed_historical_source_authorization_v09.SealedHistoricalSourceAuthorizationV09Tests.test_safe_failure_preserves_ceiling_and_unauthorized_host_evidence) ... ok
2026-09-12T21:01:47.8638668Z test_safe_failure_rejects_unsanitized_blocked_hosts (test_sealed_historical_source_authorization_v09.SealedHistoricalSourceAuthorizationV09Tests.test_safe_failure_rejects_unsanitized_blocked_hosts) ... ok
2026-09-12T21:01:47.8650693Z test_authorization_duplicate_key_and_tamper_fail_closed (test_sealed_historical_source_authorization_v10.SealedHistoricalSourceAuthorizationV10Tests.test_authorization_duplicate_key_and_tamper_fail_closed) ... ok
2026-09-12T21:01:47.8665262Z test_authorization_hash_identity_and_recovery_boundary_are_frozen (test_sealed_historical_source_authorization_v10.SealedHistoricalSourceAuthorizationV10Tests.test_authorization_hash_identity_and_recovery_boundary_are_frozen) ... ok
2026-09-12T21:01:47.8675563Z test_composite_budget_and_candidate_repair_do_not_change_strategy (test_sealed_historical_source_authorization_v10.SealedHistoricalSourceAuthorizationV10Tests.test_composite_budget_and_candidate_repair_do_not_change_strategy) ... ok
2026-09-12T21:01:47.8678349Z test_consumption_marker_binds_exact_tag_target_and_attempt (test_sealed_historical_source_authorization_v10.SealedHistoricalSourceAuthorizationV10Tests.test_consumption_marker_binds_exact_tag_target_and_attempt) ... ok
2026-09-12T21:01:47.8687601Z test_one_shot_dispatcher_and_prior_authorizations_are_closed (test_sealed_historical_source_authorization_v10.SealedHistoricalSourceAuthorizationV10Tests.test_one_shot_dispatcher_and_prior_authorizations_are_closed) ... ok
2026-09-12T21:01:47.8723565Z test_parent_failure_and_registration_bundles_validate_exact_files (test_sealed_historical_source_authorization_v10.SealedHistoricalSourceAuthorizationV10Tests.test_parent_failure_and_registration_bundles_validate_exact_files) ... ok
2026-09-12T21:01:47.8839073Z test_registration_detects_one_bound_file_change (test_sealed_historical_source_authorization_v10.SealedHistoricalSourceAuthorizationV10Tests.test_registration_detects_one_bound_file_change) ... ok
2026-09-12T21:01:47.8843641Z test_safe_failure_preserves_ceiling_and_unauthorized_host_evidence (test_sealed_historical_source_authorization_v10.SealedHistoricalSourceAuthorizationV10Tests.test_safe_failure_preserves_ceiling_and_unauthorized_host_evidence) ... ok
2026-09-12T21:01:47.8857338Z test_safe_failure_rejects_unsanitized_blocked_hosts (test_sealed_historical_source_authorization_v10.SealedHistoricalSourceAuthorizationV10Tests.test_safe_failure_rejects_unsanitized_blocked_hosts) ... ok
2026-09-12T21:01:47.8861493Z test_authorization_tampering_fails_before_semantic_checks (test_sealed_historical_source_authorization_v11.SealedHistoricalSourceAuthorizationV11Tests.test_authorization_tampering_fails_before_semantic_checks) ... ok
2026-09-12T21:01:47.8881645Z test_frozen_authorization_and_parent_bundle_validate (test_sealed_historical_source_authorization_v11.SealedHistoricalSourceAuthorizationV11Tests.test_frozen_authorization_and_parent_bundle_validate) ... ok
2026-09-12T21:01:47.8910780Z test_full_loader_closes_authorization_parent_and_registration (test_sealed_historical_source_authorization_v11.SealedHistoricalSourceAuthorizationV11Tests.test_full_loader_closes_authorization_parent_and_registration) ... ok
2026-09-12T21:01:47.8912778Z test_provider_authority_is_exactly_zero (test_sealed_historical_source_authorization_v11.SealedHistoricalSourceAuthorizationV11Tests.test_provider_authority_is_exactly_zero) ... ok
2026-09-12T21:01:47.8925109Z test_registration_is_hash_bound_to_every_declared_artifact (test_sealed_historical_source_authorization_v11.SealedHistoricalSourceAuthorizationV11Tests.test_registration_is_hash_bound_to_every_declared_artifact) ... ok
2026-09-12T21:01:47.8929246Z test_authorization_tampering_fails_before_semantic_checks (test_sealed_historical_source_authorization_v12.SealedHistoricalSourceAuthorizationV12Tests.test_authorization_tampering_fails_before_semantic_checks) ... ok
2026-09-12T21:01:47.8971288Z test_frozen_authorization_and_parent_bundle_validate (test_sealed_historical_source_authorization_v12.SealedHistoricalSourceAuthorizationV12Tests.test_frozen_authorization_and_parent_bundle_validate) ... ok
2026-09-12T21:01:47.9030940Z test_full_loader_closes_authorization_parent_and_registration (test_sealed_historical_source_authorization_v12.SealedHistoricalSourceAuthorizationV12Tests.test_full_loader_closes_authorization_parent_and_registration) ... ok
2026-09-12T21:01:47.9032988Z test_provider_authority_is_exactly_zero (test_sealed_historical_source_authorization_v12.SealedHistoricalSourceAuthorizationV12Tests.test_provider_authority_is_exactly_zero) ... ok
2026-09-12T21:01:47.9047769Z test_registration_is_hash_bound_to_every_declared_artifact (test_sealed_historical_source_authorization_v12.SealedHistoricalSourceAuthorizationV12Tests.test_registration_is_hash_bound_to_every_declared_artifact) ... ok
2026-09-12T21:01:47.9124458Z test_changed_or_rehashed_authorization_cannot_add_authority (test_sealed_historical_source_authorization_v13.AuthorizationV13Tests.test_changed_or_rehashed_authorization_cannot_add_authority) ... ok
2026-09-12T21:01:47.9206134Z test_frozen_child_and_every_registered_file_validate (test_sealed_historical_source_authorization_v13.AuthorizationV13Tests.test_frozen_child_and_every_registered_file_validate) ... ok
2026-09-12T21:01:47.9714844Z test_provider_policy_and_parent_ledger_remain_frozen (test_sealed_historical_source_authorization_v13.AuthorizationV13Tests.test_provider_policy_and_parent_ledger_remain_frozen) ... ok
2026-09-12T21:01:47.9769730Z test_additional_decision_outcome_rejected (test_sealed_historical_source_binding_v01.BindingMechanicsTests.test_additional_decision_outcome_rejected) ... ok
2026-09-12T21:01:47.9798903Z test_archive_rejects_path_traversal_absolute_and_symlink (test_sealed_historical_source_binding_v01.BindingMechanicsTests.test_archive_rejects_path_traversal_absolute_and_symlink) ... ok
2026-09-12T21:01:47.9809084Z test_archive_valid_member_extracted_exactly_and_write_once (test_sealed_historical_source_binding_v01.BindingMechanicsTests.test_archive_valid_member_extracted_exactly_and_write_once) ... ok
2026-09-12T21:01:47.9815011Z test_archive_whole_bytes_required_before_extraction (test_sealed_historical_source_binding_v01.BindingMechanicsTests.test_archive_whole_bytes_required_before_extraction) ... ok
2026-09-12T21:01:47.9898784Z test_carry_cannot_skip_preceding_session (test_sealed_historical_source_binding_v01.BindingMechanicsTests.test_carry_cannot_skip_preceding_session) ... ok
2026-09-12T21:01:48.0297389Z test_carry_gaps_preserve_state_and_do_not_imply_flatness (test_sealed_historical_source_binding_v01.BindingMechanicsTests.test_carry_gaps_preserve_state_and_do_not_imply_flatness) ... ok
2026-09-12T21:01:48.0346752Z test_decision_keeps_exact_nanoseconds_and_plan (test_sealed_historical_source_binding_v01.BindingMechanicsTests.test_decision_keeps_exact_nanoseconds_and_plan) ... ok
2026-09-12T21:01:48.0348264Z test_duplicate_identities_rejected (test_sealed_historical_source_binding_v01.BindingMechanicsTests.test_duplicate_identities_rejected) ... ok
2026-09-12T21:01:48.0399149Z test_exact_causal_candidate_uses_original_features (test_sealed_historical_source_binding_v01.BindingMechanicsTests.test_exact_causal_candidate_uses_original_features) ... ok
2026-09-12T21:01:48.0401444Z test_json_duplicate_and_nonfinite_rejected (test_sealed_historical_source_binding_v01.BindingMechanicsTests.test_json_duplicate_and_nonfinite_rejected) ... ok
2026-09-12T21:01:48.0451542Z test_known_row_must_still_pass_frozen_profile (test_sealed_historical_source_binding_v01.BindingMechanicsTests.test_known_row_must_still_pass_frozen_profile) ... ok
2026-09-12T21:01:48.0500840Z test_later_scanner_row_cannot_replace_original_activation (test_sealed_historical_source_binding_v01.BindingMechanicsTests.test_later_scanner_row_cannot_replace_original_activation) ... ok
2026-09-12T21:01:48.0646189Z test_nan_and_boolean_candidate_features_rejected (test_sealed_historical_source_binding_v01.BindingMechanicsTests.test_nan_and_boolean_candidate_features_rejected) ... ok
2026-09-12T21:01:48.0696397Z test_profile_membership_not_inferred_from_better_features (test_sealed_historical_source_binding_v01.BindingMechanicsTests.test_profile_membership_not_inferred_from_better_features) ... ok
2026-09-12T21:01:48.0747614Z test_rehashed_later_timestamp_is_rejected (test_sealed_historical_source_binding_v01.BindingMechanicsTests.test_rehashed_later_timestamp_is_rejected) ... ok
2026-09-12T21:01:48.0843717Z test_replaced_micro_decision_rejected (test_sealed_historical_source_binding_v01.BindingMechanicsTests.test_replaced_micro_decision_rejected) ... ok
2026-09-12T21:01:48.0892702Z test_retrospective_input_is_rejected_even_with_new_hash (test_sealed_historical_source_binding_v01.BindingMechanicsTests.test_retrospective_input_is_rejected_even_with_new_hash) ... ok
2026-09-12T21:01:48.0989833Z test_wrong_symbol_or_activation_rejected (test_sealed_historical_source_binding_v01.BindingMechanicsTests.test_wrong_symbol_or_activation_rejected) ... ok
2026-09-12T21:01:48.1044656Z test_independent_candidate_projection_matches_both_fixed_profiles (test_sealed_historical_source_binding_v01.IndependentCheckerTests.test_independent_candidate_projection_matches_both_fixed_profiles) ... ok
2026-09-12T21:01:48.1093516Z test_independent_checker_rejects_forged_candidate_profile (test_sealed_historical_source_binding_v01.IndependentCheckerTests.test_independent_checker_rejects_forged_candidate_profile) ... ok
2026-09-12T21:01:48.1163976Z test_independent_module_does_not_import_runtime_or_strategy (test_sealed_historical_source_binding_v01.IndependentCheckerTests.test_independent_module_does_not_import_runtime_or_strategy) ... ok
2026-09-12T21:01:48.1167283Z test_independent_timestamp_preserves_nanoseconds_and_offsets (test_sealed_historical_source_binding_v01.IndependentCheckerTests.test_independent_timestamp_preserves_nanoseconds_and_offsets) ... ok
2026-09-12T21:01:48.5079634Z test_all_original_account_dependencies_preserved (test_sealed_historical_source_binding_v01.RegistrationTests.test_all_original_account_dependencies_preserved) ... ok
2026-09-12T21:01:49.1954198Z test_exact_parent_and_registration_reconstruct (test_sealed_historical_source_binding_v01.RegistrationTests.test_exact_parent_and_registration_reconstruct) ... ok
2026-09-12T21:01:49.8874875Z test_missing_archives_cannot_be_synthetic_fallback (test_sealed_historical_source_binding_v01.RegistrationTests.test_missing_archives_cannot_be_synthetic_fallback) ... ok
2026-09-12T21:01:51.2015680Z test_offline_cli_registration_and_undefined_globals (test_sealed_historical_source_binding_v01.RegistrationTests.test_offline_cli_registration_and_undefined_globals) ... ok
2026-09-12T21:01:51.2046018Z test_original_archive_inventory_literal_pins (test_sealed_historical_source_binding_v01.RegistrationTests.test_original_archive_inventory_literal_pins) ... ok
2026-09-12T21:01:51.2049360Z test_output_cannot_write_into_repository (test_sealed_historical_source_binding_v01.RegistrationTests.test_output_cannot_write_into_repository) ... ok
2026-09-12T21:01:51.2051297Z test_registration_cannot_claim_verified_original_data_or_runtime (test_sealed_historical_source_binding_v01.RegistrationTests.test_registration_cannot_claim_verified_original_data_or_runtime) ... ok
2026-09-12T21:01:51.8930656Z test_wrong_registration_pin_rejected_before_archive_access (test_sealed_historical_source_binding_v01.RegistrationTests.test_wrong_registration_pin_rejected_before_archive_access) ... ok
2026-09-12T21:01:51.9062884Z test_closed_reader_rejects_access (test_sealed_historical_source_binding_v01.SourceAccessTests.test_closed_reader_rejects_access) ... ok
2026-09-12T21:01:51.9196967Z test_context_requires_original_account_path (test_sealed_historical_source_binding_v01.SourceAccessTests.test_context_requires_original_account_path) ... ok
2026-09-12T21:01:51.9332718Z test_mutating_returned_manifest_cannot_change_source (test_sealed_historical_source_binding_v01.SourceAccessTests.test_mutating_returned_manifest_cannot_change_source) ... ok
2026-09-12T21:01:51.9461914Z test_source_manifest_requires_external_pin (test_sealed_historical_source_binding_v01.SourceAccessTests.test_source_manifest_requires_external_pin) ... ok
2026-09-12T21:01:51.9597790Z test_unavailable_context_preserved_without_entry_access (test_sealed_historical_source_binding_v01.SourceAccessTests.test_unavailable_context_preserved_without_entry_access) ... ok
2026-09-12T21:01:52.0015618Z test_bool_and_non_integer_counts_are_rejected (test_sealed_historical_source_checkpoint_v01.SealedHistoricalSourceCheckpointV01Tests.test_bool_and_non_integer_counts_are_rejected) ... ok
2026-09-12T21:01:52.0398952Z test_build_is_read_only_and_output_is_write_once_outside_source (test_sealed_historical_source_checkpoint_v01.SealedHistoricalSourceCheckpointV01Tests.test_build_is_read_only_and_output_is_write_once_outside_source) ... ok
2026-09-12T21:01:52.0903067Z test_changed_missing_and_extra_files_fail_rehash (test_sealed_historical_source_checkpoint_v01.SealedHistoricalSourceCheckpointV01Tests.test_changed_missing_and_extra_files_fail_rehash) ... ok
2026-09-12T21:01:52.1125237Z test_checkpoint_module_and_script_import_no_provider_clients (test_sealed_historical_source_checkpoint_v01.SealedHistoricalSourceCheckpointV01Tests.test_checkpoint_module_and_script_import_no_provider_clients) ... ok
2026-09-12T21:01:52.1393095Z test_duplicate_and_escaping_inventory_paths_are_rejected (test_sealed_historical_source_checkpoint_v01.SealedHistoricalSourceCheckpointV01Tests.test_duplicate_and_escaping_inventory_paths_are_rejected) ... ok
2026-09-12T21:01:52.1834309Z test_environment_symlink_nonfile_duplicate_and_unsafe_paths_fail (test_sealed_historical_source_checkpoint_v01.SealedHistoricalSourceCheckpointV01Tests.test_environment_symlink_nonfile_duplicate_and_unsafe_paths_fail) ... ok
2026-09-12T21:01:52.2103731Z test_environment_tamper_swapped_inputs_and_self_hash_fail_closed (test_sealed_historical_source_checkpoint_v01.SealedHistoricalSourceCheckpointV01Tests.test_environment_tamper_swapped_inputs_and_self_hash_fail_closed) ... ok
2026-09-12T21:01:52.2430809Z test_massive_ticker_types_layout_hash_and_manifest_lineage_are_strict (test_sealed_historical_source_checkpoint_v01.SealedHistoricalSourceCheckpointV01Tests.test_massive_ticker_types_layout_hash_and_manifest_lineage_are_strict) ... ok
2026-09-12T21:01:52.3232430Z test_post_freeze_scanner_layout_rejects_rogue_missing_and_symlink (test_sealed_historical_source_checkpoint_v01.SealedHistoricalSourceCheckpointV01Tests.test_post_freeze_scanner_layout_rejects_rogue_missing_and_symlink) ... ok
2026-09-12T21:01:52.3995497Z test_post_freeze_validation_allows_only_scanner_snapshot_addition (test_sealed_historical_source_checkpoint_v01.SealedHistoricalSourceCheckpointV01Tests.test_post_freeze_validation_allows_only_scanner_snapshot_addition) ... ok
2026-09-12T21:01:52.4640552Z test_post_scanner_binding_cross_binds_checkpoint_file_and_final_tree (test_sealed_historical_source_checkpoint_v01.SealedHistoricalSourceCheckpointV01Tests.test_post_scanner_binding_cross_binds_checkpoint_file_and_final_tree) ... ok
2026-09-12T21:01:52.4975361Z test_round_trip_rehashes_complete_label_blind_tree (test_sealed_historical_source_checkpoint_v01.SealedHistoricalSourceCheckpointV01Tests.test_round_trip_rehashes_complete_label_blind_tree) ... ok
2026-09-12T21:01:52.5080648Z test_symlink_and_extra_or_missing_stage_roots_fail_closed (test_sealed_historical_source_checkpoint_v01.SealedHistoricalSourceCheckpointV01Tests.test_symlink_and_extra_or_missing_stage_roots_fail_closed) ... ok
2026-09-12T21:01:52.5349011Z test_wrong_provenance_dates_and_authorization_are_rejected (test_sealed_historical_source_checkpoint_v01.SealedHistoricalSourceCheckpointV01Tests.test_wrong_provenance_dates_and_authorization_are_rejected) ... ok
2026-09-12T21:01:52.5352222Z test_composite_budget_cannot_repeat_massive_or_drop_parent_attempts (test_sealed_historical_source_checkpoint_v05.SealedHistoricalSourceCheckpointV05Tests.test_composite_budget_cannot_repeat_massive_or_drop_parent_attempts) ... ok
2026-09-12T21:01:52.7397752Z test_diagnostic_message_or_file_tamper_fails_rehash (test_sealed_historical_source_checkpoint_v05.SealedHistoricalSourceCheckpointV05Tests.test_diagnostic_message_or_file_tamper_fails_rehash) ... ok
2026-09-12T21:01:53.0601271Z test_exact_checkpoint_cli_builds_revalidates_and_cross_checks_ledgers (test_sealed_historical_source_checkpoint_v05.SealedHistoricalSourceCheckpointV05Tests.test_exact_checkpoint_cli_builds_revalidates_and_cross_checks_ledgers) ... ok
2026-09-12T21:01:53.4118238Z test_post_scanner_binding_allows_only_exact_scanner_addition (test_sealed_historical_source_checkpoint_v05.SealedHistoricalSourceCheckpointV05Tests.test_post_scanner_binding_allows_only_exact_scanner_addition) ... ok
2026-09-12T21:01:53.6735824Z test_round_trip_binds_recovery_diagnostics_and_composite_budget (test_sealed_historical_source_checkpoint_v05.SealedHistoricalSourceCheckpointV05Tests.test_round_trip_binds_recovery_diagnostics_and_composite_budget) ... ok
2026-09-12T21:01:53.6739478Z test_success_checkpoint_rejects_any_external_blocked_attempt (test_sealed_historical_source_checkpoint_v05.SealedHistoricalSourceCheckpointV05Tests.test_success_checkpoint_rejects_any_external_blocked_attempt) ... ok
2026-09-12T21:01:53.6742531Z test_composite_budget_cannot_repeat_massive_or_drop_parent_attempts (test_sealed_historical_source_checkpoint_v06.SealedHistoricalSourceCheckpointV06Tests.test_composite_budget_cannot_repeat_massive_or_drop_parent_attempts) ... ok
2026-09-12T21:01:53.8638711Z test_diagnostic_message_or_file_tamper_fails_rehash (test_sealed_historical_source_checkpoint_v06.SealedHistoricalSourceCheckpointV06Tests.test_diagnostic_message_or_file_tamper_fails_rehash) ... ok
2026-09-12T21:01:54.1786962Z test_exact_checkpoint_cli_builds_revalidates_and_cross_checks_ledgers (test_sealed_historical_source_checkpoint_v06.SealedHistoricalSourceCheckpointV06Tests.test_exact_checkpoint_cli_builds_revalidates_and_cross_checks_ledgers) ... ok
2026-09-12T21:01:54.5137987Z test_post_scanner_binding_allows_only_exact_scanner_addition (test_sealed_historical_source_checkpoint_v06.SealedHistoricalSourceCheckpointV06Tests.test_post_scanner_binding_allows_only_exact_scanner_addition) ... ok
2026-09-12T21:01:54.7618758Z test_round_trip_binds_recovery_diagnostics_and_composite_budget (test_sealed_historical_source_checkpoint_v06.SealedHistoricalSourceCheckpointV06Tests.test_round_trip_binds_recovery_diagnostics_and_composite_budget) ... ok
2026-09-12T21:01:54.7621872Z test_success_checkpoint_rejects_any_external_blocked_attempt (test_sealed_historical_source_checkpoint_v06.SealedHistoricalSourceCheckpointV06Tests.test_success_checkpoint_rejects_any_external_blocked_attempt) ... ok
2026-09-12T21:01:54.7625252Z test_composite_budget_cannot_repeat_massive_sec_or_drop_parent_attempts (test_sealed_historical_source_checkpoint_v07.SealedHistoricalSourceCheckpointV07Tests.test_composite_budget_cannot_repeat_massive_sec_or_drop_parent_attempts) ... ok
2026-09-12T21:01:54.9515028Z test_diagnostic_message_or_file_tamper_fails_rehash (test_sealed_historical_source_checkpoint_v07.SealedHistoricalSourceCheckpointV07Tests.test_diagnostic_message_or_file_tamper_fails_rehash) ... ok
2026-09-12T21:01:55.2644355Z test_exact_checkpoint_cli_builds_revalidates_and_cross_checks_ledgers (test_sealed_historical_source_checkpoint_v07.SealedHistoricalSourceCheckpointV07Tests.test_exact_checkpoint_cli_builds_revalidates_and_cross_checks_ledgers) ... ok
2026-09-12T21:01:55.5973793Z test_post_scanner_binding_allows_only_exact_scanner_addition (test_sealed_historical_source_checkpoint_v07.SealedHistoricalSourceCheckpointV07Tests.test_post_scanner_binding_allows_only_exact_scanner_addition) ... ok
2026-09-12T21:01:55.8430931Z test_round_trip_binds_recovery_diagnostics_and_composite_budget (test_sealed_historical_source_checkpoint_v07.SealedHistoricalSourceCheckpointV07Tests.test_round_trip_binds_recovery_diagnostics_and_composite_budget) ... ok
2026-09-12T21:01:55.8433971Z test_success_checkpoint_rejects_any_external_blocked_attempt (test_sealed_historical_source_checkpoint_v07.SealedHistoricalSourceCheckpointV07Tests.test_success_checkpoint_rejects_any_external_blocked_attempt) ... ok
2026-09-12T21:01:55.8437407Z test_composite_budget_cannot_repeat_massive_sec_or_drop_parent_attempts (test_sealed_historical_source_checkpoint_v08.SealedHistoricalSourceCheckpointV08Tests.test_composite_budget_cannot_repeat_massive_sec_or_drop_parent_attempts) ... ok
2026-09-12T21:01:56.0324914Z test_diagnostic_message_or_file_tamper_fails_rehash (test_sealed_historical_source_checkpoint_v08.SealedHistoricalSourceCheckpointV08Tests.test_diagnostic_message_or_file_tamper_fails_rehash) ... ok
2026-09-12T21:01:56.3433852Z test_exact_checkpoint_cli_builds_revalidates_and_cross_checks_ledgers (test_sealed_historical_source_checkpoint_v08.SealedHistoricalSourceCheckpointV08Tests.test_exact_checkpoint_cli_builds_revalidates_and_cross_checks_ledgers) ... ok
2026-09-12T21:01:56.6808617Z test_post_scanner_binding_allows_only_exact_scanner_addition (test_sealed_historical_source_checkpoint_v08.SealedHistoricalSourceCheckpointV08Tests.test_post_scanner_binding_allows_only_exact_scanner_addition) ... ok
2026-09-12T21:01:56.9311347Z test_round_trip_binds_recovery_diagnostics_and_composite_budget (test_sealed_historical_source_checkpoint_v08.SealedHistoricalSourceCheckpointV08Tests.test_round_trip_binds_recovery_diagnostics_and_composite_budget) ... ok
2026-09-12T21:01:56.9314305Z test_success_checkpoint_rejects_any_external_blocked_attempt (test_sealed_historical_source_checkpoint_v08.SealedHistoricalSourceCheckpointV08Tests.test_success_checkpoint_rejects_any_external_blocked_attempt) ... ok
2026-09-12T21:01:56.9317782Z test_composite_budget_cannot_repeat_massive_sec_or_drop_parent_attempts (test_sealed_historical_source_checkpoint_v09.SealedHistoricalSourceCheckpointV09Tests.test_composite_budget_cannot_repeat_massive_sec_or_drop_parent_attempts) ... ok
2026-09-12T21:01:57.1227790Z test_diagnostic_message_or_file_tamper_fails_rehash (test_sealed_historical_source_checkpoint_v09.SealedHistoricalSourceCheckpointV09Tests.test_diagnostic_message_or_file_tamper_fails_rehash) ... ok
2026-09-12T21:01:57.4373637Z test_exact_checkpoint_cli_builds_revalidates_and_cross_checks_ledgers (test_sealed_historical_source_checkpoint_v09.SealedHistoricalSourceCheckpointV09Tests.test_exact_checkpoint_cli_builds_revalidates_and_cross_checks_ledgers) ... ok
2026-09-12T21:01:57.7743756Z test_post_scanner_binding_allows_only_exact_scanner_addition (test_sealed_historical_source_checkpoint_v09.SealedHistoricalSourceCheckpointV09Tests.test_post_scanner_binding_allows_only_exact_scanner_addition) ... ok
2026-09-12T21:01:58.0215094Z test_round_trip_binds_recovery_diagnostics_and_composite_budget (test_sealed_historical_source_checkpoint_v09.SealedHistoricalSourceCheckpointV09Tests.test_round_trip_binds_recovery_diagnostics_and_composite_budget) ... ok
2026-09-12T21:01:58.0218446Z test_success_checkpoint_rejects_any_external_blocked_attempt (test_sealed_historical_source_checkpoint_v09.SealedHistoricalSourceCheckpointV09Tests.test_success_checkpoint_rejects_any_external_blocked_attempt) ... ok
2026-09-12T21:01:58.0221619Z test_composite_budget_cannot_repeat_massive_sec_or_drop_parent_attempts (test_sealed_historical_source_checkpoint_v10.SealedHistoricalSourceCheckpointV10Tests.test_composite_budget_cannot_repeat_massive_sec_or_drop_parent_attempts) ... ok
2026-09-12T21:01:58.2332837Z test_diagnostic_message_or_file_tamper_fails_rehash (test_sealed_historical_source_checkpoint_v10.SealedHistoricalSourceCheckpointV10Tests.test_diagnostic_message_or_file_tamper_fails_rehash) ... ok
2026-09-12T21:01:58.5438166Z test_exact_checkpoint_cli_builds_revalidates_and_cross_checks_ledgers (test_sealed_historical_source_checkpoint_v10.SealedHistoricalSourceCheckpointV10Tests.test_exact_checkpoint_cli_builds_revalidates_and_cross_checks_ledgers) ... ok
2026-09-12T21:01:58.8775554Z test_post_scanner_binding_allows_only_exact_scanner_addition (test_sealed_historical_source_checkpoint_v10.SealedHistoricalSourceCheckpointV10Tests.test_post_scanner_binding_allows_only_exact_scanner_addition) ... ok
2026-09-12T21:01:59.1237571Z test_round_trip_binds_recovery_diagnostics_and_composite_budget (test_sealed_historical_source_checkpoint_v10.SealedHistoricalSourceCheckpointV10Tests.test_round_trip_binds_recovery_diagnostics_and_composite_budget) ... ok
2026-09-12T21:01:59.1239944Z test_success_checkpoint_rejects_any_external_blocked_attempt (test_sealed_historical_source_checkpoint_v10.SealedHistoricalSourceCheckpointV10Tests.test_success_checkpoint_rejects_any_external_blocked_attempt) ... ok
2026-09-12T21:01:59.1332094Z test_acquire_phase_never_invokes_scanner_validator (test_sealed_historical_source_integration_v04.SealedHistoricalSourceIntegrationV04Tests.test_acquire_phase_never_invokes_scanner_validator) ... ok
2026-09-12T21:01:59.1334696Z test_empty_candidate_date_is_a_valid_complete_reconstruction (test_sealed_historical_source_integration_v04.SealedHistoricalSourceIntegrationV04Tests.test_empty_candidate_date_is_a_valid_complete_reconstruction) ... ok
2026-09-12T21:01:59.1337983Z test_exact_fixed_tuple_and_mode_guards (test_sealed_historical_source_integration_v04.SealedHistoricalSourceIntegrationV04Tests.test_exact_fixed_tuple_and_mode_guards) ... ok
2026-09-12T21:01:59.1417445Z test_freeze_phase_is_provider_free_and_exactly_rebuilds (test_sealed_historical_source_integration_v04.SealedHistoricalSourceIntegrationV04Tests.test_freeze_phase_is_provider_free_and_exactly_rebuilds) ... ok
2026-09-12T21:01:59.1420424Z test_freeze_rejects_rehashed_stale_per_date_sidecar_lineage (test_sealed_historical_source_integration_v04.SealedHistoricalSourceIntegrationV04Tests.test_freeze_rejects_rehashed_stale_per_date_sidecar_lineage) ... ok
2026-09-12T21:01:59.1904374Z test_removed_cli_basis_switch_fails_before_files_or_provider (test_sealed_historical_source_integration_v04.SealedHistoricalSourceIntegrationV04Tests.test_removed_cli_basis_switch_fails_before_files_or_provider) ... ok
2026-09-12T21:01:59.1966016Z test_source_sidecar_round_trip_and_compressed_tamper_fail_closed (test_sealed_historical_source_integration_v04.SealedHistoricalSourceIntegrationV04Tests.test_source_sidecar_round_trip_and_compressed_tamper_fail_closed) ... ok
2026-09-12T21:01:59.1978851Z test_environment_pair_separates_dependencies_from_checkout_commit (test_sealed_historical_source_recovery_v05.SealedHistoricalSourceRecoveryV05Tests.test_environment_pair_separates_dependencies_from_checkout_commit) ... ok
2026-09-12T21:01:59.1987507Z test_existing_output_prevents_recovery_overwrite (test_sealed_historical_source_recovery_v05.SealedHistoricalSourceRecoveryV05Tests.test_existing_output_prevents_recovery_overwrite) ... ok
2026-09-12T21:01:59.2007157Z test_materialization_copies_only_validated_source_and_seeds_budget (test_sealed_historical_source_recovery_v05.SealedHistoricalSourceRecoveryV05Tests.test_materialization_copies_only_validated_source_and_seeds_budget) ... ok
2026-09-12T21:01:59.2011751Z test_self_hash_rejects_tampering_and_duplicate_json_keys (test_sealed_historical_source_recovery_v05.SealedHistoricalSourceRecoveryV05Tests.test_self_hash_rejects_tampering_and_duplicate_json_keys) ... ok
2026-09-12T21:01:59.2023325Z test_environment_pair_separates_dependencies_from_checkout_commit (test_sealed_historical_source_recovery_v06.SealedHistoricalSourceRecoveryV06Tests.test_environment_pair_separates_dependencies_from_checkout_commit) ... ok
2026-09-12T21:01:59.2030928Z test_existing_output_prevents_recovery_overwrite (test_sealed_historical_source_recovery_v06.SealedHistoricalSourceRecoveryV06Tests.test_existing_output_prevents_recovery_overwrite) ... ok
2026-09-12T21:01:59.2049088Z test_materialization_copies_only_validated_source_and_seeds_budget (test_sealed_historical_source_recovery_v06.SealedHistoricalSourceRecoveryV06Tests.test_materialization_copies_only_validated_source_and_seeds_budget) ... ok
2026-09-12T21:01:59.2053887Z test_self_hash_rejects_tampering_and_duplicate_json_keys (test_sealed_historical_source_recovery_v06.SealedHistoricalSourceRecoveryV06Tests.test_self_hash_rejects_tampering_and_duplicate_json_keys) ... ok
2026-09-12T21:01:59.2065019Z test_environment_pair_separates_dependencies_from_checkout_commit (test_sealed_historical_source_recovery_v07.SealedHistoricalSourceRecoveryV07Tests.test_environment_pair_separates_dependencies_from_checkout_commit) ... ok
2026-09-12T21:01:59.2072537Z test_existing_output_prevents_recovery_overwrite (test_sealed_historical_source_recovery_v07.SealedHistoricalSourceRecoveryV07Tests.test_existing_output_prevents_recovery_overwrite) ... ok
2026-09-12T21:01:59.2092080Z test_materialization_copies_only_validated_source_and_seeds_budget (test_sealed_historical_source_recovery_v07.SealedHistoricalSourceRecoveryV07Tests.test_materialization_copies_only_validated_source_and_seeds_budget) ... ok
2026-09-12T21:01:59.2097213Z test_self_hash_rejects_tampering_and_duplicate_json_keys (test_sealed_historical_source_recovery_v07.SealedHistoricalSourceRecoveryV07Tests.test_self_hash_rejects_tampering_and_duplicate_json_keys) ... ok
2026-09-12T21:01:59.2108351Z test_environment_pair_separates_dependencies_from_checkout_commit (test_sealed_historical_source_recovery_v08.SealedHistoricalSourceRecoveryV08Tests.test_environment_pair_separates_dependencies_from_checkout_commit) ... ok
2026-09-12T21:01:59.2115780Z test_existing_output_prevents_recovery_overwrite (test_sealed_historical_source_recovery_v08.SealedHistoricalSourceRecoveryV08Tests.test_existing_output_prevents_recovery_overwrite) ... ok
2026-09-12T21:01:59.2134081Z test_materialization_copies_only_validated_source_and_seeds_budget (test_sealed_historical_source_recovery_v08.SealedHistoricalSourceRecoveryV08Tests.test_materialization_copies_only_validated_source_and_seeds_budget) ... ok
2026-09-12T21:01:59.2139390Z test_self_hash_rejects_tampering_and_duplicate_json_keys (test_sealed_historical_source_recovery_v08.SealedHistoricalSourceRecoveryV08Tests.test_self_hash_rejects_tampering_and_duplicate_json_keys) ... ok
2026-09-12T21:01:59.2150792Z test_environment_pair_separates_dependencies_from_checkout_commit (test_sealed_historical_source_recovery_v09.SealedHistoricalSourceRecoveryV09Tests.test_environment_pair_separates_dependencies_from_checkout_commit) ... ok
2026-09-12T21:01:59.2158289Z test_existing_output_prevents_recovery_overwrite (test_sealed_historical_source_recovery_v09.SealedHistoricalSourceRecoveryV09Tests.test_existing_output_prevents_recovery_overwrite) ... ok
2026-09-12T21:01:59.2177800Z test_materialization_copies_only_validated_source_and_seeds_budget (test_sealed_historical_source_recovery_v09.SealedHistoricalSourceRecoveryV09Tests.test_materialization_copies_only_validated_source_and_seeds_budget) ... ok
2026-09-12T21:01:59.2183140Z test_self_hash_rejects_tampering_and_duplicate_json_keys (test_sealed_historical_source_recovery_v09.SealedHistoricalSourceRecoveryV09Tests.test_self_hash_rejects_tampering_and_duplicate_json_keys) ... ok
2026-09-12T21:01:59.2194484Z test_environment_pair_separates_dependencies_from_checkout_commit (test_sealed_historical_source_recovery_v10.SealedHistoricalSourceRecoveryV10Tests.test_environment_pair_separates_dependencies_from_checkout_commit) ... ok
2026-09-12T21:01:59.2202407Z test_existing_output_prevents_recovery_overwrite (test_sealed_historical_source_recovery_v10.SealedHistoricalSourceRecoveryV10Tests.test_existing_output_prevents_recovery_overwrite) ... ok
2026-09-12T21:01:59.2224988Z test_materialization_copies_only_validated_source_and_seeds_budget (test_sealed_historical_source_recovery_v10.SealedHistoricalSourceRecoveryV10Tests.test_materialization_copies_only_validated_source_and_seeds_budget) ... ok
2026-09-12T21:01:59.2229434Z test_self_hash_rejects_tampering_and_duplicate_json_keys (test_sealed_historical_source_recovery_v10.SealedHistoricalSourceRecoveryV10Tests.test_self_hash_rejects_tampering_and_duplicate_json_keys) ... ok
2026-09-12T21:01:59.4576103Z test_directory_change_is_part_of_the_source_commitment (test_sealed_historical_source_runner_v13.IntermediateV13Tests.test_directory_change_is_part_of_the_source_commitment) ... ok
2026-09-12T21:01:59.7346325Z test_incomplete_scanner_manifest_is_rejected_even_if_rehashed (test_sealed_historical_source_runner_v13.IntermediateV13Tests.test_incomplete_scanner_manifest_is_rejected_even_if_rehashed) ... ok
2026-09-12T21:01:59.9678826Z test_modified_file_bytes_are_rejected_even_with_unchanged_count (test_sealed_historical_source_runner_v13.IntermediateV13Tests.test_modified_file_bytes_are_rejected_even_with_unchanged_count) ... ok
2026-09-12T21:02:00.2028967Z test_real_inventory_round_trip_stays_non_final (test_sealed_historical_source_runner_v13.IntermediateV13Tests.test_real_inventory_round_trip_stays_non_final) ... ok
2026-09-12T21:02:00.5399503Z test_rehashed_final_eligibility_and_provider_claims_are_rejected (test_sealed_historical_source_runner_v13.IntermediateV13Tests.test_rehashed_final_eligibility_and_provider_claims_are_rejected) ... ok
2026-09-12T21:02:00.7327511Z test_rehashed_identity_count_and_parent_ledger_changes_are_rejected (test_sealed_historical_source_runner_v13.IntermediateV13Tests.test_rehashed_identity_count_and_parent_ledger_changes_are_rejected) ... ok
2026-09-12T21:02:00.7332189Z test_gate_detects_nested_scopes_and_accepts_bound_names (test_sealed_historical_source_runner_v13.OfflineAndStaticV13Tests.test_gate_detects_nested_scopes_and_accepts_bound_names) ... ok
2026-09-12T21:02:00.7577705Z test_gate_detects_the_exact_unmodified_v12_failure (test_sealed_historical_source_runner_v13.OfflineAndStaticV13Tests.test_gate_detects_the_exact_unmodified_v12_failure) ... ok
2026-09-12T21:02:00.8281299Z test_guard_blocks_real_socket_and_process_creation_in_subprocess (test_sealed_historical_source_runner_v13.OfflineAndStaticV13Tests.test_guard_blocks_real_socket_and_process_creation_in_subprocess) ... ok
2026-09-12T21:02:00.8282721Z test_guard_rejects_acquisition_and_arbitrary_scripts (test_sealed_historical_source_runner_v13.OfflineAndStaticV13Tests.test_guard_rejects_acquisition_and_arbitrary_scripts) ... ok
2026-09-12T21:02:00.8479968Z test_actual_cli_success_writes_and_validates_real_report (test_sealed_historical_source_runner_v13.RunnerV13Tests.test_actual_cli_success_writes_and_validates_real_report) ... ok
2026-09-12T21:02:00.8667567Z test_cli_missing_argument_and_attempt_two_fail_closed (test_sealed_historical_source_runner_v13.RunnerV13Tests.test_cli_missing_argument_and_attempt_two_fail_closed) ... ok
2026-09-12T21:02:00.8873502Z test_cli_requires_intermediate_and_cannot_overwrite (test_sealed_historical_source_runner_v13.RunnerV13Tests.test_cli_requires_intermediate_and_cannot_overwrite) ... ok
2026-09-12T21:02:00.9063676Z test_hosted_prelaunch_verification_records_real_run_but_not_final_gate (test_sealed_historical_source_runner_v13.RunnerV13Tests.test_hosted_prelaunch_verification_records_real_run_but_not_final_gate) ... ok
2026-09-12T21:02:01.1575924Z test_intermediate_cli_binds_real_inventory_without_final_replay (test_sealed_historical_source_runner_v13.RunnerV13Tests.test_intermediate_cli_binds_real_inventory_without_final_replay) ... ok
2026-09-12T21:02:01.1699906Z test_invalid_external_ledger_fails_before_replay (test_sealed_historical_source_runner_v13.RunnerV13Tests.test_invalid_external_ledger_fails_before_replay) ... ok
2026-09-12T21:02:01.1805216Z test_local_verification_cannot_forge_a_github_identity (test_sealed_historical_source_runner_v13.RunnerV13Tests.test_local_verification_cannot_forge_a_github_identity) ... ok
2026-09-12T21:02:01.1993006Z test_local_verification_does_not_claim_github_or_open_final_gate (test_sealed_historical_source_runner_v13.RunnerV13Tests.test_local_verification_does_not_claim_github_or_open_final_gate) ... ok
2026-09-12T21:02:01.2111555Z test_nonzero_blocked_ledger_fails_before_replay (test_sealed_historical_source_runner_v13.RunnerV13Tests.test_nonzero_blocked_ledger_fails_before_replay) ... ok
2026-09-12T21:02:01.2240976Z test_preflight_cli_checks_checkpoint_and_identity_without_final_replay (test_sealed_historical_source_runner_v13.RunnerV13Tests.test_preflight_cli_checks_checkpoint_and_identity_without_final_replay) ... ok
2026-09-12T21:02:01.2374467Z test_real_summary_validator_is_not_mocked (test_sealed_historical_source_runner_v13.RunnerV13Tests.test_real_summary_validator_is_not_mocked) ... ok
2026-09-12T21:02:01.2483764Z test_safe_failure_uses_actual_cli_and_is_sanitized (test_sealed_historical_source_runner_v13.RunnerV13Tests.test_safe_failure_uses_actual_cli_and_is_sanitized) ... ok
2026-09-12T21:02:01.2835408Z test_checkout_gate_binds_repository_branch_path_commit_tree_and_dispatcher (test_sealed_historical_source_workflow_v04.SealedHistoricalSourceWorkflowV04Tests.test_checkout_gate_binds_repository_branch_path_commit_tree_and_dispatcher) ... ok
2026-09-12T21:02:01.2839405Z test_checkpoint_and_report_bind_environment_and_dispatcher_provenance (test_sealed_historical_source_workflow_v04.SealedHistoricalSourceWorkflowV04Tests.test_checkpoint_and_report_bind_environment_and_dispatcher_provenance) ... ok
2026-09-12T21:02:01.2842836Z test_consumption_marker_binds_exact_context_before_provider_access (test_sealed_historical_source_workflow_v04.SealedHistoricalSourceWorkflowV04Tests.test_consumption_marker_binds_exact_context_before_provider_access) ... ok
2026-09-12T21:02:01.2845512Z test_durable_marker_is_consumed_before_every_provider_step (test_sealed_historical_source_workflow_v04.SealedHistoricalSourceWorkflowV04Tests.test_durable_marker_is_consumed_before_every_provider_step) ... ok
2026-09-12T21:02:01.2848102Z test_exact_30_dates_and_frozen_budgets_are_semantic_values (test_sealed_historical_source_workflow_v04.SealedHistoricalSourceWorkflowV04Tests.test_exact_30_dates_and_frozen_budgets_are_semantic_values) ... ok
2026-09-12T21:02:01.2850997Z test_exact_provider_phase_order_checkpoint_then_provider_free_freeze (test_sealed_historical_source_workflow_v04.SealedHistoricalSourceWorkflowV04Tests.test_exact_provider_phase_order_checkpoint_then_provider_free_freeze) ... ok
2026-09-12T21:02:01.2853637Z test_failure_accounting_preserves_blocked_hosts_and_budget_overrun (test_sealed_historical_source_workflow_v04.SealedHistoricalSourceWorkflowV04Tests.test_failure_accounting_preserves_blocked_hosts_and_budget_overrun) ... ok
2026-09-12T21:02:01.2856268Z test_failure_path_retains_accounting_and_missing_checkpoint_without_secrets (test_sealed_historical_source_workflow_v04.SealedHistoricalSourceWorkflowV04Tests.test_failure_path_retains_accounting_and_missing_checkpoint_without_secrets) ... ok
2026-09-12T21:02:01.2858937Z test_no_transcript_databento_account_or_order_path_is_present (test_sealed_historical_source_workflow_v04.SealedHistoricalSourceWorkflowV04Tests.test_no_transcript_databento_account_or_order_path_is_present) ... ok
2026-09-12T21:02:01.2861210Z test_pinned_install_and_environment_freeze_precede_provider_access (test_sealed_historical_source_workflow_v04.SealedHistoricalSourceWorkflowV04Tests.test_pinned_install_and_environment_freeze_precede_provider_access) ... ok
2026-09-12T21:02:01.2862804Z test_progress_boundary_and_canonical_timeout_leave_cleanup_reserve (test_sealed_historical_source_workflow_v04.SealedHistoricalSourceWorkflowV04Tests.test_progress_boundary_and_canonical_timeout_leave_cleanup_reserve) ... ok
2026-09-12T21:02:01.2864417Z test_provider_secrets_are_step_scoped_and_only_wrapped_steps_receive_them (test_sealed_historical_source_workflow_v04.SealedHistoricalSourceWorkflowV04Tests.test_provider_secrets_are_step_scoped_and_only_wrapped_steps_receive_them) ... ok
2026-09-12T21:02:01.2865982Z test_runner_provenance_rejects_rerun_and_unbound_dispatcher (test_sealed_historical_source_workflow_v04.SealedHistoricalSourceWorkflowV04Tests.test_runner_provenance_rejects_rerun_and_unbound_dispatcher) ... ok
2026-09-12T21:02:01.2876142Z test_safe_failure_records_only_sanitized_counts_hashes_and_dates (test_sealed_historical_source_workflow_v04.SealedHistoricalSourceWorkflowV04Tests.test_safe_failure_records_only_sanitized_counts_hashes_and_dates) ... ok
2026-09-12T21:02:01.2887371Z test_v03_hash_bound_entry_points_remain_byte_identical (test_sealed_historical_source_workflow_v04.SealedHistoricalSourceWorkflowV04Tests.test_v03_hash_bound_entry_points_remain_byte_identical) ... ok
2026-09-12T21:02:01.2889010Z test_yaml_trigger_is_push_validation_plus_manual_one_shot_only (test_sealed_historical_source_workflow_v04.SealedHistoricalSourceWorkflowV04Tests.test_yaml_trigger_is_push_validation_plus_manual_one_shot_only) ... ok
2026-09-12T21:02:01.3237497Z test_action_revisions_and_environment_are_pinned (test_sealed_historical_source_workflow_v05.SealedHistoricalSourceWorkflowV05Tests.test_action_revisions_and_environment_are_pinned) ... ok
2026-09-12T21:02:01.3241187Z test_checkpoint_is_uploaded_before_separate_provider_free_freeze (test_sealed_historical_source_workflow_v05.SealedHistoricalSourceWorkflowV05Tests.test_checkpoint_is_uploaded_before_separate_provider_free_freeze) ... ok
2026-09-12T21:02:01.3244491Z test_every_registered_runtime_artifact_triggers_push_validation (test_sealed_historical_source_workflow_v05.SealedHistoricalSourceWorkflowV05Tests.test_every_registered_runtime_artifact_triggers_push_validation) ... ok
2026-09-12T21:02:01.3247175Z test_inputs_are_trimmed_then_bound_to_exact_commit_tree_and_path (test_sealed_historical_source_workflow_v05.SealedHistoricalSourceWorkflowV05Tests.test_inputs_are_trimmed_then_bound_to_exact_commit_tree_and_path) ... ok
2026-09-12T21:02:01.3249212Z test_no_massive_identity_or_market_provider_stage_can_run (test_sealed_historical_source_workflow_v05.SealedHistoricalSourceWorkflowV05Tests.test_no_massive_identity_or_market_provider_stage_can_run) ... ok
2026-09-12T21:02:01.3251281Z test_parent_artifact_is_exact_and_recovery_precedes_provider_access (test_sealed_historical_source_workflow_v05.SealedHistoricalSourceWorkflowV05Tests.test_parent_artifact_is_exact_and_recovery_precedes_provider_access) ... ok
2026-09-12T21:02:01.3253439Z test_push_is_provider_free_and_manual_dispatch_is_attempt_one_only (test_sealed_historical_source_workflow_v05.SealedHistoricalSourceWorkflowV05Tests.test_push_is_provider_free_and_manual_dispatch_is_attempt_one_only) ... ok
2026-09-12T21:02:01.3255519Z test_transcripts_databento_accounts_and_orders_are_absent (test_sealed_historical_source_workflow_v05.SealedHistoricalSourceWorkflowV05Tests.test_transcripts_databento_accounts_and_orders_are_absent) ... ok
2026-09-12T21:02:01.3594196Z test_action_revisions_and_environment_are_pinned (test_sealed_historical_source_workflow_v06.SealedHistoricalSourceWorkflowV06Tests.test_action_revisions_and_environment_are_pinned) ... ok
2026-09-12T21:02:01.3597725Z test_checkpoint_is_uploaded_before_separate_provider_free_freeze (test_sealed_historical_source_workflow_v06.SealedHistoricalSourceWorkflowV06Tests.test_checkpoint_is_uploaded_before_separate_provider_free_freeze) ... ok
2026-09-12T21:02:01.3600414Z test_every_registered_runtime_artifact_triggers_push_validation (test_sealed_historical_source_workflow_v06.SealedHistoricalSourceWorkflowV06Tests.test_every_registered_runtime_artifact_triggers_push_validation) ... ok
2026-09-12T21:02:01.3602553Z test_inputs_are_trimmed_then_bound_to_exact_commit_tree_and_path (test_sealed_historical_source_workflow_v06.SealedHistoricalSourceWorkflowV06Tests.test_inputs_are_trimmed_then_bound_to_exact_commit_tree_and_path) ... ok
2026-09-12T21:02:01.3604605Z test_no_massive_identity_or_market_provider_stage_can_run (test_sealed_historical_source_workflow_v06.SealedHistoricalSourceWorkflowV06Tests.test_no_massive_identity_or_market_provider_stage_can_run) ... ok
2026-09-12T21:02:01.3606813Z test_parent_artifact_is_exact_and_recovery_precedes_provider_access (test_sealed_historical_source_workflow_v06.SealedHistoricalSourceWorkflowV06Tests.test_parent_artifact_is_exact_and_recovery_precedes_provider_access) ... ok
2026-09-12T21:02:01.3608400Z test_push_is_provider_free_and_manual_dispatch_is_attempt_one_only (test_sealed_historical_source_workflow_v06.SealedHistoricalSourceWorkflowV06Tests.test_push_is_provider_free_and_manual_dispatch_is_attempt_one_only) ... ok
2026-09-12T21:02:01.3609894Z test_transcripts_databento_accounts_and_orders_are_absent (test_sealed_historical_source_workflow_v06.SealedHistoricalSourceWorkflowV06Tests.test_transcripts_databento_accounts_and_orders_are_absent) ... ok
2026-09-12T21:02:01.3950778Z test_action_revisions_and_environment_are_pinned (test_sealed_historical_source_workflow_v07.SealedHistoricalSourceWorkflowV07Tests.test_action_revisions_and_environment_are_pinned) ... ok
2026-09-12T21:02:01.3953959Z test_checkpoint_is_uploaded_before_separate_provider_free_freeze (test_sealed_historical_source_workflow_v07.SealedHistoricalSourceWorkflowV07Tests.test_checkpoint_is_uploaded_before_separate_provider_free_freeze) ... ok
2026-09-12T21:02:01.3957021Z test_every_registered_runtime_artifact_triggers_push_validation (test_sealed_historical_source_workflow_v07.SealedHistoricalSourceWorkflowV07Tests.test_every_registered_runtime_artifact_triggers_push_validation) ... ok
2026-09-12T21:02:01.3959394Z test_inputs_are_trimmed_then_bound_to_exact_commit_tree_and_path (test_sealed_historical_source_workflow_v07.SealedHistoricalSourceWorkflowV07Tests.test_inputs_are_trimmed_then_bound_to_exact_commit_tree_and_path) ... ok
2026-09-12T21:02:01.3961937Z test_no_massive_identity_market_sec_or_float_provider_stage_can_run (test_sealed_historical_source_workflow_v07.SealedHistoricalSourceWorkflowV07Tests.test_no_massive_identity_market_sec_or_float_provider_stage_can_run) ... ok
2026-09-12T21:02:01.3964344Z test_parent_artifact_is_exact_and_recovery_precedes_provider_access (test_sealed_historical_source_workflow_v07.SealedHistoricalSourceWorkflowV07Tests.test_parent_artifact_is_exact_and_recovery_precedes_provider_access) ... ok
2026-09-12T21:02:01.3966856Z test_push_is_provider_free_and_manual_dispatch_is_attempt_one_only (test_sealed_historical_source_workflow_v07.SealedHistoricalSourceWorkflowV07Tests.test_push_is_provider_free_and_manual_dispatch_is_attempt_one_only) ... ok
2026-09-12T21:02:01.3969151Z test_transcripts_databento_accounts_and_orders_are_absent (test_sealed_historical_source_workflow_v07.SealedHistoricalSourceWorkflowV07Tests.test_transcripts_databento_accounts_and_orders_are_absent) ... ok
2026-09-12T21:02:01.4297863Z test_action_revisions_and_environment_are_pinned (test_sealed_historical_source_workflow_v08.SealedHistoricalSourceWorkflowV08Tests.test_action_revisions_and_environment_are_pinned) ... ok
2026-09-12T21:02:01.4300818Z test_checkpoint_is_uploaded_before_separate_provider_free_freeze (test_sealed_historical_source_workflow_v08.SealedHistoricalSourceWorkflowV08Tests.test_checkpoint_is_uploaded_before_separate_provider_free_freeze) ... ok
2026-09-12T21:02:01.4303360Z test_every_registered_runtime_artifact_triggers_push_validation (test_sealed_historical_source_workflow_v08.SealedHistoricalSourceWorkflowV08Tests.test_every_registered_runtime_artifact_triggers_push_validation) ... ok
2026-09-12T21:02:01.4305697Z test_inputs_are_trimmed_then_bound_to_exact_commit_tree_and_path (test_sealed_historical_source_workflow_v08.SealedHistoricalSourceWorkflowV08Tests.test_inputs_are_trimmed_then_bound_to_exact_commit_tree_and_path) ... ok
2026-09-12T21:02:01.4308106Z test_no_massive_identity_market_sec_or_float_provider_stage_can_run (test_sealed_historical_source_workflow_v08.SealedHistoricalSourceWorkflowV08Tests.test_no_massive_identity_market_sec_or_float_provider_stage_can_run) ... ok
2026-09-12T21:02:01.4309742Z test_parent_artifact_is_exact_and_recovery_precedes_provider_access (test_sealed_historical_source_workflow_v08.SealedHistoricalSourceWorkflowV08Tests.test_parent_artifact_is_exact_and_recovery_precedes_provider_access) ... ok
2026-09-12T21:02:01.4311358Z test_push_is_provider_free_and_manual_dispatch_is_attempt_one_only (test_sealed_historical_source_workflow_v08.SealedHistoricalSourceWorkflowV08Tests.test_push_is_provider_free_and_manual_dispatch_is_attempt_one_only) ... ok
2026-09-12T21:02:01.4312919Z test_transcripts_databento_accounts_and_orders_are_absent (test_sealed_historical_source_workflow_v08.SealedHistoricalSourceWorkflowV08Tests.test_transcripts_databento_accounts_and_orders_are_absent) ... ok
2026-09-12T21:02:01.4648800Z test_action_revisions_and_environment_are_pinned (test_sealed_historical_source_workflow_v09.SealedHistoricalSourceWorkflowV09Tests.test_action_revisions_and_environment_are_pinned) ... ok
2026-09-12T21:02:01.4651716Z test_checkpoint_is_uploaded_before_separate_provider_free_freeze (test_sealed_historical_source_workflow_v09.SealedHistoricalSourceWorkflowV09Tests.test_checkpoint_is_uploaded_before_separate_provider_free_freeze) ... ok
2026-09-12T21:02:01.4653907Z test_every_registered_runtime_artifact_triggers_push_validation (test_sealed_historical_source_workflow_v09.SealedHistoricalSourceWorkflowV09Tests.test_every_registered_runtime_artifact_triggers_push_validation) ... ok
2026-09-12T21:02:01.4656020Z test_inputs_are_trimmed_then_bound_to_exact_commit_tree_and_path (test_sealed_historical_source_workflow_v09.SealedHistoricalSourceWorkflowV09Tests.test_inputs_are_trimmed_then_bound_to_exact_commit_tree_and_path) ... ok
2026-09-12T21:02:01.4658917Z test_no_massive_identity_market_sec_or_float_provider_stage_can_run (test_sealed_historical_source_workflow_v09.SealedHistoricalSourceWorkflowV09Tests.test_no_massive_identity_market_sec_or_float_provider_stage_can_run) ... ok
2026-09-12T21:02:01.4661294Z test_parent_artifact_is_exact_and_recovery_precedes_provider_access (test_sealed_historical_source_workflow_v09.SealedHistoricalSourceWorkflowV09Tests.test_parent_artifact_is_exact_and_recovery_precedes_provider_access) ... ok
2026-09-12T21:02:01.4663455Z test_push_is_provider_free_and_manual_dispatch_is_attempt_one_only (test_sealed_historical_source_workflow_v09.SealedHistoricalSourceWorkflowV09Tests.test_push_is_provider_free_and_manual_dispatch_is_attempt_one_only) ... ok
2026-09-12T21:02:01.4665549Z test_transcripts_databento_accounts_and_orders_are_absent (test_sealed_historical_source_workflow_v09.SealedHistoricalSourceWorkflowV09Tests.test_transcripts_databento_accounts_and_orders_are_absent) ... ok
2026-09-12T21:02:01.4988321Z test_action_revisions_and_environment_are_pinned (test_sealed_historical_source_workflow_v10.SealedHistoricalSourceWorkflowV10Tests.test_action_revisions_and_environment_are_pinned) ... ok
2026-09-12T21:02:01.4991639Z test_checkpoint_is_uploaded_before_separate_provider_free_freeze (test_sealed_historical_source_workflow_v10.SealedHistoricalSourceWorkflowV10Tests.test_checkpoint_is_uploaded_before_separate_provider_free_freeze) ... ok
2026-09-12T21:02:01.4994668Z test_every_registered_runtime_artifact_triggers_push_validation (test_sealed_historical_source_workflow_v10.SealedHistoricalSourceWorkflowV10Tests.test_every_registered_runtime_artifact_triggers_push_validation) ... ok
2026-09-12T21:02:01.4997175Z test_inputs_are_trimmed_then_bound_to_exact_commit_tree_and_path (test_sealed_historical_source_workflow_v10.SealedHistoricalSourceWorkflowV10Tests.test_inputs_are_trimmed_then_bound_to_exact_commit_tree_and_path) ... ok
2026-09-12T21:02:01.4999105Z test_only_scanner_provider_stage_can_run (test_sealed_historical_source_workflow_v10.SealedHistoricalSourceWorkflowV10Tests.test_only_scanner_provider_stage_can_run) ... ok
2026-09-12T21:02:01.5001047Z test_parent_artifact_is_exact_and_recovery_precedes_provider_access (test_sealed_historical_source_workflow_v10.SealedHistoricalSourceWorkflowV10Tests.test_parent_artifact_is_exact_and_recovery_precedes_provider_access) ... ok
2026-09-12T21:02:01.5003206Z test_push_is_provider_free_and_manual_dispatch_is_attempt_one_only (test_sealed_historical_source_workflow_v10.SealedHistoricalSourceWorkflowV10Tests.test_push_is_provider_free_and_manual_dispatch_is_attempt_one_only) ... ok
2026-09-12T21:02:01.5005284Z test_transcripts_databento_accounts_and_orders_are_absent (test_sealed_historical_source_workflow_v10.SealedHistoricalSourceWorkflowV10Tests.test_transcripts_databento_accounts_and_orders_are_absent) ... ok
2026-09-12T21:02:01.5143814Z test_action_revisions_are_pinned (test_sealed_historical_source_workflow_v11.SealedHistoricalSourceWorkflowV11Tests.test_action_revisions_are_pinned) ... ok
2026-09-12T21:02:01.5147098Z test_exact_parent_checkpoint_is_fetched_once_and_deeply_validated (test_sealed_historical_source_workflow_v11.SealedHistoricalSourceWorkflowV11Tests.test_exact_parent_checkpoint_is_fetched_once_and_deeply_validated) ... ok
2026-09-12T21:02:01.5149293Z test_no_provider_credentials_or_provider_entrypoint_exists (test_sealed_historical_source_workflow_v11.SealedHistoricalSourceWorkflowV11Tests.test_no_provider_credentials_or_provider_entrypoint_exists) ... ok
2026-09-12T21:02:01.5151340Z test_push_runs_validation_only_and_manual_freeze_is_attempt_one (test_sealed_historical_source_workflow_v11.SealedHistoricalSourceWorkflowV11Tests.test_push_runs_validation_only_and_manual_freeze_is_attempt_one) ... ok
2026-09-12T21:02:01.5153448Z test_scanner_freeze_precedes_identity_compatible_final_replay (test_sealed_historical_source_workflow_v11.SealedHistoricalSourceWorkflowV11Tests.test_scanner_freeze_precedes_identity_compatible_final_replay) ... ok
2026-09-12T21:02:01.5296670Z test_action_revisions_are_pinned (test_sealed_historical_source_workflow_v12.SealedHistoricalSourceWorkflowV12Tests.test_action_revisions_are_pinned) ... ok
2026-09-12T21:02:01.5299553Z test_exact_parent_checkpoint_is_fetched_once_and_deeply_validated (test_sealed_historical_source_workflow_v12.SealedHistoricalSourceWorkflowV12Tests.test_exact_parent_checkpoint_is_fetched_once_and_deeply_validated) ... ok
2026-09-12T21:02:01.5302095Z test_no_provider_credentials_or_provider_entrypoint_exists (test_sealed_historical_source_workflow_v12.SealedHistoricalSourceWorkflowV12Tests.test_no_provider_credentials_or_provider_entrypoint_exists) ... ok
2026-09-12T21:02:01.5304167Z test_push_runs_validation_only_and_manual_freeze_is_attempt_one (test_sealed_historical_source_workflow_v12.SealedHistoricalSourceWorkflowV12Tests.test_push_runs_validation_only_and_manual_freeze_is_attempt_one) ... ok
2026-09-12T21:02:01.5306262Z test_same_step_environment_comparison_uses_explicit_venv_python (test_sealed_historical_source_workflow_v12.SealedHistoricalSourceWorkflowV12Tests.test_same_step_environment_comparison_uses_explicit_venv_python) ... ok
2026-09-12T21:02:01.5309138Z test_scanner_freeze_precedes_identity_compatible_final_replay (test_sealed_historical_source_workflow_v12.SealedHistoricalSourceWorkflowV12Tests.test_scanner_freeze_precedes_identity_compatible_final_replay) ... ok
2026-09-12T21:02:01.5475105Z test_action_revisions_are_pinned (test_sealed_historical_source_workflow_v13.SealedHistoricalSourceWorkflowV13Tests.test_action_revisions_are_pinned) ... ok
2026-09-12T21:02:01.5477633Z test_early_preflight_and_intermediate_are_durable_gates (test_sealed_historical_source_workflow_v13.SealedHistoricalSourceWorkflowV13Tests.test_early_preflight_and_intermediate_are_durable_gates) ... ok
2026-09-12T21:02:01.5480162Z test_exact_parent_checkpoint_is_fetched_once_and_deeply_validated (test_sealed_historical_source_workflow_v13.SealedHistoricalSourceWorkflowV13Tests.test_exact_parent_checkpoint_is_fetched_once_and_deeply_validated) ... ok
2026-09-12T21:02:01.5482259Z test_no_provider_credentials_or_provider_entrypoint_exists (test_sealed_historical_source_workflow_v13.SealedHistoricalSourceWorkflowV13Tests.test_no_provider_credentials_or_provider_entrypoint_exists) ... ok
2026-09-12T21:02:01.5644774Z test_prelaunch_e2e_is_push_only_provider_free_and_never_final (test_sealed_historical_source_workflow_v13.SealedHistoricalSourceWorkflowV13Tests.test_prelaunch_e2e_is_push_only_provider_free_and_never_final) ... ok
2026-09-12T21:02:01.5647882Z test_push_runs_validation_only_and_manual_freeze_is_attempt_one (test_sealed_historical_source_workflow_v13.SealedHistoricalSourceWorkflowV13Tests.test_push_runs_validation_only_and_manual_freeze_is_attempt_one) ... ok
2026-09-12T21:02:01.5650859Z test_same_step_environment_comparison_uses_explicit_venv_python (test_sealed_historical_source_workflow_v13.SealedHistoricalSourceWorkflowV13Tests.test_same_step_environment_comparison_uses_explicit_venv_python) ... ok
2026-09-12T21:02:01.5653384Z test_scanner_freeze_precedes_identity_compatible_final_replay (test_sealed_historical_source_workflow_v13.SealedHistoricalSourceWorkflowV13Tests.test_scanner_freeze_precedes_identity_compatible_final_replay) ... ok
2026-09-12T21:02:01.5655365Z test_scientific_commands_have_network_process_guard (test_sealed_historical_source_workflow_v13.SealedHistoricalSourceWorkflowV13Tests.test_scientific_commands_have_network_process_guard) ... ok
2026-09-12T21:02:01.5657453Z test_corpus_manifest_commits_to_all_records_without_leaking_values (test_sealed_historical_walk_forward.SealedHistoricalWalkForwardTests.test_corpus_manifest_commits_to_all_records_without_leaking_values) ... ok
2026-09-12T21:02:01.5666965Z test_corpus_or_exclusion_tamper_breaks_parent_binding (test_sealed_historical_walk_forward.SealedHistoricalWalkForwardTests.test_corpus_or_exclusion_tamper_breaks_parent_binding) ... ok
2026-09-12T21:02:01.5670745Z test_known_seed_and_diagnostic_dates_are_excluded (test_sealed_historical_walk_forward.SealedHistoricalWalkForwardTests.test_known_seed_and_diagnostic_dates_are_excluded) ... ok
2026-09-12T21:02:01.5685846Z test_prior_date_scan_is_broad_and_content_bound (test_sealed_historical_walk_forward.SealedHistoricalWalkForwardTests.test_prior_date_scan_is_broad_and_content_bound) ... ok
2026-09-12T21:02:01.5688265Z test_prospective_panel_is_terminally_closed_without_false_zeroes (test_sealed_historical_walk_forward.SealedHistoricalWalkForwardTests.test_prospective_panel_is_terminally_closed_without_false_zeroes) ... ok
2026-09-12T21:02:01.5763350Z test_raw_transcript_files_are_not_committed (test_sealed_historical_walk_forward.SealedHistoricalWalkForwardTests.test_raw_transcript_files_are_not_committed) ... ok
2026-09-12T21:02:01.5781090Z test_registered_bundle_is_valid_and_parent_bound (test_sealed_historical_walk_forward.SealedHistoricalWalkForwardTests.test_registered_bundle_is_valid_and_parent_bound) ... ok
2026-09-12T21:02:01.5784506Z test_registration_audit_binds_exact_files_and_zero_authority (test_sealed_historical_walk_forward.SealedHistoricalWalkForwardTests.test_registration_audit_binds_exact_files_and_zero_authority) ... ok
2026-09-12T21:02:01.5804812Z test_rehashed_date_substitution_still_fails (test_sealed_historical_walk_forward.SealedHistoricalWalkForwardTests.test_rehashed_date_substitution_still_fails) ... ok
2026-09-12T21:02:01.5815413Z test_rehashed_retrospective_key_still_fails (test_sealed_historical_walk_forward.SealedHistoricalWalkForwardTests.test_rehashed_retrospective_key_still_fails) ... ok
2026-09-12T21:02:01.5818205Z test_remote_validation_audit_is_exact_and_provider_free (test_sealed_historical_walk_forward.SealedHistoricalWalkForwardTests.test_remote_validation_audit_is_exact_and_provider_free) ... ok
2026-09-12T21:02:01.5821109Z test_runtime_registers_all_360_cells_without_best_cell_selection (test_sealed_historical_walk_forward.SealedHistoricalWalkForwardTests.test_runtime_registers_all_360_cells_without_best_cell_selection) ... ok
2026-09-12T21:02:01.5824771Z test_selection_is_exactly_30_full_unseen_sessions (test_sealed_historical_walk_forward.SealedHistoricalWalkForwardTests.test_selection_is_exactly_30_full_unseen_sessions) ... ok
2026-09-12T21:02:01.5834974Z test_selection_is_recomputed_from_only_frozen_inputs (test_sealed_historical_walk_forward.SealedHistoricalWalkForwardTests.test_selection_is_recomputed_from_only_frozen_inputs) ... ok
2026-09-12T21:02:01.5841059Z test_structural_manifest_builder_never_emits_record_values (test_sealed_historical_walk_forward.SealedHistoricalWalkForwardTests.test_structural_manifest_builder_never_emits_record_values) ... ok
2026-09-12T21:02:01.6524933Z test_validation_cli_is_provider_free (test_sealed_historical_walk_forward.SealedHistoricalWalkForwardTests.test_validation_cli_is_provider_free) ... ok
2026-09-12T21:02:01.6530309Z test_write_once_refuses_overwrite (test_sealed_historical_walk_forward.SealedHistoricalWalkForwardTests.test_write_once_refuses_overwrite) ... ok
2026-09-12T21:02:01.6542954Z test_resolves_ticker_and_parses_facts_without_extracting_zip (test_sec_bulk.SecBulkTests.test_resolves_ticker_and_parses_facts_without_extracting_zip) ... ok
2026-09-12T21:02:01.6549759Z test_unknown_ticker_returns_none (test_sec_bulk.SecBulkTests.test_unknown_ticker_returns_none) ... ok
2026-09-12T21:02:01.6551584Z test_acceptance_time_controls_information_availability (test_sec_edgar.SecEdgarFloatTests.test_acceptance_time_controls_information_availability) ... ok
2026-09-12T21:02:01.6560396Z test_client_fails_before_network_without_declared_identity (test_sec_edgar.SecEdgarFloatTests.test_client_fails_before_network_without_declared_identity) ... ok
2026-09-12T21:02:01.6567661Z test_client_reads_declared_identity_from_environment (test_sec_edgar.SecEdgarFloatTests.test_client_reads_declared_identity_from_environment) ... ok
2026-09-12T21:02:01.6569271Z test_client_requires_declared_contact_email (test_sec_edgar.SecEdgarFloatTests.test_client_requires_declared_contact_email) ... ok
2026-09-12T21:02:01.6570977Z test_duplicate_companyfacts_rows_are_deduplicated (test_sec_edgar.SecEdgarFloatTests.test_duplicate_companyfacts_rows_are_deduplicated) ... ok
2026-09-12T21:02:01.6573151Z test_public_float_is_converted_from_dollars_to_implied_shares (test_sec_edgar.SecEdgarFloatTests.test_public_float_is_converted_from_dollars_to_implied_shares) ... ok
2026-09-12T21:02:01.6575355Z test_roll_forward_does_not_reduce_float_on_buyback_without_new_annual_float (test_sec_edgar.SecEdgarFloatTests.test_roll_forward_does_not_reduce_float_on_buyback_without_new_annual_float) ... ok
2026-09-12T21:02:01.6577691Z test_roll_forward_raises_float_after_net_share_issuance (test_sec_edgar.SecEdgarFloatTests.test_roll_forward_raises_float_after_net_share_issuance) ... ok
2026-09-12T21:02:01.6579773Z test_missing_public_float_can_pass_only_from_outstanding_upper_bound (test_sec_float_join.SecFloatJoinTests.test_missing_public_float_can_pass_only_from_outstanding_upper_bound) ... ok
2026-09-12T21:02:01.6581140Z test_outstanding_above_limit_without_public_float_remains_unknown (test_sec_float_join.SecFloatJoinTests.test_outstanding_above_limit_without_public_float_remains_unknown) ... ok
2026-09-12T21:02:01.6582316Z test_reverse_split_share_basis_normalization (test_sec_float_join.SecFloatJoinTests.test_reverse_split_share_basis_normalization) ... ok
2026-09-12T21:02:01.6735330Z test_future_outcome_columns_cannot_change_selection (test_select_micro_activity_cohort.MicroActivityCohortSelectionTests.test_future_outcome_columns_cannot_change_selection) ... ok
2026-09-12T21:02:01.6809146Z test_rejects_bar_start_masquerading_as_decision_time (test_select_micro_activity_cohort.MicroActivityCohortSelectionTests.test_rejects_bar_start_masquerading_as_decision_time) ... ok
2026-09-12T21:02:01.6880260Z test_selects_earliest_qualification_with_symbol_tie_break (test_select_micro_activity_cohort.MicroActivityCohortSelectionTests.test_selects_earliest_qualification_with_symbol_tie_break) ... ok
2026-09-12T21:02:01.6919018Z test_break_below_vwap_or_ema_rejected (test_setup.SetupTests.test_break_below_vwap_or_ema_rejected) ... ok
2026-09-12T21:02:01.6955071Z test_deep_retrace_rejected (test_setup.SetupTests.test_deep_retrace_rejected) ... ok
2026-09-12T21:02:01.7103670Z test_future_bar_does_not_change_existing_plan (test_setup.SetupTests.test_future_bar_does_not_change_existing_plan) ... ok
2026-09-12T21:02:01.7174820Z test_heavy_pullback_volume_rejected (test_setup.SetupTests.test_heavy_pullback_volume_rejected) ... ok
2026-09-12T21:02:01.7288528Z test_prior_bars_warm_indicators_without_entering_session_vwap_geometry (test_setup.SetupTests.test_prior_bars_warm_indicators_without_entering_session_vwap_geometry) ... ok
2026-09-12T21:02:01.7359368Z test_valid_pullback_builds_next_bar_plan (test_setup.SetupTests.test_valid_pullback_builds_next_bar_plan) ... ok
2026-09-12T21:02:01.7382662Z test_conditional_asset_master_universe_is_rejected_by_default (test_snapshot.SnapshotTests.test_conditional_asset_master_universe_is_rejected_by_default) ... ok
2026-09-12T21:02:01.7453816Z test_conditional_asset_master_universe_requires_explicit_opt_in (test_snapshot.SnapshotTests.test_conditional_asset_master_universe_requires_explicit_opt_in) ... ok
2026-09-12T21:02:01.7479395Z test_conditional_universe_asset_master_tampering_fails_closed (test_snapshot.SnapshotTests.test_conditional_universe_asset_master_tampering_fails_closed) ... ok
2026-09-12T21:02:01.7501558Z test_conditional_universe_must_prohibit_policy_promotion (test_snapshot.SnapshotTests.test_conditional_universe_must_prohibit_policy_promotion) ... ok
2026-09-12T21:02:01.7522132Z test_contradictory_universe_claim_fails_closed (test_snapshot.SnapshotTests.test_contradictory_universe_claim_fails_closed) ... ok
2026-09-12T21:02:01.7552532Z test_float_without_asof_fails_closed (test_snapshot.SnapshotTests.test_float_without_asof_fails_closed) ... ok
2026-09-12T21:02:01.7619609Z test_indicator_warmup_is_optional_and_loaded_separately (test_snapshot.SnapshotTests.test_indicator_warmup_is_optional_and_loaded_separately) ... ok
2026-09-12T21:02:01.7621506Z test_missing_structure_fails_closed (test_snapshot.SnapshotTests.test_missing_structure_fails_closed) ... ok
2026-09-12T21:02:01.7705810Z test_point_in_time_float_and_news_are_loaded (test_snapshot.SnapshotTests.test_point_in_time_float_and_news_are_loaded) ... ok
2026-09-12T21:02:01.7726681Z test_snapshot_requires_explicit_complete_universe (test_snapshot.SnapshotTests.test_snapshot_requires_explicit_complete_universe) ... ok
2026-09-12T21:02:01.7800079Z test_matrix_is_hash_bound_and_covers_every_promoted_rule_once (test_strategy_coverage.StrategyCoverageTests.test_matrix_is_hash_bound_and_covers_every_promoted_rule_once) ... ok
2026-09-12T21:02:01.7818636Z test_missing_implementation_artifact_fails_closed (test_strategy_coverage.StrategyCoverageTests.test_missing_implementation_artifact_fails_closed) ... ok
2026-09-12T21:02:01.7822220Z test_permanent_audit_binds_coverage_deliverables (test_strategy_coverage.StrategyCoverageTests.test_permanent_audit_binds_coverage_deliverables) ... ok
2026-09-12T21:02:01.7886339Z test_unknown_rule_and_overclaim_fail_closed (test_strategy_coverage.StrategyCoverageTests.test_unknown_rule_and_overclaim_fail_closed) ... ok
2026-09-12T21:02:01.8033819Z test_audit_binds_delta_and_supporting_files (test_strategy_coverage_v02.StrategyCoverageV02Tests.test_audit_binds_delta_and_supporting_files) ... ok
2026-09-12T21:02:01.8036624Z test_delta_is_hash_bound_and_runtime_inert (test_strategy_coverage_v02.StrategyCoverageV02Tests.test_delta_is_hash_bound_and_runtime_inert) ... ok
2026-09-12T21:02:01.8039609Z test_engineering_progress_is_partial_and_research_only (test_strategy_coverage_v02.StrategyCoverageV02Tests.test_engineering_progress_is_partial_and_research_only) ... ok
2026-09-12T21:02:01.8042998Z test_only_registered_domains_change_from_frozen_parent (test_strategy_coverage_v02.StrategyCoverageV02Tests.test_only_registered_domains_change_from_frozen_parent) ... ok
2026-09-12T21:02:01.8045487Z test_resolved_summary_recomputes_without_overclaim (test_strategy_coverage_v02.StrategyCoverageV02Tests.test_resolved_summary_recomputes_without_overclaim) ... ok
2026-09-12T21:02:01.8047276Z test_unregistered_domain_or_authority_overclaim_fails_closed (test_strategy_coverage_v02.StrategyCoverageV02Tests.test_unregistered_domain_or_authority_overclaim_fails_closed) ... ok
2026-09-12T21:02:01.8077893Z test_panel_separates_zero_activity_from_unavailable_data (test_summarize_discretion_heldout_micro_runtime.SummarizeDiscretionHeldoutMicroRuntimeTests.test_panel_separates_zero_activity_from_unavailable_data) ... ok
2026-09-12T21:02:01.8102112Z test_tampered_frozen_input_fails_closed (test_summarize_discretion_heldout_micro_runtime.SummarizeDiscretionHeldoutMicroRuntimeTests.test_tampered_frozen_input_fails_closed) ... ok
2026-09-12T21:02:01.8114065Z test_aggregates_predeclared_paired_activity_deltas (test_summarize_micro_activity_cohort.MicroActivityCohortSummaryTests.test_aggregates_predeclared_paired_activity_deltas) ... ok
2026-09-12T21:02:01.8126063Z test_rejects_mixed_selection_provenance (test_summarize_micro_activity_cohort.MicroActivityCohortSummaryTests.test_rejects_mixed_selection_provenance) ... ok
2026-09-12T21:02:01.8141794Z test_builds_boundary_control_without_inventing_scored_dimensions (test_summarize_micro_control_cells.MicroControlSummaryTests.test_builds_boundary_control_without_inventing_scored_dimensions) ... ok
2026-09-12T21:02:01.8157324Z test_rejects_mixed_control_identity (test_summarize_micro_control_cells.MicroControlSummaryTests.test_rejects_mixed_control_identity) ... ok
2026-09-12T21:02:01.8170510Z test_adapter_requires_frozen_artifact_hash_and_has_no_authority (test_theme_regime_context.ThemeRegimeContextTests.test_adapter_requires_frozen_artifact_hash_and_has_no_authority) ... ok
2026-09-12T21:02:01.8178851Z test_builder_measures_same_minute_news_and_leadership_without_label (test_theme_regime_context.ThemeRegimeContextTests.test_builder_measures_same_minute_news_and_leadership_without_label) ... ok
2026-09-12T21:02:01.8181429Z test_completed_session_summary_is_hash_bound_and_accounted (test_theme_regime_context.ThemeRegimeContextTests.test_completed_session_summary_is_hash_bound_and_accounted) ... ok
2026-09-12T21:02:01.8183962Z test_contract_freezes_observations_but_no_semantic_threshold (test_theme_regime_context.ThemeRegimeContextTests.test_contract_freezes_observations_but_no_semantic_threshold) ... ok
2026-09-12T21:02:01.8191283Z test_cross_candidate_story_is_association_not_theme_classification (test_theme_regime_context.ThemeRegimeContextTests.test_cross_candidate_story_is_association_not_theme_classification) ... ok
2026-09-12T21:02:01.8199074Z test_future_scanner_rows_and_headlines_cannot_enter_decision_packet (test_theme_regime_context.ThemeRegimeContextTests.test_future_scanner_rows_and_headlines_cannot_enter_decision_packet) ... ok
2026-09-12T21:02:01.8202536Z test_prior_summary_must_strictly_precede_current_session (test_theme_regime_context.ThemeRegimeContextTests.test_prior_summary_must_strictly_precede_current_session) ... ok
2026-09-12T21:02:01.8204998Z test_registration_audit_binds_contract_without_promotion (test_theme_regime_context.ThemeRegimeContextTests.test_registration_audit_binds_contract_without_promotion) ... ok
2026-09-12T21:02:01.8221384Z test_tamper_fails_hash_and_deterministic_reconstruction (test_theme_regime_context.ThemeRegimeContextTests.test_tamper_fails_hash_and_deterministic_reconstruction) ... ok
2026-09-12T21:02:01.8286775Z test_frozen_result_is_complete_and_non_promotable (test_trade_management_sensitivity.TradeManagementSensitivityContractTests.test_frozen_result_is_complete_and_non_promotable) ... ok
2026-09-12T21:02:01.8290135Z test_registration_and_evidence_are_hash_bound (test_trade_management_sensitivity.TradeManagementSensitivityContractTests.test_registration_and_evidence_are_hash_bound) ... ok
2026-09-12T21:02:01.8294639Z test_result_driven_cell_or_status_change_fails_closed (test_trade_management_sensitivity.TradeManagementSensitivityContractTests.test_result_driven_cell_or_status_change_fails_closed) ... ok
2026-09-12T21:02:01.8340665Z test_completed_red_signal_has_priority_over_target_on_same_print (test_trade_management_shadow.TradeManagementShadowTests.test_completed_red_signal_has_priority_over_target_on_same_print) ... ok
2026-09-12T21:02:01.8374913Z test_frozen_fill_must_be_present_in_execution_path (test_trade_management_shadow.TradeManagementShadowTests.test_frozen_fill_must_be_present_in_execution_path) ... ok
2026-09-12T21:02:01.8421422Z test_half_at_two_r_moves_only_remainder_stop_to_actual_fill (test_trade_management_shadow.TradeManagementShadowTests.test_half_at_two_r_moves_only_remainder_stop_to_actual_fill) ... ok
2026-09-12T21:02:01.8465988Z test_initial_stop_precedes_later_red_signal (test_trade_management_shadow.TradeManagementShadowTests.test_initial_stop_precedes_later_red_signal) ... ok
2026-09-12T21:02:01.8511035Z test_red_candle_is_usable_only_after_bar_completion (test_trade_management_shadow.TradeManagementShadowTests.test_red_candle_is_usable_only_after_bar_completion) ... ok
2026-09-12T21:02:01.8513080Z test_registered_cells_are_exact_and_unknown_cell_fails_closed (test_trade_management_shadow.TradeManagementShadowTests.test_registered_cells_are_exact_and_unknown_cell_fails_closed) ... ok
2026-09-12T21:02:01.8556162Z test_unresolved_runner_is_not_liquidated_at_end_of_data (test_trade_management_shadow.TradeManagementShadowTests.test_unresolved_runner_is_not_liquidated_at_end_of_data) ... ok
2026-09-12T21:02:01.8558148Z 
2026-09-12T21:02:01.8558406Z ----------------------------------------------------------------------
2026-09-12T21:02:01.8559019Z Ran 2816 tests in 426.973s
2026-09-12T21:02:01.8559361Z 
2026-09-12T21:02:01.8559553Z OK (skipped=73)
2026-09-12T21:02:01.8561452Z {
2026-09-12T21:02:01.8561767Z   "accepted_ticker_counts": {
2026-09-12T21:02:01.8562132Z     "2025-04-03": 1,
2026-09-12T21:02:01.8562428Z     "2025-10-01": 1,
2026-09-12T21:02:01.8562729Z     "2026-07-09": 1
2026-09-12T21:02:01.8563008Z   },
2026-09-12T21:02:01.8563359Z   "artifact_id": "identity-resolved-universe-v0.1",
2026-09-12T21:02:01.8563827Z   "dates": [
2026-09-12T21:02:01.8564099Z     "2025-04-03",
2026-09-12T21:02:01.8564583Z     "2025-10-01",
2026-09-12T21:02:01.8564859Z     "2026-07-09"
2026-09-12T21:02:01.8565192Z   ],
2026-09-12T21:02:01.8565490Z   "quarantine_ticker_counts": {
2026-09-12T21:02:01.8565827Z     "2025-04-03": 0,
2026-09-12T21:02:01.8566110Z     "2025-10-01": 0,
2026-09-12T21:02:01.8566623Z     "2026-07-09": 0
2026-09-12T21:02:01.8567026Z   },
2026-09-12T21:02:01.8567293Z   "universe_complete": false
2026-09-12T21:02:01.8567615Z }
2026-09-12T21:02:01.8567849Z {
2026-09-12T21:02:01.8568216Z   "artifact_id": "sealed-historical-source-checkpoint-v0.2",
2026-09-12T21:02:01.8568706Z   "authorization": {
2026-09-12T21:02:01.8569320Z     "authorization_content_sha256": "2f83520b40a7b1699e2b07c8e90fa9d321db5dac86ce7e178ea1c132b23a677d",
2026-09-12T21:02:01.8570180Z     "authorization_id": "sealed-historical-source-acquisition-v0.5"
2026-09-12T21:02:01.8570692Z   },
2026-09-12T21:02:01.8571174Z   "content_sha256": "1a7d97534906d26dda723e2f0f43813b10ae0860648045623b96260ca4727e07",
2026-09-12T21:02:01.8571778Z   "file_count": 706,
2026-09-12T21:02:01.8572076Z   "provider_calls": 0,
2026-09-12T21:02:01.8572393Z   "total_retained_bytes": 30232
2026-09-12T21:02:01.8572719Z }
2026-09-12T21:02:01.8572953Z {
2026-09-12T21:02:01.8573315Z   "artifact_id": "sealed-historical-source-checkpoint-v0.2",
2026-09-12T21:02:01.8574014Z   "content_sha256": "1a7d97534906d26dda723e2f0f43813b10ae0860648045623b96260ca4727e07",
2026-09-12T21:02:01.8574615Z   "provider_calls": 0,
2026-09-12T21:02:01.8574941Z   "validated_existing": true
2026-09-12T21:02:01.8575255Z }
2026-09-12T21:02:01.8575487Z {
2026-09-12T21:02:01.8575845Z   "artifact_id": "sealed-historical-source-checkpoint-v0.3",
2026-09-12T21:02:01.8576192Z   "authorization": {
2026-09-12T21:02:01.8576900Z     "authorization_content_sha256": "0e80cba0f8efce48f857a8e64c6dac742b394b08ae787d1ecda4be33b8722a48",
2026-09-12T21:02:01.8577499Z     "authorization_id": "sealed-historical-source-acquisition-v0.6"
2026-09-12T21:02:01.8577847Z   },
2026-09-12T21:02:01.8578172Z   "content_sha256": "eb2921cf8a5d0b739e6fc323b5e46390ba90665716f215f2de509ab299028783",
2026-09-12T21:02:01.8578589Z   "file_count": 706,
2026-09-12T21:02:01.8578803Z   "provider_calls": 0,
2026-09-12T21:02:01.8579025Z   "total_retained_bytes": 30232
2026-09-12T21:02:01.8579247Z }
2026-09-12T21:02:01.8579405Z {
2026-09-12T21:02:01.8579659Z   "artifact_id": "sealed-historical-source-checkpoint-v0.3",
2026-09-12T21:02:01.8580142Z   "content_sha256": "eb2921cf8a5d0b739e6fc323b5e46390ba90665716f215f2de509ab299028783",
2026-09-12T21:02:01.8580567Z   "provider_calls": 0,
2026-09-12T21:02:01.8580793Z   "validated_existing": true
2026-09-12T21:02:01.8581011Z }
2026-09-12T21:02:01.8581173Z {
2026-09-12T21:02:01.8581428Z   "artifact_id": "sealed-historical-source-checkpoint-v0.3",
2026-09-12T21:02:01.8581776Z   "authorization": {
2026-09-12T21:02:01.8582211Z     "authorization_content_sha256": "9bbedaa836b748b0102f22229448857bc47bbcd5fb776c2ebbc1ea97b431ef82",
2026-09-12T21:02:01.8582803Z     "authorization_id": "sealed-historical-source-acquisition-v0.7"
2026-09-12T21:02:01.8583157Z   },
2026-09-12T21:02:01.8583486Z   "content_sha256": "5ad67710720f91baab42c4c1a4fc715382b9b88677e441fdeae73c401542238b",
2026-09-12T21:02:01.8583898Z   "file_count": 706,
2026-09-12T21:02:01.8584104Z   "provider_calls": 0,
2026-09-12T21:02:01.8584321Z   "total_retained_bytes": 30232
2026-09-12T21:02:01.8584545Z }
2026-09-12T21:02:01.8584704Z {
2026-09-12T21:02:01.8584963Z   "artifact_id": "sealed-historical-source-checkpoint-v0.3",
2026-09-12T21:02:01.8585454Z   "content_sha256": "5ad67710720f91baab42c4c1a4fc715382b9b88677e441fdeae73c401542238b",
2026-09-12T21:02:01.8585865Z   "provider_calls": 0,
2026-09-12T21:02:01.8586084Z   "validated_existing": true
2026-09-12T21:02:01.8586302Z }
2026-09-12T21:02:01.8586595Z {
2026-09-12T21:02:01.8586852Z   "artifact_id": "sealed-historical-source-checkpoint-v0.3",
2026-09-12T21:02:01.8587184Z   "authorization": {
2026-09-12T21:02:01.8587604Z     "authorization_content_sha256": "8b4220f7cb52e155f321e6e1ac16cf3bf2cbaf9c765857ee4a7407e553c741e8",
2026-09-12T21:02:01.8588303Z     "authorization_id": "sealed-historical-source-acquisition-v0.8"
2026-09-12T21:02:01.8588661Z   },
2026-09-12T21:02:01.8588997Z   "content_sha256": "b99cb477631a712a4ec7f33e60c347272237b9b23f97685552fe421ef30b18a4",
2026-09-12T21:02:01.8589401Z   "file_count": 706,
2026-09-12T21:02:01.8589607Z   "provider_calls": 0,
2026-09-12T21:02:01.8589823Z   "total_retained_bytes": 30232
2026-09-12T21:02:01.8590044Z }
2026-09-12T21:02:01.8590200Z {
2026-09-12T21:02:01.8590446Z   "artifact_id": "sealed-historical-source-checkpoint-v0.3",
2026-09-12T21:02:01.8590921Z   "content_sha256": "b99cb477631a712a4ec7f33e60c347272237b9b23f97685552fe421ef30b18a4",
2026-09-12T21:02:01.8591325Z   "provider_calls": 0,
2026-09-12T21:02:01.8591561Z   "validated_existing": true
2026-09-12T21:02:01.8591786Z }
2026-09-12T21:02:01.8591944Z {
2026-09-12T21:02:01.8592196Z   "artifact_id": "sealed-historical-source-checkpoint-v0.3",
2026-09-12T21:02:01.8592531Z   "authorization": {
2026-09-12T21:02:01.8592948Z     "authorization_content_sha256": "485958a1b1671f6ce2c64c1d1c156b25b6f5639be1663dc7f2427f880dd4782f",
2026-09-12T21:02:01.8593518Z     "authorization_id": "sealed-historical-source-acquisition-v0.9"
2026-09-12T21:02:01.8593863Z   },
2026-09-12T21:02:01.8594188Z   "content_sha256": "7af5f485faf96123abea8300f5e4cf9ed8738b11ab39d1404765c99f92d759be",
2026-09-12T21:02:01.8594605Z   "file_count": 706,
2026-09-12T21:02:01.8594807Z   "provider_calls": 0,
2026-09-12T21:02:01.8595048Z   "total_retained_bytes": 30232
2026-09-12T21:02:01.8595272Z }
2026-09-12T21:02:01.8595434Z {
2026-09-12T21:02:01.8595682Z   "artifact_id": "sealed-historical-source-checkpoint-v0.3",
2026-09-12T21:02:01.8596279Z   "content_sha256": "7af5f485faf96123abea8300f5e4cf9ed8738b11ab39d1404765c99f92d759be",
2026-09-12T21:02:01.8596818Z   "provider_calls": 0,
2026-09-12T21:02:01.8597038Z   "validated_existing": true
2026-09-12T21:02:01.8597255Z }
2026-09-12T21:02:01.8597411Z {
2026-09-12T21:02:01.8597663Z   "artifact_id": "sealed-historical-source-checkpoint-v0.3",
2026-09-12T21:02:01.8597996Z   "authorization": {
2026-09-12T21:02:01.8598410Z     "authorization_content_sha256": "0c72bb07242bbd447f05fee41cf271d9ea1b4da23e88c4c10865b1eb5ae7f824",
2026-09-12T21:02:01.8598988Z     "authorization_id": "sealed-historical-source-acquisition-v0.10"
2026-09-12T21:02:01.8599337Z   },
2026-09-12T21:02:01.8599667Z   "content_sha256": "1135e738c0c56ed970f87593b403e85e854c3f11c1e6b06d235f2ccc7b5d63fe",
2026-09-12T21:02:01.8600067Z   "file_count": 706,
2026-09-12T21:02:01.8600267Z   "provider_calls": 0,
2026-09-12T21:02:01.8600479Z   "total_retained_bytes": 30232
2026-09-12T21:02:01.8600698Z }
2026-09-12T21:02:01.8600858Z {
2026-09-12T21:02:01.8601112Z   "artifact_id": "sealed-historical-source-checkpoint-v0.3",
2026-09-12T21:02:01.8601589Z   "content_sha256": "1135e738c0c56ed970f87593b403e85e854c3f11c1e6b06d235f2ccc7b5d63fe",
2026-09-12T21:02:01.8601995Z   "provider_calls": 0,
2026-09-12T21:02:01.8602213Z   "validated_existing": true
2026-09-12T21:02:01.8602432Z }
2026-09-12T21:02:01.8602590Z {
2026-09-12T21:02:01.8602858Z   "acquisition_profile_union_id": "historical-profile-union-v0.1",
2026-09-12T21:02:01.8603288Z   "all_source_inputs_frozen_before_scanner_validation": true,
2026-09-12T21:02:01.8603671Z   "artifact_id": "causal-scanner-source-inputs-v0.2",
2026-09-12T21:02:01.8604131Z   "content_sha256": "af8289933a007b21f355b378ca1599490d28b4df4ec8d95f5743bf290b43ef9b",
2026-09-12T21:02:01.8604528Z   "dates": [
2026-09-12T21:02:01.8604711Z     "2025-04-03"
2026-09-12T21:02:01.8604890Z   ],
2026-09-12T21:02:01.8605085Z   "phase": "acquire-source-inputs"
2026-09-12T21:02:01.8605324Z }
2026-09-12T21:02:01.8605482Z {
2026-09-12T21:02:01.8605753Z   "acquisition_profile_union_id": "historical-profile-union-v0.1",
2026-09-12T21:02:01.8606150Z   "artifact_id": "causal-scanner-snapshot-v0.3",
2026-09-12T21:02:01.8606763Z   "candidate_minute_disposition_counts": {
2026-09-12T21:02:01.8607079Z     "2025-04-03": 1
2026-09-12T21:02:01.8607412Z   },
2026-09-12T21:02:01.8607577Z   "dates": [
2026-09-12T21:02:01.8607754Z     "2025-04-03"
2026-09-12T21:02:01.8607929Z   ],
2026-09-12T21:02:01.8608114Z   "phase": "freeze-snapshots",
2026-09-12T21:02:01.8608369Z   "policy_promotion_eligible": false,
2026-09-12T21:02:01.8608669Z   "provider_free_replay_exact": true,
2026-09-12T21:02:01.8609018Z   "source_input_artifact_id": "causal-scanner-source-inputs-v0.2"
2026-09-12T21:02:01.8609356Z }
2026-09-12T21:02:02.0135390Z ##[group]Run python -m compileall -q src tests
2026-09-12T21:02:02.0135767Z [36;1mpython -m compileall -q src tests[0m
2026-09-12T21:02:02.0173096Z shell: /usr/bin/bash -e {0}
2026-09-12T21:02:02.0173339Z env:
2026-09-12T21:02:02.0173605Z   pythonLocation: /opt/hostedtoolcache/Python/3.12.14/x64
2026-09-12T21:02:02.0174047Z   PKG_CONFIG_PATH: /opt/hostedtoolcache/Python/3.12.14/x64/lib/pkgconfig
2026-09-12T21:02:02.0174490Z   Python_ROOT_DIR: /opt/hostedtoolcache/Python/3.12.14/x64
2026-09-12T21:02:02.0174879Z   Python2_ROOT_DIR: /opt/hostedtoolcache/Python/3.12.14/x64
2026-09-12T21:02:02.0175287Z   Python3_ROOT_DIR: /opt/hostedtoolcache/Python/3.12.14/x64
2026-09-12T21:02:02.0175666Z   LD_LIBRARY_PATH: /opt/hostedtoolcache/Python/3.12.14/x64/lib
2026-09-12T21:02:02.0175986Z ##[endgroup]
2026-09-12T21:02:02.0906207Z Node 20 is being deprecated. This workflow is running with Node 24 by default. If you need to temporarily use Node 20, you can set the ACTIONS_ALLOW_USE_UNSECURE_NODE_VERSION=true environment variable. For more information see: https://github.blog/changelog/2025-09-19-deprecation-of-node-20-on-github-actions-runners/
2026-09-12T21:02:02.0907744Z Post job cleanup.
2026-09-12T21:02:02.2174223Z (node:2751) [DEP0040] DeprecationWarning: The `punycode` module is deprecated. Please use a userland alternative instead.
2026-09-12T21:02:02.2175941Z (Use `node --trace-deprecation ...` to show where the warning was created)
2026-09-12T21:02:02.2409208Z Node 20 is being deprecated. This workflow is running with Node 24 by default. If you need to temporarily use Node 20, you can set the ACTIONS_ALLOW_USE_UNSECURE_NODE_VERSION=true environment variable. For more information see: https://github.blog/changelog/2025-09-19-deprecation-of-node-20-on-github-actions-runners/
2026-09-12T21:02:02.2411389Z Post job cleanup.
2026-09-12T21:02:02.3345696Z [command]/usr/bin/git version
2026-09-12T21:02:02.3417507Z git version 2.55.0
2026-09-12T21:02:02.3472784Z Temporarily overriding HOME='/home/runner/work/_temp/288c20ea-241b-4139-93db-6d9c398abf00' before making global git config changes
2026-09-12T21:02:02.3474371Z Adding repository directory to the temporary git global config as a safe directory
2026-09-12T21:02:02.3477980Z [command]/usr/bin/git config --global --add safe.directory /home/runner/work/momentumbot/momentumbot
2026-09-12T21:02:02.3545241Z [command]/usr/bin/git config --local --name-only --get-regexp core\.sshCommand
2026-09-12T21:02:02.3586991Z [command]/usr/bin/git submodule foreach --recursive sh -c "git config --local --name-only --get-regexp 'core\.sshCommand' && git config --local --unset-all 'core.sshCommand' || :"
2026-09-12T21:02:02.3908702Z [command]/usr/bin/git config --local --name-only --get-regexp http\.https\:\/\/github\.com\/\.extraheader
2026-09-12T21:02:02.3957456Z http.https://github.com/.extraheader
2026-09-12T21:02:02.3972044Z [command]/usr/bin/git config --local --unset-all http.https://github.com/.extraheader
2026-09-12T21:02:02.4015251Z [command]/usr/bin/git submodule foreach --recursive sh -c "git config --local --name-only --get-regexp 'http\.https\:\/\/github\.com\/\.extraheader' && git config --local --unset-all 'http.https://github.com/.extraheader' || :"
2026-09-12T21:02:02.4278759Z [command]/usr/bin/git config --local --name-only --get-regexp ^includeIf\.gitdir:
2026-09-12T21:02:02.4333430Z [command]/usr/bin/git submodule foreach --recursive git config --local --show-origin --name-only --get-regexp remote.origin.url
2026-09-12T21:02:02.4752231Z Cleaning up orphan processes
2026-09-12T21:02:02.5060695Z ##[warning]Node.js 20 is deprecated. The following actions target Node.js 20 but are being forced to run on Node.js 24: actions/checkout@v4, actions/setup-python@v5. For more information see: https://github.blog/changelog/2025-09-19-deprecation-of-node-20-on-github-actions-runners/
