2026-09-14T00:33:35.1976651Z Current runner version: '2.337.0'
2026-09-14T00:33:35.2000803Z ##[group]Runner Image Provisioner
2026-09-14T00:33:35.2001739Z Hosted Compute Agent
2026-09-14T00:33:35.2002473Z Version: 20260828.587
2026-09-14T00:33:35.2003143Z Commit: abac92662cab4cc7352de4f9f9d2e2419aad9c29
2026-09-14T00:33:35.2003910Z Build Date: 2026-08-28T16:44:25Z
2026-09-14T00:33:35.2004691Z Worker ID: {bc97586a-495d-4af0-81a7-db65e004a925}
2026-09-14T00:33:35.2005440Z Azure Region: westus
2026-09-14T00:33:35.2006068Z ##[endgroup]
2026-09-14T00:33:35.2007689Z ##[group]Operating System
2026-09-14T00:33:35.2008407Z Ubuntu
2026-09-14T00:33:35.2009304Z 24.04.5
2026-09-14T00:33:35.2009867Z LTS
2026-09-14T00:33:35.2010500Z ##[endgroup]
2026-09-14T00:33:35.2011099Z ##[group]Runner Image
2026-09-14T00:33:35.2011763Z Image: ubuntu-24.04
2026-09-14T00:33:35.2012413Z Version: 20260907.300.1
2026-09-14T00:33:35.2013675Z Included Software: https://github.com/actions/runner-images/blob/ubuntu24/20260907.300/images/ubuntu/Ubuntu2404-Readme.md
2026-09-14T00:33:35.2015382Z Image Release: https://github.com/actions/runner-images/releases/tag/ubuntu24%2F20260907.300
2026-09-14T00:33:35.2016416Z ##[endgroup]
2026-09-14T00:33:35.2017695Z ##[group]GITHUB_TOKEN Permissions
2026-09-14T00:33:35.2020036Z Contents: read
2026-09-14T00:33:35.2020764Z Metadata: read
2026-09-14T00:33:35.2021390Z Packages: read
2026-09-14T00:33:35.2022352Z ##[endgroup]
2026-09-14T00:33:35.2024409Z Secret source: Actions
2026-09-14T00:33:35.2025439Z Cache mode: write
2026-09-14T00:33:35.2026295Z Prepare workflow directory
2026-09-14T00:33:35.2357177Z Prepare all required actions
2026-09-14T00:33:35.2407404Z Getting action download info
2026-09-14T00:33:35.6126974Z Download action repository 'actions/checkout@v4' (SHA:11d5960a326750d5838078e36cf38b85af677262)
2026-09-14T00:33:35.7131342Z Download action repository 'actions/setup-python@v5' (SHA:a26af69be951a213d495a4c3e4e4022e16d87065)
2026-09-14T00:33:35.8950997Z Complete job name: test
2026-09-14T00:33:35.9811933Z Node 20 is being deprecated. This workflow is running with Node 24 by default. If you need to temporarily use Node 20, you can set the ACTIONS_ALLOW_USE_UNSECURE_NODE_VERSION=true environment variable. For more information see: https://github.blog/changelog/2025-09-19-deprecation-of-node-20-on-github-actions-runners/
2026-09-14T00:33:35.9821089Z ##[group]Run actions/checkout@v4
2026-09-14T00:33:35.9821845Z with:
2026-09-14T00:33:35.9822319Z   repository: RoomyRems/momentumbot
2026-09-14T00:33:35.9825982Z   token: ***
2026-09-14T00:33:35.9826429Z   ssh-strict: true
2026-09-14T00:33:35.9826873Z   ssh-user: git
2026-09-14T00:33:35.9827328Z   persist-credentials: true
2026-09-14T00:33:35.9827828Z   clean: true
2026-09-14T00:33:35.9828283Z   sparse-checkout-cone-mode: true
2026-09-14T00:33:35.9829158Z   fetch-depth: 1
2026-09-14T00:33:35.9829633Z   fetch-tags: false
2026-09-14T00:33:35.9830098Z   show-progress: true
2026-09-14T00:33:35.9830552Z   lfs: false
2026-09-14T00:33:35.9831017Z   submodules: false
2026-09-14T00:33:35.9831476Z   set-safe-directory: true
2026-09-14T00:33:35.9831997Z   allow-unsafe-pr-checkout: false
2026-09-14T00:33:35.9832825Z ##[endgroup]
2026-09-14T00:33:36.0867869Z Syncing repository: RoomyRems/momentumbot
2026-09-14T00:33:36.0870569Z ##[group]Getting Git version info
2026-09-14T00:33:36.0871762Z Working directory is '/home/runner/work/momentumbot/momentumbot'
2026-09-14T00:33:36.0873436Z [command]/usr/bin/git version
2026-09-14T00:33:36.0932148Z git version 2.55.0
2026-09-14T00:33:36.0962528Z ##[endgroup]
2026-09-14T00:33:36.0972163Z Temporarily overriding HOME='/home/runner/work/_temp/620931c4-14db-41a5-a11f-a7ae05a14405' before making global git config changes
2026-09-14T00:33:36.0974840Z Adding repository directory to the temporary git global config as a safe directory
2026-09-14T00:33:36.0977147Z [command]/usr/bin/git config --global --add safe.directory /home/runner/work/momentumbot/momentumbot
2026-09-14T00:33:36.1031418Z Deleting the contents of '/home/runner/work/momentumbot/momentumbot'
2026-09-14T00:33:36.1036069Z ##[group]Initializing the repository
2026-09-14T00:33:36.1040599Z [command]/usr/bin/git init /home/runner/work/momentumbot/momentumbot
2026-09-14T00:33:36.1156785Z hint: Using 'master' as the name for the initial branch. This default branch name
2026-09-14T00:33:36.1158526Z hint: will change to "main" in Git 3.0. To configure the initial branch name
2026-09-14T00:33:36.1160297Z hint: to use in all of your new repositories, which will suppress this warning,
2026-09-14T00:33:36.1161563Z hint: call:
2026-09-14T00:33:36.1162193Z hint:
2026-09-14T00:33:36.1163014Z hint: 	git config --global init.defaultBranch <name>
2026-09-14T00:33:36.1164081Z hint:
2026-09-14T00:33:36.1165033Z hint: Names commonly chosen instead of 'master' are 'main', 'trunk' and
2026-09-14T00:33:36.1166533Z hint: 'development'. The just-created branch can be renamed via this command:
2026-09-14T00:33:36.1167756Z hint:
2026-09-14T00:33:36.1168484Z hint: 	git branch -m <name>
2026-09-14T00:33:36.1169520Z hint:
2026-09-14T00:33:36.1170546Z hint: Disable this message with "git config set advice.defaultBranchName false"
2026-09-14T00:33:36.1172251Z Initialized empty Git repository in /home/runner/work/momentumbot/momentumbot/.git/
2026-09-14T00:33:36.1175377Z [command]/usr/bin/git remote add origin https://github.com/RoomyRems/momentumbot
2026-09-14T00:33:36.1223334Z ##[endgroup]
2026-09-14T00:33:36.1224591Z ##[group]Disabling automatic garbage collection
2026-09-14T00:33:36.1228449Z [command]/usr/bin/git config --local gc.auto 0
2026-09-14T00:33:36.1259408Z ##[endgroup]
2026-09-14T00:33:36.1260618Z ##[group]Setting up auth
2026-09-14T00:33:36.1266960Z [command]/usr/bin/git config --local --name-only --get-regexp core\.sshCommand
2026-09-14T00:33:36.1302237Z [command]/usr/bin/git submodule foreach --recursive sh -c "git config --local --name-only --get-regexp 'core\.sshCommand' && git config --local --unset-all 'core.sshCommand' || :"
2026-09-14T00:33:36.1693253Z [command]/usr/bin/git config --local --name-only --get-regexp http\.https\:\/\/github\.com\/\.extraheader
2026-09-14T00:33:36.1750036Z [command]/usr/bin/git submodule foreach --recursive sh -c "git config --local --name-only --get-regexp 'http\.https\:\/\/github\.com\/\.extraheader' && git config --local --unset-all 'http.https://github.com/.extraheader' || :"
2026-09-14T00:33:36.1992931Z [command]/usr/bin/git config --local --name-only --get-regexp ^includeIf\.gitdir:
2026-09-14T00:33:36.2030371Z [command]/usr/bin/git submodule foreach --recursive git config --local --show-origin --name-only --get-regexp remote.origin.url
2026-09-14T00:33:36.2254886Z [command]/usr/bin/git config --local http.https://github.com/.extraheader AUTHORIZATION: basic ***
2026-09-14T00:33:36.2294579Z ##[endgroup]
2026-09-14T00:33:36.2296599Z ##[group]Fetching the repository
2026-09-14T00:33:36.2307285Z [command]/usr/bin/git -c protocol.version=2 fetch --no-tags --prune --no-recurse-submodules --depth=1 origin +8c8a0f284b518f302458b6616b3f899ed13d48cb:refs/remotes/origin/phase-3-historical-snapshot
2026-09-14T00:33:37.9730233Z From https://github.com/RoomyRems/momentumbot
2026-09-14T00:33:37.9733118Z  * [new ref]         8c8a0f284b518f302458b6616b3f899ed13d48cb -> origin/phase-3-historical-snapshot
2026-09-14T00:33:37.9739252Z ##[endgroup]
2026-09-14T00:33:37.9742273Z ##[group]Determining the checkout info
2026-09-14T00:33:37.9744006Z ##[endgroup]
2026-09-14T00:33:37.9745131Z [command]/usr/bin/git sparse-checkout disable
2026-09-14T00:33:37.9810689Z [command]/usr/bin/git config --local --unset-all extensions.worktreeConfig
2026-09-14T00:33:37.9845874Z ##[group]Checking out the ref
2026-09-14T00:33:37.9850339Z [command]/usr/bin/git checkout --progress --force -B phase-3-historical-snapshot refs/remotes/origin/phase-3-historical-snapshot
2026-09-14T00:33:38.2031477Z Switched to a new branch 'phase-3-historical-snapshot'
2026-09-14T00:33:38.2035024Z branch 'phase-3-historical-snapshot' set up to track 'origin/phase-3-historical-snapshot'.
2026-09-14T00:33:38.2053099Z ##[endgroup]
2026-09-14T00:33:38.2100412Z [command]/usr/bin/git log -1 --format=%H
2026-09-14T00:33:38.2128421Z 8c8a0f284b518f302458b6616b3f899ed13d48cb
2026-09-14T00:33:38.2504576Z Node 20 is being deprecated. This workflow is running with Node 24 by default. If you need to temporarily use Node 20, you can set the ACTIONS_ALLOW_USE_UNSECURE_NODE_VERSION=true environment variable. For more information see: https://github.blog/changelog/2025-09-19-deprecation-of-node-20-on-github-actions-runners/
2026-09-14T00:33:38.2510655Z ##[group]Run actions/setup-python@v5
2026-09-14T00:33:38.2511910Z with:
2026-09-14T00:33:38.2512836Z   python-version: 3.12
2026-09-14T00:33:38.2513908Z   check-latest: false
2026-09-14T00:33:38.2523796Z   token: ***
2026-09-14T00:33:38.2524812Z   update-environment: true
2026-09-14T00:33:38.2525950Z   allow-prereleases: false
2026-09-14T00:33:38.2527098Z   freethreaded: false
2026-09-14T00:33:38.2528126Z ##[endgroup]
2026-09-14T00:33:38.3881185Z ##[group]Installed versions
2026-09-14T00:33:38.3980928Z (node:2256) [DEP0040] DeprecationWarning: The `punycode` module is deprecated. Please use a userland alternative instead.
2026-09-14T00:33:38.3986952Z (Use `node --trace-deprecation ...` to show where the warning was created)
2026-09-14T00:33:38.3991363Z Successfully set up CPython (3.12.14)
2026-09-14T00:33:38.3995776Z ##[endgroup]
2026-09-14T00:33:38.4218078Z ##[group]Run python -m pip install -e .
2026-09-14T00:33:38.4219873Z [36;1mpython -m pip install -e .[0m
2026-09-14T00:33:38.4386856Z shell: /usr/bin/bash -e {0}
2026-09-14T00:33:38.4388397Z env:
2026-09-14T00:33:38.4389884Z   pythonLocation: /opt/hostedtoolcache/Python/3.12.14/x64
2026-09-14T00:33:38.4391980Z   PKG_CONFIG_PATH: /opt/hostedtoolcache/Python/3.12.14/x64/lib/pkgconfig
2026-09-14T00:33:38.4393871Z   Python_ROOT_DIR: /opt/hostedtoolcache/Python/3.12.14/x64
2026-09-14T00:33:38.4395557Z   Python2_ROOT_DIR: /opt/hostedtoolcache/Python/3.12.14/x64
2026-09-14T00:33:38.4397264Z   Python3_ROOT_DIR: /opt/hostedtoolcache/Python/3.12.14/x64
2026-09-14T00:33:38.4399404Z   LD_LIBRARY_PATH: /opt/hostedtoolcache/Python/3.12.14/x64/lib
2026-09-14T00:33:38.4400977Z ##[endgroup]
2026-09-14T00:33:39.2541352Z Obtaining file:///home/runner/work/momentumbot/momentumbot
2026-09-14T00:33:39.2557288Z   Installing build dependencies: started
2026-09-14T00:33:40.1194947Z   Installing build dependencies: finished with status 'done'
2026-09-14T00:33:40.1201149Z   Checking if build backend supports build_editable: started
2026-09-14T00:33:40.4426981Z   Checking if build backend supports build_editable: finished with status 'done'
2026-09-14T00:33:40.4435680Z   Getting requirements to build editable: started
2026-09-14T00:33:40.7989809Z   Getting requirements to build editable: finished with status 'done'
2026-09-14T00:33:40.8001693Z   Preparing editable metadata (pyproject.toml): started
2026-09-14T00:33:40.9999569Z   Preparing editable metadata (pyproject.toml): finished with status 'done'
2026-09-14T00:33:41.3280307Z Collecting numpy>=1.26 (from momentumbot==0.2.0)
2026-09-14T00:33:41.3987118Z   Downloading numpy-2.5.3-cp312-cp312-manylinux_2_27_x86_64.manylinux_2_28_x86_64.whl.metadata (6.6 kB)
2026-09-14T00:33:41.5350691Z Collecting pandas>=2.2 (from momentumbot==0.2.0)
2026-09-14T00:33:41.5472319Z   Downloading pandas-3.0.5-cp312-cp312-manylinux_2_24_x86_64.manylinux_2_28_x86_64.whl.metadata (79 kB)
2026-09-14T00:33:41.6355267Z Collecting PyYAML>=6.0 (from momentumbot==0.2.0)
2026-09-14T00:33:41.6469431Z   Downloading pyyaml-6.0.3-cp312-cp312-manylinux2014_x86_64.manylinux_2_17_x86_64.manylinux_2_28_x86_64.whl.metadata (2.4 kB)
2026-09-14T00:33:41.6689789Z Collecting python-dateutil>=2.8.2 (from pandas>=2.2->momentumbot==0.2.0)
2026-09-14T00:33:41.6805263Z   Downloading python_dateutil-2.9.0.post0-py2.py3-none-any.whl.metadata (8.4 kB)
2026-09-14T00:33:41.7028259Z Collecting six>=1.5 (from python-dateutil>=2.8.2->pandas>=2.2->momentumbot==0.2.0)
2026-09-14T00:33:41.7139130Z   Downloading six-1.17.0-py2.py3-none-any.whl.metadata (1.7 kB)
2026-09-14T00:33:41.7285755Z Downloading numpy-2.5.3-cp312-cp312-manylinux_2_27_x86_64.manylinux_2_28_x86_64.whl (16.7 MB)
2026-09-14T00:33:42.2159487Z    ━━━━━━━━━━━━━━━━━━━━━━━━━━━━━━━━━━━━━━━━ 16.7/16.7 MB 36.2 MB/s  0:00:00
2026-09-14T00:33:42.2276605Z Downloading pandas-3.0.5-cp312-cp312-manylinux_2_24_x86_64.manylinux_2_28_x86_64.whl (11.0 MB)
2026-09-14T00:33:42.3338155Z    ━━━━━━━━━━━━━━━━━━━━━━━━━━━━━━━━━━━━━━━━ 11.0/11.0 MB 104.3 MB/s  0:00:00
2026-09-14T00:33:42.3448611Z Downloading python_dateutil-2.9.0.post0-py2.py3-none-any.whl (229 kB)
2026-09-14T00:33:42.3586159Z Downloading pyyaml-6.0.3-cp312-cp312-manylinux2014_x86_64.manylinux_2_17_x86_64.manylinux_2_28_x86_64.whl (807 kB)
2026-09-14T00:33:42.3658423Z    ━━━━━━━━━━━━━━━━━━━━━━━━━━━━━━━━━━━━━━━━ 807.9/807.9 kB 109.3 MB/s  0:00:00
2026-09-14T00:33:42.3772807Z Downloading six-1.17.0-py2.py3-none-any.whl (11 kB)
2026-09-14T00:33:42.4416868Z Building wheels for collected packages: momentumbot
2026-09-14T00:33:42.4424607Z   Building editable for momentumbot (pyproject.toml): started
2026-09-14T00:33:42.6749856Z   Building editable for momentumbot (pyproject.toml): finished with status 'done'
2026-09-14T00:33:42.6756621Z   Created wheel for momentumbot: filename=momentumbot-0.2.0-0.editable-py3-none-any.whl size=4119 sha256=1289ad47effaa6a6d6377ccf63c7b6d54da4ccabd4a348725feab9f657a31b83
2026-09-14T00:33:42.6759808Z   Stored in directory: /tmp/pip-ephem-wheel-cache-rllc9uha/wheels/07/cb/80/ea9ec0ff3434472434457f9dbf823fffe4e1a99167faeb982a
2026-09-14T00:33:42.6784493Z Successfully built momentumbot
2026-09-14T00:33:42.7265525Z Installing collected packages: six, PyYAML, numpy, python-dateutil, pandas, momentumbot
2026-09-14T00:33:49.5987536Z 
2026-09-14T00:33:49.6001604Z Successfully installed PyYAML-6.0.3 momentumbot-0.2.0 numpy-2.5.3 pandas-3.0.5 python-dateutil-2.9.0.post0 six-1.17.0
2026-09-14T00:33:49.6710093Z ##[group]Run python -m unittest discover -s tests -v
2026-09-14T00:33:49.6710528Z [36;1mpython -m unittest discover -s tests -v[0m
2026-09-14T00:33:49.6748983Z shell: /usr/bin/bash -e {0}
2026-09-14T00:33:49.6749255Z env:
2026-09-14T00:33:49.6749529Z   pythonLocation: /opt/hostedtoolcache/Python/3.12.14/x64
2026-09-14T00:33:49.6749985Z   PKG_CONFIG_PATH: /opt/hostedtoolcache/Python/3.12.14/x64/lib/pkgconfig
2026-09-14T00:33:49.6750427Z   Python_ROOT_DIR: /opt/hostedtoolcache/Python/3.12.14/x64
2026-09-14T00:33:49.6750821Z   Python2_ROOT_DIR: /opt/hostedtoolcache/Python/3.12.14/x64
2026-09-14T00:33:49.6751218Z   Python3_ROOT_DIR: /opt/hostedtoolcache/Python/3.12.14/x64
2026-09-14T00:33:49.6751614Z   LD_LIBRARY_PATH: /opt/hostedtoolcache/Python/3.12.14/x64/lib
2026-09-14T00:33:49.6751954Z ##[endgroup]
2026-09-14T00:33:53.4530622Z test_calendar_is_prospectively_frozen_after_review_cutoff (test_account_chronological_integration.AccountIntegrationContractTests.test_calendar_is_prospectively_frozen_after_review_cutoff) ... ok
2026-09-14T00:33:53.4537756Z test_contract_binds_exact_frozen_parents (test_account_chronological_integration.AccountIntegrationContractTests.test_contract_binds_exact_frozen_parents) ... ok
2026-09-14T00:33:53.4541843Z test_contract_has_no_completed_runtime_or_backtest_claim (test_account_chronological_integration.AccountIntegrationContractTests.test_contract_has_no_completed_runtime_or_backtest_claim) ... ok
2026-09-14T00:33:53.4551914Z test_dates_and_retrospective_keys_fail_closed (test_account_chronological_integration.AccountIntegrationContractTests.test_dates_and_retrospective_keys_fail_closed) ... ok
2026-09-14T00:33:53.4559802Z test_mechanical_audit_binds_contract_code_and_documentation (test_account_chronological_integration.AccountIntegrationContractTests.test_mechanical_audit_binds_contract_code_and_documentation) ... ok
2026-09-14T00:33:53.4579426Z test_main_and_small_profiles_cannot_be_mixed (test_account_chronological_integration.AccountSnapshotTests.test_main_and_small_profiles_cannot_be_mixed) ... ok
2026-09-14T00:33:53.4585647Z test_snapshot_must_be_hash_bound_and_predecision (test_account_chronological_integration.AccountSnapshotTests.test_snapshot_must_be_hash_bound_and_predecision) ... ok
2026-09-14T00:33:53.4598624Z test_accepted_plan_local_exit_uses_accepted_quantity (test_account_chronological_integration.ChronologicalIntegrationTests.test_accepted_plan_local_exit_uses_accepted_quantity) ... ok
2026-09-14T00:33:53.4611378Z test_artifact_is_json_safe_and_label_blind (test_account_chronological_integration.ChronologicalIntegrationTests.test_artifact_is_json_safe_and_label_blind) ... ok
2026-09-14T00:33:53.4639961Z test_buying_power_and_notional_can_bind_before_risk (test_account_chronological_integration.ChronologicalIntegrationTests.test_buying_power_and_notional_can_bind_before_risk) ... ok
2026-09-14T00:33:53.4644738Z test_chronology_precedes_rank (test_account_chronological_integration.ChronologicalIntegrationTests.test_chronology_precedes_rank) ... ok
2026-09-14T00:33:53.4658151Z test_exact_time_collision_uses_activation_rank (test_account_chronological_integration.ChronologicalIntegrationTests.test_exact_time_collision_uses_activation_rank) ... ok
2026-09-14T00:33:53.4669344Z test_full_remaining_risk_capacity_is_sized_in_whole_shares (test_account_chronological_integration.ChronologicalIntegrationTests.test_full_remaining_risk_capacity_is_sized_in_whole_shares) ... ok
2026-09-14T00:33:53.4677453Z test_inconsistent_micro_execution_status_fails_closed (test_account_chronological_integration.ChronologicalIntegrationTests.test_inconsistent_micro_execution_status_fails_closed) ... ok
2026-09-14T00:33:53.4699482Z test_input_order_does_not_change_artifact (test_account_chronological_integration.ChronologicalIntegrationTests.test_input_order_does_not_change_artifact) ... ok
2026-09-14T00:33:53.4712000Z test_mismatched_micro_policy_and_other_session_fail_closed (test_account_chronological_integration.ChronologicalIntegrationTests.test_mismatched_micro_policy_and_other_session_fail_closed) ... ok
2026-09-14T00:33:53.4722624Z test_open_outcome_remains_unresolved_and_not_a_backtest (test_account_chronological_integration.ChronologicalIntegrationTests.test_open_outcome_remains_unresolved_and_not_a_backtest) ... ok
2026-09-14T00:33:53.4729997Z test_rejected_or_unavailable_candidate_is_retained_without_events (test_account_chronological_integration.ChronologicalIntegrationTests.test_rejected_or_unavailable_candidate_is_retained_without_events) ... ok
2026-09-14T00:33:53.4744428Z test_same_time_exit_does_not_recycle_capacity_for_entry (test_account_chronological_integration.ChronologicalIntegrationTests.test_same_time_exit_does_not_recycle_capacity_for_entry) ... ok
2026-09-14T00:33:53.4754296Z test_zero_whole_share_capacity_records_no_submission (test_account_chronological_integration.ChronologicalIntegrationTests.test_zero_whole_share_capacity_records_no_submission) ... ok
2026-09-14T00:33:53.4757740Z test_permanent_success_audit_is_sanitized_and_hash_bound (test_account_credential_validation_audit.AccountCredentialValidationAuditTests.test_permanent_success_audit_is_sanitized_and_hash_bound) ... ok
2026-09-14T00:33:53.4762253Z test_contract_binds_exact_frozen_parents_and_two_accounts (test_account_priority_policy.AccountPriorityContractTests.test_contract_binds_exact_frozen_parents_and_two_accounts) ... ok
2026-09-14T00:33:53.4768378Z test_cross_account_priority_cannot_be_silently_enabled (test_account_priority_policy.AccountPriorityContractTests.test_cross_account_priority_cannot_be_silently_enabled) ... ok
2026-09-14T00:33:53.4776500Z test_mechanical_audit_binds_contract_bundle_code_and_documentation (test_account_priority_policy.AccountPriorityContractTests.test_mechanical_audit_binds_contract_bundle_code_and_documentation) ... ok
2026-09-14T00:33:53.4780099Z test_policy_bundle_matches_registered_order (test_account_priority_policy.AccountPriorityContractTests.test_policy_bundle_matches_registered_order) ... ok
2026-09-14T00:33:53.4785692Z test_registered_paper_safe_fraction_cannot_be_retuned (test_account_priority_policy.AccountPriorityContractTests.test_registered_paper_safe_fraction_cannot_be_retuned) ... ok
2026-09-14T00:33:53.4791834Z test_transcript_observations_cannot_set_runtime_risk (test_account_priority_policy.AccountPriorityContractTests.test_transcript_observations_cannot_set_runtime_risk) ... ok
2026-09-14T00:33:53.4794875Z test_main_policy_materializes_existing_paper_safe_fractions (test_account_priority_policy.PaperAccountMaterializationTests.test_main_policy_materializes_existing_paper_safe_fractions) ... ok
2026-09-14T00:33:53.4800341Z test_materialized_policy_composes_with_frozen_ledger (test_account_priority_policy.PaperAccountMaterializationTests.test_materialized_policy_composes_with_frozen_ledger) ... ok
2026-09-14T00:33:53.4803040Z test_parent_fingerprints_are_recomputed_from_current_code (test_account_priority_policy.PaperAccountMaterializationTests.test_parent_fingerprints_are_recomputed_from_current_code) ... ok
2026-09-14T00:33:53.4805630Z test_small_policy_is_separate_and_buying_power_binds_notional (test_account_priority_policy.PaperAccountMaterializationTests.test_small_policy_is_separate_and_buying_power_binds_notional) ... ok
2026-09-14T00:33:53.4808227Z test_unregistered_policy_mutation_fails_closed (test_account_priority_policy.PaperAccountMaterializationTests.test_unregistered_policy_mutation_fails_closed) ... ok
2026-09-14T00:33:53.4810526Z test_cross_account_batch_fails_closed (test_account_priority_policy.ScarceCapitalPriorityTests.test_cross_account_batch_fails_closed) ... ok
2026-09-14T00:33:53.4812670Z test_exact_time_collision_reuses_existing_candidate_ranking (test_account_priority_policy.ScarceCapitalPriorityTests.test_exact_time_collision_reuses_existing_candidate_ranking) ... ok
2026-09-14T00:33:53.4815039Z test_execution_chronology_precedes_candidate_rank (test_account_priority_policy.ScarceCapitalPriorityTests.test_execution_chronology_precedes_candidate_rank) ... ok
2026-09-14T00:33:53.4817449Z test_future_candidate_snapshot_is_rejected (test_account_priority_policy.ScarceCapitalPriorityTests.test_future_candidate_snapshot_is_rejected) ... ok
2026-09-14T00:33:53.4822825Z test_ordered_collision_has_deterministic_ledger_consequence (test_account_priority_policy.ScarceCapitalPriorityTests.test_ordered_collision_has_deterministic_ledger_consequence) ... ok
2026-09-14T00:33:53.4825201Z test_priority_artifact_is_json_safe_and_label_blind (test_account_priority_policy.ScarceCapitalPriorityTests.test_priority_artifact_is_json_safe_and_label_blind) ... ok
2026-09-14T00:33:53.4827430Z test_stable_tie_breakers_are_input_order_independent (test_account_priority_policy.ScarceCapitalPriorityTests.test_stable_tie_breakers_are_input_order_independent) ... ok
2026-09-14T00:33:53.4829717Z test_timezone_naive_execution_fails_closed (test_account_priority_policy.ScarceCapitalPriorityTests.test_timezone_naive_execution_fails_closed) ... ok
2026-09-14T00:33:53.4834608Z test_capture_rejects_start_or_completion_after_deadline (test_account_snapshot_capture.AccountSnapshotCaptureTests.test_capture_rejects_start_or_completion_after_deadline) ... ok
2026-09-14T00:33:53.4837472Z test_capture_rejects_unregistered_or_wrong_local_date (test_account_snapshot_capture.AccountSnapshotCaptureTests.test_capture_rejects_unregistered_or_wrong_local_date) ... ok
2026-09-14T00:33:53.4843847Z test_frozen_capture_contract_binds_accounts_schedule_and_parent (test_account_snapshot_capture.AccountSnapshotCaptureTests.test_frozen_capture_contract_binds_accounts_schedule_and_parent) ... ok
2026-09-14T00:33:53.4846372Z test_live_endpoint_and_provider_error_details_are_rejected (test_account_snapshot_capture.AccountSnapshotCaptureTests.test_live_endpoint_and_provider_error_details_are_rejected) ... ok
2026-09-14T00:33:53.4851303Z test_open_positions_or_orders_fail_closed (test_account_snapshot_capture.AccountSnapshotCaptureTests.test_open_positions_or_orders_fail_closed) ... ok
2026-09-14T00:33:53.4862521Z test_registered_capture_produces_integration_compatible_snapshots (test_account_snapshot_capture.AccountSnapshotCaptureTests.test_registered_capture_produces_integration_compatible_snapshots) ... ok
2026-09-14T00:33:53.4868728Z test_registration_audit_binds_contract_code_workflow_and_tests (test_account_snapshot_capture.AccountSnapshotCaptureTests.test_registration_audit_binds_contract_code_workflow_and_tests) ... ok
2026-09-14T00:33:53.4874097Z test_swapped_equity_and_duplicate_accounts_fail_closed (test_account_snapshot_capture.AccountSnapshotCaptureTests.test_swapped_equity_and_duplicate_accounts_fail_closed) ... ok
2026-09-14T00:33:53.4883145Z test_tampering_breaks_source_snapshot_and_manifest_hashes (test_account_snapshot_capture.AccountSnapshotCaptureTests.test_tampering_breaks_source_snapshot_and_manifest_hashes) ... ok
2026-09-14T00:33:53.4888520Z test_validation_is_clean_distinct_and_secret_safe (test_account_snapshot_capture.AccountSnapshotCaptureTests.test_validation_is_clean_distinct_and_secret_safe) ... ok
2026-09-14T00:33:53.4891111Z test_workflow_is_scoped_to_paper_capture_and_has_manual_fallback (test_account_snapshot_capture.AccountSnapshotCaptureTests.test_workflow_is_scoped_to_paper_capture_and_has_manual_fallback) ... ok
2026-09-14T00:33:53.4899700Z test_bars_rejects_unique_pagination_past_frozen_page_cap (test_alpaca_provider.AlpacaProviderTests.test_bars_rejects_unique_pagination_past_frozen_page_cap) ... ok
2026-09-14T00:33:53.4903641Z test_batched_bars_does_not_swallow_unrelated_provider_error (test_alpaca_provider.AlpacaProviderTests.test_batched_bars_does_not_swallow_unrelated_provider_error) ... ok
2026-09-14T00:33:53.4910591Z test_batched_bars_quarantines_only_named_invalid_symbol_and_retries (test_alpaca_provider.AlpacaProviderTests.test_batched_bars_quarantines_only_named_invalid_symbol_and_retries) ... ok
2026-09-14T00:33:53.4915669Z test_corporate_actions_paginates_grouped_response (test_alpaca_provider.AlpacaProviderTests.test_corporate_actions_paginates_grouped_response) ... ok
2026-09-14T00:33:53.4922082Z test_corporate_actions_rejects_repeated_page_token (test_alpaca_provider.AlpacaProviderTests.test_corporate_actions_rejects_repeated_page_token) ... ok
2026-09-14T00:33:53.4926104Z test_news_exhausts_pagination (test_alpaca_provider.AlpacaProviderTests.test_news_exhausts_pagination) ... ok
2026-09-14T00:33:53.4930728Z test_news_rejects_unbounded_unique_pagination (test_alpaca_provider.AlpacaProviderTests.test_news_rejects_unbounded_unique_pagination) ... ok
2026-09-14T00:33:53.4994207Z test_historical_trades_paginates_and_normalizes (test_alpaca_trades_provider.AlpacaTradesProviderTests.test_historical_trades_paginates_and_normalizes) ... ok
2026-09-14T00:33:53.4996255Z test_naive_bounds_are_rejected (test_alpaca_trades_provider.AlpacaTradesProviderTests.test_naive_bounds_are_rejected) ... ok
2026-09-14T00:33:53.4998423Z test_contract_freezes_features_but_no_trading_rule (test_attention_leadership.AttentionLeadershipTests.test_contract_freezes_features_but_no_trading_rule) ... ok
2026-09-14T00:33:53.5003512Z test_contract_rejects_strategy_gate (test_attention_leadership.AttentionLeadershipTests.test_contract_rejects_strategy_gate) ... ok
2026-09-14T00:33:53.5007097Z test_derives_handoff_persistence_competition_and_change (test_attention_leadership.AttentionLeadershipTests.test_derives_handoff_persistence_competition_and_change) ... ok
2026-09-14T00:33:53.5009844Z test_frozen_validation_audit_is_pinned_and_non_promotional (test_attention_leadership.AttentionLeadershipTests.test_frozen_validation_audit_is_pinned_and_non_promotional) ... ok
2026-09-14T00:33:53.5012184Z test_later_candidate_cannot_change_earlier_features (test_attention_leadership.AttentionLeadershipTests.test_later_candidate_cannot_change_earlier_features) ... ok
2026-09-14T00:33:53.5014600Z test_missing_exact_bar_keeps_causal_rank_but_nulls_bar_deltas (test_attention_leadership.AttentionLeadershipTests.test_missing_exact_bar_keeps_causal_rank_but_nulls_bar_deltas) ... ok
2026-09-14T00:33:53.5017140Z test_missing_rank_state_keeps_leadership_features_unknown (test_attention_leadership.AttentionLeadershipTests.test_missing_rank_state_keeps_leadership_features_unknown) ... ok
2026-09-14T00:33:53.5019654Z test_nonconsecutive_observation_resets_handoff_and_tenure (test_attention_leadership.AttentionLeadershipTests.test_nonconsecutive_observation_resets_handoff_and_tenure) ... ok
2026-09-14T00:33:53.5022248Z test_same_minute_rank_state_disagreement_fails_closed (test_attention_leadership.AttentionLeadershipTests.test_same_minute_rank_state_disagreement_fails_closed) ... ok
2026-09-14T00:33:53.5126272Z test_ranks_ordered_rejection_then_later_high_first (test_audit_benchmark_symbol_candidates.BenchmarkSymbolCandidateAuditTests.test_ranks_ordered_rejection_then_later_high_first) ... ok
2026-09-14T00:33:53.5131207Z test_requires_timezone_aware_bars (test_audit_benchmark_symbol_candidates.BenchmarkSymbolCandidateAuditTests.test_requires_timezone_aware_bars) ... ok
2026-09-14T00:33:53.5133244Z test_error_body_is_not_propagated (test_audit_fmp_universe_capability.FmpUniverseCapabilityAuditTests.test_error_body_is_not_propagated) ... ok
2026-09-14T00:33:53.5135407Z test_missing_active_listing_date_blocks_prototype (test_audit_fmp_universe_capability.FmpUniverseCapabilityAuditTests.test_missing_active_listing_date_blocks_prototype) ... ok
2026-09-14T00:33:53.5137844Z test_schema_probe_never_grants_historical_completeness (test_audit_fmp_universe_capability.FmpUniverseCapabilityAuditTests.test_schema_probe_never_grants_historical_completeness) ... ok
2026-09-14T00:33:53.5140503Z test_summary_exposes_schema_and_ranges_without_raw_rows (test_audit_fmp_universe_capability.FmpUniverseCapabilityAuditTests.test_summary_exposes_schema_and_ranges_without_raw_rows) ... ok
2026-09-14T00:33:53.5142717Z test_error_body_is_not_propagated (test_audit_massive_universe_capability.MassiveUniverseCapabilityAuditTests.test_error_body_is_not_propagated) ... ok
2026-09-14T00:33:53.5145232Z test_missing_exchange_field_blocks_prototype (test_audit_massive_universe_capability.MassiveUniverseCapabilityAuditTests.test_missing_exchange_field_blocks_prototype) ... ok
2026-09-14T00:33:53.5147827Z test_successful_samples_authorize_only_paginated_prototype (test_audit_massive_universe_capability.MassiveUniverseCapabilityAuditTests.test_successful_samples_authorize_only_paginated_prototype) ... ok
2026-09-14T00:33:53.5150856Z test_summary_exposes_counts_and_schema_without_identifiers (test_audit_massive_universe_capability.MassiveUniverseCapabilityAuditTests.test_summary_exposes_counts_and_schema_without_identifiers) ... ok
2026-09-14T00:33:53.7267797Z test_bad_gap_fill_rejected_when_two_r_no_longer_exists (test_backtest.BacktestTests.test_bad_gap_fill_rejected_when_two_r_no_longer_exists) ... ok
2026-09-14T00:33:53.9110770Z test_entry_occurs_after_plan_bar (test_backtest.BacktestTests.test_entry_occurs_after_plan_bar) ... ok
2026-09-14T00:33:54.0202991Z test_future_news_cannot_qualify_earlier_bars (test_backtest.BacktestTests.test_future_news_cannot_qualify_earlier_bars) ... ok
2026-09-14T00:33:54.2054294Z test_same_bar_trigger_and_stop_assumes_adverse_sequence (test_backtest.BacktestTests.test_same_bar_trigger_and_stop_assumes_adverse_sequence) ... ok
2026-09-14T00:33:54.2064932Z test_artl_source_correction_supersedes_historical_scores (test_benchmark_suite.BenchmarkSuiteTests.test_artl_source_correction_supersedes_historical_scores) ... ok
2026-09-14T00:33:54.2073506Z test_boundary_cases_cannot_be_accidentally_scored (test_benchmark_suite.BenchmarkSuiteTests.test_boundary_cases_cannot_be_accidentally_scored) ... ok
2026-09-14T00:33:54.2076154Z test_seed_suite_loads_and_has_balanced_roles (test_benchmark_suite.BenchmarkSuiteTests.test_seed_suite_loads_and_has_balanced_roles) ... ok
2026-09-14T00:33:54.2086470Z test_seed_suite_references_existing_safe_benchmarks (test_benchmark_suite.BenchmarkSuiteTests.test_seed_suite_references_existing_safe_benchmarks) ... ok
2026-09-14T00:33:54.2091207Z test_unsafe_knowledge_policy_is_rejected (test_benchmark_suite.BenchmarkSuiteTests.test_unsafe_knowledge_policy_is_rejected) ... ok
2026-09-14T00:33:54.2101766Z test_adapter_restores_identity_after_parent_failure (test_build_causal_downstream_identity_v07.DownstreamIdentityV07Tests.test_adapter_restores_identity_after_parent_failure) ... ok
2026-09-14T00:33:54.2104423Z test_legacy_failure_is_reproduced_and_scope_restores_parent (test_build_causal_downstream_identity_v07.DownstreamIdentityV07Tests.test_legacy_failure_is_reproduced_and_scope_restores_parent) ... ok
2026-09-14T00:33:54.2119360Z test_news_and_scanner_adapters_preflight_before_parent (test_build_causal_downstream_identity_v07.DownstreamIdentityV07Tests.test_news_and_scanner_adapters_preflight_before_parent) ... ok
2026-09-14T00:33:54.2121662Z test_receipt_is_exact_and_tamper_evident (test_build_causal_downstream_identity_v07.DownstreamIdentityV07Tests.test_receipt_is_exact_and_tamper_evident) ... ok
2026-09-14T00:33:54.2123780Z test_scope_restores_parent_after_exception (test_build_causal_downstream_identity_v07.DownstreamIdentityV07Tests.test_scope_restores_parent_after_exception) ... ok
2026-09-14T00:33:54.2132549Z test_adapter_restores_identity_after_parent_failure (test_build_causal_downstream_identity_v08.DownstreamIdentityV08Tests.test_adapter_restores_identity_after_parent_failure) ... ok
2026-09-14T00:33:54.2140699Z test_legacy_failure_is_reproduced_and_scope_restores_parent (test_build_causal_downstream_identity_v08.DownstreamIdentityV08Tests.test_legacy_failure_is_reproduced_and_scope_restores_parent) ... ok
2026-09-14T00:33:54.2160744Z test_news_and_scanner_adapters_preflight_before_parent (test_build_causal_downstream_identity_v08.DownstreamIdentityV08Tests.test_news_and_scanner_adapters_preflight_before_parent) ... ok
2026-09-14T00:33:54.2179555Z test_receipt_is_exact_and_tamper_evident (test_build_causal_downstream_identity_v08.DownstreamIdentityV08Tests.test_receipt_is_exact_and_tamper_evident) ... ok
2026-09-14T00:33:54.2181530Z test_scope_restores_parent_after_exception (test_build_causal_downstream_identity_v08.DownstreamIdentityV08Tests.test_scope_restores_parent_after_exception) ... ok
2026-09-14T00:33:54.2184002Z test_adapter_restores_identity_after_parent_failure (test_build_causal_downstream_identity_v09.DownstreamIdentityV09Tests.test_adapter_restores_identity_after_parent_failure) ... ok
2026-09-14T00:33:54.2186514Z test_legacy_failure_is_reproduced_and_scope_restores_parent (test_build_causal_downstream_identity_v09.DownstreamIdentityV09Tests.test_legacy_failure_is_reproduced_and_scope_restores_parent) ... ok
2026-09-14T00:33:54.2189450Z test_news_and_scanner_adapters_preflight_before_parent (test_build_causal_downstream_identity_v09.DownstreamIdentityV09Tests.test_news_and_scanner_adapters_preflight_before_parent) ... ok
2026-09-14T00:33:54.2191726Z test_receipt_is_exact_and_tamper_evident (test_build_causal_downstream_identity_v09.DownstreamIdentityV09Tests.test_receipt_is_exact_and_tamper_evident) ... ok
2026-09-14T00:33:54.2193834Z test_scope_restores_parent_after_exception (test_build_causal_downstream_identity_v09.DownstreamIdentityV09Tests.test_scope_restores_parent_after_exception) ... ok
2026-09-14T00:33:54.2196176Z test_evidence_status_does_not_overclaim_acceptance_precision (test_build_causal_float_enrichment.BuildCausalFloatEnrichmentTests.test_evidence_status_does_not_overclaim_acceptance_precision) ... ok
2026-09-14T00:33:54.2198480Z test_future_basis_date_fails_closed (test_build_causal_float_enrichment.BuildCausalFloatEnrichmentTests.test_future_basis_date_fails_closed) ... ok
2026-09-14T00:33:54.2200864Z test_old_basis_window_preserves_calendar_gap_buffer (test_build_causal_float_enrichment.BuildCausalFloatEnrichmentTests.test_old_basis_window_preserves_calendar_gap_buffer) ... ok
2026-09-14T00:33:54.2202865Z test_recent_basis_window_cannot_query_after_trading_date (test_build_causal_float_enrichment.BuildCausalFloatEnrichmentTests.test_recent_basis_window_cannot_query_after_trading_date) ... ok
2026-09-14T00:33:54.2205156Z test_sec_call_preserves_exhausted_provider_error (test_build_causal_float_enrichment.BuildCausalFloatEnrichmentTests.test_sec_call_preserves_exhausted_provider_error) ... ok
2026-09-14T00:33:54.2207193Z test_sec_call_retries_transient_failure (test_build_causal_float_enrichment.BuildCausalFloatEnrichmentTests.test_sec_call_retries_transient_failure) ... ok
2026-09-14T00:33:54.2209488Z test_sec_call_treats_not_found_as_fail_closed_data_absence (test_build_causal_float_enrichment.BuildCausalFloatEnrichmentTests.test_sec_call_treats_not_found_as_fail_closed_data_absence) ... ok
2026-09-14T00:33:54.2220479Z test_sec_payload_must_match_frozen_candidate_cik (test_build_causal_float_enrichment.BuildCausalFloatEnrichmentTests.test_sec_payload_must_match_frozen_candidate_cik) ... ok
2026-09-14T00:33:54.2230200Z test_adapter_restores_parent_and_writes_hashed_diagnostics (test_build_causal_float_enrichment_v05.BuildCausalFloatEnrichmentV05Tests.test_adapter_restores_parent_and_writes_hashed_diagnostics) ... ok
2026-09-14T00:33:54.2239449Z test_diagnostic_output_rejects_symlinked_parent (test_build_causal_float_enrichment_v05.BuildCausalFloatEnrichmentV05Tests.test_diagnostic_output_rejects_symlinked_parent) ... ok
2026-09-14T00:33:54.2241700Z test_diagnostics_tampering_is_rejected (test_build_causal_float_enrichment_v05.BuildCausalFloatEnrichmentV05Tests.test_diagnostics_tampering_is_rejected) ... ok
2026-09-14T00:33:54.2246261Z test_invalid_target_source_is_fatal_not_candidate_contained (test_build_causal_float_enrichment_v05.BuildCausalFloatEnrichmentV05Tests.test_invalid_target_source_is_fatal_not_candidate_contained) ... ok
2026-09-14T00:33:54.2252555Z test_observation_and_final_record_data_errors_are_candidate_contained (test_build_causal_float_enrichment_v05.BuildCausalFloatEnrichmentV05Tests.test_observation_and_final_record_data_errors_are_candidate_contained) ... ok
2026-09-14T00:33:54.2256309Z test_type_error_is_candidate_data_but_transport_error_remains_fatal (test_build_causal_float_enrichment_v05.BuildCausalFloatEnrichmentV05Tests.test_type_error_is_candidate_data_but_transport_error_remains_fatal) ... ok
2026-09-14T00:33:54.2266128Z test_valid_candidate_is_unchanged (test_build_causal_float_enrichment_v05.BuildCausalFloatEnrichmentV05Tests.test_valid_candidate_is_unchanged) ... ok
2026-09-14T00:33:54.2269720Z test_value_error_rejects_only_candidate_without_retaining_message (test_build_causal_float_enrichment_v05.BuildCausalFloatEnrichmentV05Tests.test_value_error_rejects_only_candidate_without_retaining_message) ... ok
2026-09-14T00:33:54.2279628Z test_adapter_preflights_before_parent_and_restores_legacy_function (test_build_causal_float_enrichment_v06.BuildCausalFloatEnrichmentV06Tests.test_adapter_preflights_before_parent_and_restores_legacy_function) ... ok
2026-09-14T00:33:54.2286677Z test_adapter_restores_legacy_function_after_parent_failure (test_build_causal_float_enrichment_v06.BuildCausalFloatEnrichmentV06Tests.test_adapter_restores_legacy_function_after_parent_failure) ... ok
2026-09-14T00:33:54.2288514Z test_authoritative_identity_kinds_are_accepted_without_rewriting (test_build_causal_float_enrichment_v06.BuildCausalFloatEnrichmentV06Tests.test_authoritative_identity_kinds_are_accepted_without_rewriting) ... ok
2026-09-14T00:33:54.2290547Z test_obsolete_or_ambiguous_identity_kind_fails_closed (test_build_causal_float_enrichment_v06.BuildCausalFloatEnrichmentV06Tests.test_obsolete_or_ambiguous_identity_kind_fails_closed) ... ok
2026-09-14T00:33:54.2292290Z test_preflight_tampering_is_rejected (test_build_causal_float_enrichment_v06.BuildCausalFloatEnrichmentV06Tests.test_preflight_tampering_is_rejected) ... ok
2026-09-14T00:33:54.2294130Z test_candidate_previous_close_corroboration_remains_fail_closed (test_build_causal_scanner_snapshot.BuildCausalScannerSnapshotTests.test_candidate_previous_close_corroboration_remains_fail_closed) ... ok
2026-09-14T00:33:54.2295542Z test_candidate_previous_close_is_corroborated_without_rewrite (test_build_causal_scanner_snapshot.BuildCausalScannerSnapshotTests.test_candidate_previous_close_is_corroborated_without_rewrite) ... ok
2026-09-14T00:33:54.2309966Z test_candidate_rank_binding_blocks_mismatch_and_shares_uniform_source (test_build_causal_scanner_snapshot.BuildCausalScannerSnapshotTests.test_candidate_rank_binding_blocks_mismatch_and_shares_uniform_source) ... ok
2026-09-14T00:33:54.2324473Z test_fake_provider_reacquires_all_members_on_causal_bases (test_build_causal_scanner_snapshot.BuildCausalScannerSnapshotTests.test_fake_provider_reacquires_all_members_on_causal_bases) ... ok
2026-09-14T00:33:54.2353444Z test_future_candidate_status_cannot_rewrite_earlier_rank_inputs (test_build_causal_scanner_snapshot.BuildCausalScannerSnapshotTests.test_future_candidate_status_cannot_rewrite_earlier_rank_inputs) ... ok
2026-09-14T00:33:54.2357164Z test_previous_close_rejects_unordered_daily_bars (test_build_causal_scanner_snapshot.BuildCausalScannerSnapshotTests.test_previous_close_rejects_unordered_daily_bars) ... ok
2026-09-14T00:33:54.2367175Z test_provider_failure_is_a_blocker_not_empty_rank_data (test_build_causal_scanner_snapshot.BuildCausalScannerSnapshotTests.test_provider_failure_is_a_blocker_not_empty_rank_data) ... ok
2026-09-14T00:33:54.2373275Z test_reconstruction_requires_exact_candidate_set_and_first_time (test_build_causal_scanner_snapshot.BuildCausalScannerSnapshotTests.test_reconstruction_requires_exact_candidate_set_and_first_time) ... ok
2026-09-14T00:33:54.2387407Z test_root_and_date_lineage_hashes_are_explicitly_enforced (test_build_causal_scanner_snapshot.BuildCausalScannerSnapshotTests.test_root_and_date_lineage_hashes_are_explicitly_enforced) ... ok
2026-09-14T00:33:54.2390051Z test_frozen_rows_are_hash_bound_and_shadow_only (test_build_discretion_shadow_runtime.BuildDiscretionShadowRuntimeTests.test_frozen_rows_are_hash_bound_and_shadow_only) ... ok
2026-09-14T00:33:54.2394425Z test_source_runtime_requires_unlabeled_frozen_all_candidate_replay (test_build_discretion_shadow_runtime.BuildDiscretionShadowRuntimeTests.test_source_runtime_requires_unlabeled_frozen_all_candidate_replay) ... ok
2026-09-14T00:33:54.2412705Z test_bundle_fingerprints_every_audit_component (test_build_identity_resolved_universe.BuildIdentityResolvedUniverseTests.test_bundle_fingerprints_every_audit_component) ... ok
2026-09-14T00:33:54.2414911Z test_date_payload_pins_source_and_remains_non_promotable (test_build_identity_resolved_universe.BuildIdentityResolvedUniverseTests.test_date_payload_pins_source_and_remains_non_promotable) ... ok
2026-09-14T00:33:54.2424181Z test_expected_result_rejects_changed_provider_content (test_build_identity_resolved_universe.BuildIdentityResolvedUniverseTests.test_expected_result_rejects_changed_provider_content) ... ok
2026-09-14T00:33:54.2426766Z test_intermediate_date_pins_provisional_root_without_audit_row (test_build_identity_resolved_universe.BuildIdentityResolvedUniverseTests.test_intermediate_date_pins_provisional_root_without_audit_row) ... ok
2026-09-14T00:33:54.2466048Z test_main_emits_every_panel_date_from_endpoint_audit (test_build_identity_resolved_universe.BuildIdentityResolvedUniverseTests.test_main_emits_every_panel_date_from_endpoint_audit) ... ok
2026-09-14T00:33:54.2468954Z test_panel_resolves_intermediate_date_and_binds_endpoints (test_build_identity_resolved_universe.BuildIdentityResolvedUniverseTests.test_panel_resolves_intermediate_date_and_binds_endpoints) ... ok
2026-09-14T00:33:54.2471996Z test_completed_pagination_still_cannot_promote_universe (test_build_massive_historical_census.MassiveHistoricalCensusBuilderTests.test_completed_pagination_still_cannot_promote_universe) ... ok
2026-09-14T00:33:54.2474986Z test_reconciliation_is_explicitly_current_only (test_build_massive_historical_census.MassiveHistoricalCensusBuilderTests.test_reconciliation_is_explicitly_current_only) ... ok
2026-09-14T00:33:54.2478490Z test_summary_distinguishes_ticker_collision_from_identity_duplicate (test_build_massive_historical_census.MassiveHistoricalCensusBuilderTests.test_summary_distinguishes_ticker_collision_from_identity_duplicate) ... ok
2026-09-14T00:33:54.2480998Z test_summary_preserves_missing_field_counts (test_build_massive_historical_census.MassiveHistoricalCensusBuilderTests.test_summary_preserves_missing_field_counts) ... ok
2026-09-14T00:33:54.2483368Z test_date_manifest_is_complete_relative_only_and_never_promotable (test_build_massive_provisional_universe.BuildMassiveProvisionalUniverseTests.test_date_manifest_is_complete_relative_only_and_never_promotable) ... ok
2026-09-14T00:33:54.2485949Z test_summary_fingerprints_included_membership_and_reasons (test_build_massive_provisional_universe.BuildMassiveProvisionalUniverseTests.test_summary_fingerprints_included_membership_and_reasons) ... ok
2026-09-14T00:33:54.2488115Z test_contract_fails_if_retrospective_labels_are_enabled (test_campaign_portfolio.CampaignPortfolioContractTests.test_contract_fails_if_retrospective_labels_are_enabled) ... ok
2026-09-14T00:33:54.2491124Z test_contract_fails_if_simultaneous_selection_authority_is_added (test_campaign_portfolio.CampaignPortfolioContractTests.test_contract_fails_if_simultaneous_selection_authority_is_added) ... ok
2026-09-14T00:33:54.2493060Z test_contract_fingerprint_is_order_independent (test_campaign_portfolio.CampaignPortfolioContractTests.test_contract_fingerprint_is_order_independent) ... ok
2026-09-14T00:33:54.2495138Z test_contract_preserves_frozen_parents_and_registers_no_account_values (test_campaign_portfolio.CampaignPortfolioContractTests.test_contract_preserves_frozen_parents_and_registers_no_account_values) ... ok
2026-09-14T00:33:54.2500204Z test_mechanical_audit_binds_contract_code_and_documentation (test_campaign_portfolio.CampaignPortfolioContractTests.test_mechanical_audit_binds_contract_code_and_documentation) ... ok
2026-09-14T00:33:54.2505129Z test_add_requires_open_position_and_cannot_average_down (test_campaign_portfolio.CampaignPortfolioLedgerTests.test_add_requires_open_position_and_cannot_average_down) ... ok
2026-09-14T00:33:54.2508859Z test_artifact_records_simultaneous_opportunities_and_is_label_blind (test_campaign_portfolio.CampaignPortfolioLedgerTests.test_artifact_records_simultaneous_opportunities_and_is_label_blind) ... ok
2026-09-14T00:33:54.2513385Z test_buying_power_and_position_count_fail_closed (test_campaign_portfolio.CampaignPortfolioLedgerTests.test_buying_power_and_position_count_fail_closed) ... ok
2026-09-14T00:33:54.2516385Z test_entry_slippage_is_recorded_and_can_fail_a_registered_limit (test_campaign_portfolio.CampaignPortfolioLedgerTests.test_entry_slippage_is_recorded_and_can_fail_a_registered_limit) ... ok
2026-09-14T00:33:54.2519409Z test_entry_updates_position_buying_power_and_open_risk (test_campaign_portfolio.CampaignPortfolioLedgerTests.test_entry_updates_position_buying_power_and_open_risk) ... ok
2026-09-14T00:33:54.2523209Z test_events_must_be_session_bounded_and_causally_ordered (test_campaign_portfolio.CampaignPortfolioLedgerTests.test_events_must_be_session_bounded_and_causally_ordered) ... ok
2026-09-14T00:33:54.2526214Z test_first_campaign_fill_cannot_be_mislabeled_as_an_add (test_campaign_portfolio.CampaignPortfolioLedgerTests.test_first_campaign_fill_cannot_be_mislabeled_as_an_add) ... ok
2026-09-14T00:33:54.2531091Z test_flat_campaign_requires_reentry_role_and_registered_permission (test_campaign_portfolio.CampaignPortfolioLedgerTests.test_flat_campaign_requires_reentry_role_and_registered_permission) ... ok
2026-09-14T00:33:54.2534935Z test_halt_blocks_fills_until_resume (test_campaign_portfolio.CampaignPortfolioLedgerTests.test_halt_blocks_fills_until_resume) ... ok
2026-09-14T00:33:54.2542609Z test_loss_lock_is_terminal_for_entries_but_never_blocks_exits (test_campaign_portfolio.CampaignPortfolioLedgerTests.test_loss_lock_is_terminal_for_entries_but_never_blocks_exits) ... ok
2026-09-14T00:33:54.2545810Z test_malformed_fill_values_reject_without_mutating_position_state (test_campaign_portfolio.CampaignPortfolioLedgerTests.test_malformed_fill_values_reject_without_mutating_position_state) ... ok
2026-09-14T00:33:54.2551368Z test_profit_giveback_lock_uses_ordered_realized_pnl (test_campaign_portfolio.CampaignPortfolioLedgerTests.test_profit_giveback_lock_uses_ordered_realized_pnl) ... ok
2026-09-14T00:33:54.2556249Z test_repeated_plans_share_one_campaign_but_accounts_do_not (test_campaign_portfolio.CampaignPortfolioLedgerTests.test_repeated_plans_share_one_campaign_but_accounts_do_not) ... ok
2026-09-14T00:33:54.2559920Z test_structurally_invalid_event_does_not_advance_ledger_clock (test_campaign_portfolio.CampaignPortfolioLedgerTests.test_structurally_invalid_event_does_not_advance_ledger_clock) ... ok
2026-09-14T00:33:54.2562108Z test_contract_freezes_evidence_envelope_without_semantic_rule (test_catalyst_evidence.CatalystEvidenceTests.test_contract_freezes_evidence_envelope_without_semantic_rule) ... ok
2026-09-14T00:33:54.2564370Z test_contract_rejects_ai_order_authority (test_catalyst_evidence.CatalystEvidenceTests.test_contract_rejects_ai_order_authority) ... ok
2026-09-14T00:33:54.2566506Z test_duplicate_symbol_headline_fails_closed (test_catalyst_evidence.CatalystEvidenceTests.test_duplicate_symbol_headline_fails_closed) ... ok
2026-09-14T00:33:54.2569513Z test_emits_activation_and_event_change_packets_only (test_catalyst_evidence.CatalystEvidenceTests.test_emits_activation_and_event_change_packets_only) ... ok
2026-09-14T00:33:54.2571463Z test_frozen_audit_is_pinned_causal_and_non_promotional (test_catalyst_evidence.CatalystEvidenceTests.test_frozen_audit_is_pinned_causal_and_non_promotional) ... ok
2026-09-14T00:33:54.2574193Z test_packet_hash_and_order_are_input_order_independent (test_catalyst_evidence.CatalystEvidenceTests.test_packet_hash_and_order_are_input_order_independent) ... ok
2026-09-14T00:33:54.2576235Z test_preserves_multi_symbol_scope_without_interpreting_it (test_catalyst_evidence.CatalystEvidenceTests.test_preserves_multi_symbol_scope_without_interpreting_it) ... ok
2026-09-14T00:33:54.2577824Z test_scanner_news_count_mismatch_fails_closed (test_catalyst_evidence.CatalystEvidenceTests.test_scanner_news_count_mismatch_fails_closed) ... ok
2026-09-14T00:33:54.2580092Z test_binds_structured_assessment_to_causal_packet (test_catalyst_interpretation.CatalystInterpretationTests.test_binds_structured_assessment_to_causal_packet) ... ok
2026-09-14T00:33:54.2582288Z test_contract_freezes_protocol_without_score_or_authority (test_catalyst_interpretation.CatalystInterpretationTests.test_contract_freezes_protocol_without_score_or_authority) ... ok
2026-09-14T00:33:54.2585167Z test_contract_rejects_strategy_effect (test_catalyst_interpretation.CatalystInterpretationTests.test_contract_rejects_strategy_effect) ... ok
2026-09-14T00:33:54.2586940Z test_frozen_audit_records_examples_without_promotion (test_catalyst_interpretation.CatalystInterpretationTests.test_frozen_audit_records_examples_without_promotion) ... ok
2026-09-14T00:33:54.2588695Z test_no_event_forces_not_assessable_axes (test_catalyst_interpretation.CatalystInterpretationTests.test_no_event_forces_not_assessable_axes) ... ok
2026-09-14T00:33:54.2590361Z test_packet_hash_tamper_fails_closed (test_catalyst_interpretation.CatalystInterpretationTests.test_packet_hash_tamper_fails_closed) ... ok
2026-09-14T00:33:54.2593446Z test_record_is_independent_of_set_like_input_order (test_catalyst_interpretation.CatalystInterpretationTests.test_record_is_independent_of_set_like_input_order) ... ok
2026-09-14T00:33:54.2595439Z test_rejects_unavailable_headline_reference (test_catalyst_interpretation.CatalystInterpretationTests.test_rejects_unavailable_headline_reference) ... ok
2026-09-14T00:33:54.2597679Z test_title_only_evidence_cannot_claim_materiality (test_catalyst_interpretation.CatalystInterpretationTests.test_title_only_evidence_cannot_claim_materiality) ... ok
2026-09-14T00:33:54.2599684Z test_audit_freezes_protocol_not_semantic_model (test_catalyst_interpretation_v02.CatalystInterpretationV02Tests.test_audit_freezes_protocol_not_semantic_model) ... ok
2026-09-14T00:33:54.2605497Z test_contract_adds_evidenced_axes_without_strategy_authority (test_catalyst_interpretation_v02.CatalystInterpretationV02Tests.test_contract_adds_evidenced_axes_without_strategy_authority) ... ok
2026-09-14T00:33:54.2607928Z test_contract_and_record_tampering_fail_closed (test_catalyst_interpretation_v02.CatalystInterpretationV02Tests.test_contract_and_record_tampering_fail_closed) ... ok
2026-09-14T00:33:54.2610653Z test_definitive_unquantified_title_is_structured_but_not_scored (test_catalyst_interpretation_v02.CatalystInterpretationV02Tests.test_definitive_unquantified_title_is_structured_but_not_scored) ... ok
2026-09-14T00:33:54.2613540Z test_no_event_forces_every_semantic_axis_not_assessable (test_catalyst_interpretation_v02.CatalystInterpretationV02Tests.test_no_event_forces_every_semantic_axis_not_assessable) ... ok
2026-09-14T00:33:54.2616088Z test_offering_withdrawal_is_signal_not_dilution_safety_claim (test_catalyst_interpretation_v02.CatalystInterpretationV02Tests.test_offering_withdrawal_is_signal_not_dilution_safety_claim) ... ok
2026-09-14T00:33:54.2618662Z test_possible_repetition_requires_two_available_headlines (test_catalyst_interpretation_v02.CatalystInterpretationV02Tests.test_possible_repetition_requires_two_available_headlines) ... ok
2026-09-14T00:33:54.2621408Z test_proposal_and_board_authorization_are_distinct_from_execution (test_catalyst_interpretation_v02.CatalystInterpretationV02Tests.test_proposal_and_board_authorization_are_distinct_from_execution) ... ok
2026-09-14T00:33:54.2631254Z test_semantic_claim_without_required_title_observation_fails_closed (test_catalyst_interpretation_v02.CatalystInterpretationV02Tests.test_semantic_claim_without_required_title_observation_fails_closed) ... ok
2026-09-14T00:33:54.2633789Z test_specific_amount_does_not_claim_materiality (test_catalyst_interpretation_v02.CatalystInterpretationV02Tests.test_specific_amount_does_not_claim_materiality) ... ok
2026-09-14T00:33:54.2636038Z test_v01_contract_remains_readable_and_unchanged (test_catalyst_interpretation_v02.CatalystInterpretationV02Tests.test_v01_contract_remains_readable_and_unchanged) ... ok
2026-09-14T00:33:54.2638312Z test_contract_freezes_timing_features_without_quality_or_gate (test_catalyst_timing.CatalystTimingTests.test_contract_freezes_timing_features_without_quality_or_gate) ... ok
2026-09-14T00:33:54.2640810Z test_contract_rejects_strategy_gate (test_catalyst_timing.CatalystTimingTests.test_contract_rejects_strategy_gate) ... ok
2026-09-14T00:33:54.2642419Z test_event_count_cannot_decrease (test_catalyst_timing.CatalystTimingTests.test_event_count_cannot_decrease) ... ok
2026-09-14T00:33:54.2644937Z test_frozen_validation_audit_is_pinned_and_non_promotional (test_catalyst_timing.CatalystTimingTests.test_frozen_validation_audit_is_pinned_and_non_promotional) ... ok
2026-09-14T00:33:54.2646884Z test_future_publication_fails_closed (test_catalyst_timing.CatalystTimingTests.test_future_publication_fails_closed) ... ok
2026-09-14T00:33:54.2648777Z test_news_arrival_after_activation_is_measured_causally (test_catalyst_timing.CatalystTimingTests.test_news_arrival_after_activation_is_measured_causally) ... ok
2026-09-14T00:33:54.2651020Z test_observation_gap_resets_transitions (test_catalyst_timing.CatalystTimingTests.test_observation_gap_resets_transitions) ... ok
2026-09-14T00:33:54.2653023Z test_preexisting_news_is_distinguished_from_post_activation_news (test_catalyst_timing.CatalystTimingTests.test_preexisting_news_is_distinguished_from_post_activation_news) ... ok
2026-09-14T00:33:54.2655124Z test_provider_error_remains_unknown_not_no_news (test_catalyst_timing.CatalystTimingTests.test_provider_error_remains_unknown_not_no_news) ... ok
2026-09-14T00:33:54.2660391Z test_exchange_translation_preserves_every_frozen_member (test_causal_market_discovery.CausalMarketDiscoveryTests.test_exchange_translation_preserves_every_frozen_member) ... ok
2026-09-14T00:33:54.2684450Z test_manifest_is_complete_only_through_market_discovery (test_causal_market_discovery.CausalMarketDiscoveryTests.test_manifest_is_complete_only_through_market_discovery) ... ok
2026-09-14T00:33:54.2688498Z test_manifest_rejects_member_without_required_daily_basis (test_causal_market_discovery.CausalMarketDiscoveryTests.test_manifest_rejects_member_without_required_daily_basis) ... ok
2026-09-14T00:33:54.2691783Z test_strategy_profile_fingerprint_changes_with_policy (test_causal_market_discovery.CausalMarketDiscoveryTests.test_strategy_profile_fingerprint_changes_with_policy) ... ok
2026-09-14T00:33:54.2715940Z test_core_uses_uniform_reacquired_candidate_previous_close (test_causal_scanner_snapshot.CausalScannerSnapshotTests.test_core_uses_uniform_reacquired_candidate_previous_close) ... ok
2026-09-14T00:33:54.2744750Z test_incomplete_rank_fails_closed_and_records_coverage (test_causal_scanner_snapshot.CausalScannerSnapshotTests.test_incomplete_rank_fails_closed_and_records_coverage) ... ok
2026-09-14T00:33:54.2806582Z test_input_tape_excludes_bars_unavailable_before_cutoff (test_causal_scanner_snapshot.CausalScannerSnapshotTests.test_input_tape_excludes_bars_unavailable_before_cutoff) ... ok
2026-09-14T00:33:54.2844521Z test_later_news_changes_disposition_only_at_publication (test_causal_scanner_snapshot.CausalScannerSnapshotTests.test_later_news_changes_disposition_only_at_publication) ... ok
2026-09-14T00:33:54.2879956Z test_market_input_hash_orders_membership_and_prior_closes (test_causal_scanner_snapshot.CausalScannerSnapshotTests.test_market_input_hash_orders_membership_and_prior_closes) ... ok
2026-09-14T00:33:54.2931882Z test_missing_exact_candidate_bar_nulls_all_market_features (test_causal_scanner_snapshot.CausalScannerSnapshotTests.test_missing_exact_candidate_bar_nulls_all_market_features) ... ok
2026-09-14T00:33:54.2963105Z test_normalized_rank_uses_split_gain_but_raw_price (test_causal_scanner_snapshot.CausalScannerSnapshotTests.test_normalized_rank_uses_split_gain_but_raw_price) ... ok
2026-09-14T00:33:54.3008669Z test_rank_includes_higher_gain_noncandidate_and_breaks_ties_by_symbol (test_causal_scanner_snapshot.CausalScannerSnapshotTests.test_rank_includes_higher_gain_noncandidate_and_breaks_ties_by_symbol) ... ok
2026-09-14T00:33:54.3032753Z test_session_frame_and_no_top_n_boundaries_are_enforced (test_causal_scanner_snapshot.CausalScannerSnapshotTests.test_session_frame_and_no_top_n_boundaries_are_enforced) ... ok
2026-09-14T00:33:54.3066621Z test_unknown_float_and_news_provider_error_fail_closed (test_causal_scanner_snapshot.CausalScannerSnapshotTests.test_unknown_float_and_news_provider_error_fail_closed) ... ok
2026-09-14T00:33:54.3218401Z test_validator_rejects_tamper_duplicate_and_missing_disposition (test_causal_scanner_snapshot.CausalScannerSnapshotTests.test_validator_rejects_tamper_duplicate_and_missing_disposition) ... ok
2026-09-14T00:33:54.3407083Z test_artifact_loaders_reject_duplicate_json_keys (test_causal_scanner_snapshot_v03.CausalScannerSnapshotV03Tests.test_artifact_loaders_reject_duplicate_json_keys) ... ok
2026-09-14T00:33:54.3611272Z test_forward_and_reverse_scale_factors_cancel_from_gain_and_rank (test_causal_scanner_snapshot_v03.CausalScannerSnapshotV03Tests.test_forward_and_reverse_scale_factors_cancel_from_gain_and_rank) ... ok
2026-09-14T00:33:54.3834939Z test_normalized_sidecar_and_snapshot_round_trip (test_causal_scanner_snapshot_v03.CausalScannerSnapshotV03Tests.test_normalized_sidecar_and_snapshot_round_trip) ... ok
2026-09-14T00:33:54.3840048Z test_policy_and_source_tape_have_new_versioned_identity (test_causal_scanner_snapshot_v03.CausalScannerSnapshotV03Tests.test_policy_and_source_tape_have_new_versioned_identity) ... ok
2026-09-14T00:33:54.3973959Z test_raw_price_is_separate_from_split_gain_and_rank (test_causal_scanner_snapshot_v03.CausalScannerSnapshotV03Tests.test_raw_price_is_separate_from_split_gain_and_rank) ... ok
2026-09-14T00:33:54.4044354Z test_raw_split_timestamp_mismatch_fails_closed (test_causal_scanner_snapshot_v03.CausalScannerSnapshotV03Tests.test_raw_split_timestamp_mismatch_fails_closed) ... ok
2026-09-14T00:33:54.4218164Z test_rehashed_raw_price_and_normalized_gain_tampering_fail (test_causal_scanner_snapshot_v03.CausalScannerSnapshotV03Tests.test_rehashed_raw_price_and_normalized_gain_tampering_fail) ... ok
2026-09-14T00:33:54.6596525Z test_changed_raw_member_is_detected_under_new_outer_pin (test_census_capture.CensusCaptureTests.test_changed_raw_member_is_detected_under_new_outer_pin) ... ok
2026-09-14T00:33:54.9327986Z test_complete_mixed_case_capture_and_raw_archive_replay (test_census_capture.CensusCaptureTests.test_complete_mixed_case_capture_and_raw_archive_replay) ... ok
2026-09-14T00:33:54.9534950Z test_cross_page_order_failure_keeps_body_projection_and_receipt (test_census_capture.CensusCaptureTests.test_cross_page_order_failure_keeps_body_projection_and_receipt) ... ok
2026-09-14T00:33:59.6298192Z test_exact_601_request_capture_and_archive_bound (test_census_capture.CensusCaptureTests.test_exact_601_request_capture_and_archive_bound) ... ok
2026-09-14T00:33:59.9563409Z test_extra_missing_unsafe_members_and_false_terminal_report_fail (test_census_capture.CensusCaptureTests.test_extra_missing_unsafe_members_and_false_terminal_report_fail) ... ok
2026-09-14T00:33:59.9696599Z test_failed_pacing_does_not_start_second_request (test_census_capture.CensusCaptureTests.test_failed_pacing_does_not_start_second_request) ... ok
2026-09-14T00:34:00.0162747Z test_http_incomplete_encoding_and_size_errors_stop_once (test_census_capture.CensusCaptureTests.test_http_incomplete_encoding_and_size_errors_stop_once) ... ok
2026-09-14T00:34:00.2080249Z test_intent_is_durable_before_transport_and_no_secret_is_retained (test_census_capture.CensusCaptureTests.test_intent_is_durable_before_transport_and_no_secret_is_retained) ... ok
2026-09-14T00:34:00.2169117Z test_interruption_preserves_intent_and_failure_inventory (test_census_capture.CensusCaptureTests.test_interruption_preserves_intent_and_failure_inventory) ... ok
2026-09-14T00:34:00.4083574Z test_no_restart_or_output_reuse (test_census_capture.CensusCaptureTests.test_no_restart_or_output_reuse) ... ok
2026-09-14T00:34:00.4175381Z test_non_json_provider_error_retains_hash_only (test_census_capture.CensusCaptureTests.test_non_json_provider_error_retains_hash_only) ... ok
2026-09-14T00:34:00.6841475Z test_original_quarantined_provider_page_survives_capture_and_replay (test_census_capture.CensusCaptureTests.test_original_quarantined_provider_page_survives_capture_and_replay) ... ok
2026-09-14T00:34:00.6953494Z test_partial_archive_cannot_claim_completion (test_census_capture.CensusCaptureTests.test_partial_archive_cannot_claim_completion) ... ok
2026-09-14T00:34:00.7115399Z test_payload_limit_preserves_failed_receipt_without_extra_call (test_census_capture.CensusCaptureTests.test_payload_limit_preserves_failed_receipt_without_extra_call) ... ok
2026-09-14T00:34:00.9253888Z test_raw_order_witness_tamper_fails_even_if_resealed (test_census_capture.CensusCaptureTests.test_raw_order_witness_tamper_fails_even_if_resealed) ... ok
2026-09-14T00:34:01.0275213Z test_required_page_21_is_failed_not_truncated_success (test_census_capture.CensusCaptureTests.test_required_page_21_is_failed_not_truncated_success) ... ok
2026-09-14T00:34:01.0420575Z test_safe_rejected_page_retained_with_fixed_reason_and_no_retry (test_census_capture.CensusCaptureTests.test_safe_rejected_page_retained_with_fixed_reason_and_no_retry) ... ok
2026-09-14T00:34:01.0613113Z test_transport_exception_never_discloses_text_or_retries (test_census_capture.CensusCaptureTests.test_transport_exception_never_discloses_text_or_retries) ... ok
2026-09-14T00:34:01.0694320Z test_unicode_and_duplicate_key_credential_echo_is_not_saved (test_census_capture.CensusCaptureTests.test_unicode_and_duplicate_key_credential_echo_is_not_saved) ... ok
2026-09-14T00:34:01.2909778Z test_wrong_outer_inventory_or_contract_pin_fails (test_census_capture.CensusCaptureTests.test_wrong_outer_inventory_or_contract_pin_fails) ... ok
2026-09-14T00:34:01.3514364Z test_authorization_is_time_bounded (test_census_capture_hosted.HostedCensusTests.test_authorization_is_time_bounded) ... ok
2026-09-14T00:34:01.6855607Z test_bad_inventory_output_pin_cannot_pass_hosted_verification (test_census_capture_hosted.HostedCensusTests.test_bad_inventory_output_pin_cannot_pass_hosted_verification) ... ok
2026-09-14T00:34:01.7480442Z test_changed_preflight_fails_before_key_or_transport (test_census_capture_hosted.HostedCensusTests.test_changed_preflight_fails_before_key_or_transport) ... ok
2026-09-14T00:34:01.7483500Z test_ci_wrong_code_failed_or_skipped_test_prevents_preparation (test_census_capture_hosted.HostedCensusTests.test_ci_wrong_code_failed_or_skipped_test_prevents_preparation) ... ok
2026-09-14T00:34:02.1087461Z test_existing_output_or_launch_blocks_second_credential_read (test_census_capture_hosted.HostedCensusTests.test_existing_output_or_launch_blocks_second_credential_read) ... ok
2026-09-14T00:34:02.6220286Z test_failed_skipped_or_wrong_capture_job_cannot_pass (test_census_capture_hosted.HostedCensusTests.test_failed_skipped_or_wrong_capture_job_cannot_pass) ... ok
2026-09-14T00:34:02.7442153Z test_missing_extra_preflight_and_reuse_fail (test_census_capture_hosted.HostedCensusTests.test_missing_extra_preflight_and_reuse_fail) ... ok
2026-09-14T00:34:02.8117655Z test_missing_key_preserves_launch_failure_and_zero_provider_calls (test_census_capture_hosted.HostedCensusTests.test_missing_key_preserves_launch_failure_and_zero_provider_calls) ... ok
2026-09-14T00:34:03.4435302Z test_offline_cli_validates_without_credential_discovery (test_census_capture_hosted.HostedCensusTests.test_offline_cli_validates_without_credential_discovery) ... ok
2026-09-14T00:34:03.4438183Z test_parent_dirty_merge_or_missing_new_contract_fails (test_census_capture_hosted.HostedCensusTests.test_parent_dirty_merge_or_missing_new_contract_fails) ... ok
2026-09-14T00:34:03.4441685Z test_registration_fixes_scope_and_preserves_uncertain_entitlement (test_census_capture_hosted.HostedCensusTests.test_registration_fixes_scope_and_preserves_uncertain_entitlement) ... ok
2026-09-14T00:34:03.8565115Z test_successful_credential_gated_capture_and_independent_hosted_replay (test_census_capture_hosted.HostedCensusTests.test_successful_credential_gated_capture_and_independent_hosted_replay) ... ok
2026-09-14T00:34:03.8701287Z test_workflow_ci_precedes_consumption_and_verifier_uses_original_zips (test_census_capture_hosted.HostedCensusTests.test_workflow_ci_precedes_consumption_and_verifier_uses_original_zips) ... ok
2026-09-14T00:34:03.8829274Z test_workflow_only_capture_step_has_provider_key (test_census_capture_hosted.HostedCensusTests.test_workflow_only_capture_step_has_provider_key) ... ok
2026-09-14T00:34:04.3952409Z test_wrong_artifact_code_run_role_id_or_digest_cannot_pass (test_census_capture_hosted.HostedCensusTests.test_wrong_artifact_code_run_role_id_or_digest_cannot_pass) ... ok
2026-09-14T00:34:04.3955311Z test_wrong_head_branch_event_attempt_or_workflow_fails (test_census_capture_hosted.HostedCensusTests.test_wrong_head_branch_event_attempt_or_workflow_fails) ... ok
2026-09-14T00:34:04.6948634Z test_wrong_ref_or_artifact_fails_before_key (test_census_capture_hosted.HostedCensusTests.test_wrong_ref_or_artifact_fails_before_key) ... ok
2026-09-14T00:34:04.8686424Z test_actual_page_replays_with_original_hash_and_cursor (test_census_order_repair.CensusOrderRepairTests.test_actual_page_replays_with_original_hash_and_cursor) ... ok
2026-09-14T00:34:04.8692471Z test_archive_symlink_is_rejected (test_census_order_repair.CensusOrderRepairTests.test_archive_symlink_is_rejected) ... ok
2026-09-14T00:34:04.8699376Z test_changed_archive_pin_is_rejected (test_census_order_repair.CensusOrderRepairTests.test_changed_archive_pin_is_rejected) ... ok
2026-09-14T00:34:04.8789383Z test_cross_page_uses_raw_last_not_canonical_maximum (test_census_order_repair.CensusOrderRepairTests.test_cross_page_uses_raw_last_not_canonical_maximum) ... ok
2026-09-14T00:34:04.8802635Z test_cursor_host_query_credentials_and_duplicates_still_rejected (test_census_order_repair.CensusOrderRepairTests.test_cursor_host_query_credentials_and_duplicates_still_rejected) ... ok
2026-09-14T00:34:04.8885513Z test_distinct_identities_and_missing_metadata_are_not_dropped (test_census_order_repair.CensusOrderRepairTests.test_distinct_identities_and_missing_metadata_are_not_dropped) ... ok
2026-09-14T00:34:04.9069011Z test_duplicate_canonical_identity_within_and_across_pages_rejected (test_census_order_repair.CensusOrderRepairTests.test_duplicate_canonical_identity_within_and_across_pages_rejected) ... ok
2026-09-14T00:34:04.9074303Z test_duplicate_keys_nonfinite_json_and_nonobject_root_still_rejected (test_census_order_repair.CensusOrderRepairTests.test_duplicate_keys_nonfinite_json_and_nonobject_root_still_rejected) ... ok
2026-09-14T00:34:04.9176818Z test_empty_intermediate_preserves_order_boundary (test_census_order_repair.CensusOrderRepairTests.test_empty_intermediate_preserves_order_boundary) ... ok
2026-09-14T00:34:04.9268457Z test_empty_terminal_after_members_is_valid_but_empty_census_is_not (test_census_order_repair.CensusOrderRepairTests.test_empty_terminal_after_members_is_valid_but_empty_census_is_not) ... ok
2026-09-14T00:34:04.9844378Z test_frozen_registration_has_no_capture_or_runtime_authority (test_census_order_repair.CensusOrderRepairTests.test_frozen_registration_has_no_capture_or_runtime_authority) ... ok
2026-09-14T00:34:05.0194118Z test_missing_forged_or_inconsistent_order_witness_rejected (test_census_order_repair.CensusOrderRepairTests.test_missing_forged_or_inconsistent_order_witness_rejected) ... ok
2026-09-14T00:34:05.0201747Z test_native_order_is_validated_before_any_sorting (test_census_order_repair.CensusOrderRepairTests.test_native_order_is_validated_before_any_sorting) ... ok
2026-09-14T00:34:05.1364029Z test_no_network_is_needed_for_evidence_and_projection (test_census_order_repair.CensusOrderRepairTests.test_no_network_is_needed_for_evidence_and_projection) ... ok
2026-09-14T00:34:05.2800519Z test_original_artifact_chain_and_rejected_body_reproduce (test_census_order_repair.CensusOrderRepairTests.test_original_artifact_chain_and_rejected_body_reproduce) ... ok
2026-09-14T00:34:05.2804440Z test_projection_preserves_raw_case_and_canonical_identity (test_census_order_repair.CensusOrderRepairTests.test_projection_preserves_raw_case_and_canonical_identity) ... ok
2026-09-14T00:34:06.0827078Z test_provider_free_cli_reverifies_saved_originals (test_census_order_repair.CensusOrderRepairTests.test_provider_free_cli_reverifies_saved_originals) ... ok
2026-09-14T00:34:06.0925935Z test_real_cross_page_regression_rejected_before_all_mutation (test_census_order_repair.CensusOrderRepairTests.test_real_cross_page_regression_rejected_before_all_mutation) ... ok
2026-09-14T00:34:06.1513634Z test_repeated_cursor_and_page_21_do_not_mutate_state (test_census_order_repair.CensusOrderRepairTests.test_repeated_cursor_and_page_21_do_not_mutate_state) ... ok
2026-09-14T00:34:06.1516571Z test_request_mutation_still_fails (test_census_order_repair.CensusOrderRepairTests.test_request_mutation_still_fails) ... ok
2026-09-14T00:34:06.1559136Z test_row_and_response_size_limits_still_apply (test_census_order_repair.CensusOrderRepairTests.test_row_and_response_size_limits_still_apply) ... ok
2026-09-14T00:34:06.1578001Z test_schema_filter_count_and_metadata_checks_are_not_bypassed (test_census_order_repair.CensusOrderRepairTests.test_schema_filter_count_and_metadata_checks_are_not_bypassed) ... ok
2026-09-14T00:34:06.1932250Z test_synthetic_complete_30_date_mixed_case_protocol (test_census_order_repair.CensusOrderRepairTests.test_synthetic_complete_30_date_mixed_case_protocol) ... ok
2026-09-14T00:34:07.7155723Z test_synthetic_exact_601_attempt_maximum (test_census_order_repair.CensusOrderRepairTests.test_synthetic_exact_601_attempt_maximum) ... ok
2026-09-14T00:34:07.7164687Z test_ticker_is_required_string_not_coerced (test_census_order_repair.CensusOrderRepairTests.test_ticker_is_required_string_not_coerced) ... ok
2026-09-14T00:34:07.7226567Z test_unchanged_type_dictionary_and_uppercase_projections (test_census_order_repair.CensusOrderRepairTests.test_unchanged_type_dictionary_and_uppercase_projections) ... ok
2026-09-14T00:34:07.7229387Z test_uppercase_cannot_hide_a_real_within_page_regression (test_census_order_repair.CensusOrderRepairTests.test_uppercase_cannot_hide_a_real_within_page_regression) ... ok
2026-09-14T00:34:07.7317737Z test_valid_mixed_case_across_pages (test_census_order_repair.CensusOrderRepairTests.test_valid_mixed_case_across_pages) ... ok
2026-09-14T00:34:07.7406998Z test_wrong_request_sequence_or_body_hash_rejected (test_census_order_repair.CensusOrderRepairTests.test_wrong_request_sequence_or_body_hash_rejected) ... ok
2026-09-14T00:34:07.8003019Z test_bad_preflight_never_reads_key (test_census_payload_diagnostic.PayloadDiagnosticTests.test_bad_preflight_never_reads_key) ... ok
2026-09-14T00:34:07.8127091Z test_bad_ref_artifact_or_runtime_never_passes (test_census_payload_diagnostic.PayloadDiagnosticTests.test_bad_ref_artifact_or_runtime_never_passes) ... ok
2026-09-14T00:34:07.8130562Z test_ci_must_match_code_and_succeed_in_every_step (test_census_payload_diagnostic.PayloadDiagnosticTests.test_ci_must_match_code_and_succeed_in_every_step) ... ok
2026-09-14T00:34:07.8133297Z test_dirty_merge_wrong_parent_or_missing_authorization_rejected (test_census_payload_diagnostic.PayloadDiagnosticTests.test_dirty_merge_wrong_parent_or_missing_authorization_rejected) ... ok
2026-09-14T00:34:07.8137094Z test_duplicate_key_body_is_safely_inspectable_but_legacy_rejected (test_census_payload_diagnostic.PayloadDiagnosticTests.test_duplicate_key_body_is_safely_inspectable_but_legacy_rejected) ... ok
2026-09-14T00:34:07.8139706Z test_duplicate_key_overwrite_cannot_hide_escaped_credential (test_census_payload_diagnostic.PayloadDiagnosticTests.test_duplicate_key_overwrite_cannot_hide_escaped_credential) ... ok
2026-09-14T00:34:07.8142175Z test_exact_frozen_parent_request_and_no_runtime_authority (test_census_payload_diagnostic.PayloadDiagnosticTests.test_exact_frozen_parent_request_and_no_runtime_authority) ... ok
2026-09-14T00:34:07.8144536Z test_exact_same_commit_launch_allows_batched_code_commit (test_census_payload_diagnostic.PayloadDiagnosticTests.test_exact_same_commit_launch_allows_batched_code_commit) ... ok
2026-09-14T00:34:07.8146912Z test_expired_and_future_authorization_rejected (test_census_payload_diagnostic.PayloadDiagnosticTests.test_expired_and_future_authorization_rejected) ... ok
2026-09-14T00:34:07.8697734Z test_incomplete_oversize_or_encoded_body_not_retained (test_census_payload_diagnostic.PayloadDiagnosticTests.test_incomplete_oversize_or_encoded_body_not_retained) ... ok
2026-09-14T00:34:07.8824741Z test_missing_credential_records_zero_attempts (test_census_payload_diagnostic.PayloadDiagnosticTests.test_missing_credential_records_zero_attempts) ... ok
2026-09-14T00:34:07.8972366Z test_output_reuse_blocks_second_key_read (test_census_payload_diagnostic.PayloadDiagnosticTests.test_output_reuse_blocks_second_key_read) ... ok
2026-09-14T00:34:07.9027727Z test_preflight_roundtrip_and_immutability (test_census_payload_diagnostic.PayloadDiagnosticTests.test_preflight_roundtrip_and_immutability) ... ok
2026-09-14T00:34:07.9148363Z test_provider_denial_does_not_retry (test_census_payload_diagnostic.PayloadDiagnosticTests.test_provider_denial_does_not_retry) ... ok
2026-09-14T00:34:07.9152139Z test_raw_percent_encoded_and_unicode_escaped_secrets_are_not_retained (test_census_payload_diagnostic.PayloadDiagnosticTests.test_raw_percent_encoded_and_unicode_escaped_secrets_are_not_retained) ... ok
2026-09-14T00:34:07.9280632Z test_rejected_order_body_is_retained_and_identified (test_census_payload_diagnostic.PayloadDiagnosticTests.test_rejected_order_body_is_retained_and_identified) ... ok
2026-09-14T00:34:07.9284452Z test_rerun_dispatch_wrong_sha_branch_workflow_or_repo_rejected (test_census_payload_diagnostic.PayloadDiagnosticTests.test_rerun_dispatch_wrong_sha_branch_workflow_or_repo_rejected) ... ok
2026-09-14T00:34:07.9402626Z test_secret_echo_capture_keeps_only_hash (test_census_payload_diagnostic.PayloadDiagnosticTests.test_secret_echo_capture_keeps_only_hash) ... ok
2026-09-14T00:34:07.9458131Z test_symlink_or_extra_preflight_rejected (test_census_payload_diagnostic.PayloadDiagnosticTests.test_symlink_or_extra_preflight_rejected) ... ok
2026-09-14T00:34:07.9571609Z test_transport_exception_does_not_retry_or_leak (test_census_payload_diagnostic.PayloadDiagnosticTests.test_transport_exception_does_not_retry_or_leak) ... ok
2026-09-14T00:34:07.9576958Z test_unexpected_exception_text_is_never_disclosed (test_census_payload_diagnostic.PayloadDiagnosticTests.test_unexpected_exception_text_is_never_disclosed) ... ok
2026-09-14T00:34:07.9579536Z test_uninspectable_json_not_retained (test_census_payload_diagnostic.PayloadDiagnosticTests.test_uninspectable_json_not_retained) ... ok
2026-09-14T00:34:07.9586727Z test_unknown_field_bad_filter_and_bad_cursor_keep_specific_reason (test_census_payload_diagnostic.PayloadDiagnosticTests.test_unknown_field_bad_filter_and_bad_cursor_keep_specific_reason) ... ok
2026-09-14T00:34:07.9711895Z test_valid_page_retained_once_without_pagination (test_census_payload_diagnostic.PayloadDiagnosticTests.test_valid_page_retained_once_without_pagination) ... ok
2026-09-14T00:34:07.9802764Z test_workflow_waits_same_commit_ci_then_consumes_before_secrets (test_census_payload_diagnostic.PayloadDiagnosticTests.test_workflow_waits_same_commit_ci_then_consumes_before_secrets) ... ok
2026-09-14T00:34:07.9814346Z test_cik_uniqueness_recomputed_after_coverage (test_census_scanner_bridge.CoverageTests.test_cik_uniqueness_recomputed_after_coverage) ... ok
2026-09-14T00:34:07.9827689Z test_complete_exact_coverage_population (test_census_scanner_bridge.CoverageTests.test_complete_exact_coverage_population) ... ok
2026-09-14T00:34:07.9845052Z test_coverage_observations_cannot_coerce_or_contradict (test_census_scanner_bridge.CoverageTests.test_coverage_observations_cannot_coerce_or_contradict) ... ok
2026-09-14T00:34:07.9848435Z test_coverage_projection_tamper_rejected (test_census_scanner_bridge.CoverageTests.test_coverage_projection_tamper_rejected) ... ok
2026-09-14T00:34:07.9852517Z test_coverage_requires_dated_envelope (test_census_scanner_bridge.CoverageTests.test_coverage_requires_dated_envelope) ... ok
2026-09-14T00:34:07.9860192Z test_exact_existing_membership_projection (test_census_scanner_bridge.CoverageTests.test_exact_existing_membership_projection) ... ok
2026-09-14T00:34:07.9870425Z test_metadata_exclusions_cannot_be_resurrected_by_coverage (test_census_scanner_bridge.CoverageTests.test_metadata_exclusions_cannot_be_resurrected_by_coverage) ... ok
2026-09-14T00:34:07.9877284Z test_missing_and_false_are_different (test_census_scanner_bridge.CoverageTests.test_missing_and_false_are_different) ... ok
2026-09-14T00:34:07.9884416Z test_raw_split_disagreement_retained (test_census_scanner_bridge.CoverageTests.test_raw_split_disagreement_retained) ... ok
2026-09-14T00:34:07.9892852Z test_wrong_coverage_date_or_reference_cannot_be_resealed (test_census_scanner_bridge.CoverageTests.test_wrong_coverage_date_or_reference_cannot_be_resealed) ... ok
2026-09-14T00:34:07.9897847Z test_dst_uses_inherited_utc_window_not_new_semantics (test_census_scanner_bridge.PlanAndPinsTests.test_dst_uses_inherited_utc_window_not_new_semantics) ... ok
2026-09-14T00:34:08.0526511Z test_frozen_registration_and_source_authority (test_census_scanner_bridge.PlanAndPinsTests.test_frozen_registration_and_source_authority) ... ok
2026-09-14T00:34:08.0530564Z test_no_requests_for_metadata_exclusions (test_census_scanner_bridge.PlanAndPinsTests.test_no_requests_for_metadata_exclusions) ... ok
2026-09-14T00:34:08.0752596Z test_request_union_all_candidates_and_adjustments (test_census_scanner_bridge.PlanAndPinsTests.test_request_union_all_candidates_and_adjustments) ... ok
2026-09-14T00:34:08.0757369Z test_symlink_cannot_substitute_original_source (test_census_scanner_bridge.PlanAndPinsTests.test_symlink_cannot_substitute_original_source) ... ok
2026-09-14T00:34:08.0762010Z test_wrong_archive_cannot_be_admitted_by_self_supplied_pins (test_census_scanner_bridge.PlanAndPinsTests.test_wrong_archive_cannot_be_admitted_by_self_supplied_pins) ... ok
2026-09-14T00:34:08.0766646Z test_collision_uses_frozen_semantics (test_census_scanner_bridge.ReferenceTests.test_collision_uses_frozen_semantics) ... ok
2026-09-14T00:34:08.0774509Z test_common_type_name_conflicts_retained (test_census_scanner_bridge.ReferenceTests.test_common_type_name_conflicts_retained) ... ok
2026-09-14T00:34:08.0776443Z test_duplicate_reference_identity_rejected (test_census_scanner_bridge.ReferenceTests.test_duplicate_reference_identity_rejected) ... ok
2026-09-14T00:34:08.0779015Z test_future_label_and_price_fields_rejected (test_census_scanner_bridge.ReferenceTests.test_future_label_and_price_fields_rejected) ... ok
2026-09-14T00:34:08.0784011Z test_input_not_modified (test_census_scanner_bridge.ReferenceTests.test_input_not_modified) ... ok
2026-09-14T00:34:08.0787784Z test_missing_cik_with_figi_accepted_by_existing_rule (test_census_scanner_bridge.ReferenceTests.test_missing_cik_with_figi_accepted_by_existing_rule) ... ok
2026-09-14T00:34:08.0791377Z test_missing_figi_unique_cik_is_only_provisional (test_census_scanner_bridge.ReferenceTests.test_missing_figi_unique_cik_is_only_provisional) ... ok
2026-09-14T00:34:08.0795061Z test_missing_identifiers_quarantined_without_dropping_source (test_census_scanner_bridge.ReferenceTests.test_missing_identifiers_quarantined_without_dropping_source) ... ok
2026-09-14T00:34:08.0798064Z test_missing_type_not_inferred_from_name_or_other_dates (test_census_scanner_bridge.ReferenceTests.test_missing_type_not_inferred_from_name_or_other_dates) ... ok
2026-09-14T00:34:08.0800238Z test_no_empty_source_or_replacement_dates (test_census_scanner_bridge.ReferenceTests.test_no_empty_source_or_replacement_dates) ... ok
2026-09-14T00:34:08.0803672Z test_no_fabricated_coverage (test_census_scanner_bridge.ReferenceTests.test_no_fabricated_coverage) ... ok
2026-09-14T00:34:08.0808431Z test_nonunique_cik_not_used_as_security_identity (test_census_scanner_bridge.ReferenceTests.test_nonunique_cik_not_used_as_security_identity) ... ok
2026-09-14T00:34:08.0812802Z test_two_common_identities_not_merged (test_census_scanner_bridge.ReferenceTests.test_two_common_identities_not_merged) ... ok
2026-09-14T00:34:08.0816221Z test_wrong_scope_and_scalar_types_rejected (test_census_scanner_bridge.ReferenceTests.test_wrong_scope_and_scalar_types_rejected) ... ok
2026-09-14T00:34:08.0839468Z test_assessment_requires_claim_citation_union_and_bounded_expiry (test_context_assessment.ContextAssessmentTests.test_assessment_requires_claim_citation_union_and_bounded_expiry) ... ok
2026-09-14T00:34:08.0869019Z test_assessment_tamper_fails_content_hash_validation (test_context_assessment.ContextAssessmentTests.test_assessment_tamper_fails_content_hash_validation) ... ok
2026-09-14T00:34:08.0874039Z test_contract_tamper_cannot_enable_strategy_authority (test_context_assessment.ContextAssessmentTests.test_contract_tamper_cannot_enable_strategy_authority) ... ok
2026-09-14T00:34:08.1154840Z test_frozen_daily_chart_record_binds_as_supplemental_evidence (test_context_assessment.ContextAssessmentTests.test_frozen_daily_chart_record_binds_as_supplemental_evidence) ... ok
2026-09-14T00:34:08.1177585Z test_frozen_theme_regime_record_binds_as_supplemental_evidence (test_context_assessment.ContextAssessmentTests.test_frozen_theme_regime_record_binds_as_supplemental_evidence) ... ok
2026-09-14T00:34:08.1194397Z test_missing_domain_forces_abstention (test_context_assessment.ContextAssessmentTests.test_missing_domain_forces_abstention) ... ok
2026-09-14T00:34:08.1199709Z test_protocol_audit_binds_contract_and_freezes_no_model_or_rule (test_context_assessment.ContextAssessmentTests.test_protocol_audit_binds_contract_and_freezes_no_model_or_rule) ... ok
2026-09-14T00:34:08.1202246Z test_protocol_is_preregistered_shadow_only_and_excludes_pilot_fit (test_context_assessment.ContextAssessmentTests.test_protocol_is_preregistered_shadow_only_and_excludes_pilot_fit) ... ok
2026-09-14T00:34:08.1225099Z test_shadow_assessment_cites_facts_and_inferences_and_abstains (test_context_assessment.ContextAssessmentTests.test_shadow_assessment_cites_facts_and_inferences_and_abstains) ... ok
2026-09-14T00:34:08.1235107Z test_snapshot_binds_exact_causal_sources_and_explicit_missing_domains (test_context_assessment.ContextAssessmentTests.test_snapshot_binds_exact_causal_sources_and_explicit_missing_domains) ... ok
2026-09-14T00:34:08.1237356Z test_snapshot_rejects_attention_scanner_lineage_mismatch (test_context_assessment.ContextAssessmentTests.test_snapshot_rejects_attention_scanner_lineage_mismatch) ... ok
2026-09-14T00:34:08.1242699Z test_snapshot_rejects_future_headline_even_after_self_rehash (test_context_assessment.ContextAssessmentTests.test_snapshot_rejects_future_headline_even_after_self_rehash) ... ok
2026-09-14T00:34:08.1260421Z test_snapshot_rejects_future_or_retrospective_evidence (test_context_assessment.ContextAssessmentTests.test_snapshot_rejects_future_or_retrospective_evidence) ... ok
2026-09-14T00:34:08.1272909Z test_snapshot_tamper_fails_content_hash_validation (test_context_assessment.ContextAssessmentTests.test_snapshot_tamper_fails_content_hash_validation) ... ok
2026-09-14T00:34:08.1290095Z test_value_specific_claim_requires_issuer_history (test_context_assessment.ContextAssessmentTests.test_value_specific_claim_requires_issuer_history) ... ok
2026-09-14T00:34:08.1329092Z test_account_action_groups_are_separate_and_descriptive (test_context_heldout_comparison.ContextHeldoutComparisonTests.test_account_action_groups_are_separate_and_descriptive) ... ok
2026-09-14T00:34:08.1367885Z test_activation_is_the_only_action_anchor_and_not_claimed_trade_time (test_context_heldout_comparison.ContextHeldoutComparisonTests.test_activation_is_the_only_action_anchor_and_not_claimed_trade_time) ... ok
2026-09-14T00:34:08.1406447Z test_candidate_acquisition_is_a_separate_gate (test_context_heldout_comparison.ContextHeldoutComparisonTests.test_candidate_acquisition_is_a_separate_gate) ... ok
2026-09-14T00:34:08.1444919Z test_deterministic_coverage_reports_missing_domains_without_imputation (test_context_heldout_comparison.ContextHeldoutComparisonTests.test_deterministic_coverage_reports_missing_domains_without_imputation) ... ok
2026-09-14T00:34:08.1483388Z test_every_frozen_semantic_record_is_bound_to_its_exact_snapshot (test_context_heldout_comparison.ContextHeldoutComparisonTests.test_every_frozen_semantic_record_is_bound_to_its_exact_snapshot) ... ok
2026-09-14T00:34:08.1521808Z test_no_score_threshold_or_policy_output_exists (test_context_heldout_comparison.ContextHeldoutComparisonTests.test_no_score_threshold_or_policy_output_exists) ... ok
2026-09-14T00:34:08.1560452Z test_off_candidate_actions_do_not_claim_context_components (test_context_heldout_comparison.ContextHeldoutComparisonTests.test_off_candidate_actions_do_not_claim_context_components) ... ok
2026-09-14T00:34:08.1601800Z test_result_is_bound_to_all_three_frozen_parents (test_context_heldout_comparison.ContextHeldoutComparisonTests.test_result_is_bound_to_all_three_frozen_parents) ... ok
2026-09-14T00:34:08.1704120Z test_self_rehashed_action_coverage_tamper_fails (test_context_heldout_comparison.ContextHeldoutComparisonTests.test_self_rehashed_action_coverage_tamper_fails) ... ok
2026-09-14T00:34:08.1795819Z test_self_rehashed_parent_tamper_fails (test_context_heldout_comparison.ContextHeldoutComparisonTests.test_self_rehashed_parent_tamper_fails) ... ok
2026-09-14T00:34:08.1897247Z test_self_rehashed_semantic_value_tamper_fails (test_context_heldout_comparison.ContextHeldoutComparisonTests.test_self_rehashed_semantic_value_tamper_fails) ... ok
2026-09-14T00:34:08.1942485Z test_semantic_abstention_and_confidence_remain_component_scoped (test_context_heldout_comparison.ContextHeldoutComparisonTests.test_semantic_abstention_and_confidence_remain_component_scoped) ... ok
2026-09-14T00:34:08.2187734Z test_account_scope_is_preserved_on_same_symbol (test_context_heldout_labels.ContextHeldoutLabelTests.test_account_scope_is_preserved_on_same_symbol) ... ok
2026-09-14T00:34:08.2683938Z test_all_eight_files_are_inventoried_but_raw_archive_is_not_committed (test_context_heldout_labels.ContextHeldoutLabelTests.test_all_eight_files_are_inventoried_but_raw_archive_is_not_committed) ... ok
2026-09-14T00:34:08.2924274Z test_labels_bind_exact_frozen_runtime_semantic_tree_and_candidates (test_context_heldout_labels.ContextHeldoutLabelTests.test_labels_bind_exact_frozen_runtime_semantic_tree_and_candidates) ... ok
2026-09-14T00:34:08.3170871Z test_labels_cannot_enable_strategy_authority (test_context_heldout_labels.ContextHeldoutLabelTests.test_labels_cannot_enable_strategy_authority) ... ok
2026-09-14T00:34:08.3423487Z test_no_trade_session_cannot_enable_skip_inference (test_context_heldout_labels.ContextHeldoutLabelTests.test_no_trade_session_cannot_enable_skip_inference) ... ok
2026-09-14T00:34:08.3661340Z test_off_candidate_actions_and_transcription_corrections_are_retained (test_context_heldout_labels.ContextHeldoutLabelTests.test_off_candidate_actions_and_transcription_corrections_are_retained) ... ok
2026-09-14T00:34:08.3926576Z test_publication_date_is_not_silently_used_as_trading_date (test_context_heldout_labels.ContextHeldoutLabelTests.test_publication_date_is_not_silently_used_as_trading_date) ... ok
2026-09-14T00:34:08.4283865Z test_self_rehashed_candidate_tamper_fails_against_semantic_parent (test_context_heldout_labels.ContextHeldoutLabelTests.test_self_rehashed_candidate_tamper_fails_against_semantic_parent) ... ok
2026-09-14T00:34:08.4582455Z test_sparse_counts_keep_unmentioned_candidates_unknown (test_context_heldout_labels.ContextHeldoutLabelTests.test_sparse_counts_keep_unmentioned_candidates_unknown) ... ok
2026-09-14T00:34:08.4586115Z test_dates_are_next_ten_calendar_only_sessions (test_context_heldout_panel.ContextHeldoutPanelTests.test_dates_are_next_ten_calendar_only_sessions) ... ok
2026-09-14T00:34:08.4597120Z test_dates_cannot_be_replaced_after_registration (test_context_heldout_panel.ContextHeldoutPanelTests.test_dates_cannot_be_replaced_after_registration) ... ok
2026-09-14T00:34:08.4609255Z test_missing_source_date_cannot_be_substituted_or_called_skip (test_context_heldout_panel.ContextHeldoutPanelTests.test_missing_source_date_cannot_be_substituted_or_called_skip) ... ok
2026-09-14T00:34:08.4616384Z test_registration_audit_binds_exact_contract (test_context_heldout_panel.ContextHeldoutPanelTests.test_registration_audit_binds_exact_contract) ... ok
2026-09-14T00:34:08.4621668Z test_registration_has_no_runtime_or_semantic_result (test_context_heldout_panel.ContextHeldoutPanelTests.test_registration_has_no_runtime_or_semantic_result) ... ok
2026-09-14T00:34:08.4625668Z test_reviewed_pilot_is_excluded_from_fit_and_evaluation (test_context_heldout_panel.ContextHeldoutPanelTests.test_reviewed_pilot_is_excluded_from_fit_and_evaluation) ... ok
2026-09-14T00:34:08.4645751Z test_source_or_behavior_information_cannot_enter_registration (test_context_heldout_panel.ContextHeldoutPanelTests.test_source_or_behavior_information_cannot_enter_registration) ... ok
2026-09-14T00:34:08.4924385Z test_daily_runtime_builds_activation_record_and_preserves_unavailable (test_context_runtime.ContextRuntimeTests.test_daily_runtime_builds_activation_record_and_preserves_unavailable) ... ok
2026-09-14T00:34:08.4957569Z test_daily_runtime_keeps_invalid_non_null_price_fail_closed (test_context_runtime.ContextRuntimeTests.test_daily_runtime_keeps_invalid_non_null_price_fail_closed) ... ok
2026-09-14T00:34:08.4973361Z test_daily_runtime_preserves_null_decision_price_as_unavailable (test_context_runtime.ContextRuntimeTests.test_daily_runtime_preserves_null_decision_price_as_unavailable) ... ok
2026-09-14T00:34:08.5025638Z test_final_market_manifest_path_loads_and_binds_frozen_registration (test_context_runtime.ContextRuntimeTests.test_final_market_manifest_path_loads_and_binds_frozen_registration) ... ok
2026-09-14T00:34:08.5029938Z test_first_runtime_failure_is_permanent_and_not_promotable (test_context_runtime.ContextRuntimeTests.test_first_runtime_failure_is_permanent_and_not_promotable) ... ok
2026-09-14T00:34:08.5042151Z test_generic_date_and_root_payloads_preserve_missing_records (test_context_runtime.ContextRuntimeTests.test_generic_date_and_root_payloads_preserve_missing_records) ... ok
2026-09-14T00:34:08.5046452Z test_market_manifest_is_hash_bound_label_blind_and_all_candidate (test_context_runtime.ContextRuntimeTests.test_market_manifest_is_hash_bound_label_blind_and_all_candidate) ... ok
2026-09-14T00:34:08.5056113Z test_prior_runtime_root_accepts_direct_or_named_artifact_layout_only (test_context_runtime.ContextRuntimeTests.test_prior_runtime_root_accepts_direct_or_named_artifact_layout_only) ... ok
2026-09-14T00:34:08.5058423Z test_provider_pipeline_uses_only_registered_dates_and_endpoint_identity_gate (test_context_runtime.ContextRuntimeTests.test_provider_pipeline_uses_only_registered_dates_and_endpoint_identity_gate) ... ok
2026-09-14T00:34:08.5062555Z test_run_32204337846_failures_are_permanent_and_not_promotable (test_context_runtime.ContextRuntimeTests.test_run_32204337846_failures_are_permanent_and_not_promotable) ... ok
2026-09-14T00:34:08.5064951Z test_run_32243689589_failure_is_permanent_and_not_promotable (test_context_runtime.ContextRuntimeTests.test_run_32243689589_failure_is_permanent_and_not_promotable) ... ok
2026-09-14T00:34:08.5069362Z test_run_32260356870_success_is_permanent_verified_and_not_promotable (test_context_runtime.ContextRuntimeTests.test_run_32260356870_success_is_permanent_verified_and_not_promotable) ... ok
2026-09-14T00:34:08.5075817Z test_runtime_request_hashes_the_exact_frozen_contract_files (test_context_runtime.ContextRuntimeTests.test_runtime_request_hashes_the_exact_frozen_contract_files) ... ok
2026-09-14T00:34:08.5095751Z test_runtime_request_is_fixed_label_blind_and_not_promotable (test_context_runtime.ContextRuntimeTests.test_runtime_request_is_fixed_label_blind_and_not_promotable) ... ok
2026-09-14T00:34:08.5097556Z test_workflow_uses_registered_builders_and_no_transcript_archive (test_context_runtime.ContextRuntimeTests.test_workflow_uses_registered_builders_and_no_transcript_archive) ... ok
2026-09-14T00:34:08.5099090Z test_builder_has_no_uploaded_transcript_or_recap_source_path (test_context_semantic_shadow.ContextSemanticShadowTests.test_builder_has_no_uploaded_transcript_or_recap_source_path) ... ok
2026-09-14T00:34:08.5100289Z test_frozen_files_have_stable_file_hashes (test_context_semantic_shadow.ContextSemanticShadowTests.test_frozen_files_have_stable_file_hashes) ... ok
2026-09-14T00:34:08.5541460Z test_frozen_semantic_artifact_recomputes_and_preserves_boundaries (test_context_semantic_shadow.ContextSemanticShadowTests.test_frozen_semantic_artifact_recomputes_and_preserves_boundaries) ... ok
2026-09-14T00:34:08.5544549Z test_manifest_tamper_cannot_enable_promotion (test_context_semantic_shadow.ContextSemanticShadowTests.test_manifest_tamper_cannot_enable_promotion) ... ok
2026-09-14T00:34:08.5547697Z test_permanent_audit_binds_frozen_artifact_and_allows_labels_only_after_freeze (test_context_semantic_shadow.ContextSemanticShadowTests.test_permanent_audit_binds_frozen_artifact_and_allows_labels_only_after_freeze) ... ok
2026-09-14T00:34:08.5550587Z test_rubric_is_frozen_label_blind_and_transparent_about_generation (test_context_semantic_shadow.ContextSemanticShadowTests.test_rubric_is_frozen_label_blind_and_transparent_about_generation) ... ok
2026-09-14T00:34:08.5553416Z test_rubric_tamper_cannot_add_authority_or_change_parent (test_context_semantic_shadow.ContextSemanticShadowTests.test_rubric_tamper_cannot_add_authority_or_change_parent) ... ok
2026-09-14T00:34:08.5561511Z test_as_of_quarantines_future_and_unknown_dates (test_corpus.CorpusTests.test_as_of_quarantines_future_and_unknown_dates) ... ok
2026-09-14T00:34:08.5582046Z test_audit_detects_duplicate_ids (test_corpus.CorpusTests.test_audit_detects_duplicate_ids) ... ok
2026-09-14T00:34:08.5583642Z test_normalizes_html_and_whitespace (test_corpus.CorpusTests.test_normalizes_html_and_whitespace) ... ok
2026-09-14T00:34:08.5584741Z test_parse_publication_date (test_corpus.CorpusTests.test_parse_publication_date) ... ok
2026-09-14T00:34:08.5906532Z test_adapter_requires_frozen_artifact_hash_and_has_no_authority (test_daily_chart_context.DailyChartContextTests.test_adapter_requires_frozen_artifact_hash_and_has_no_authority) ... ok
2026-09-14T00:34:08.5992969Z test_builder_rejects_current_session_and_naive_source_timestamps (test_daily_chart_context.DailyChartContextTests.test_builder_rejects_current_session_and_naive_source_timestamps) ... ok
2026-09-14T00:34:08.6145189Z test_builder_uses_only_prior_completed_sessions_and_exact_formulas (test_daily_chart_context.DailyChartContextTests.test_builder_uses_only_prior_completed_sessions_and_exact_formulas) ... ok
2026-09-14T00:34:08.6148488Z test_contract_freezes_causal_sources_but_no_chart_threshold (test_daily_chart_context.DailyChartContextTests.test_contract_freezes_causal_sources_but_no_chart_threshold) ... ok
2026-09-14T00:34:08.6267613Z test_identity_window_must_cover_every_included_bar_and_decision (test_daily_chart_context.DailyChartContextTests.test_identity_window_must_cover_every_included_bar_and_decision) ... ok
2026-09-14T00:34:08.6314132Z test_partial_history_is_explicit_and_does_not_invent_features (test_daily_chart_context.DailyChartContextTests.test_partial_history_is_explicit_and_does_not_invent_features) ... ok
2026-09-14T00:34:08.6316889Z test_protocol_audit_binds_exact_contract_without_promotion (test_daily_chart_context.DailyChartContextTests.test_protocol_audit_binds_exact_contract_without_promotion) ... ok
2026-09-14T00:34:08.6562307Z test_tamper_fails_hash_and_deterministic_reconstruction (test_daily_chart_context.DailyChartContextTests.test_tamper_fails_hash_and_deterministic_reconstruction) ... ok
2026-09-14T00:34:08.6584867Z test_aggregate_budget_rejection_makes_zero_timeseries_calls (test_databento_behavioral_cohort_execution_v01.DatabentoBehavioralCohortExecutionV01Tests.test_aggregate_budget_rejection_makes_zero_timeseries_calls) ... ok
2026-09-14T00:34:08.6920067Z test_all_quotes_precede_exact_five_downloads_and_report_is_sanitized (test_databento_behavioral_cohort_execution_v01.DatabentoBehavioralCohortExecutionV01Tests.test_all_quotes_precede_exact_five_downloads_and_report_is_sanitized) ... ok
2026-09-14T00:34:08.6923985Z test_authorization_drift_fails_closed (test_databento_behavioral_cohort_execution_v01.DatabentoBehavioralCohortExecutionV01Tests.test_authorization_drift_fails_closed) ... ok
2026-09-14T00:34:08.6950830Z test_checkpoint_inside_atomic_event_fails_closed (test_databento_behavioral_cohort_execution_v01.DatabentoBehavioralCohortExecutionV01Tests.test_checkpoint_inside_atomic_event_fails_closed) ... ok
2026-09-14T00:34:08.6961675Z test_cohort_is_exact_hash_bound_and_harness_is_unarmed (test_databento_behavioral_cohort_execution_v01.DatabentoBehavioralCohortExecutionV01Tests.test_cohort_is_exact_hash_bound_and_harness_is_unarmed) ... ok
2026-09-14T00:34:08.6964417Z test_first_provider_failure_stops_without_retry (test_databento_behavioral_cohort_execution_v01.DatabentoBehavioralCohortExecutionV01Tests.test_first_provider_failure_stops_without_retry) ... ok
2026-09-14T00:34:08.6967145Z test_harness_registration_audit_binds_unarmed_files (test_databento_behavioral_cohort_execution_v01.DatabentoBehavioralCohortExecutionV01Tests.test_harness_registration_audit_binds_unarmed_files) ... ok
2026-09-14T00:34:08.6970190Z test_registration_does_not_contain_execution_file (test_databento_behavioral_cohort_execution_v01.DatabentoBehavioralCohortExecutionV01Tests.test_registration_does_not_contain_execution_file) ... ok
2026-09-14T00:34:08.6973012Z test_safe_failure_audit_is_hash_bound_and_records_no_retry (test_databento_behavioral_cohort_execution_v01.DatabentoBehavioralCohortExecutionV01Tests.test_safe_failure_audit_is_hash_bound_and_records_no_retry) ... ok
2026-09-14T00:34:08.6975994Z test_workflow_is_authorization_only_first_attempt_and_pinned (test_databento_behavioral_cohort_execution_v01.DatabentoBehavioralCohortExecutionV01Tests.test_workflow_is_authorization_only_first_attempt_and_pinned) ... ok
2026-09-14T00:34:08.7008928Z test_budget_rejection_makes_zero_timeseries_calls (test_databento_behavioral_cohort_execution_v02.DatabentoBehavioralCohortExecutionV02Tests.test_budget_rejection_makes_zero_timeseries_calls) ... ok
2026-09-14T00:34:08.7013085Z test_consumed_v01_authorization_cannot_validate_as_v02 (test_databento_behavioral_cohort_execution_v02.DatabentoBehavioralCohortExecutionV02Tests.test_consumed_v01_authorization_cannot_validate_as_v02) ... ok
2026-09-14T00:34:08.7017172Z test_contract_and_authorization_drift_fail_closed (test_databento_behavioral_cohort_execution_v02.DatabentoBehavioralCohortExecutionV02Tests.test_contract_and_authorization_drift_fail_closed) ... ok
2026-09-14T00:34:08.7020800Z test_contract_binds_safe_failure_and_exact_dataframe_repair (test_databento_behavioral_cohort_execution_v02.DatabentoBehavioralCohortExecutionV02Tests.test_contract_binds_safe_failure_and_exact_dataframe_repair) ... ok
2026-09-14T00:34:08.7024506Z test_contract_is_hash_bound_unarmed_and_future_authorization_is_valid (test_databento_behavioral_cohort_execution_v02.DatabentoBehavioralCohortExecutionV02Tests.test_contract_is_hash_bound_unarmed_and_future_authorization_is_valid) ... ok
2026-09-14T00:34:08.7057440Z test_first_provider_failure_stops_without_retry (test_databento_behavioral_cohort_execution_v02.DatabentoBehavioralCohortExecutionV02Tests.test_first_provider_failure_stops_without_retry) ... ok
2026-09-14T00:34:08.7064242Z test_registration_audit_binds_unarmed_v02_files (test_databento_behavioral_cohort_execution_v02.DatabentoBehavioralCohortExecutionV02Tests.test_registration_audit_binds_unarmed_v02_files) ... ok
2026-09-14T00:34:08.7411983Z test_repaired_success_delegates_exactly_and_versions_report (test_databento_behavioral_cohort_execution_v02.DatabentoBehavioralCohortExecutionV02Tests.test_repaired_success_delegates_exactly_and_versions_report) ... ok
2026-09-14T00:34:08.7417484Z test_workflow_is_v02_authorization_only_first_attempt_and_pinned (test_databento_behavioral_cohort_execution_v02.DatabentoBehavioralCohortExecutionV02Tests.test_workflow_is_v02_authorization_only_first_attempt_and_pinned) ... ok
2026-09-14T00:34:08.7422882Z test_permanent_success_audit_binds_consumed_first_attempt (test_databento_behavioral_cohort_v02_success_audit.DatabentoBehavioralCohortV02SuccessAuditTests.test_permanent_success_audit_binds_consumed_first_attempt) ... ok
2026-09-14T00:34:08.7428364Z test_sanitization_and_causality_guards_remained_closed (test_databento_behavioral_cohort_v02_success_audit.DatabentoBehavioralCohortV02SuccessAuditTests.test_sanitization_and_causality_guards_remained_closed) ... ok
2026-09-14T00:34:08.7432467Z test_success_is_complete_exact_and_not_a_policy_promotion (test_databento_behavioral_cohort_v02_success_audit.DatabentoBehavioralCohortV02SuccessAuditTests.test_success_is_complete_exact_and_not_a_policy_promotion) ... ok
2026-09-14T00:34:08.7435785Z test_activation_readiness_audit_binds_corrected_test_harness (test_databento_feature_coverage_v01.DatabentoFeatureCoverageV01Tests.test_activation_readiness_audit_binds_corrected_test_harness) ... ok
2026-09-14T00:34:08.7438453Z test_aggregate_budget_rejection_makes_zero_timeseries_calls (test_databento_feature_coverage_v01.DatabentoFeatureCoverageV01Tests.test_aggregate_budget_rejection_makes_zero_timeseries_calls) ... ok
2026-09-14T00:34:08.7441090Z test_authorization_overclaim_fails_closed (test_databento_feature_coverage_v01.DatabentoFeatureCoverageV01Tests.test_authorization_overclaim_fails_closed) ... ok
2026-09-14T00:34:08.7443509Z test_contract_is_hash_bound_to_verified_parent_and_unarmed (test_databento_feature_coverage_v01.DatabentoFeatureCoverageV01Tests.test_contract_is_hash_bound_to_verified_parent_and_unarmed) ... ok
2026-09-14T00:34:08.7476988Z test_first_provider_failure_stops_without_retry (test_databento_feature_coverage_v01.DatabentoFeatureCoverageV01Tests.test_first_provider_failure_stops_without_retry) ... ok
2026-09-14T00:34:08.7480091Z test_fixed_remaining_case_order_excludes_only_verified_intj (test_databento_feature_coverage_v01.DatabentoFeatureCoverageV01Tests.test_fixed_remaining_case_order_excludes_only_verified_intj) ... ok
2026-09-14T00:34:08.7482989Z test_frozen_repair_and_feature_engine_hashes_are_unchanged (test_databento_feature_coverage_v01.DatabentoFeatureCoverageV01Tests.test_frozen_repair_and_feature_engine_hashes_are_unchanged) ... ok
2026-09-14T00:34:08.7521293Z test_generalized_case_extractor_is_identical_on_frozen_intj_fixture (test_databento_feature_coverage_v01.DatabentoFeatureCoverageV01Tests.test_generalized_case_extractor_is_identical_on_frozen_intj_fixture) ... ok
2026-09-14T00:34:08.7527337Z test_registration_audit_binds_unarmed_bundle (test_databento_feature_coverage_v01.DatabentoFeatureCoverageV01Tests.test_registration_audit_binds_unarmed_bundle) ... ok
2026-09-14T00:34:08.7536851Z test_runner_rejects_absent_authorization_before_sdk_import (test_databento_feature_coverage_v01.DatabentoFeatureCoverageV01Tests.test_runner_rejects_absent_authorization_before_sdk_import) ... ok
2026-09-14T00:34:08.7615596Z test_three_case_replay_is_exact_threshold_free_and_sanitized (test_databento_feature_coverage_v01.DatabentoFeatureCoverageV01Tests.test_three_case_replay_is_exact_threshold_free_and_sanitized) ... ok
2026-09-14T00:34:08.7618633Z test_workflow_is_disjoint_from_unarmed_bundle (test_databento_feature_coverage_v01.DatabentoFeatureCoverageV01Tests.test_workflow_is_disjoint_from_unarmed_bundle) ... ok
2026-09-14T00:34:08.7639393Z test_aggregate_budget_rejection_makes_zero_timeseries_calls (test_databento_feature_coverage_v02.DatabentoFeatureCoverageV02Tests.test_aggregate_budget_rejection_makes_zero_timeseries_calls) ... ok
2026-09-14T00:34:08.7641933Z test_authorization_overclaim_fails_closed (test_databento_feature_coverage_v02.DatabentoFeatureCoverageV02Tests.test_authorization_overclaim_fails_closed) ... ok
2026-09-14T00:34:08.7683763Z test_contract_and_reports_exclude_retrospective_authority_inputs (test_databento_feature_coverage_v02.DatabentoFeatureCoverageV02Tests.test_contract_and_reports_exclude_retrospective_authority_inputs) ... ok
2026-09-14T00:34:08.7687015Z test_contract_is_hash_bound_to_verified_parents_and_unarmed (test_databento_feature_coverage_v02.DatabentoFeatureCoverageV02Tests.test_contract_is_hash_bound_to_verified_parents_and_unarmed) ... ok
2026-09-14T00:34:08.7689676Z test_exact_amc_gmm_order_caps_and_prior_quote_evidence_are_frozen (test_databento_feature_coverage_v02.DatabentoFeatureCoverageV02Tests.test_exact_amc_gmm_order_caps_and_prior_quote_evidence_are_frozen) ... ok
2026-09-14T00:34:08.7697897Z test_first_provider_failure_stops_without_retry (test_databento_feature_coverage_v02.DatabentoFeatureCoverageV02Tests.test_first_provider_failure_stops_without_retry) ... ok
2026-09-14T00:34:08.7700332Z test_frozen_repair_and_feature_engine_hashes_are_unchanged (test_databento_feature_coverage_v02.DatabentoFeatureCoverageV02Tests.test_frozen_repair_and_feature_engine_hashes_are_unchanged) ... ok
2026-09-14T00:34:08.7714174Z test_price_mismatch_replays_under_registered_repair_without_thresholds (test_databento_feature_coverage_v02.DatabentoFeatureCoverageV02Tests.test_price_mismatch_replays_under_registered_repair_without_thresholds) ... ok
2026-09-14T00:34:08.7721114Z test_registration_audit_binds_unarmed_bundle (test_databento_feature_coverage_v02.DatabentoFeatureCoverageV02Tests.test_registration_audit_binds_unarmed_bundle) ... ok
2026-09-14T00:34:08.7729495Z test_runner_rejects_absent_authorization_before_sdk_import (test_databento_feature_coverage_v02.DatabentoFeatureCoverageV02Tests.test_runner_rejects_absent_authorization_before_sdk_import) ... ok
2026-09-14T00:34:08.7756151Z test_second_provider_failure_preserves_amc_and_stops_without_retry (test_databento_feature_coverage_v02.DatabentoFeatureCoverageV02Tests.test_second_provider_failure_preserves_amc_and_stops_without_retry) ... ok
2026-09-14T00:34:08.7797179Z test_two_request_replay_is_ordered_exact_and_sanitized (test_databento_feature_coverage_v02.DatabentoFeatureCoverageV02Tests.test_two_request_replay_is_ordered_exact_and_sanitized) ... ok
2026-09-14T00:34:08.7800644Z test_workflow_is_disjoint_parent_bound_and_first_attempt_only (test_databento_feature_coverage_v02.DatabentoFeatureCoverageV02Tests.test_workflow_is_disjoint_parent_bound_and_first_attempt_only) ... ok
2026-09-14T00:34:08.7804023Z test_permanent_success_audit_binds_verified_four_case_coverage (test_databento_feature_coverage_v02_success_audit.DatabentoFeatureCoverageV02SuccessAuditTests.test_permanent_success_audit_binds_verified_four_case_coverage) ... ok
2026-09-14T00:34:08.7907115Z test_all_four_synthetic_streams_pass_and_delete_raw_files (test_databento_feature_diagnostic_v01.DatabentoFeatureDiagnosticV01Tests.test_all_four_synthetic_streams_pass_and_delete_raw_files) ... ok
2026-09-14T00:34:08.7911984Z test_atomic_group_failures_are_closed (test_databento_feature_diagnostic_v01.DatabentoFeatureDiagnosticV01Tests.test_atomic_group_failures_are_closed) ... ok
2026-09-14T00:34:08.7914693Z test_contract_is_hash_bound_and_unarmed (test_databento_feature_diagnostic_v01.DatabentoFeatureDiagnosticV01Tests.test_contract_is_hash_bound_and_unarmed) ... ok
2026-09-14T00:34:08.7917598Z test_exact_four_mbo_requests_and_ceilings_are_frozen (test_databento_feature_diagnostic_v01.DatabentoFeatureDiagnosticV01Tests.test_exact_four_mbo_requests_and_ceilings_are_frozen) ... ok
2026-09-14T00:34:08.7926244Z test_preflight_budget_failure_makes_zero_timeseries_calls (test_databento_feature_diagnostic_v01.DatabentoFeatureDiagnosticV01Tests.test_preflight_budget_failure_makes_zero_timeseries_calls) ... ok
2026-09-14T00:34:08.7969499Z test_provider_or_parser_failure_is_sanitized_without_retry (test_databento_feature_diagnostic_v01.DatabentoFeatureDiagnosticV01Tests.test_provider_or_parser_failure_is_sanitized_without_retry) ... ok
2026-09-14T00:34:08.7975267Z test_registration_audit_binds_the_inert_bundle (test_databento_feature_diagnostic_v01.DatabentoFeatureDiagnosticV01Tests.test_registration_audit_binds_the_inert_bundle) ... ok
2026-09-14T00:34:08.7978653Z test_separate_execution_child_is_hash_bound_to_published_parent (test_databento_feature_diagnostic_v01.DatabentoFeatureDiagnosticV01Tests.test_separate_execution_child_is_hash_bound_to_published_parent) ... ok
2026-09-14T00:34:08.8018147Z test_threshold_free_feature_extraction_is_deterministic (test_databento_feature_diagnostic_v01.DatabentoFeatureDiagnosticV01Tests.test_threshold_free_feature_extraction_is_deterministic) ... ok
2026-09-14T00:34:08.8025908Z test_unavailable_report_and_sanitization_boundary (test_databento_feature_diagnostic_v01.DatabentoFeatureDiagnosticV01Tests.test_unavailable_report_and_sanitization_boundary) ... ok
2026-09-14T00:34:08.8029468Z test_workflow_is_one_shot_after_separate_exact_authorization (test_databento_feature_diagnostic_v01.DatabentoFeatureDiagnosticV01Tests.test_workflow_is_one_shot_after_separate_exact_authorization) ... ok
2026-09-14T00:34:08.8031920Z test_xnas_trade_fill_cancel_is_ordered_and_classified (test_databento_feature_diagnostic_v01.DatabentoFeatureDiagnosticV01Tests.test_xnas_trade_fill_cancel_is_ordered_and_classified) ... ok
2026-09-14T00:34:08.8039757Z test_atomic_group_boundary_and_timestamp_failures_are_classified (test_databento_feature_diagnostic_v02.DatabentoFeatureDiagnosticV02Tests.test_atomic_group_boundary_and_timestamp_failures_are_classified) ... ok
2026-09-14T00:34:08.8042768Z test_child_remains_unarmed_and_workflow_only_awaits_future_authorization (test_databento_feature_diagnostic_v02.DatabentoFeatureDiagnosticV02Tests.test_child_remains_unarmed_and_workflow_only_awaits_future_authorization) ... ok
2026-09-14T00:34:08.8046178Z test_failure_audit_contract_and_frozen_sources_are_hash_bound (test_databento_feature_diagnostic_v02.DatabentoFeatureDiagnosticV02Tests.test_failure_audit_contract_and_frozen_sources_are_hash_bound) ... ok
2026-09-14T00:34:08.8052159Z test_feature_snapshot_failure_is_classified_without_exception_text (test_databento_feature_diagnostic_v02.DatabentoFeatureDiagnosticV02Tests.test_feature_snapshot_failure_is_classified_without_exception_text) ... ok
2026-09-14T00:34:08.8055156Z test_fill_cancel_and_normalization_failures_have_specific_codes (test_databento_feature_diagnostic_v02.DatabentoFeatureDiagnosticV02Tests.test_fill_cancel_and_normalization_failures_have_specific_codes) ... ok
2026-09-14T00:34:08.8078721Z test_preflight_query_or_budget_failure_makes_zero_timeseries_calls (test_databento_feature_diagnostic_v02.DatabentoFeatureDiagnosticV02Tests.test_preflight_query_or_budget_failure_makes_zero_timeseries_calls) ... ok
2026-09-14T00:34:08.8145473Z test_provider_file_metadata_iteration_and_replay_failures_are_one_shot (test_databento_feature_diagnostic_v02.DatabentoFeatureDiagnosticV02Tests.test_provider_file_metadata_iteration_and_replay_failures_are_one_shot) ... ok
2026-09-14T00:34:08.8153235Z test_registration_audit_binds_final_unarmed_bundle_when_present (test_databento_feature_diagnostic_v02.DatabentoFeatureDiagnosticV02Tests.test_registration_audit_binds_final_unarmed_bundle_when_present) ... ok
2026-09-14T00:34:08.8168537Z test_report_validator_rejects_unknown_codes_fields_messages_and_hashes (test_databento_feature_diagnostic_v02.DatabentoFeatureDiagnosticV02Tests.test_report_validator_rejects_unknown_codes_fields_messages_and_hashes) ... ok
2026-09-14T00:34:08.8288008Z test_runner_early_gates_never_import_sdk_or_construct_client (test_databento_feature_diagnostic_v02.DatabentoFeatureDiagnosticV02Tests.test_runner_early_gates_never_import_sdk_or_construct_client) ... ok
2026-09-14T00:34:08.8291537Z test_safe_failure_object_is_closed_and_non_reconstructive (test_databento_feature_diagnostic_v02.DatabentoFeatureDiagnosticV02Tests.test_safe_failure_object_is_closed_and_non_reconstructive) ... ok
2026-09-14T00:34:08.8370455Z test_success_is_deterministic_and_exactly_matches_frozen_v01_metrics (test_databento_feature_diagnostic_v02.DatabentoFeatureDiagnosticV02Tests.test_success_is_deterministic_and_exactly_matches_frozen_v01_metrics) ... ok
2026-09-14T00:34:08.8412670Z test_successful_gate_is_one_shot_and_deletes_raw_placeholder (test_databento_feature_diagnostic_v02.DatabentoFeatureDiagnosticV02Tests.test_successful_gate_is_one_shot_and_deletes_raw_placeholder) ... ok
2026-09-14T00:34:08.8422564Z test_activation_readiness_audit_binds_corrected_test_harness (test_databento_feature_diagnostic_v03.DatabentoFeatureDiagnosticV03Tests.test_activation_readiness_audit_binds_corrected_test_harness) ... ok
2026-09-14T00:34:08.8425861Z test_authorization_validation_is_strict (test_databento_feature_diagnostic_v03.DatabentoFeatureDiagnosticV03Tests.test_authorization_validation_is_strict) ... ok
2026-09-14T00:34:08.8429318Z test_contract_and_parent_failure_are_hash_bound_and_unarmed (test_databento_feature_diagnostic_v03.DatabentoFeatureDiagnosticV03Tests.test_contract_and_parent_failure_are_hash_bound_and_unarmed) ... ok
2026-09-14T00:34:08.8432231Z test_fill_cancel_match_is_sequence_scoped (test_databento_feature_diagnostic_v03.DatabentoFeatureDiagnosticV03Tests.test_fill_cancel_match_is_sequence_scoped) ... ok
2026-09-14T00:34:08.8434701Z test_frozen_parent_sources_and_feature_engine_are_unchanged (test_databento_feature_diagnostic_v03.DatabentoFeatureDiagnosticV03Tests.test_frozen_parent_sources_and_feature_engine_are_unchanged) ... ok
2026-09-14T00:34:08.8470491Z test_frozen_valid_fixture_preserves_all_parent_metrics (test_databento_feature_diagnostic_v03.DatabentoFeatureDiagnosticV03Tests.test_frozen_valid_fixture_preserves_all_parent_metrics) ... ok
2026-09-14T00:34:08.8472977Z test_incomplete_scope_fails_closed_even_when_another_scope_completes (test_databento_feature_diagnostic_v03.DatabentoFeatureDiagnosticV03Tests.test_incomplete_scope_fails_closed_even_when_another_scope_completes) ... ok
2026-09-14T00:34:08.8486349Z test_interleaved_scope_feature_engines_do_not_cross_contaminate (test_databento_feature_diagnostic_v03.DatabentoFeatureDiagnosticV03Tests.test_interleaved_scope_feature_engines_do_not_cross_contaminate) ... ok
2026-09-14T00:34:08.8489051Z test_interleaved_scopes_close_independently (test_databento_feature_diagnostic_v03.DatabentoFeatureDiagnosticV03Tests.test_interleaved_scopes_close_independently) ... ok
2026-09-14T00:34:08.8495382Z test_mixed_sequence_repair_replays_without_thresholds (test_databento_feature_diagnostic_v03.DatabentoFeatureDiagnosticV03Tests.test_mixed_sequence_repair_replays_without_thresholds) ... ok
2026-09-14T00:34:08.8509742Z test_preflight_budget_failure_makes_zero_timeseries_calls (test_databento_feature_diagnostic_v03.DatabentoFeatureDiagnosticV03Tests.test_preflight_budget_failure_makes_zero_timeseries_calls) ... ok
2026-09-14T00:34:08.8519410Z test_provider_failure_is_sanitized_without_retry (test_databento_feature_diagnostic_v03.DatabentoFeatureDiagnosticV03Tests.test_provider_failure_is_sanitized_without_retry) ... ok
2026-09-14T00:34:08.8526711Z test_registration_audit_binds_the_unarmed_repair_bundle (test_databento_feature_diagnostic_v03.DatabentoFeatureDiagnosticV03Tests.test_registration_audit_binds_the_unarmed_repair_bundle) ... ok
2026-09-14T00:34:08.8554891Z test_report_validator_rejects_raw_values_and_unlisted_failure_phase (test_databento_feature_diagnostic_v03.DatabentoFeatureDiagnosticV03Tests.test_report_validator_rejects_raw_values_and_unlisted_failure_phase) ... ok
2026-09-14T00:34:08.8563967Z test_runner_requires_future_authorization_before_provider_import (test_databento_feature_diagnostic_v03.DatabentoFeatureDiagnosticV03Tests.test_runner_requires_future_authorization_before_provider_import) ... ok
2026-09-14T00:34:08.8566976Z test_sequence_change_before_f_last_is_one_instrument_event (test_databento_feature_diagnostic_v03.DatabentoFeatureDiagnosticV03Tests.test_sequence_change_before_f_last_is_one_instrument_event) ... ok
2026-09-14T00:34:08.8586376Z test_synthetic_success_is_one_request_and_cleans_raw_file (test_databento_feature_diagnostic_v03.DatabentoFeatureDiagnosticV03Tests.test_synthetic_success_is_one_request_and_cleans_raw_file) ... ok
2026-09-14T00:34:08.8592649Z test_unarmed_bundle_does_not_import_databento (test_databento_feature_diagnostic_v03.DatabentoFeatureDiagnosticV03Tests.test_unarmed_bundle_does_not_import_databento) ... ok
2026-09-14T00:34:08.8595678Z test_workflow_is_disjoint_from_unarmed_bundle_and_one_shot (test_databento_feature_diagnostic_v03.DatabentoFeatureDiagnosticV03Tests.test_workflow_is_disjoint_from_unarmed_bundle_and_one_shot) ... ok
2026-09-14T00:34:08.8601286Z test_authorization_overclaim_and_bad_parent_fail_closed (test_databento_fill_cancel_classifier_v01.DatabentoFillCancelClassifierV01Tests.test_authorization_overclaim_and_bad_parent_fail_closed) ... ok
2026-09-14T00:34:08.8607152Z test_budget_rejection_makes_zero_timeseries_calls (test_databento_fill_cancel_classifier_v01.DatabentoFillCancelClassifierV01Tests.test_budget_rejection_makes_zero_timeseries_calls) ... ok
2026-09-14T00:34:08.8610470Z test_contract_and_parent_are_hash_bound_and_unarmed (test_databento_fill_cancel_classifier_v01.DatabentoFillCancelClassifierV01Tests.test_contract_and_parent_are_hash_bound_and_unarmed) ... ok
2026-09-14T00:34:08.8612942Z test_exact_fill_cancel_pair_matches_all_projections (test_databento_fill_cancel_classifier_v01.DatabentoFillCancelClassifierV01Tests.test_exact_fill_cancel_pair_matches_all_projections) ... ok
2026-09-14T00:34:08.8615467Z test_fill_without_cancel_and_fill_last_are_counted (test_databento_fill_cancel_classifier_v01.DatabentoFillCancelClassifierV01Tests.test_fill_without_cancel_and_fill_last_are_counted) ... ok
2026-09-14T00:34:08.8617746Z test_interleaved_instrument_events_remain_separate (test_databento_fill_cancel_classifier_v01.DatabentoFillCancelClassifierV01Tests.test_interleaved_instrument_events_remain_separate) ... ok
2026-09-14T00:34:08.8626635Z test_one_shot_gate_requotes_downloads_once_and_sanitizes (test_databento_fill_cancel_classifier_v01.DatabentoFillCancelClassifierV01Tests.test_one_shot_gate_requotes_downloads_once_and_sanitizes) ... ok
2026-09-14T00:34:08.8628726Z test_order_mismatch_does_not_false_match_any_projection (test_databento_fill_cancel_classifier_v01.DatabentoFillCancelClassifierV01Tests.test_order_mismatch_does_not_false_match_any_projection) ... ok
2026-09-14T00:34:08.8631566Z test_output_is_aggregate_only_and_source_has_no_provider_client (test_databento_fill_cancel_classifier_v01.DatabentoFillCancelClassifierV01Tests.test_output_is_aggregate_only_and_source_has_no_provider_client) ... ok
2026-09-14T00:34:08.8640736Z test_provider_failure_is_classified_without_retry_or_message (test_databento_fill_cancel_classifier_v01.DatabentoFillCancelClassifierV01Tests.test_provider_failure_is_classified_without_retry_or_message) ... ok
2026-09-14T00:34:08.8648569Z test_runner_rejects_absent_authorization_before_sdk_import (test_databento_fill_cancel_classifier_v01.DatabentoFillCancelClassifierV01Tests.test_runner_rejects_absent_authorization_before_sdk_import) ... ok
2026-09-14T00:34:08.8651211Z test_sequence_mismatch_isolated_by_registered_projection (test_databento_fill_cancel_classifier_v01.DatabentoFillCancelClassifierV01Tests.test_sequence_mismatch_isolated_by_registered_projection) ... ok
2026-09-14T00:34:08.8653467Z test_size_mismatch_isolated_by_registered_projection (test_databento_fill_cancel_classifier_v01.DatabentoFillCancelClassifierV01Tests.test_size_mismatch_isolated_by_registered_projection) ... ok
2026-09-14T00:34:08.8655567Z test_workflow_is_unarmed_and_parent_bound (test_databento_fill_cancel_classifier_v01.DatabentoFillCancelClassifierV01Tests.test_workflow_is_unarmed_and_parent_bound) ... ok
2026-09-14T00:34:08.8663831Z test_exact_match_is_identical_to_frozen_v03_translation (test_databento_fill_cancel_repair_v01.DatabentoFillCancelRepairV01Tests.test_exact_match_is_identical_to_frozen_v03_translation) ... ok
2026-09-14T00:34:08.8665676Z test_multiple_coarse_matches_preserve_multiset_counts (test_databento_fill_cancel_repair_v01.DatabentoFillCancelRepairV01Tests.test_multiple_coarse_matches_preserve_multiset_counts) ... ok
2026-09-14T00:34:08.8667943Z test_multiset_pairing_prefers_exact_then_stable_coarse_match (test_databento_fill_cancel_repair_v01.DatabentoFillCancelRepairV01Tests.test_multiset_pairing_prefers_exact_then_stable_coarse_match) ... ok
2026-09-14T00:34:08.8670219Z test_order_id_or_side_mismatch_fails_closed (test_databento_fill_cancel_repair_v01.DatabentoFillCancelRepairV01Tests.test_order_id_or_side_mismatch_fails_closed) ... ok
2026-09-14T00:34:08.8672273Z test_price_only_exception_uses_cancel_payload_for_removal (test_databento_fill_cancel_repair_v01.DatabentoFillCancelRepairV01Tests.test_price_only_exception_uses_cancel_payload_for_removal) ... ok
2026-09-14T00:34:08.8676775Z test_registration_is_unarmed_and_provider_free (test_databento_fill_cancel_repair_v01.DatabentoFillCancelRepairV01Tests.test_registration_is_unarmed_and_provider_free) ... ok
2026-09-14T00:34:08.8679131Z test_sequence_and_size_differences_are_coarse_only_matches (test_databento_fill_cancel_repair_v01.DatabentoFillCancelRepairV01Tests.test_sequence_and_size_differences_are_coarse_only_matches) ... ok
2026-09-14T00:34:08.8680754Z test_success_audit_and_repair_contract_are_hash_bound (test_databento_fill_cancel_repair_v01.DatabentoFillCancelRepairV01Tests.test_success_audit_and_repair_contract_are_hash_bound) ... ok
2026-09-14T00:34:08.8693345Z test_authorization_overclaim_fails_closed (test_databento_fill_cancel_repaired_feature_v01.DatabentoFillCancelRepairedFeatureV01Tests.test_authorization_overclaim_fails_closed) ... ok
2026-09-14T00:34:08.8704398Z test_budget_rejection_makes_zero_timeseries_calls (test_databento_fill_cancel_repaired_feature_v01.DatabentoFillCancelRepairedFeatureV01Tests.test_budget_rejection_makes_zero_timeseries_calls) ... ok
2026-09-14T00:34:08.8707665Z test_contract_is_hash_bound_to_published_repair_and_unarmed (test_databento_fill_cancel_repaired_feature_v01.DatabentoFillCancelRepairedFeatureV01Tests.test_contract_is_hash_bound_to_published_repair_and_unarmed) ... ok
2026-09-14T00:34:08.8709821Z test_exact_eqpt_request_and_caps_are_frozen (test_databento_fill_cancel_repaired_feature_v01.DatabentoFillCancelRepairedFeatureV01Tests.test_exact_eqpt_request_and_caps_are_frozen) ... ok
2026-09-14T00:34:08.8711622Z test_frozen_repair_and_feature_engine_hashes_are_unchanged (test_databento_fill_cancel_repaired_feature_v01.DatabentoFillCancelRepairedFeatureV01Tests.test_frozen_repair_and_feature_engine_hashes_are_unchanged) ... ok
2026-09-14T00:34:08.8738625Z test_one_request_replay_is_exact_threshold_free_and_sanitized (test_databento_fill_cancel_repaired_feature_v01.DatabentoFillCancelRepairedFeatureV01Tests.test_one_request_replay_is_exact_threshold_free_and_sanitized) ... ok
2026-09-14T00:34:08.8753351Z test_price_mismatch_fails_old_identity_but_replays_under_repair (test_databento_fill_cancel_repaired_feature_v01.DatabentoFillCancelRepairedFeatureV01Tests.test_price_mismatch_fails_old_identity_but_replays_under_repair) ... ok
2026-09-14T00:34:08.8766144Z test_provider_failure_stops_without_retry (test_databento_fill_cancel_repaired_feature_v01.DatabentoFillCancelRepairedFeatureV01Tests.test_provider_failure_stops_without_retry) ... ok
2026-09-14T00:34:08.8770715Z test_registration_audit_binds_unarmed_bundle (test_databento_fill_cancel_repaired_feature_v01.DatabentoFillCancelRepairedFeatureV01Tests.test_registration_audit_binds_unarmed_bundle) ... ok
2026-09-14T00:34:08.8780253Z test_runner_rejects_absent_authorization_before_sdk_import (test_databento_fill_cancel_repaired_feature_v01.DatabentoFillCancelRepairedFeatureV01Tests.test_runner_rejects_absent_authorization_before_sdk_import) ... ok
2026-09-14T00:34:08.8783894Z test_success_audit_is_sanitized_hash_bound_and_non_promotional (test_databento_fill_cancel_repaired_feature_v01.DatabentoFillCancelRepairedFeatureV01Tests.test_success_audit_is_sanitized_hash_bound_and_non_promotional) ... ok
2026-09-14T00:34:08.8787393Z test_workflow_is_disjoint_from_unarmed_bundle (test_databento_fill_cancel_repaired_feature_v01.DatabentoFillCancelRepairedFeatureV01Tests.test_workflow_is_disjoint_from_unarmed_bundle) ... ok
2026-09-14T00:34:08.8798615Z test_contract_is_hash_bound_and_download_surface_is_disabled (test_databento_quote.DatabentoQuoteTests.test_contract_is_hash_bound_and_download_surface_is_disabled) ... ok
2026-09-14T00:34:08.8810962Z test_metadata_only_quote_passes_and_is_sanitized (test_databento_quote.DatabentoQuoteTests.test_metadata_only_quote_passes_and_is_sanitized) ... ok
2026-09-14T00:34:08.8826605Z test_quote_over_ceiling_and_unresolved_symbol_fail_closed (test_databento_quote.DatabentoQuoteTests.test_quote_over_ceiling_and_unresolved_symbol_fail_closed) ... ok
2026-09-14T00:34:08.8832212Z test_registration_audit_binds_metadata_only_child (test_databento_quote.DatabentoQuoteTests.test_registration_audit_binds_metadata_only_child) ... ok
2026-09-14T00:34:08.8836280Z test_twenty_requests_are_exact_and_ten_minute_aligned (test_databento_quote.DatabentoQuoteTests.test_twenty_requests_are_exact_and_ten_minute_aligned) ... ok
2026-09-14T00:34:08.8838285Z test_unavailable_report_preserves_failure_without_authority (test_databento_quote.DatabentoQuoteTests.test_unavailable_report_preserves_failure_without_authority) ... ok
2026-09-14T00:34:08.8840403Z test_workflow_pins_sdk_scopes_secret_and_has_no_download_command (test_databento_quote.DatabentoQuoteTests.test_workflow_pins_sdk_scopes_secret_and_has_no_download_command) ... ok
2026-09-14T00:34:08.8884302Z test_all_three_cases_pass_the_unchanged_exact_replay (test_databento_replication_v03.DatabentoReplicationV03Tests.test_all_three_cases_pass_the_unchanged_exact_replay) ... ok
2026-09-14T00:34:08.8922179Z test_completed_mismatch_does_not_truncate_registered_cohort (test_databento_replication_v03.DatabentoReplicationV03Tests.test_completed_mismatch_does_not_truncate_registered_cohort) ... ok
2026-09-14T00:34:08.8924348Z test_exact_six_request_surface_and_ceilings_are_frozen (test_databento_replication_v03.DatabentoReplicationV03Tests.test_exact_six_request_surface_and_ceilings_are_frozen) ... ok
2026-09-14T00:34:08.8928356Z test_parent_success_contract_and_engine_are_hash_bound (test_databento_replication_v03.DatabentoReplicationV03Tests.test_parent_success_contract_and_engine_are_hash_bound) ... ok
2026-09-14T00:34:08.8942102Z test_preflight_cost_or_size_failure_makes_zero_timeseries_calls (test_databento_replication_v03.DatabentoReplicationV03Tests.test_preflight_cost_or_size_failure_makes_zero_timeseries_calls) ... ok
2026-09-14T00:34:08.8967145Z test_provider_or_parser_failure_is_sanitized_without_retry (test_databento_replication_v03.DatabentoReplicationV03Tests.test_provider_or_parser_failure_is_sanitized_without_retry) ... ok
2026-09-14T00:34:08.8973570Z test_registration_audit_binds_the_exact_v03_bundle (test_databento_replication_v03.DatabentoReplicationV03Tests.test_registration_audit_binds_the_exact_v03_bundle) ... ok
2026-09-14T00:34:08.8980369Z test_unavailable_report_has_no_market_data_or_runtime_authority (test_databento_replication_v03.DatabentoReplicationV03Tests.test_unavailable_report_has_no_market_data_or_runtime_authority) ... ok
2026-09-14T00:34:08.8983242Z test_workflow_is_one_shot_bounded_and_sanitized (test_databento_replication_v03.DatabentoReplicationV03Tests.test_workflow_is_one_shot_bounded_and_sanitized) ... ok
2026-09-14T00:34:08.8995084Z test_contract_is_hash_bound_and_authority_is_exact (test_databento_smoke.DatabentoSmokeTests.test_contract_is_hash_bound_and_authority_is_exact) ... ok
2026-09-14T00:34:08.9011262Z test_parser_failure_is_sanitized_and_raw_file_is_removed (test_databento_smoke.DatabentoSmokeTests.test_parser_failure_is_sanitized_and_raw_file_is_removed) ... ok
2026-09-14T00:34:08.9022517Z test_preflight_over_cost_ceiling_makes_zero_timeseries_calls (test_databento_smoke.DatabentoSmokeTests.test_preflight_over_cost_ceiling_makes_zero_timeseries_calls) ... ok
2026-09-14T00:34:08.9033328Z test_preflight_over_size_ceiling_makes_zero_timeseries_calls (test_databento_smoke.DatabentoSmokeTests.test_preflight_over_size_ceiling_makes_zero_timeseries_calls) ... ok
2026-09-14T00:34:08.9058511Z test_provider_failure_stops_without_retry_and_cleans_partial_file (test_databento_smoke.DatabentoSmokeTests.test_provider_failure_stops_without_retry_and_cleans_partial_file) ... ok
2026-09-14T00:34:08.9134717Z test_reference_mismatch_fails_g2_after_all_schemas_finish (test_databento_smoke.DatabentoSmokeTests.test_reference_mismatch_fails_g2_after_all_schemas_finish) ... ok
2026-09-14T00:34:08.9140519Z test_registration_audit_binds_the_exact_acquisition_bundle (test_databento_smoke.DatabentoSmokeTests.test_registration_audit_binds_the_exact_acquisition_bundle) ... ok
2026-09-14T00:34:08.9220754Z test_twenty_exact_ephemeral_downloads_pass_and_are_sanitized (test_databento_smoke.DatabentoSmokeTests.test_twenty_exact_ephemeral_downloads_pass_and_are_sanitized) ... ok
2026-09-14T00:34:08.9225981Z test_unavailable_report_has_no_market_data_authority (test_databento_smoke.DatabentoSmokeTests.test_unavailable_report_has_no_market_data_authority) ... ok
2026-09-14T00:34:08.9229929Z test_verified_quote_audit_is_hash_bound (test_databento_smoke.DatabentoSmokeTests.test_verified_quote_audit_is_hash_bound) ... ok
2026-09-14T00:34:08.9231839Z test_workflow_is_one_shot_and_uploads_only_sanitized_json (test_databento_smoke.DatabentoSmokeTests.test_workflow_is_one_shot_and_uploads_only_sanitized_json) ... ok
2026-09-14T00:34:08.9265876Z test_invalid_or_late_first_clear_fails_g1 (test_databento_smoke_v02.DatabentoSmokeV02Tests.test_invalid_or_late_first_clear_fails_g1) ... ok
2026-09-14T00:34:08.9284175Z test_later_clear_resets_both_books_before_comparison_resumes (test_databento_smoke_v02.DatabentoSmokeV02Tests.test_later_clear_resets_both_books_before_comparison_resumes) ... ok
2026-09-14T00:34:08.9287464Z test_parent_failure_and_v02_contract_are_hash_bound (test_databento_smoke_v02.DatabentoSmokeV02Tests.test_parent_failure_and_v02_contract_are_hash_bound) ... ok
2026-09-14T00:34:08.9296322Z test_preflight_cost_or_size_failure_makes_zero_timeseries_calls (test_databento_smoke_v02.DatabentoSmokeV02Tests.test_preflight_cost_or_size_failure_makes_zero_timeseries_calls) ... ok
2026-09-14T00:34:08.9316624Z test_provider_or_parser_failure_is_sanitized_without_retry (test_databento_smoke_v02.DatabentoSmokeV02Tests.test_provider_or_parser_failure_is_sanitized_without_retry) ... ok
2026-09-14T00:34:08.9332673Z test_reference_mismatch_fails_g2_after_both_downloads (test_databento_smoke_v02.DatabentoSmokeV02Tests.test_reference_mismatch_fails_g2_after_both_downloads) ... ok
2026-09-14T00:34:08.9337966Z test_registration_audit_binds_the_exact_v02_bundle (test_databento_smoke_v02.DatabentoSmokeV02Tests.test_registration_audit_binds_the_exact_v02_bundle) ... ok
2026-09-14T00:34:08.9354472Z test_snapshot_initialization_remains_supported (test_databento_smoke_v02.DatabentoSmokeV02Tests.test_snapshot_initialization_remains_supported) ... ok
2026-09-14T00:34:08.9359882Z test_unavailable_report_has_no_market_data_or_runtime_authority (test_databento_smoke_v02.DatabentoSmokeV02Tests.test_unavailable_report_has_no_market_data_or_runtime_authority) ... ok
2026-09-14T00:34:08.9376110Z test_unflagged_session_clear_passes_exact_replay (test_databento_smoke_v02.DatabentoSmokeV02Tests.test_unflagged_session_clear_passes_exact_replay) ... ok
2026-09-14T00:34:08.9379024Z test_workflow_is_one_shot_and_uploads_only_sanitized_json (test_databento_smoke_v02.DatabentoSmokeV02Tests.test_workflow_is_one_shot_and_uploads_only_sanitized_json) ... ok
2026-09-14T00:34:08.9396141Z test_canonical_fingerprint_is_order_independent (test_discretion_context.DiscretionContextTests.test_canonical_fingerprint_is_order_independent) ... ok
2026-09-14T00:34:08.9414874Z test_contextual_ai_must_remain_shadow_only (test_discretion_context.DiscretionContextTests.test_contextual_ai_must_remain_shadow_only) ... ok
2026-09-14T00:34:08.9433449Z test_frozen_contract_inventories_the_full_decision_chain (test_discretion_context.DiscretionContextTests.test_frozen_contract_inventories_the_full_decision_chain) ... ok
2026-09-14T00:34:08.9452003Z test_incomplete_context_cannot_be_enabled_as_a_strategy_gate (test_discretion_context.DiscretionContextTests.test_incomplete_context_cannot_be_enabled_as_a_strategy_gate) ... ok
2026-09-14T00:34:08.9470375Z test_retrospective_behavior_cannot_enter_runtime_inputs (test_discretion_context.DiscretionContextTests.test_retrospective_behavior_cannot_enter_runtime_inputs) ... ok
2026-09-14T00:34:08.9501360Z test_unknown_rule_link_fails_closed (test_discretion_context.DiscretionContextTests.test_unknown_rule_link_fails_closed) ... ok
2026-09-14T00:34:08.9504817Z test_artl_source_correction_separates_trade_label_from_catalyst_context (test_discretion_decision_context.DiscretionDecisionContextTests.test_artl_source_correction_separates_trade_label_from_catalyst_context) ... ok
2026-09-14T00:34:08.9509545Z test_dsy_context_preserves_theme_attention_and_cushion_without_runtime_use (test_discretion_decision_context.DiscretionDecisionContextTests.test_dsy_context_preserves_theme_attention_and_cushion_without_runtime_use) ... ok
2026-09-14T00:34:08.9512507Z test_vrax_context_preserves_comparison_skip_and_risk_reassessment (test_discretion_decision_context.DiscretionDecisionContextTests.test_vrax_context_preserves_comparison_skip_and_risk_reassessment) ... ok
2026-09-14T00:34:08.9515386Z test_zevai_context_captures_regime_catalyst_comparison_and_attention_split (test_discretion_decision_context.DiscretionDecisionContextTests.test_zevai_context_captures_regime_catalyst_comparison_and_attention_split) ... ok
2026-09-14T00:34:08.9536952Z test_artl_correction_and_zevai_catalyst_evidence_are_bound (test_discretion_evidence.DiscretionEvidenceTests.test_artl_correction_and_zevai_catalyst_evidence_are_bound) ... ok
2026-09-14T00:34:08.9569288Z test_benchmark_identity_and_evidence_paths_are_verified (test_discretion_evidence.DiscretionEvidenceTests.test_benchmark_identity_and_evidence_paths_are_verified) ... ok
2026-09-14T00:34:08.9601290Z test_claimed_complete_alternative_set_is_rejected (test_discretion_evidence.DiscretionEvidenceTests.test_claimed_complete_alternative_set_is_rejected) ... ok
2026-09-14T00:34:08.9632414Z test_context_domain_order_is_bound_to_contract (test_discretion_evidence.DiscretionEvidenceTests.test_context_domain_order_is_bound_to_contract) ... ok
2026-09-14T00:34:08.9660995Z test_frozen_audit_uses_all_context_domains_and_ten_benchmarks (test_discretion_evidence.DiscretionEvidenceTests.test_frozen_audit_uses_all_context_domains_and_ten_benchmarks) ... ok
2026-09-14T00:34:08.9690896Z test_runtime_or_policy_use_fails_closed (test_discretion_evidence.DiscretionEvidenceTests.test_runtime_or_policy_use_fails_closed) ... ok
2026-09-14T00:34:08.9702548Z test_first_fills_remain_descriptive_not_targets (test_discretion_heldout_comparison.DiscretionHeldoutComparisonTests.test_first_fills_remain_descriptive_not_targets) ... ok
2026-09-14T00:34:08.9712963Z test_micro_contingencies_are_account_scoped (test_discretion_heldout_comparison.DiscretionHeldoutComparisonTests.test_micro_contingencies_are_account_scoped) ... ok
2026-09-14T00:34:08.9723542Z test_off_candidate_participations_do_not_claim_runtime_features (test_discretion_heldout_comparison.DiscretionHeldoutComparisonTests.test_off_candidate_participations_do_not_claim_runtime_features) ... ok
2026-09-14T00:34:08.9738105Z test_result_is_bound_to_frozen_labels_and_components (test_discretion_heldout_comparison.DiscretionHeldoutComparisonTests.test_result_is_bound_to_frozen_labels_and_components) ... ok
2026-09-14T00:34:08.9748626Z test_scanner_acquisition_reports_known_misses_without_scoring (test_discretion_heldout_comparison.DiscretionHeldoutComparisonTests.test_scanner_acquisition_reports_known_misses_without_scoring) ... ok
2026-09-14T00:34:08.9775996Z test_self_rehashed_aggregate_tamper_fails (test_discretion_heldout_comparison.DiscretionHeldoutComparisonTests.test_self_rehashed_aggregate_tamper_fails) ... ok
2026-09-14T00:34:08.9801653Z test_self_rehashed_relation_tamper_fails (test_discretion_heldout_comparison.DiscretionHeldoutComparisonTests.test_self_rehashed_relation_tamper_fails) ... ok
2026-09-14T00:34:08.9827319Z test_self_rehashed_trade_completion_tamper_fails (test_discretion_heldout_comparison.DiscretionHeldoutComparisonTests.test_self_rehashed_trade_completion_tamper_fails) ... ok
2026-09-14T00:34:08.9837899Z test_unclear_actions_are_not_forced_into_trade_skip_contingencies (test_discretion_heldout_comparison.DiscretionHeldoutComparisonTests.test_unclear_actions_are_not_forced_into_trade_skip_contingencies) ... ok
2026-09-14T00:34:08.9857441Z test_account_scoped_counts_are_conservative (test_discretion_heldout_labels.DiscretionHeldoutLabelTests.test_account_scoped_counts_are_conservative) ... ok
2026-09-14T00:34:08.9875602Z test_all_candidates_are_bound_to_frozen_runtime (test_discretion_heldout_labels.DiscretionHeldoutLabelTests.test_all_candidates_are_bound_to_frozen_runtime) ... ok
2026-09-14T00:34:08.9909174Z test_no_trade_session_cannot_enable_skip_inference (test_discretion_heldout_labels.DiscretionHeldoutLabelTests.test_no_trade_session_cannot_enable_skip_inference) ... ok
2026-09-14T00:34:08.9926434Z test_off_candidate_trades_and_ticker_corrections_are_retained (test_discretion_heldout_labels.DiscretionHeldoutLabelTests.test_off_candidate_trades_and_ticker_corrections_are_retained) ... ok
2026-09-14T00:34:08.9962893Z test_participation_requires_completed_trade (test_discretion_heldout_labels.DiscretionHeldoutLabelTests.test_participation_requires_completed_trade) ... ok
2026-09-14T00:34:09.0000001Z test_self_rehashed_runtime_candidate_tamper_fails_against_audit (test_discretion_heldout_labels.DiscretionHeldoutLabelTests.test_self_rehashed_runtime_candidate_tamper_fails_against_audit) ... ok
2026-09-14T00:34:09.0016997Z test_sparse_labels_expand_unknown_without_inferred_skips (test_discretion_heldout_labels.DiscretionHeldoutLabelTests.test_sparse_labels_expand_unknown_without_inferred_skips) ... ok
2026-09-14T00:34:09.0034318Z test_unfilled_small_account_order_is_not_participation (test_discretion_heldout_labels.DiscretionHeldoutLabelTests.test_unfilled_small_account_order_is_not_participation) ... ok
2026-09-14T00:34:09.0044564Z test_a_known_trade_or_fill_label_cannot_enter_registration (test_discretion_heldout_panel.DiscretionHeldoutPanelTests.test_a_known_trade_or_fill_label_cannot_enter_registration) ... ok
2026-09-14T00:34:09.0051869Z test_account_scopes_must_remain_separate (test_discretion_heldout_panel.DiscretionHeldoutPanelTests.test_account_scopes_must_remain_separate) ... ok
2026-09-14T00:34:09.0057664Z test_fingerprint_is_stable_across_mapping_order (test_discretion_heldout_panel.DiscretionHeldoutPanelTests.test_fingerprint_is_stable_across_mapping_order) ... ok
2026-09-14T00:34:09.0063307Z test_fixed_dates_cannot_be_swapped_after_source_review (test_discretion_heldout_panel.DiscretionHeldoutPanelTests.test_fixed_dates_cannot_be_swapped_after_source_review) ... ok
2026-09-14T00:34:09.0071100Z test_panel_cannot_be_used_to_fit_or_promote_a_rule (test_discretion_heldout_panel.DiscretionHeldoutPanelTests.test_panel_cannot_be_used_to_fit_or_promote_a_rule) ... ok
2026-09-14T00:34:09.0076435Z test_registration_audit_binds_the_exact_contract (test_discretion_heldout_panel.DiscretionHeldoutPanelTests.test_registration_audit_binds_the_exact_contract) ... ok
2026-09-14T00:34:09.0080138Z test_registration_is_chronological_unlabeled_and_disjoint (test_discretion_heldout_panel.DiscretionHeldoutPanelTests.test_registration_is_chronological_unlabeled_and_disjoint) ... ok
2026-09-14T00:34:09.0089326Z test_unknown_or_missing_source_cannot_be_relabeled_as_skip (test_discretion_heldout_panel.DiscretionHeldoutPanelTests.test_unknown_or_missing_source_cannot_be_relabeled_as_skip) ... ok
2026-09-14T00:34:09.0094780Z test_all_dates_full_scheduled_sessions (test_early_pullback_capture_plan_v01.CapturePlanTests.test_all_dates_full_scheduled_sessions) ... ok
2026-09-14T00:34:09.0102947Z test_bad_receipts_and_after_terminal_rejected (test_early_pullback_capture_plan_v01.CapturePlanTests.test_bad_receipts_and_after_terminal_rejected) ... ok
2026-09-14T00:34:09.0106704Z test_cursor_cycle_rejected (test_early_pullback_capture_plan_v01.CapturePlanTests.test_cursor_cycle_rejected) ... ok
2026-09-14T00:34:09.0111351Z test_cursor_request_binds_parent_response_and_date (test_early_pullback_capture_plan_v01.CapturePlanTests.test_cursor_request_binds_parent_response_and_date) ... ok
2026-09-14T00:34:09.0116034Z test_dst_changes_utc_not_local_hours (test_early_pullback_capture_plan_v01.CapturePlanTests.test_dst_changes_utc_not_local_hours) ... ok
2026-09-14T00:34:09.0120588Z test_empty_census_is_not_zero_opportunities (test_early_pullback_capture_plan_v01.CapturePlanTests.test_empty_census_is_not_zero_opportunities) ... ok
2026-09-14T00:34:09.0123240Z test_empty_nonterminal_page_does_not_imply_exhaustion (test_early_pullback_capture_plan_v01.CapturePlanTests.test_empty_nonterminal_page_does_not_imply_exhaustion) ... ok
2026-09-14T00:34:09.0124932Z test_first_page_exact_filters (test_early_pullback_capture_plan_v01.CapturePlanTests.test_first_page_exact_filters) ... ok
2026-09-14T00:34:09.4837403Z test_frozen_parent_and_registration (test_early_pullback_capture_plan_v01.CapturePlanTests.test_frozen_parent_and_registration) ... ok
2026-09-14T00:34:09.4840663Z test_graph_is_topological_and_all_unresolved_nodes_remain (test_early_pullback_capture_plan_v01.CapturePlanTests.test_graph_is_topological_and_all_unresolved_nodes_remain) ... ok
2026-09-14T00:34:09.4852167Z test_initial_requests_and_ceiling_not_expected_count (test_early_pullback_capture_plan_v01.CapturePlanTests.test_initial_requests_and_ceiling_not_expected_count) ... ok
2026-09-14T00:34:09.4872365Z test_injection_and_route_substitution_rejected (test_early_pullback_capture_plan_v01.CapturePlanTests.test_injection_and_route_substitution_rejected) ... ok
2026-09-14T00:34:09.4885983Z test_no_capture_cost_or_financial_authority (test_early_pullback_capture_plan_v01.CapturePlanTests.test_no_capture_cost_or_financial_authority) ... ok
2026-09-14T00:34:09.4888348Z test_no_replacement_dates_or_bool_page (test_early_pullback_capture_plan_v01.CapturePlanTests.test_no_replacement_dates_or_bool_page) ... ok
2026-09-14T00:34:09.4891132Z test_official_sources_agree_and_keep_provenance_limits (test_early_pullback_capture_plan_v01.CapturePlanTests.test_official_sources_agree_and_keep_provenance_limits) ... ok
2026-09-14T00:34:09.4893466Z test_optional_root_parameters_must_match (test_early_pullback_capture_plan_v01.CapturePlanTests.test_optional_root_parameters_must_match) ... ok
2026-09-14T00:34:09.5023296Z test_page_21_blocked_without_truncating_to_success (test_early_pullback_capture_plan_v01.CapturePlanTests.test_page_21_blocked_without_truncating_to_success) ... ok
2026-09-14T00:34:09.5033967Z test_page_chain_tampering_rejected (test_early_pullback_capture_plan_v01.CapturePlanTests.test_page_chain_tampering_rejected) ... ok
2026-09-14T00:34:09.5067988Z test_planning_is_pure_and_deterministic (test_early_pullback_capture_plan_v01.CapturePlanTests.test_planning_is_pure_and_deterministic) ... ok
2026-09-14T00:34:16.4174029Z test_real_cli_normal_optimized_and_no_overwrite (test_early_pullback_capture_plan_v01.CapturePlanTests.test_real_cli_normal_optimized_and_no_overwrite) ... ok
2026-09-14T00:34:16.4181617Z test_rehashed_calendar_changes_rejected (test_early_pullback_capture_plan_v01.CapturePlanTests.test_rehashed_calendar_changes_rejected) ... ok
2026-09-14T00:34:16.4313060Z test_terminal_last_page_20_is_accepted (test_early_pullback_capture_plan_v01.CapturePlanTests.test_terminal_last_page_20_is_accepted) ... ok
2026-09-14T00:34:17.0881912Z test_actual_runtime_must_match_frozen_runtime (test_early_pullback_census_hosted_v01.HostedCensusTests.test_actual_runtime_must_match_frozen_runtime) ... ok
2026-09-14T00:34:17.1024274Z test_artifact_id_run_branch_expiry_size_digest_and_name_required (test_early_pullback_census_hosted_v01.HostedCensusTests.test_artifact_id_run_branch_expiry_size_digest_and_name_required) ... ok
2026-09-14T00:34:17.1124202Z test_bad_preflight_never_reads_credential_or_starts_transport (test_early_pullback_census_hosted_v01.HostedCensusTests.test_bad_preflight_never_reads_credential_or_starts_transport) ... ok
2026-09-14T00:34:17.1224743Z test_bad_runtime_never_reads_credential (test_early_pullback_census_hosted_v01.HostedCensusTests.test_bad_runtime_never_reads_credential) ... ok
2026-09-14T00:34:17.1338472Z test_changed_parent_tree_extra_file_merge_and_dirty_checkout_rejected (test_early_pullback_census_hosted_v01.HostedCensusTests.test_changed_parent_tree_extra_file_merge_and_dirty_checkout_rejected) ... ok
2026-09-14T00:34:18.0349914Z test_cli_has_provider_free_registration_validation (test_early_pullback_census_hosted_v01.HostedCensusTests.test_cli_has_provider_free_registration_validation) ... ok
2026-09-14T00:34:18.0569812Z test_cost_upgrade_date_route_and_entitlement_proof_changes_rejected (test_early_pullback_census_hosted_v01.HostedCensusTests.test_cost_upgrade_date_route_and_entitlement_proof_changes_rejected) ... ok
2026-09-14T00:34:18.0619374Z test_exact_first_attempt_execution_is_valid (test_early_pullback_census_hosted_v01.HostedCensusTests.test_exact_first_attempt_execution_is_valid) ... ok
2026-09-14T00:34:18.0648389Z test_exact_parent_ci_and_all_steps_required (test_early_pullback_census_hosted_v01.HostedCensusTests.test_exact_parent_ci_and_all_steps_required) ... ok
2026-09-14T00:34:18.0731483Z test_expired_future_overlong_naive_approval_rejected (test_early_pullback_census_hosted_v01.HostedCensusTests.test_expired_future_overlong_naive_approval_rejected) ... ok
2026-09-14T00:34:18.0760025Z test_frozen_registration_and_ancestors_unchanged (test_early_pullback_census_hosted_v01.HostedCensusTests.test_frozen_registration_and_ancestors_unchanged) ... ok
2026-09-14T00:34:18.1927853Z test_full_synthetic_launch_keeps_all_origin_runtime_gates_closed (test_early_pullback_census_hosted_v01.HostedCensusTests.test_full_synthetic_launch_keeps_all_origin_runtime_gates_closed) ... ok
2026-09-14T00:34:18.1959389Z test_green_workflow_cannot_hide_failed_skipped_or_missing_ci_steps (test_early_pullback_census_hosted_v01.HostedCensusTests.test_green_workflow_cannot_hide_failed_skipped_or_missing_ci_steps) ... ok
2026-09-14T00:34:18.2056170Z test_live_ref_drift_or_tag_object_rejected (test_early_pullback_census_hosted_v01.HostedCensusTests.test_live_ref_drift_or_tag_object_rejected) ... ok
2026-09-14T00:34:18.2195564Z test_missing_credential_retains_launch_failure_without_request (test_early_pullback_census_hosted_v01.HostedCensusTests.test_missing_credential_retains_launch_failure_without_request) ... ok
2026-09-14T00:34:18.2250469Z test_missing_or_placeholder_approval_and_entitlement_rejected (test_early_pullback_census_hosted_v01.HostedCensusTests.test_missing_or_placeholder_approval_and_entitlement_rejected) ... ok
2026-09-14T00:34:18.3352351Z test_output_reuse_blocked_before_second_credential_read (test_early_pullback_census_hosted_v01.HostedCensusTests.test_output_reuse_blocked_before_second_credential_read) ... ok
2026-09-14T00:34:18.3432492Z test_preflight_byte_tampering_missing_extra_and_wrong_pin_rejected (test_early_pullback_census_hosted_v01.HostedCensusTests.test_preflight_byte_tampering_missing_extra_and_wrong_pin_rejected) ... ok
2026-09-14T00:34:18.3513891Z test_preflight_roundtrip_exact_artifact_and_runtime (test_early_pullback_census_hosted_v01.HostedCensusTests.test_preflight_roundtrip_exact_artifact_and_runtime) ... ok
2026-09-14T00:34:18.3584247Z test_preparation_cannot_reuse_directory (test_early_pullback_census_hosted_v01.HostedCensusTests.test_preparation_cannot_reuse_directory) ... ok
2026-09-14T00:34:18.3634808Z test_preparation_rejects_bad_ci_before_creating_marker (test_early_pullback_census_hosted_v01.HostedCensusTests.test_preparation_rejects_bad_ci_before_creating_marker) ... ok
2026-09-14T00:34:18.3850968Z test_provider_failure_is_retained_without_retry (test_early_pullback_census_hosted_v01.HostedCensusTests.test_provider_failure_is_retained_without_retry) ... ok
2026-09-14T00:34:18.3935076Z test_rehashed_preflight_cannot_change_runtime_or_approval (test_early_pullback_census_hosted_v01.HostedCensusTests.test_rehashed_preflight_cannot_change_runtime_or_approval) ... ok
2026-09-14T00:34:18.4064445Z test_rerun_dispatch_wrong_branch_repo_or_workflow_rejected (test_early_pullback_census_hosted_v01.HostedCensusTests.test_rerun_dispatch_wrong_branch_repo_or_workflow_rejected) ... ok
2026-09-14T00:34:18.4163380Z test_rerun_never_reads_credential (test_early_pullback_census_hosted_v01.HostedCensusTests.test_rerun_never_reads_credential) ... ok
2026-09-14T00:34:18.4207107Z test_resealed_execution_scope_change_rejected (test_early_pullback_census_hosted_v01.HostedCensusTests.test_resealed_execution_scope_change_rejected) ... ok
2026-09-14T00:34:18.4282085Z test_symlink_and_oversize_preflight_rejected_before_read (test_early_pullback_census_hosted_v01.HostedCensusTests.test_symlink_and_oversize_preflight_rejected_before_read) ... ok
2026-09-14T00:34:18.4407918Z test_workflow_actions_pinned_and_no_credential_checkout_persistence (test_early_pullback_census_hosted_v01.HostedCensusTests.test_workflow_actions_pinned_and_no_credential_checkout_persistence) ... ok
2026-09-14T00:34:18.4532442Z test_workflow_consumes_atomically_before_upload_and_secrets (test_early_pullback_census_hosted_v01.HostedCensusTests.test_workflow_consumes_atomically_before_upload_and_secrets) ... ok
2026-09-14T00:34:18.4654012Z test_workflow_only_separate_execution_path_can_trigger (test_early_pullback_census_hosted_v01.HostedCensusTests.test_workflow_only_separate_execution_path_can_trigger) ... ok
2026-09-14T00:34:19.4758099Z test_actual_runtime_must_match_frozen_runtime (test_early_pullback_census_hosted_v02.HostedCensusV02Tests.test_actual_runtime_must_match_frozen_runtime) ... ok
2026-09-14T00:34:19.4940696Z test_artifact_id_run_branch_expiry_size_digest_and_name_required (test_early_pullback_census_hosted_v02.HostedCensusV02Tests.test_artifact_id_run_branch_expiry_size_digest_and_name_required) ... ok
2026-09-14T00:34:19.5107735Z test_bad_preflight_never_reads_credential_or_starts_transport (test_early_pullback_census_hosted_v02.HostedCensusV02Tests.test_bad_preflight_never_reads_credential_or_starts_transport) ... ok
2026-09-14T00:34:19.5275824Z test_bad_runtime_never_reads_credential (test_early_pullback_census_hosted_v02.HostedCensusV02Tests.test_bad_runtime_never_reads_credential) ... ok
2026-09-14T00:34:19.5588199Z test_changed_parent_tree_extra_file_merge_and_dirty_checkout_rejected (test_early_pullback_census_hosted_v02.HostedCensusV02Tests.test_changed_parent_tree_extra_file_merge_and_dirty_checkout_rejected) ... ok
2026-09-14T00:34:20.8295587Z test_cli_has_provider_free_registration_validation (test_early_pullback_census_hosted_v02.HostedCensusV02Tests.test_cli_has_provider_free_registration_validation) ... ok
2026-09-14T00:34:20.8820910Z test_cost_upgrade_date_route_and_entitlement_proof_changes_rejected (test_early_pullback_census_hosted_v02.HostedCensusV02Tests.test_cost_upgrade_date_route_and_entitlement_proof_changes_rejected) ... ok
2026-09-14T00:34:20.8930206Z test_exact_first_attempt_execution_is_valid (test_early_pullback_census_hosted_v02.HostedCensusV02Tests.test_exact_first_attempt_execution_is_valid) ... ok
2026-09-14T00:34:20.9002303Z test_exact_parent_ci_and_all_steps_required (test_early_pullback_census_hosted_v02.HostedCensusV02Tests.test_exact_parent_ci_and_all_steps_required) ... ok
2026-09-14T00:34:20.9175546Z test_expired_future_overlong_naive_approval_rejected (test_early_pullback_census_hosted_v02.HostedCensusV02Tests.test_expired_future_overlong_naive_approval_rejected) ... ok
2026-09-14T00:34:20.9244343Z test_frozen_registration_and_ancestors_unchanged (test_early_pullback_census_hosted_v02.HostedCensusV02Tests.test_frozen_registration_and_ancestors_unchanged) ... ok
2026-09-14T00:34:21.0464662Z test_full_synthetic_launch_keeps_all_origin_runtime_gates_closed (test_early_pullback_census_hosted_v02.HostedCensusV02Tests.test_full_synthetic_launch_keeps_all_origin_runtime_gates_closed) ... ok
2026-09-14T00:34:21.0536814Z test_green_workflow_cannot_hide_failed_skipped_or_missing_ci_steps (test_early_pullback_census_hosted_v02.HostedCensusV02Tests.test_green_workflow_cannot_hide_failed_skipped_or_missing_ci_steps) ... ok
2026-09-14T00:34:21.0678985Z test_live_ref_drift_or_tag_object_rejected (test_early_pullback_census_hosted_v02.HostedCensusV02Tests.test_live_ref_drift_or_tag_object_rejected) ... ok
2026-09-14T00:34:21.0882316Z test_missing_credential_retains_launch_failure_without_request (test_early_pullback_census_hosted_v02.HostedCensusV02Tests.test_missing_credential_retains_launch_failure_without_request) ... ok
2026-09-14T00:34:21.1081595Z test_missing_or_placeholder_approval_and_entitlement_rejected (test_early_pullback_census_hosted_v02.HostedCensusV02Tests.test_missing_or_placeholder_approval_and_entitlement_rejected) ... ok
2026-09-14T00:34:21.2324810Z test_output_reuse_blocked_before_second_credential_read (test_early_pullback_census_hosted_v02.HostedCensusV02Tests.test_output_reuse_blocked_before_second_credential_read) ... ok
2026-09-14T00:34:21.5878323Z test_owner_message_records_uncertainty_without_credit_provider_inference (test_early_pullback_census_hosted_v02.HostedCensusV02Tests.test_owner_message_records_uncertainty_without_credit_provider_inference) ... ok
2026-09-14T00:34:21.6007970Z test_preflight_byte_tampering_missing_extra_and_wrong_pin_rejected (test_early_pullback_census_hosted_v02.HostedCensusV02Tests.test_preflight_byte_tampering_missing_extra_and_wrong_pin_rejected) ... ok
2026-09-14T00:34:21.6131875Z test_preflight_roundtrip_exact_artifact_and_runtime (test_early_pullback_census_hosted_v02.HostedCensusV02Tests.test_preflight_roundtrip_exact_artifact_and_runtime) ... ok
2026-09-14T00:34:21.6245126Z test_preparation_cannot_reuse_directory (test_early_pullback_census_hosted_v02.HostedCensusV02Tests.test_preparation_cannot_reuse_directory) ... ok
2026-09-14T00:34:21.6337083Z test_preparation_rejects_bad_ci_before_creating_marker (test_early_pullback_census_hosted_v02.HostedCensusV02Tests.test_preparation_rejects_bad_ci_before_creating_marker) ... ok
2026-09-14T00:34:21.6685515Z test_provider_failure_is_retained_without_retry (test_early_pullback_census_hosted_v02.HostedCensusV02Tests.test_provider_failure_is_retained_without_retry) ... ok
2026-09-14T00:34:21.6812311Z test_rehashed_preflight_cannot_change_runtime_or_approval (test_early_pullback_census_hosted_v02.HostedCensusV02Tests.test_rehashed_preflight_cannot_change_runtime_or_approval) ... ok
2026-09-14T00:34:21.7171108Z test_rerun_dispatch_wrong_branch_repo_or_workflow_rejected (test_early_pullback_census_hosted_v02.HostedCensusV02Tests.test_rerun_dispatch_wrong_branch_repo_or_workflow_rejected) ... ok
2026-09-14T00:34:21.7343189Z test_rerun_never_reads_credential (test_early_pullback_census_hosted_v02.HostedCensusV02Tests.test_rerun_never_reads_credential) ... ok
2026-09-14T00:34:21.7453331Z test_resealed_execution_scope_change_rejected (test_early_pullback_census_hosted_v02.HostedCensusV02Tests.test_resealed_execution_scope_change_rejected) ... ok
2026-09-14T00:34:21.7717291Z test_source_hashes_and_expected_zero_cost_are_exact (test_early_pullback_census_hosted_v02.HostedCensusV02Tests.test_source_hashes_and_expected_zero_cost_are_exact) ... ok
2026-09-14T00:34:21.7824102Z test_stale_public_pricing_is_rejected_even_with_fresh_approval (test_early_pullback_census_hosted_v02.HostedCensusV02Tests.test_stale_public_pricing_is_rejected_even_with_fresh_approval) ... ok
2026-09-14T00:34:21.7938656Z test_symlink_and_oversize_preflight_rejected_before_read (test_early_pullback_census_hosted_v02.HostedCensusV02Tests.test_symlink_and_oversize_preflight_rejected_before_read) ... ok
2026-09-14T00:34:21.8396070Z test_truthful_approval_rejects_invented_entitlement_balance_and_billing_guarantee (test_early_pullback_census_hosted_v02.HostedCensusV02Tests.test_truthful_approval_rejects_invented_entitlement_balance_and_billing_guarantee) ... ok
2026-09-14T00:34:21.8561256Z test_workflow_actions_pinned_and_no_credential_checkout_persistence (test_early_pullback_census_hosted_v02.HostedCensusV02Tests.test_workflow_actions_pinned_and_no_credential_checkout_persistence) ... ok
2026-09-14T00:34:21.8725284Z test_workflow_consumes_atomically_before_upload_and_secrets (test_early_pullback_census_hosted_v02.HostedCensusV02Tests.test_workflow_consumes_atomically_before_upload_and_secrets) ... ok
2026-09-14T00:34:21.8890924Z test_workflow_only_separate_execution_path_can_trigger (test_early_pullback_census_hosted_v02.HostedCensusV02Tests.test_workflow_only_separate_execution_path_can_trigger) ... ok
2026-09-14T00:34:21.9994558Z test_archive_inner_hash_detects_changed_raw_bytes (test_early_pullback_census_v01.CensusTests.test_archive_inner_hash_detects_changed_raw_bytes) ... ok
2026-09-14T00:34:22.1862744Z test_archive_missing_extra_and_partial_evidence_cannot_pass (test_early_pullback_census_v01.CensusTests.test_archive_missing_extra_and_partial_evidence_cannot_pass) ... ok
2026-09-14T00:34:22.2922632Z test_archive_outer_and_inventory_pins_are_required (test_early_pullback_census_v01.CensusTests.test_archive_outer_and_inventory_pins_are_required) ... ok
2026-09-14T00:34:22.4015865Z test_archive_unsafe_duplicate_and_special_members_rejected (test_early_pullback_census_v01.CensusTests.test_archive_unsafe_duplicate_and_special_members_rejected) ... ok
2026-09-14T00:34:22.4696379Z test_bad_http_encoding_incomplete_and_oversize_stop_without_retry (test_early_pullback_census_v01.CensusTests.test_bad_http_encoding_incomplete_and_oversize_stop_without_retry) ... ok
2026-09-14T00:34:23.3801008Z test_cli_offline_validation_and_no_capture_mode (test_early_pullback_census_v01.CensusTests.test_cli_offline_validation_and_no_capture_mode) ... ok
2026-09-14T00:34:23.5103883Z test_complete_31_request_capture_and_independent_byte_replay (test_early_pullback_census_v01.CensusTests.test_complete_31_request_capture_and_independent_byte_replay) ... ok
2026-09-14T00:34:23.5184722Z test_current_type_dictionary_rejects_empty_duplicate_or_paginated (test_early_pullback_census_v01.CensusTests.test_current_type_dictionary_rejects_empty_duplicate_or_paginated) ... ok
2026-09-14T00:34:23.5282367Z test_duplicate_membership_within_or_across_pages_rejected (test_early_pullback_census_v01.CensusTests.test_duplicate_membership_within_or_across_pages_rejected) ... ok
2026-09-14T00:34:23.5411737Z test_empty_complete_census_is_failure_not_zero_opportunities (test_early_pullback_census_v01.CensusTests.test_empty_complete_census_is_failure_not_zero_opportunities) ... ok
2026-09-14T00:34:23.8455247Z test_empty_intermediate_or_terminal_after_members_can_complete (test_early_pullback_census_v01.CensusTests.test_empty_intermediate_or_terminal_after_members_can_complete) ... ok
2026-09-14T00:34:24.1474565Z test_frozen_parent_and_registration (test_early_pullback_census_v01.CensusTests.test_frozen_parent_and_registration) ... ok
2026-09-14T00:34:24.2672854Z test_independently_pinned_contract_must_match (test_early_pullback_census_v01.CensusTests.test_independently_pinned_contract_must_match) ... ok
2026-09-14T00:34:24.3665389Z test_intent_persisted_before_transport_and_no_credential_files (test_early_pullback_census_v01.CensusTests.test_intent_persisted_before_transport_and_no_credential_files) ... ok
2026-09-14T00:34:24.3746810Z test_interruption_preserves_pending_intent_and_failure_inventory (test_early_pullback_census_v01.CensusTests.test_interruption_preserves_pending_intent_and_failure_inventory) ... ok
2026-09-14T00:34:24.3981279Z test_literal_encoded_and_json_escaped_credential_echo_never_retained (test_early_pullback_census_v01.CensusTests.test_literal_encoded_and_json_escaped_credential_echo_never_retained) ... ok
2026-09-14T00:34:24.4085998Z test_no_early_request_when_sleeper_fails_to_advance_clock (test_early_pullback_census_v01.CensusTests.test_no_early_request_when_sleeper_fails_to_advance_clock) ... ok
2026-09-14T00:34:24.5046400Z test_no_restart_output_reuse_or_implicit_transport (test_early_pullback_census_v01.CensusTests.test_no_restart_output_reuse_or_implicit_transport) ... ok
2026-09-14T00:34:24.5053612Z test_output_symlink_and_metadata_overflow_rejected (test_early_pullback_census_v01.CensusTests.test_output_symlink_and_metadata_overflow_rejected) ... ok
2026-09-14T00:34:24.5117915Z test_page_and_cross_page_order_regression_rejected (test_early_pullback_census_v01.CensusTests.test_page_and_cross_page_order_regression_rejected) ... ok
2026-09-14T00:34:24.5216500Z test_payload_limit_stops_and_retains_failure_metadata (test_early_pullback_census_v01.CensusTests.test_payload_limit_stops_and_retains_failure_metadata) ... ok
2026-09-14T00:34:24.5221694Z test_request_mutations_fail_before_transport (test_early_pullback_census_v01.CensusTests.test_request_mutations_fail_before_transport) ... ok
2026-09-14T00:34:24.6258429Z test_required_page_21_fails_without_next_request (test_early_pullback_census_v01.CensusTests.test_required_page_21_fails_without_next_request) ... ok
2026-09-14T00:34:24.7899881Z test_resealed_normalization_report_and_pacing_forgery_rejected (test_early_pullback_census_v01.CensusTests.test_resealed_normalization_report_and_pacing_forgery_rejected) ... ok
2026-09-14T00:34:24.7933864Z test_schema_rejects_labels_coercion_nonfinite_and_duplicate_json (test_early_pullback_census_v01.CensusTests.test_schema_rejects_labels_coercion_nonfinite_and_duplicate_json) ... ok
2026-09-14T00:34:24.7980418Z test_ticker_collisions_missing_identity_and_unknown_types_retained (test_early_pullback_census_v01.CensusTests.test_ticker_collisions_missing_identity_and_unknown_types_retained) ... ok
2026-09-14T00:34:24.8060779Z test_transport_exception_sanitized_and_not_retried (test_early_pullback_census_v01.CensusTests.test_transport_exception_sanitized_and_not_retried) ... ok
2026-09-14T00:34:27.7965428Z test_twentieth_terminal_page_and_601_attempt_ceiling (test_early_pullback_census_v01.CensusTests.test_twentieth_terminal_page_and_601_attempt_ceiling) ... ok
2026-09-14T00:34:28.0076335Z test_two_pages_all_dates_are_exhausted (test_early_pullback_census_v01.CensusTests.test_two_pages_all_dates_are_exhausted) ... ok
2026-09-14T00:34:28.0175036Z test_unicode_escaped_credential_in_unprojected_metadata_not_retained (test_early_pullback_census_v01.CensusTests.test_unicode_escaped_credential_in_unprojected_metadata_not_retained) ... ok
2026-09-14T00:34:28.0203668Z test_content_length_mismatch_marks_incomplete (test_early_pullback_census_v01.HTTPTests.test_content_length_mismatch_marks_incomplete) ... ok
2026-09-14T00:34:28.0230975Z test_fixed_host_exact_get_identity_encoding_and_close (test_early_pullback_census_v01.HTTPTests.test_fixed_host_exact_get_identity_encoding_and_close) ... ok
2026-09-14T00:34:28.0256939Z test_invalid_request_never_constructs_connection (test_early_pullback_census_v01.HTTPTests.test_invalid_request_never_constructs_connection) ... ok
2026-09-14T00:34:28.0336000Z test_read_error_preserves_partial_failure_and_closes (test_early_pullback_census_v01.HTTPTests.test_read_error_preserves_partial_failure_and_closes) ... ok
2026-09-14T00:34:28.0362570Z test_redirect_is_returned_without_following (test_early_pullback_census_v01.HTTPTests.test_redirect_is_returned_without_following) ... ok
2026-09-14T00:34:28.0389160Z test_transport_stops_at_oversize_sentinel (test_early_pullback_census_v01.HTTPTests.test_transport_stops_at_oversize_sentinel) ... ok
2026-09-14T00:34:28.4373576Z test_all_allowed_control_and_child_preserve_parent_account_state_and_events (test_early_pullback_paired_adapter_v01.PairedMechanicsTests.test_all_allowed_control_and_child_preserve_parent_account_state_and_events) ... ok
2026-09-14T00:34:30.3153049Z test_all_twelve_original_fixture_paths_have_independent_thirty_session_arms (test_early_pullback_paired_adapter_v01.PairedMechanicsTests.test_all_twelve_original_fixture_paths_have_independent_thirty_session_arms) ... ok
2026-09-14T00:34:31.8755178Z test_both_accounts_and_execution_scenarios_preserve_parent_fills_and_fees (test_early_pullback_paired_adapter_v01.PairedMechanicsTests.test_both_accounts_and_execution_scenarios_preserve_parent_fills_and_fees) ... ok
2026-09-14T00:34:31.8927992Z test_changed_new_catalogue_and_non_synthetic_mode_fail_closed (test_early_pullback_paired_adapter_v01.PairedMechanicsTests.test_changed_new_catalogue_and_non_synthetic_mode_fail_closed) ... ok
2026-09-14T00:34:32.2870942Z test_each_arm_carries_own_cash_and_own_previous_close (test_early_pullback_paired_adapter_v01.PairedMechanicsTests.test_each_arm_carries_own_cash_and_own_previous_close) ... ok
2026-09-14T00:34:32.8646012Z test_input_immutability_and_recomputed_result_rejects_cash_tampering (test_early_pullback_paired_adapter_v01.PairedMechanicsTests.test_input_immutability_and_recomputed_result_rejects_cash_tampering) ... ok
2026-09-14T00:34:33.0555730Z test_late_withhold_creates_no_order_campaign_fee_or_position (test_early_pullback_paired_adapter_v01.PairedMechanicsTests.test_late_withhold_creates_no_order_campaign_fee_or_position) ... ok
2026-09-14T00:34:33.2031685Z test_missing_and_extra_source_cannot_be_a_withhold (test_early_pullback_paired_adapter_v01.PairedMechanicsTests.test_missing_and_extra_source_cannot_be_a_withhold) ... ok
2026-09-14T00:34:33.3935075Z test_open_position_and_blocked_carry_are_independent_between_arms (test_early_pullback_paired_adapter_v01.PairedMechanicsTests.test_open_position_and_blocked_carry_are_independent_between_arms) ... ok
2026-09-14T00:34:33.5625863Z test_trailing_stream_error_is_not_erased_for_withheld_opportunity (test_early_pullback_paired_adapter_v01.PairedMechanicsTests.test_trailing_stream_error_is_not_erased_for_withheld_opportunity) ... ok
2026-09-14T00:34:33.5926517Z test_unavailable_reference_retained_and_not_strategy_withheld (test_early_pullback_paired_adapter_v01.PairedMechanicsTests.test_unavailable_reference_retained_and_not_strategy_withheld) ... ok
2026-09-14T00:34:33.9304048Z test_withholding_releases_capacity_for_other_symbol_in_same_session (test_early_pullback_paired_adapter_v01.PairedMechanicsTests.test_withholding_releases_capacity_for_other_symbol_in_same_session) ... ok
2026-09-14T00:34:33.9321481Z test_bounded_plan_has_exact_fixed_dates_four_unarmed_calls_no_cost_guess (test_early_pullback_paired_adapter_v01.RegistrationTests.test_bounded_plan_has_exact_fixed_dates_four_unarmed_calls_no_cost_guess) ... ok
2026-09-14T00:34:34.0500486Z test_frozen_registration_and_original_selection_unchanged (test_early_pullback_paired_adapter_v01.RegistrationTests.test_frozen_registration_and_original_selection_unchanged) ... ok
2026-09-14T00:34:34.1488600Z test_earlier_crossing_cannot_be_hidden_by_later_decision (test_early_pullback_paired_adapter_v01.TriggerBindingTests.test_earlier_crossing_cannot_be_hidden_by_later_decision) ... ok
2026-09-14T00:34:34.5384733Z test_forged_plan_or_prefix_rejected_even_with_rehashed_source (test_early_pullback_paired_adapter_v01.TriggerBindingTests.test_forged_plan_or_prefix_rejected_even_with_rehashed_source) ... ok
2026-09-14T00:34:34.6437398Z test_future_trade_or_uncompleted_minute_rejected (test_early_pullback_paired_adapter_v01.TriggerBindingTests.test_future_trade_or_uncompleted_minute_rejected) ... ok
2026-09-14T00:34:34.6945948Z test_independent_source_and_decision_pins_required (test_early_pullback_paired_adapter_v01.TriggerBindingTests.test_independent_source_and_decision_pins_required) ... ok
2026-09-14T00:34:34.8995896Z test_labels_and_extra_market_columns_rejected (test_early_pullback_paired_adapter_v01.TriggerBindingTests.test_labels_and_extra_market_columns_rejected) ... ok
2026-09-14T00:34:35.2021929Z test_original_plans_prefixes_and_ordinals_reproduce (test_early_pullback_paired_adapter_v01.TriggerBindingTests.test_original_plans_prefixes_and_ordinals_reproduce) ... ok
2026-09-14T00:34:35.3075065Z test_prior_session_warmup_and_clock_order_enforced (test_early_pullback_paired_adapter_v01.TriggerBindingTests.test_prior_session_warmup_and_clock_order_enforced) ... ok
2026-09-14T00:34:35.4049502Z test_same_timestamp_trade_order_binds_original_prefix (test_early_pullback_paired_adapter_v01.TriggerBindingTests.test_same_timestamp_trade_order_binds_original_prefix) ... ok
2026-09-14T00:34:35.5023171Z test_source_normalization_change_breaks_original_prefix (test_early_pullback_paired_adapter_v01.TriggerBindingTests.test_source_normalization_change_breaks_original_prefix) ... ok
2026-09-14T00:34:35.6032389Z test_wrong_activation_or_profiles_rejected (test_early_pullback_paired_adapter_v01.TriggerBindingTests.test_wrong_activation_or_profiles_rejected) ... ok
2026-09-14T00:34:35.6036012Z test_dated_2026_schedule_and_original_guard (test_early_pullback_panel_accounts_v01.FeeContextTests.test_dated_2026_schedule_and_original_guard) ... ok
2026-09-14T00:34:35.6073416Z test_same_fee_arithmetic_capping_and_daily_increment_on_new_dates (test_early_pullback_panel_accounts_v01.FeeContextTests.test_same_fee_arithmetic_capping_and_daily_increment_on_new_dates) ... ok
2026-09-14T00:34:35.6519205Z test_context_ports_preserve_every_frozen_mechanical_statement (test_early_pullback_panel_accounts_v01.MechanicalParityTests.test_context_ports_preserve_every_frozen_mechanical_statement) ... ok
2026-09-14T00:34:35.6521804Z test_final_management_and_account_methods_are_inherited_unchanged (test_early_pullback_panel_accounts_v01.MechanicalParityTests.test_final_management_and_account_methods_are_inherited_unchanged) ... ok
2026-09-14T00:34:40.8395918Z test_all_24_paths_run_720_real_new_date_slots_seed_once (test_early_pullback_panel_accounts_v01.PanelAccountTests.test_all_24_paths_run_720_real_new_date_slots_seed_once) ... ok
2026-09-14T00:34:40.9802668Z test_ancestor_date_guards_and_old_entry_points_stay_frozen (test_early_pullback_panel_accounts_v01.PanelAccountTests.test_ancestor_date_guards_and_old_entry_points_stay_frozen) ... ok
2026-09-14T00:34:40.9805389Z test_both_arms_have_identical_economics_when_gate_admits (test_early_pullback_panel_accounts_v01.PanelAccountTests.test_both_arms_have_identical_economics_when_gate_admits) ... ok
2026-09-14T00:34:40.9807746Z test_evaluation_provider_and_brokerage_gates_remain_closed (test_early_pullback_panel_accounts_v01.PanelAccountTests.test_evaluation_provider_and_brokerage_gates_remain_closed) ... ok
2026-09-14T00:34:43.4666263Z test_full_replay_is_reproducible (test_early_pullback_panel_accounts_v01.PanelAccountTests.test_full_replay_is_reproducible) ... ok
2026-09-14T00:34:43.5396110Z test_independent_inventory_and_result_commitments_required (test_early_pullback_panel_accounts_v01.PanelAccountTests.test_independent_inventory_and_result_commitments_required) ... ok
2026-09-14T00:34:43.5401504Z test_label_inside_carried_state_is_rejected (test_early_pullback_panel_accounts_v01.PanelAccountTests.test_label_inside_carried_state_is_rejected) ... ok
2026-09-14T00:34:44.2823372Z test_late_stream_corruption_retains_known_state_and_blocks_next_day (test_early_pullback_panel_accounts_v01.PanelAccountTests.test_late_stream_corruption_retains_known_state_and_blocks_next_day) ... ok
2026-09-14T00:34:47.7232558Z test_late_withhold_cannot_hide_invalid_entry_or_exit_sources (test_early_pullback_panel_accounts_v01.PanelAccountTests.test_late_withhold_cannot_hide_invalid_entry_or_exit_sources) ... ok
2026-09-14T00:34:50.2337858Z test_missing_extra_or_mutated_inventory_cannot_filter_plans (test_early_pullback_panel_accounts_v01.PanelAccountTests.test_missing_extra_or_mutated_inventory_cannot_filter_plans) ... ok
2026-09-14T00:34:54.4637428Z test_new_dates_across_dst_and_last_date_execute_and_carry (test_early_pullback_panel_accounts_v01.PanelAccountTests.test_new_dates_across_dst_and_last_date_execute_and_carry) ... ok
2026-09-14T00:34:57.3001355Z test_no_fresh_quote_at_stress_arrival_means_no_fill_or_fee (test_early_pullback_panel_accounts_v01.PanelAccountTests.test_no_fresh_quote_at_stress_arrival_means_no_fill_or_fee) ... ok
2026-09-14T00:34:57.3003641Z test_original_causal_candidate_projection_and_new_opportunity_identity (test_early_pullback_panel_accounts_v01.PanelAccountTests.test_original_causal_candidate_projection_and_new_opportunity_identity) ... ok
2026-09-14T00:34:57.3015335Z test_previous_close_requires_same_arm_cell_and_immediate_date (test_early_pullback_panel_accounts_v01.PanelAccountTests.test_previous_close_requires_same_arm_cell_and_immediate_date) ... ok
2026-09-14T00:34:57.3024841Z test_slot_changes_cannot_reseed_move_dates_or_alias_arms (test_early_pullback_panel_accounts_v01.PanelAccountTests.test_slot_changes_cannot_reseed_move_dates_or_alias_arms) ... ok
2026-09-14T00:35:00.6135899Z test_small_profile_executes_with_own_seed_on_qualifying_price (test_early_pullback_panel_accounts_v01.PanelAccountTests.test_small_profile_executes_with_own_seed_on_qualifying_price) ... ok
2026-09-14T00:35:03.7879584Z test_unavailable_early_plans_preserved_late_gate_changes_only_child (test_early_pullback_panel_accounts_v01.PanelAccountTests.test_unavailable_early_plans_preserved_late_gate_changes_only_child) ... ok
2026-09-14T00:35:06.6858324Z test_unresolved_position_carries_without_invented_liquidation_or_reset (test_early_pullback_panel_accounts_v01.PanelAccountTests.test_unresolved_position_carries_without_invented_liquidation_or_reset) ... ok
2026-09-14T00:35:06.8527020Z test_registration_and_exact_unarmed_four_call_preparation (test_early_pullback_panel_accounts_v01.RegistrationTests.test_registration_and_exact_unarmed_four_call_preparation) ... ok
2026-09-14T00:35:08.5496432Z test_archive_and_manifest_external_pins_required (test_early_pullback_panel_sources_v01.ArchiveTests.test_archive_and_manifest_external_pins_required) ... ok
2026-09-14T00:35:10.6714975Z test_byte_verified_full_panel_retains_all_dates_and_same_arm_source_union (test_early_pullback_panel_sources_v01.ArchiveTests.test_byte_verified_full_panel_retains_all_dates_and_same_arm_source_union) ... ok
2026-09-14T00:35:14.0509968Z test_duplicate_json_key_and_mutated_manifest_rejected (test_early_pullback_panel_sources_v01.ArchiveTests.test_duplicate_json_key_and_mutated_manifest_rejected) ... ok
2026-09-14T00:35:15.7731776Z test_member_tamper_rejected_even_with_new_outer_archive_hash (test_early_pullback_panel_sources_v01.ArchiveTests.test_member_tamper_rejected_even_with_new_outer_archive_hash) ... ok
2026-09-14T00:35:24.1388640Z test_missing_date_extra_file_duplicate_and_symlink_rejected (test_early_pullback_panel_sources_v01.ArchiveTests.test_missing_date_extra_file_duplicate_and_symlink_rejected) ... ok
2026-09-14T00:35:27.6200729Z test_wrong_day_content_and_altered_catalogue_rejected (test_early_pullback_panel_sources_v01.ArchiveTests.test_wrong_day_content_and_altered_catalogue_rejected) ... ok
2026-09-14T00:35:27.6471160Z test_dst_conversion_preserves_full_new_york_session (test_early_pullback_panel_sources_v01.CatalogueTests.test_dst_conversion_preserves_full_new_york_session) ... ok
2026-09-14T00:35:27.6744201Z test_exact_24_paths_720_new_date_slots_and_once_only_seeds (test_early_pullback_panel_sources_v01.CatalogueTests.test_exact_24_paths_720_new_date_slots_and_once_only_seeds) ... ok
2026-09-14T00:35:27.7614434Z test_external_pin_and_catalogue_tamper_rejected (test_early_pullback_panel_sources_v01.CatalogueTests.test_external_pin_and_catalogue_tamper_rejected) ... ok
2026-09-14T00:35:27.7825976Z test_missing_replaced_reordered_half_day_or_naive_calendar_rejected (test_early_pullback_panel_sources_v01.CatalogueTests.test_missing_replaced_reordered_half_day_or_naive_calendar_rejected) ... ok
2026-09-14T00:35:27.8058086Z test_original_date_guard_unchanged_and_rejects_new_slots (test_early_pullback_panel_sources_v01.CatalogueTests.test_original_date_guard_unchanged_and_rejects_new_slots) ... ok
2026-09-14T00:35:28.6696042Z test_active_source_reconstruction_crosses_dst_and_last_panel_date (test_early_pullback_panel_sources_v01.DaySourceTests.test_active_source_reconstruction_crosses_dst_and_last_panel_date) ... ok
2026-09-14T00:35:28.8355977Z test_dropped_census_rank_or_candidate_source_rejected (test_early_pullback_panel_sources_v01.DaySourceTests.test_dropped_census_rank_or_candidate_source_rejected) ... ok
2026-09-14T00:35:29.2446933Z test_factor_tamper_inconsistent_basis_and_raw_bridge_rejected (test_early_pullback_panel_sources_v01.DaySourceTests.test_factor_tamper_inconsistent_basis_and_raw_bridge_rejected) ... ok
2026-09-14T00:35:29.7549707Z test_future_news_does_not_change_earlier_activation_or_prefix (test_early_pullback_panel_sources_v01.DaySourceTests.test_future_news_does_not_change_earlier_activation_or_prefix) ... ok
2026-09-14T00:35:30.0375087Z test_input_immutability_and_unverified_provenance_not_overclaimed (test_early_pullback_panel_sources_v01.DaySourceTests.test_input_immutability_and_unverified_provenance_not_overclaimed) ... ok
2026-09-14T00:35:30.4029788Z test_labels_extra_market_columns_and_real_symbol_rejected (test_early_pullback_panel_sources_v01.DaySourceTests.test_labels_extra_market_columns_and_real_symbol_rejected) ... ok
2026-09-14T00:35:30.9158510Z test_later_trade_never_enters_earlier_source_prefix (test_early_pullback_panel_sources_v01.DaySourceTests.test_later_trade_never_enters_earlier_source_prefix) ... ok
2026-09-14T00:35:31.0752449Z test_missing_micro_cannot_be_no_trigger_or_filter_opportunity (test_early_pullback_panel_sources_v01.DaySourceTests.test_missing_micro_cannot_be_no_trigger_or_filter_opportunity) ... ok
2026-09-14T00:35:31.1860995Z test_new_dates_and_synthetic_scope_are_not_caller_selectable (test_early_pullback_panel_sources_v01.DaySourceTests.test_new_dates_and_synthetic_scope_are_not_caller_selectable) ... ok
2026-09-14T00:35:31.3476622Z test_parent_profile_grouping_agrees_except_child_identity (test_early_pullback_panel_sources_v01.DaySourceTests.test_parent_profile_grouping_agrees_except_child_identity) ... ok
2026-09-14T00:35:32.3161974Z test_scanner_normalization_original_micro_and_first_two_reproduce (test_early_pullback_panel_sources_v01.DaySourceTests.test_scanner_normalization_original_micro_and_first_two_reproduce) ... ok
2026-09-14T00:35:32.8823162Z test_tied_receive_order_and_source_pin_preserved (test_early_pullback_panel_sources_v01.DaySourceTests.test_tied_receive_order_and_source_pin_preserved) ... ok
2026-09-14T00:35:33.1263291Z test_verified_no_candidate_and_verified_empty_trade_tape_are_distinct (test_early_pullback_panel_sources_v01.DaySourceTests.test_verified_no_candidate_and_verified_empty_trade_tape_are_distinct) ... ok
2026-09-14T00:35:33.6344383Z test_warmup_session_clock_and_noncausal_support_rejected (test_early_pullback_panel_sources_v01.DaySourceTests.test_warmup_session_clock_and_noncausal_support_rejected) ... ok
2026-09-14T00:35:33.8960833Z test_registration_binds_unchanged_parent_and_closed_authority (test_early_pullback_panel_sources_v01.RegistrationTests.test_registration_binds_unchanged_parent_and_closed_authority) ... ok
2026-09-14T00:35:34.1188123Z test_alpaca_next_page_fails_without_following (test_early_pullback_provider_check_v01.ProviderCheckTests.test_alpaca_next_page_fails_without_following) ... ok
2026-09-14T00:35:34.1415372Z test_archive_external_pins_and_changed_bytes_rejected (test_early_pullback_provider_check_v01.ProviderCheckTests.test_archive_external_pins_and_changed_bytes_rejected) ... ok
2026-09-14T00:35:34.1605599Z test_complete_probe_and_independent_artifact_check (test_early_pullback_provider_check_v01.ProviderCheckTests.test_complete_probe_and_independent_artifact_check) ... ok
2026-09-14T00:35:34.1609333Z test_consumption_from_other_run_rejected (test_early_pullback_provider_check_v01.ProviderCheckTests.test_consumption_from_other_run_rejected) ... ok
2026-09-14T00:35:34.1614875Z test_daily_dates_handle_dst_and_missing_date_without_replacement (test_early_pullback_provider_check_v01.ProviderCheckTests.test_daily_dates_handle_dst_and_missing_date_without_replacement) ... ok
2026-09-14T00:35:34.1617760Z test_duplicate_json_and_nonfinite_json_rejected (test_early_pullback_provider_check_v01.ProviderCheckTests.test_duplicate_json_and_nonfinite_json_rejected) ... ok
2026-09-14T00:35:34.1626386Z test_execution_wrong_event_attempt_checkout_and_extra_files_rejected (test_early_pullback_provider_check_v01.ProviderCheckTests.test_execution_wrong_event_attempt_checkout_and_extra_files_rejected) ... ok
2026-09-14T00:35:34.1762186Z test_extra_raw_fields_and_forged_conclusion_rejected (test_early_pullback_provider_check_v01.ProviderCheckTests.test_extra_raw_fields_and_forged_conclusion_rejected) ... ok
2026-09-14T00:35:34.1913268Z test_fresh_process_cannot_reuse_output (test_early_pullback_provider_check_v01.ProviderCheckTests.test_fresh_process_cannot_reuse_output) ... ok
2026-09-14T00:35:34.1917858Z test_frozen_requests_and_parent_unchanged (test_early_pullback_provider_check_v01.ProviderCheckTests.test_frozen_requests_and_parent_unchanged) ... ok
2026-09-14T00:35:34.2082726Z test_http_failure_preserved_and_other_requests_attempted_once (test_early_pullback_provider_check_v01.ProviderCheckTests.test_http_failure_preserved_and_other_requests_attempted_once) ... ok
2026-09-14T00:35:34.2144546Z test_in_memory_retries_and_out_of_order_attempts_rejected (test_early_pullback_provider_check_v01.ProviderCheckTests.test_in_memory_retries_and_out_of_order_attempts_rejected) ... ok
2026-09-14T00:35:34.2280810Z test_intent_is_written_before_each_network_attempt (test_early_pullback_provider_check_v01.ProviderCheckTests.test_intent_is_written_before_each_network_attempt) ... ok
2026-09-14T00:35:34.2362582Z test_interruption_preserves_consumed_intent_without_invented_response (test_early_pullback_provider_check_v01.ProviderCheckTests.test_interruption_preserves_consumed_intent_without_invented_response) ... ok
2026-09-14T00:35:34.2372659Z test_invalid_daily_clock_order_and_duplicate_rejected (test_early_pullback_provider_check_v01.ProviderCheckTests.test_invalid_daily_clock_order_and_duplicate_rejected) ... ok
2026-09-14T00:35:34.2379374Z test_membership_row_filter_or_provider_status_mismatch_fails (test_early_pullback_provider_check_v01.ProviderCheckTests.test_membership_row_filter_or_provider_status_mismatch_fails) ... ok
2026-09-14T00:35:34.2385010Z test_missing_credentials_fail_before_output_or_network (test_early_pullback_provider_check_v01.ProviderCheckTests.test_missing_credentials_fail_before_output_or_network) ... ok
2026-09-14T00:35:34.2521453Z test_no_secret_price_ticker_company_or_next_url_retained (test_early_pullback_provider_check_v01.ProviderCheckTests.test_no_secret_price_ticker_company_or_next_url_retained) ... ok
2026-09-14T00:35:34.2685574Z test_non_json_response_is_retained_as_failure (test_early_pullback_provider_check_v01.ProviderCheckTests.test_non_json_response_is_retained_as_failure) ... ok
2026-09-14T00:35:34.2688427Z test_only_successful_exact_code_ci_permits_consumption (test_early_pullback_provider_check_v01.ProviderCheckTests.test_only_successful_exact_code_ci_permits_consumption) ... ok
2026-09-14T00:35:34.2861953Z test_oversized_body_reads_only_one_bounded_prefix (test_early_pullback_provider_check_v01.ProviderCheckTests.test_oversized_body_reads_only_one_bounded_prefix) ... ok
2026-09-14T00:35:34.2997646Z test_polygon_route_chosen_before_attempts_without_runtime_fallback (test_early_pullback_provider_check_v01.ProviderCheckTests.test_polygon_route_chosen_before_attempts_without_runtime_fallback) ... ok
2026-09-14T00:35:34.3001856Z test_redirect_handler_refuses_new_request (test_early_pullback_provider_check_v01.ProviderCheckTests.test_redirect_handler_refuses_new_request) ... ok
2026-09-14T00:35:34.3143566Z test_requests_match_exact_parameters_with_no_pagination (test_early_pullback_provider_check_v01.ProviderCheckTests.test_requests_match_exact_parameters_with_no_pagination) ... ok
2026-09-14T00:35:34.3296482Z test_response_digest_is_raw_bytes_not_projected_values (test_early_pullback_provider_check_v01.ProviderCheckTests.test_response_digest_is_raw_bytes_not_projected_values) ... ok
2026-09-14T00:35:34.3437830Z test_run_cannot_repeat_after_completion (test_early_pullback_provider_check_v01.ProviderCheckTests.test_run_cannot_repeat_after_completion) ... ok
2026-09-14T00:35:34.3442475Z test_schema_subset_and_exclusive_end_enforced (test_early_pullback_provider_check_v01.ProviderCheckTests.test_schema_subset_and_exclusive_end_enforced) ... ok
2026-09-14T00:35:34.3576779Z test_transport_exception_text_never_retained (test_early_pullback_provider_check_v01.ProviderCheckTests.test_transport_exception_text_never_retained) ... ok
2026-09-14T00:35:34.3716952Z test_unexpected_content_encoding_rejected_without_read (test_early_pullback_provider_check_v01.ProviderCheckTests.test_unexpected_content_encoding_rejected_without_read) ... ok
2026-09-14T00:35:34.3812469Z test_workflow_consumes_before_separate_read_only_provider_job (test_early_pullback_provider_check_v01.ProviderCheckTests.test_workflow_consumes_before_separate_read_only_provider_job) ... ok
2026-09-14T00:35:34.4008282Z test_wrong_external_execution_identity_rejected (test_early_pullback_provider_check_v01.ProviderCheckTests.test_wrong_external_execution_identity_rejected) ... ok
2026-09-14T00:35:34.4076199Z test_decision_cannot_use_incomplete_or_expired_bar (test_early_pullback_selection_v01.CausalEarlyPullbackTests.test_decision_cannot_use_incomplete_or_expired_bar) ... ok
2026-09-14T00:35:34.4090323Z test_empty_prefix_fails (test_early_pullback_selection_v01.CausalEarlyPullbackTests.test_empty_prefix_fails) ... ok
2026-09-14T00:35:34.4114844Z test_equal_running_high_does_not_confirm_resumption (test_early_pullback_selection_v01.CausalEarlyPullbackTests.test_equal_running_high_does_not_confirm_resumption) ... ok
2026-09-14T00:35:34.4175659Z test_first_and_second_selected_third_withheld (test_early_pullback_selection_v01.CausalEarlyPullbackTests.test_first_and_second_selected_third_withheld) ... ok
2026-09-14T00:35:34.4187525Z test_future_prefix_is_rejected_not_silently_sliced (test_early_pullback_selection_v01.CausalEarlyPullbackTests.test_future_prefix_is_rejected_not_silently_sliced) ... ok
2026-09-14T00:35:34.4236049Z test_input_not_mutated_and_prefix_identity_changes_with_market_evidence (test_early_pullback_selection_v01.CausalEarlyPullbackTests.test_input_not_mutated_and_prefix_identity_changes_with_market_evidence) ... ok
2026-09-14T00:35:34.4296584Z test_invalid_indices_fail (test_early_pullback_selection_v01.CausalEarlyPullbackTests.test_invalid_indices_fail) ... ok
2026-09-14T00:35:34.4423032Z test_invalid_market_values_fail (test_early_pullback_selection_v01.CausalEarlyPullbackTests.test_invalid_market_values_fail) ... ok
2026-09-14T00:35:34.4466678Z test_naive_or_missing_clock_fails (test_early_pullback_selection_v01.CausalEarlyPullbackTests.test_naive_or_missing_clock_fails) ... ok
2026-09-14T00:35:34.4536699Z test_prefix_only_no_fill_or_label_inputs (test_early_pullback_selection_v01.CausalEarlyPullbackTests.test_prefix_only_no_fill_or_label_inputs) ... ok
2026-09-14T00:35:34.4547870Z test_prequalification_prefix_fails (test_early_pullback_selection_v01.CausalEarlyPullbackTests.test_prequalification_prefix_fails) ... ok
2026-09-14T00:35:34.4569584Z test_qualification_anchor_is_not_first_entry (test_early_pullback_selection_v01.CausalEarlyPullbackTests.test_qualification_anchor_is_not_first_entry) ... ok
2026-09-14T00:35:34.4684263Z test_timestamp_resolution_does_not_change_decision (test_early_pullback_selection_v01.CausalEarlyPullbackTests.test_timestamp_resolution_does_not_change_decision) ... ok
2026-09-14T00:35:34.4736798Z test_withheld_prefix_does_not_reset_on_next_bar (test_early_pullback_selection_v01.CausalEarlyPullbackTests.test_withheld_prefix_does_not_reset_on_next_bar) ... ok
2026-09-14T00:35:34.4740992Z test_date_only_inventory_includes_path_and_nested_archives (test_early_pullback_selection_v01.PanelSelectionTests.test_date_only_inventory_includes_path_and_nested_archives) ... ok
2026-09-14T00:35:34.4745110Z test_duplicate_exclusions_fail_even_if_rehashed (test_early_pullback_selection_v01.PanelSelectionTests.test_duplicate_exclusions_fail_even_if_rehashed) ... ok
2026-09-14T00:35:34.4748718Z test_empty_duplicate_or_corrupt_inventory_fails (test_early_pullback_selection_v01.PanelSelectionTests.test_empty_duplicate_or_corrupt_inventory_fails) ... ok
2026-09-14T00:35:34.4766068Z test_exhausted_panel_fails_without_relaxing_exclusions (test_early_pullback_selection_v01.PanelSelectionTests.test_exhausted_panel_fails_without_relaxing_exclusions) ... ok
2026-09-14T00:35:34.4769207Z test_inventory_order_irrelevant_and_bytes_bound (test_early_pullback_selection_v01.PanelSelectionTests.test_inventory_order_irrelevant_and_bytes_bound) ... ok
2026-09-14T00:35:34.4781785Z test_selection_deterministic_full_block_no_excluded_date (test_early_pullback_selection_v01.PanelSelectionTests.test_selection_deterministic_full_block_no_excluded_date) ... ok
2026-09-14T00:35:34.4783971Z test_tampered_exclusion_hash_and_parent_fail (test_early_pullback_selection_v01.PanelSelectionTests.test_tampered_exclusion_hash_and_parent_fail) ... ok
2026-09-14T00:35:34.4801724Z test_all_authority_closed_and_both_complete_arms_required (test_early_pullback_selection_v01.SavedRegistrationTests.test_all_authority_closed_and_both_complete_arms_required) ... ok
2026-09-14T00:35:34.4819824Z test_old_baseline_and_prior_exclusions_cannot_be_holdout (test_early_pullback_selection_v01.SavedRegistrationTests.test_old_baseline_and_prior_exclusions_cannot_be_holdout) ... ok
2026-09-14T00:35:34.4835107Z test_registration_and_implementation_bindings (test_early_pullback_selection_v01.SavedRegistrationTests.test_registration_and_implementation_bindings) ... ok
2026-09-14T00:35:34.4858578Z test_saved_panel_reproduces_and_no_claim_of_fresh_external_exposure (test_early_pullback_selection_v01.SavedRegistrationTests.test_saved_panel_reproduces_and_no_claim_of_fresh_external_exposure) ... ok
2026-09-14T00:35:34.4861790Z test_fee_types_aggregate_daily_then_round_up_separately (test_execution_realism.EquityFeeTests.test_fee_types_aggregate_daily_then_round_up_separately) ... ok
2026-09-14T00:35:34.4864429Z test_taf_cap_is_per_sell_trade_before_daily_aggregation (test_execution_realism.EquityFeeTests.test_taf_cap_is_per_sell_trade_before_daily_aggregation) ... ok
2026-09-14T00:35:34.4867321Z test_fresh_arrival_quote_fills_buy_at_ask_and_records_spread (test_execution_realism.MarketableLimitExecutionTests.test_fresh_arrival_quote_fills_buy_at_ask_and_records_spread) ... ok
2026-09-14T00:35:34.4870481Z test_invalid_book_or_out_of_order_stream_fails_closed (test_execution_realism.MarketableLimitExecutionTests.test_invalid_book_or_out_of_order_stream_fails_closed) ... ok
2026-09-14T00:35:34.4873574Z test_non_marketable_limit_cancels_and_halt_can_resume_before_ack (test_execution_realism.MarketableLimitExecutionTests.test_non_marketable_limit_cancels_and_halt_can_resume_before_ack) ... ok
2026-09-14T00:35:34.4876797Z test_partial_fill_haircuts_first_state_once_and_cancels_remainder (test_execution_realism.MarketableLimitExecutionTests.test_partial_fill_haircuts_first_state_once_and_cancels_remainder) ... ok
2026-09-14T00:35:34.4878506Z test_sell_crosses_bid_and_limit_offset_is_directional (test_execution_realism.MarketableLimitExecutionTests.test_sell_crosses_bid_and_limit_offset_is_directional) ... ok
2026-09-14T00:35:34.4880813Z test_stale_quote_fails_unavailable_instead_of_inventing_fill (test_execution_realism.MarketableLimitExecutionTests.test_stale_quote_fails_unavailable_instead_of_inventing_fill) ... ok
2026-09-14T00:35:34.4882973Z test_contract_is_hash_bound_source_selected_and_non_authoritative (test_execution_realism.ProspectiveExecutionContractTests.test_contract_is_hash_bound_source_selected_and_non_authoritative) ... ok
2026-09-14T00:35:34.4885660Z test_contract_mutation_fails_closed (test_execution_realism.ProspectiveExecutionContractTests.test_contract_mutation_fails_closed) ... ok
2026-09-14T00:35:34.4887923Z test_fixed_scenarios_are_conservative_and_stress_not_candidates (test_execution_realism.ProspectiveExecutionContractTests.test_fixed_scenarios_are_conservative_and_stress_not_candidates) ... ok
2026-09-14T00:35:34.4891914Z test_registration_audit_binds_child_without_runtime_authority (test_execution_realism.ProspectiveExecutionContractTests.test_registration_audit_binds_child_without_runtime_authority) ... ok
2026-09-14T00:35:34.4910533Z test_invalid_manual_pass_bound_is_rejected (test_finalize_sec_float_join.FinalizeSecFloatJoinTests.test_invalid_manual_pass_bound_is_rejected) ... ok
2026-09-14T00:35:34.4993951Z test_manual_bounds_produce_deterministic_pass_fail_and_unknown (test_finalize_sec_float_join.FinalizeSecFloatJoinTests.test_manual_bounds_produce_deterministic_pass_fail_and_unknown) ... ok
2026-09-14T00:35:34.4996622Z test_activation_row_must_be_exact_and_complete (test_historical_account_diagnostic.CandidateProjectionTests.test_activation_row_must_be_exact_and_complete) ... ok
2026-09-14T00:35:34.4999745Z test_profiles_are_reapplied_to_same_causal_activation (test_historical_account_diagnostic.CandidateProjectionTests.test_profiles_are_reapplied_to_same_causal_activation) ... ok
2026-09-14T00:35:34.5002899Z test_provider_relative_no_news_exception_remains_narrow (test_historical_account_diagnostic.CandidateProjectionTests.test_provider_relative_no_news_exception_remains_narrow) ... ok
2026-09-14T00:35:34.5006047Z test_runtime_parser_preserves_frozen_plan_and_outcome (test_historical_account_diagnostic.HistoricalCompositionTests.test_runtime_parser_preserves_frozen_plan_and_outcome) ... ok
2026-09-14T00:35:34.5008209Z test_separate_historical_snapshot_does_not_weaken_prospective_guard (test_historical_account_diagnostic.HistoricalCompositionTests.test_separate_historical_snapshot_does_not_weaken_prospective_guard) ... ok
2026-09-14T00:35:34.5016257Z test_unchanged_engine_sizes_and_applies_historical_events (test_historical_account_diagnostic.HistoricalCompositionTests.test_unchanged_engine_sizes_and_applies_historical_events) ... ok
2026-09-14T00:35:34.5018632Z test_contract_is_retrospective_non_promotable_and_separate (test_historical_account_diagnostic.HistoricalDiagnosticContractTests.test_contract_is_retrospective_non_promotable_and_separate) ... ok
2026-09-14T00:35:34.5023678Z test_contract_mutations_fail_closed (test_historical_account_diagnostic.HistoricalDiagnosticContractTests.test_contract_mutations_fail_closed) ... ok
2026-09-14T00:35:34.5032236Z test_mechanical_audit_binds_deliverables (test_historical_account_diagnostic.HistoricalDiagnosticContractTests.test_mechanical_audit_binds_deliverables) ... ok
2026-09-14T00:35:34.5034282Z test_asset_master_fingerprint_is_order_independent (test_historical_data.HistoricalDataTests.test_asset_master_fingerprint_is_order_independent) ... ok
2026-09-14T00:35:34.5035911Z test_asset_master_status_counts_preserve_inactive_members (test_historical_data.HistoricalDataTests.test_asset_master_status_counts_preserve_inactive_members) ... ok
2026-09-14T00:35:34.5057546Z test_daily_scan_basis_is_unchanged_without_split (test_historical_data.HistoricalDataTests.test_daily_scan_basis_is_unchanged_without_split) ... ok
2026-09-14T00:35:34.5091825Z test_daily_scan_basis_normalizes_same_day_reverse_split (test_historical_data.HistoricalDataTests.test_daily_scan_basis_normalizes_same_day_reverse_split) ... ok
2026-09-14T00:35:34.5666619Z test_discovery_audit_accounts_for_complete_candidate_path (test_historical_data.HistoricalDataTests.test_discovery_audit_accounts_for_complete_candidate_path) ... ok
2026-09-14T00:35:34.6240136Z test_discovery_bounds_daily_bar_requests_to_explicit_causal_end (test_historical_data.HistoricalDataTests.test_discovery_bounds_daily_bar_requests_to_explicit_causal_end) ... ok
2026-09-14T00:35:34.6243028Z test_discovery_disposition_fails_closed_at_first_missing_stage (test_historical_data.HistoricalDataTests.test_discovery_disposition_fails_closed_at_first_missing_stage) ... ok
2026-09-14T00:35:34.6282064Z test_discovery_rejects_naive_daily_bar_end (test_historical_data.HistoricalDataTests.test_discovery_rejects_naive_daily_bar_end) ... ok
2026-09-14T00:35:34.6294836Z test_scan_cutoff_is_applied_when_one_minute_bar_is_available (test_historical_data.HistoricalDataTests.test_scan_cutoff_is_applied_when_one_minute_bar_is_available) ... ok
2026-09-14T00:35:34.6330980Z test_split_consistent_basis_cancels_future_adjustment_factor (test_historical_data.HistoricalDataTests.test_split_consistent_basis_cancels_future_adjustment_factor) ... ok
2026-09-14T00:35:34.6336317Z test_basis_observation_never_uses_a_forward_price (test_historical_float.HistoricalFloatTests.test_basis_observation_never_uses_a_forward_price) ... ok
2026-09-14T00:35:34.6339565Z test_evidence_selection_excludes_disclosure_after_qualification (test_historical_float.HistoricalFloatTests.test_evidence_selection_excludes_disclosure_after_qualification) ... ok
2026-09-14T00:35:34.6353735Z test_float_loader_verifies_source_counts_and_record_hash (test_historical_float.HistoricalFloatTests.test_float_loader_verifies_source_counts_and_record_hash) ... ok
2026-09-14T00:35:34.6357565Z test_float_record_contract_rejects_tampered_future_evidence (test_historical_float.HistoricalFloatTests.test_float_record_contract_rejects_tampered_future_evidence) ... ok
2026-09-14T00:35:34.6360490Z test_latest_measure_date_wins_over_later_old_amendment (test_historical_float.HistoricalFloatTests.test_latest_measure_date_wins_over_later_old_amendment) ... ok
2026-09-14T00:35:34.6362670Z test_legacy_float_estimate_does_not_invent_a_missing_bar_start (test_historical_float.HistoricalFloatTests.test_legacy_float_estimate_does_not_invent_a_missing_bar_start) ... ok
2026-09-14T00:35:34.6365800Z test_selected_evidence_produces_split_normalized_bound (test_historical_float.HistoricalFloatTests.test_selected_evidence_produces_split_normalized_bound) ... ok
2026-09-14T00:35:34.6369980Z test_final_preflight_preserves_full_authoritative_census (test_historical_float_identity_v11.HistoricalFloatIdentityV11Tests.test_final_preflight_preserves_full_authoritative_census) ... ok
2026-09-14T00:35:34.6373487Z test_final_summarizer_is_the_only_protected_loader (test_historical_float_identity_v11.HistoricalFloatIdentityV11Tests.test_final_summarizer_is_the_only_protected_loader) ... ok
2026-09-14T00:35:34.6377137Z test_final_summarizer_restores_identity_after_failure (test_historical_float_identity_v11.HistoricalFloatIdentityV11Tests.test_final_summarizer_restores_identity_after_failure) ... ok
2026-09-14T00:35:34.6380059Z test_legacy_failure_is_reproduced_and_scope_restores_parent (test_historical_float_identity_v11.HistoricalFloatIdentityV11Tests.test_legacy_failure_is_reproduced_and_scope_restores_parent) ... ok
2026-09-14T00:35:34.6381637Z test_scope_restores_parent_after_exception (test_historical_float_identity_v11.HistoricalFloatIdentityV11Tests.test_scope_restores_parent_after_exception) ... ok
2026-09-14T00:35:34.6383030Z test_builder_daily_window_stops_after_measure_basis (test_historical_float_v04.HistoricalFloatV04Tests.test_builder_daily_window_stops_after_measure_basis) ... ok
2026-09-14T00:35:34.6455626Z test_date_and_root_loaders_reject_file_tampering (test_historical_float_v04.HistoricalFloatV04Tests.test_date_and_root_loaders_reject_file_tampering) ... ok
2026-09-14T00:35:34.6463235Z test_exact_qualification_minute_target_pair_is_required (test_historical_float_v04.HistoricalFloatV04Tests.test_exact_qualification_minute_target_pair_is_required) ... ok
2026-09-14T00:35:34.6473962Z test_forward_split_before_target_multiplies_shares (test_historical_float_v04.HistoricalFloatV04Tests.test_forward_split_before_target_multiplies_shares) ... ok
2026-09-14T00:35:34.6476004Z test_legacy_v01_contract_is_unchanged (test_historical_float_v04.HistoricalFloatV04Tests.test_legacy_v01_contract_is_unchanged) ... ok
2026-09-14T00:35:34.6488513Z test_malformed_or_misaligned_raw_split_pair_fails_closed (test_historical_float_v04.HistoricalFloatV04Tests.test_malformed_or_misaligned_raw_split_pair_fails_closed) ... ok
2026-09-14T00:35:34.6497631Z test_measure_frames_do_not_retreat_to_an_older_common_session (test_historical_float_v04.HistoricalFloatV04Tests.test_measure_frames_do_not_retreat_to_an_older_common_session) ... ok
2026-09-14T00:35:34.6500549Z test_no_selected_sec_evidence_makes_no_alpaca_basis_call (test_historical_float_v04.HistoricalFloatV04Tests.test_no_selected_sec_evidence_makes_no_alpaca_basis_call) ... ok
2026-09-14T00:35:34.6511673Z test_nonfinite_public_float_and_nonintegral_shares_are_rejected (test_historical_float_v04.HistoricalFloatV04Tests.test_nonfinite_public_float_and_nonintegral_shares_are_rejected) ... ok
2026-09-14T00:35:34.6521451Z test_post_target_split_factor_cancels (test_historical_float_v04.HistoricalFloatV04Tests.test_post_target_split_factor_cancels) ... ok
2026-09-14T00:35:34.6532181Z test_public_float_uses_raw_measure_price_then_target_factor (test_historical_float_v04.HistoricalFloatV04Tests.test_public_float_uses_raw_measure_price_then_target_factor) ... ok
2026-09-14T00:35:34.6553556Z test_record_validation_recomputes_factor_decision_and_lineage (test_historical_float_v04.HistoricalFloatV04Tests.test_record_validation_recomputes_factor_decision_and_lineage) ... ok
2026-09-14T00:35:34.6625603Z test_reverse_split_before_target_divides_shares (test_historical_float_v04.HistoricalFloatV04Tests.test_reverse_split_before_target_divides_shares) ... ok
2026-09-14T00:35:34.6627569Z test_target_basis_payload_round_trip_and_tampering (test_historical_float_v04.HistoricalFloatV04Tests.test_target_basis_payload_round_trip_and_tampering) ... ok
2026-09-14T00:35:34.6629819Z test_threshold_rounding_is_exact_and_conservative (test_historical_float_v04.HistoricalFloatV04Tests.test_threshold_rounding_is_exact_and_conservative) ... ok
2026-09-14T00:35:34.6631924Z test_alias_validation_requires_matching_bars_in_both_directions (test_historical_identity_audit.HistoricalIdentityAuditTests.test_alias_validation_requires_matching_bars_in_both_directions) ... ok
2026-09-14T00:35:34.6633627Z test_failed_alias_inside_later_lookback_remains_unresolved (test_historical_identity_audit.HistoricalIdentityAuditTests.test_failed_alias_inside_later_lookback_remains_unresolved) ... ok
2026-09-14T00:35:34.6635308Z test_failed_full_gap_alias_is_safe_when_change_precedes_lookback (test_historical_identity_audit.HistoricalIdentityAuditTests.test_failed_full_gap_alias_is_safe_when_change_precedes_lookback) ... ok
2026-09-14T00:35:34.6636952Z test_recursive_symbol_extraction_and_relevance_filter (test_historical_identity_audit.HistoricalIdentityAuditTests.test_recursive_symbol_extraction_and_relevance_filter) ... ok
2026-09-14T00:35:34.6638433Z test_as_of_projection_is_inclusive_and_requires_aware_time (test_historical_news.HistoricalNewsTests.test_as_of_projection_is_inclusive_and_requires_aware_time) ... ok
2026-09-14T00:35:34.6651765Z test_loader_checks_hashes_coverage_and_as_of_projection (test_historical_news.HistoricalNewsTests.test_loader_checks_hashes_coverage_and_as_of_projection) ... ok
2026-09-14T00:35:34.6653511Z test_post_only_event_stays_on_tape_but_not_in_status (test_historical_news.HistoricalNewsTests.test_post_only_event_stays_on_tape_but_not_in_status) ... ok
2026-09-14T00:35:34.6656958Z test_prior_session_comes_from_market_calendar_proxy (test_historical_news.HistoricalNewsTests.test_prior_session_comes_from_market_calendar_proxy) ... ok
2026-09-14T00:35:34.6658705Z test_provider_failure_is_unknown_not_no_news (test_historical_news.HistoricalNewsTests.test_provider_failure_is_unknown_not_no_news) ... ok
2026-09-14T00:35:34.6660660Z test_v0_2_preserves_v0_1_provenance_and_hardens_boundary (test_historical_news.HistoricalNewsTests.test_v0_2_preserves_v0_1_provenance_and_hardens_boundary) ... ok
2026-09-14T00:35:34.6662629Z test_validator_rejects_ambiguous_full_window_status_field (test_historical_news.HistoricalNewsTests.test_validator_rejects_ambiguous_full_window_status_field) ... ok
2026-09-14T00:35:34.7722251Z test_low_price_small_account_candidate_is_retained_by_union (test_historical_profile_union_v01.HistoricalProfileUnionV01Tests.test_low_price_small_account_candidate_is_retained_by_union) ... ok
2026-09-14T00:35:34.7729250Z test_union_is_exactly_derived_without_mutating_strategy_profiles (test_historical_profile_union_v01.HistoricalProfileUnionV01Tests.test_union_is_exactly_derived_without_mutating_strategy_profiles) ... ok
2026-09-14T00:35:34.7737070Z test_union_proves_coverage_of_both_frozen_profiles (test_historical_profile_union_v01.HistoricalProfileUnionV01Tests.test_union_proves_coverage_of_both_frozen_profiles) ... ok
2026-09-14T00:35:34.7747502Z test_union_rejects_changed_parent_or_changed_union (test_historical_profile_union_v01.HistoricalProfileUnionV01Tests.test_union_rejects_changed_parent_or_changed_union) ... ok
2026-09-14T00:35:34.7753861Z test_v04_mode_is_fixed_before_any_provider_or_file_access (test_historical_profile_union_v01.HistoricalProfileUnionV01Tests.test_v04_mode_is_fixed_before_any_provider_or_file_access) ... ok
2026-09-14T00:35:34.7756494Z test_clean_common_equity_with_complete_bars_is_included (test_historical_universe.HistoricalUniverseTests.test_clean_common_equity_with_complete_bars_is_included) ... ok
2026-09-14T00:35:34.7759215Z test_collision_selects_one_clean_identity_but_not_two (test_historical_universe.HistoricalUniverseTests.test_collision_selects_one_clean_identity_but_not_two) ... ok
2026-09-14T00:35:34.7763709Z test_market_data_failure_reasons_are_structural_and_deterministic (test_historical_universe.HistoricalUniverseTests.test_market_data_failure_reasons_are_structural_and_deterministic) ... ok
2026-09-14T00:35:34.7766376Z test_missing_coverage_and_disallowed_exchange_fail_closed (test_historical_universe.HistoricalUniverseTests.test_missing_coverage_and_disallowed_exchange_fail_closed) ... ok
2026-09-14T00:35:34.7769204Z test_policy_manifest_is_stable_and_non_promotable_by_status (test_historical_universe.HistoricalUniverseTests.test_policy_manifest_is_stable_and_non_promotable_by_status) ... ok
2026-09-14T00:35:34.7771007Z test_type_name_conflict_and_units_fail_closed (test_historical_universe.HistoricalUniverseTests.test_type_name_conflict_and_units_fail_closed) ... ok
2026-09-14T00:35:34.7773258Z test_bridge_fingerprint_is_input_order_independent (test_identity_continuity.IdentityContinuityTests.test_bridge_fingerprint_is_input_order_independent) ... ok
2026-09-14T00:35:34.7775037Z test_different_nonblank_figis_are_not_collapsed_by_cik (test_identity_continuity.IdentityContinuityTests.test_different_nonblank_figis_are_not_collapsed_by_cik) ... ok
2026-09-14T00:35:34.7777352Z test_figi_primary_cik_fallback_and_symbol_reuse_are_explicit (test_identity_continuity.IdentityContinuityTests.test_figi_primary_cik_fallback_and_symbol_reuse_are_explicit) ... ok
2026-09-14T00:35:34.7779240Z test_nonunique_cik_without_figi_is_quarantined (test_identity_continuity.IdentityContinuityTests.test_nonunique_cik_without_figi_is_quarantined) ... ok
2026-09-14T00:35:34.7780594Z test_single_date_status_uses_the_same_frozen_rule (test_identity_continuity.IdentityContinuityTests.test_single_date_status_uses_the_same_frozen_rule) ... ok
2026-09-14T00:35:34.7801366Z test_loader_verifies_complete_bundle_before_returning_rows (test_identity_resolved_universe.IdentityResolvedUniverseTests.test_loader_verifies_complete_bundle_before_returning_rows) ... ok
2026-09-14T00:35:34.7803455Z test_policy_is_fingerprinted_and_non_promotable (test_identity_resolved_universe.IdentityResolvedUniverseTests.test_policy_is_fingerprinted_and_non_promotable) ... ok
2026-09-14T00:35:34.7805537Z test_provisional_membership_fingerprint_is_order_invariant (test_identity_resolved_universe.IdentityResolvedUniverseTests.test_provisional_membership_fingerprint_is_order_invariant) ... ok
2026-09-14T00:35:34.7807699Z test_resolution_removes_only_quarantine_and_attaches_identity (test_identity_resolved_universe.IdentityResolvedUniverseTests.test_resolution_removes_only_quarantine_and_attaches_identity) ... ok
2026-09-14T00:35:34.7809363Z test_statuses_must_cover_every_provisional_ticker (test_identity_resolved_universe.IdentityResolvedUniverseTests.test_statuses_must_cover_every_provisional_ticker) ... ok
2026-09-14T00:35:34.7810832Z test_unique_cik_fallback_requires_missing_figi (test_identity_resolved_universe.IdentityResolvedUniverseTests.test_unique_cik_fallback_requires_missing_figi) ... ok
2026-09-14T00:35:34.7872570Z test_completed_bar_support_is_timestamped_when_bar_closes (test_indicators.IndicatorTests.test_completed_bar_support_is_timestamped_when_bar_closes) ... ok
2026-09-14T00:35:34.7898044Z test_completed_bar_support_requires_timezone_aware_bars (test_indicators.IndicatorTests.test_completed_bar_support_requires_timezone_aware_bars) ... ok
2026-09-14T00:35:34.7949456Z test_ema_warmup_requires_timezone_aware_bars (test_indicators.IndicatorTests.test_ema_warmup_requires_timezone_aware_bars) ... ok
2026-09-14T00:35:34.8109337Z test_ema_warmup_uses_only_bars_before_session_start (test_indicators.IndicatorTests.test_ema_warmup_uses_only_bars_before_session_start) ... ok
2026-09-14T00:35:34.8243050Z test_prior_bars_warm_ema_without_changing_session_vwap (test_indicators.IndicatorTests.test_prior_bars_warm_ema_without_changing_session_vwap) ... ok
2026-09-14T00:35:34.8256305Z test_standard_macd_is_positive_on_strong_rise (test_indicators.IndicatorTests.test_standard_macd_is_positive_on_strong_rise) ... ok
2026-09-14T00:35:34.8261376Z test_upper_wick_fraction (test_indicators.IndicatorTests.test_upper_wick_fraction) ... ok
2026-09-14T00:35:34.8317532Z test_vwap_is_causal (test_indicators.IndicatorTests.test_vwap_is_causal) ... ok
2026-09-14T00:35:34.8320897Z test_company_names_do_not_trigger_broad_keyword_false_positives (test_instrument_metadata.InstrumentMetadataTests.test_company_names_do_not_trigger_broad_keyword_false_positives) ... ok
2026-09-14T00:35:34.8324802Z test_explicit_preferred_debt_and_rights_fail_closed (test_instrument_metadata.InstrumentMetadataTests.test_explicit_preferred_debt_and_rights_fail_closed) ... ok
2026-09-14T00:35:34.8327366Z test_manifest_is_deterministic_and_explicitly_not_eligibility (test_instrument_metadata.InstrumentMetadataTests.test_manifest_is_deterministic_and_explicitly_not_eligibility) ... ok
2026-09-14T00:35:34.8330544Z test_non_common_provider_type_stays_outside_common_family (test_instrument_metadata.InstrumentMetadataTests.test_non_common_provider_type_stays_outside_common_family) ... ok
2026-09-14T00:35:34.8332704Z test_plain_depositary_structure_is_reviewed_but_american_adr_is_not (test_instrument_metadata.InstrumentMetadataTests.test_plain_depositary_structure_is_reviewed_but_american_adr_is_not) ... ok
2026-09-14T00:35:34.8334279Z test_summary_and_date_manifest_remain_non_promotable (test_instrument_metadata.InstrumentMetadataTests.test_summary_and_date_manifest_remain_non_promotable) ... ok
2026-09-14T00:35:34.8335690Z test_units_are_quarantined_for_review_not_called_debt (test_instrument_metadata.InstrumentMetadataTests.test_units_are_quarantined_for_review_not_called_debt) ... ok
2026-09-14T00:35:34.8582182Z test_legacy_provider_workflows_are_manual_only (test_legacy_provider_workflow_gates.LegacyProviderWorkflowGateTests.test_legacy_provider_workflows_are_manual_only) ... ok
2026-09-14T00:35:34.8586594Z test_naive_response_timestamp_is_interpreted_as_documented_utc (test_marketaux_provider.MarketAuxProviderTests.test_naive_response_timestamp_is_interpreted_as_documented_utc) ... ok
2026-09-14T00:35:34.8589364Z test_naive_timestamp_is_rejected (test_marketaux_provider.MarketAuxProviderTests.test_naive_timestamp_is_rejected) ... ok
2026-09-14T00:35:34.8591392Z test_offset_response_timestamp_is_normalized_to_utc (test_marketaux_provider.MarketAuxProviderTests.test_offset_response_timestamp_is_normalized_to_utc) ... ok
2026-09-14T00:35:34.8594069Z test_timestamp_is_converted_to_utc_without_offset_suffix (test_marketaux_provider.MarketAuxProviderTests.test_timestamp_is_converted_to_utc_without_offset_suffix) ... ok
2026-09-14T00:35:34.8596739Z test_coverage_manifest_is_never_policy_promotable (test_massive_market_coverage.MassiveMarketCoverageTests.test_coverage_manifest_is_never_policy_promotable) ... ok
2026-09-14T00:35:34.8599600Z test_groups_colliding_security_records_into_one_market_query (test_massive_market_coverage.MassiveMarketCoverageTests.test_groups_colliding_security_records_into_one_market_query) ... ok
2026-09-14T00:35:34.8602485Z test_requires_prior_and_target_in_both_adjustment_series (test_massive_market_coverage.MassiveMarketCoverageTests.test_requires_prior_and_target_in_both_adjustment_series) ... ok
2026-09-14T00:35:34.8604847Z test_summary_preserves_type_and_exchange_failure_rates (test_massive_market_coverage.MassiveMarketCoverageTests.test_summary_preserves_type_and_exchange_failure_rates) ... ok
2026-09-14T00:35:34.8606623Z test_cursor_order_regression_is_recorded_not_rejected (test_massive_provider.MassiveProviderTests.test_cursor_order_regression_is_recorded_not_rejected) ... ok
2026-09-14T00:35:34.8608078Z test_exact_membership_identity_duplicate_fails_closed (test_massive_provider.MassiveProviderTests.test_exact_membership_identity_duplicate_fails_closed) ... ok
2026-09-14T00:35:34.8610083Z test_fingerprints_are_order_independent_and_membership_scoped (test_massive_provider.MassiveProviderTests.test_fingerprints_are_order_independent_and_membership_scoped) ... ok
2026-09-14T00:35:34.8611350Z test_non_active_row_fails_closed (test_massive_provider.MassiveProviderTests.test_non_active_row_fails_closed) ... ok
2026-09-14T00:35:34.8613050Z test_paginates_normalizes_and_never_preserves_cursor_secret (test_massive_provider.MassiveProviderTests.test_paginates_normalizes_and_never_preserves_cursor_secret) ... ok
2026-09-14T00:35:34.8614516Z test_repeated_cursor_is_rejected (test_massive_provider.MassiveProviderTests.test_repeated_cursor_is_rejected) ... ok
2026-09-14T00:35:34.8615847Z test_same_ticker_with_distinct_security_identities_is_preserved (test_massive_provider.MassiveProviderTests.test_same_ticker_with_distinct_security_identities_is_preserved) ... ok
2026-09-14T00:35:34.8617652Z test_stock_splits_paginate_and_keep_secret_out_of_result (test_massive_provider.MassiveProviderTests.test_stock_splits_paginate_and_keep_secret_out_of_result) ... ok
2026-09-14T00:35:34.8619730Z test_ticker_events_accept_composite_figi_and_normalize_events (test_massive_provider.MassiveProviderTests.test_ticker_events_accept_composite_figi_and_normalize_events) ... ok
2026-09-14T00:35:34.8621068Z test_ticker_types_normalize_documented_response (test_massive_provider.MassiveProviderTests.test_ticker_types_normalize_documented_response) ... ok
2026-09-14T00:35:34.8622460Z test_unofficial_pagination_host_is_rejected (test_massive_provider.MassiveProviderTests.test_unofficial_pagination_host_is_rejected) ... ok
2026-09-14T00:35:34.8658596Z test_aggregate_ten_second_bars_excludes_odd_lot_from_prices (test_micro_bars.MicroBarTests.test_aggregate_ten_second_bars_excludes_odd_lot_from_prices) ... ok
2026-09-14T00:35:34.8660106Z test_condition_rules_apply_strictest_semantics (test_micro_bars.MicroBarTests.test_condition_rules_apply_strictest_semantics) ... ok
2026-09-14T00:35:34.8676753Z test_fully_filtered_nonempty_tape_keeps_aware_empty_index (test_micro_bars.MicroBarTests.test_fully_filtered_nonempty_tape_keeps_aware_empty_index) ... ok
2026-09-14T00:35:34.8702377Z test_high_low_timestamps_preserve_intrabar_sequence (test_micro_bars.MicroBarTests.test_high_low_timestamps_preserve_intrabar_sequence) ... ok
2026-09-14T00:35:34.8726541Z test_unknown_condition_fails_closed_and_is_counted (test_micro_bars.MicroBarTests.test_unknown_condition_fails_closed_and_is_counted) ... ok
2026-09-14T00:35:34.8729372Z test_comparison_reports_matches_and_price_mismatches_without_selecting_variant (test_micro_benchmark.MicroBenchmarkTests.test_comparison_reports_matches_and_price_mismatches_without_selecting_variant) ... ok
2026-09-14T00:35:34.8731941Z test_dsy_style_fill_list_is_preserved_as_all_references (test_micro_benchmark.MicroBenchmarkTests.test_dsy_style_fill_list_is_preserved_as_all_references) ... ok
2026-09-14T00:35:34.8733436Z test_label_knowledge_policy_is_enforced (test_micro_benchmark.MicroBenchmarkTests.test_label_knowledge_policy_is_enforced) ... ok
2026-09-14T00:35:34.8734756Z test_runtime_and_label_symbols_must_match (test_micro_benchmark.MicroBenchmarkTests.test_runtime_and_label_symbols_must_match) ... ok
2026-09-14T00:35:34.8735913Z test_runtime_knowledge_policy_is_enforced (test_micro_benchmark.MicroBenchmarkTests.test_runtime_knowledge_policy_is_enforced) ... ok
2026-09-14T00:35:34.8855567Z test_ablation_artifact_is_label_blind_and_parent_provenanced (test_micro_context_ablation.PrequalificationContextAblationTests.test_ablation_artifact_is_label_blind_and_parent_provenanced) ... ok
2026-09-14T00:35:34.8858531Z test_context_bound_is_derived_from_parent_geometry (test_micro_context_ablation.PrequalificationContextAblationTests.test_context_bound_is_derived_from_parent_geometry) ... ok
2026-09-14T00:35:34.9019417Z test_context_can_recognize_existing_pullback_without_prequal_action (test_micro_context_ablation.PrequalificationContextAblationTests.test_context_can_recognize_existing_pullback_without_prequal_action) ... ok
2026-09-14T00:35:34.9025487Z test_context_start_uses_only_bars_completed_before_qualification (test_micro_context_ablation.PrequalificationContextAblationTests.test_context_start_uses_only_bars_completed_before_qualification) ... ok
2026-09-14T00:35:34.9027979Z test_bar_that_finishes_at_high_does_not_arm (test_micro_execution.MicroExecutionTests.test_bar_that_finishes_at_high_does_not_arm) ... ok
2026-09-14T00:35:34.9204370Z test_batch_execution_matches_single_plan_semantics (test_micro_execution.MicroExecutionTests.test_batch_execution_matches_single_plan_semantics) ... ok
2026-09-14T00:35:34.9349404Z test_clean_odd_lot_is_execution_visible_but_not_chart_visible (test_micro_execution.MicroExecutionTests.test_clean_odd_lot_is_execution_visible_but_not_chart_visible) ... ok
2026-09-14T00:35:34.9352951Z test_completed_bar_arms_only_after_close_and_for_one_next_bar (test_micro_execution.MicroExecutionTests.test_completed_bar_arms_only_after_close_and_for_one_next_bar) ... ok
2026-09-14T00:35:34.9476060Z test_dsy_shaped_trigger_modes_bracket_observed_price_path (test_micro_execution.MicroExecutionTests.test_dsy_shaped_trigger_modes_bracket_observed_price_path) ... ok
2026-09-14T00:35:34.9585691Z test_entry_latency_delays_fill_without_changing_trigger (test_micro_execution.MicroExecutionTests.test_entry_latency_delays_fill_without_changing_trigger) ... ok
2026-09-14T00:35:34.9655599Z test_gap_above_trigger_is_recorded_as_entry_slippage (test_micro_execution.MicroExecutionTests.test_gap_above_trigger_is_recorded_as_entry_slippage) ... ok
2026-09-14T00:35:34.9686925Z test_odd_lot_does_not_override_another_disqualifying_condition (test_micro_execution.MicroExecutionTests.test_odd_lot_does_not_override_another_disqualifying_condition) ... ok
2026-09-14T00:35:34.9734440Z test_plan_expires_before_late_breakout (test_micro_execution.MicroExecutionTests.test_plan_expires_before_late_breakout) ... ok
2026-09-14T00:35:34.9869336Z test_stop_and_target_use_ordered_post_fill_prints (test_micro_execution.MicroExecutionTests.test_stop_and_target_use_ordered_post_fill_prints) ... ok
2026-09-14T00:35:35.0022169Z test_only_qualification_base_changes_retrace_decision (test_micro_impulse_base_ablation.QualificationAnchoredImpulseBaseTests.test_only_qualification_base_changes_retrace_decision) ... ok
2026-09-14T00:35:35.0041970Z test_prequalification_low_is_never_used (test_micro_impulse_base_ablation.QualificationAnchoredImpulseBaseTests.test_prequalification_low_is_never_used) ... ok
2026-09-14T00:35:35.0228580Z test_replay_and_runtime_artifact_remain_label_blind (test_micro_impulse_base_ablation.QualificationAnchoredImpulseBaseTests.test_replay_and_runtime_artifact_remain_label_blind) ... ok
2026-09-14T00:35:35.0231316Z test_spec_changes_no_threshold_or_peak_rule (test_micro_impulse_base_ablation.QualificationAnchoredImpulseBaseTests.test_spec_changes_no_threshold_or_peak_rule) ... ok
2026-09-14T00:35:35.0256980Z test_local_peak_accepts_lower_impulse_that_parent_running_high_rejects (test_micro_local_peak_ablation.LocalImpulsePeakAblationTests.test_local_peak_accepts_lower_impulse_that_parent_running_high_rejects) ... ok
2026-09-14T00:35:35.0633740Z test_replay_changes_only_peak_scope_and_fills_postqualification (test_micro_local_peak_ablation.LocalImpulsePeakAblationTests.test_replay_changes_only_peak_scope_and_fills_postqualification) ... ok
2026-09-14T00:35:35.0859902Z test_runtime_artifact_is_label_blind_and_parent_provenanced (test_micro_local_peak_ablation.LocalImpulsePeakAblationTests.test_runtime_artifact_is_label_blind_and_parent_provenanced) ... ok
2026-09-14T00:35:35.0862836Z test_spec_uses_parent_impulse_lookback_without_new_constant (test_micro_local_peak_ablation.LocalImpulsePeakAblationTests.test_spec_uses_parent_impulse_lookback_without_new_constant) ... ok
2026-09-14T00:35:35.0864989Z test_manifest_is_stable_and_fingerprinted (test_micro_policy.FrozenMicroPolicyTests.test_manifest_is_stable_and_fingerprinted) ... ok
2026-09-14T00:35:35.0866685Z test_micro_v0_1_exact_contract (test_micro_policy.FrozenMicroPolicyTests.test_micro_v0_1_exact_contract) ... ok
2026-09-14T00:35:35.0889436Z test_active_pullback_number_advances_only_after_confirmed_resumption (test_micro_replay.MicroReplayTests.test_active_pullback_number_advances_only_after_confirmed_resumption) ... ok
2026-09-14T00:35:35.1141128Z test_replay_attaches_only_second_pullback_fill_without_labels (test_micro_replay.MicroReplayTests.test_replay_attaches_only_second_pullback_fill_without_labels) ... ok
2026-09-14T00:35:35.1154862Z test_replay_rejects_timezone_naive_candidate_anchor (test_micro_replay.MicroReplayTests.test_replay_rejects_timezone_naive_candidate_anchor) ... ok
2026-09-14T00:35:35.1412009Z test_runtime_artifact_is_json_safe_and_label_blind (test_micro_replay.MicroReplayTests.test_runtime_artifact_is_json_safe_and_label_blind) ... ok
2026-09-14T00:35:35.1443380Z test_canonical_micro_plan_uses_last_pullback_high_and_pullback_low (test_micro_setup.MicroSetupTests.test_canonical_micro_plan_uses_last_pullback_high_and_pullback_low) ... ok
2026-09-14T00:35:35.1466131Z test_canonical_policy_fails_closed_without_support_context (test_micro_setup.MicroSetupTests.test_canonical_policy_fails_closed_without_support_context) ... ok
2026-09-14T00:35:35.1491663Z test_equal_high_retest_does_not_replace_strict_running_high_peak (test_micro_setup.MicroSetupTests.test_equal_high_retest_does_not_replace_strict_running_high_peak) ... ok
2026-09-14T00:35:35.1515816Z test_geometry_research_policy_can_run_without_support_series (test_micro_setup.MicroSetupTests.test_geometry_research_policy_can_run_without_support_series) ... ok
2026-09-14T00:35:35.1547768Z test_psychological_levels_are_context_not_canonical_trigger (test_micro_setup.MicroSetupTests.test_psychological_levels_are_context_not_canonical_trigger) ... ok
2026-09-14T00:35:35.1576436Z test_pullback_below_support_is_rejected (test_micro_setup.MicroSetupTests.test_pullback_below_support_is_rejected) ... ok
2026-09-14T00:35:35.1600228Z test_pullback_volume_must_be_lighter (test_micro_setup.MicroSetupTests.test_pullback_volume_must_be_lighter) ... ok
2026-09-14T00:35:35.1613825Z test_pullbacks_are_counted_only_after_candidate_start (test_micro_setup.MicroSetupTests.test_pullbacks_are_counted_only_after_candidate_start) ... ok
2026-09-14T00:35:35.1636028Z test_retrace_above_half_is_rejected (test_micro_setup.MicroSetupTests.test_retrace_above_half_is_rejected) ... ok
2026-09-14T00:35:35.1665234Z test_support_series_does_not_read_future_values (test_micro_setup.MicroSetupTests.test_support_series_does_not_read_future_values) ... ok
2026-09-14T00:35:35.1675173Z test_unconfirmed_pullback_is_not_reported (test_micro_setup.MicroSetupTests.test_unconfirmed_pullback_is_not_reported) ... ok
2026-09-14T00:35:35.1829681Z test_context_volume_cell_can_use_completed_prequalification_structure (test_micro_volume_ablation.MicroVolumeAblationTests.test_context_volume_cell_can_use_completed_prequalification_structure) ... ok
2026-09-14T00:35:35.1832094Z test_specs_and_child_policy_are_isolated (test_micro_volume_ablation.MicroVolumeAblationTests.test_specs_and_child_policy_are_isolated) ... ok
2026-09-14T00:35:35.2023223Z test_volume_gate_off_can_admit_same_geometry (test_micro_volume_ablation.MicroVolumeAblationTests.test_volume_gate_off_can_admit_same_geometry) ... ok
2026-09-14T00:35:35.2042505Z test_contract_is_hash_bound_and_unarmed (test_microstructure_behavioral_cohort.MicrostructureBehavioralCohortTests.test_contract_is_hash_bound_and_unarmed) ... ok
2026-09-14T00:35:35.2154167Z test_every_opportunity_maps_to_one_exact_request (test_microstructure_behavioral_cohort.MicrostructureBehavioralCohortTests.test_every_opportunity_maps_to_one_exact_request) ... ok
2026-09-14T00:35:35.2169234Z test_execution_gate_is_absent_or_exactly_valid (test_microstructure_behavioral_cohort.MicrostructureBehavioralCohortTests.test_execution_gate_is_absent_or_exactly_valid) ... ok
2026-09-14T00:35:35.2182383Z test_exhaustive_panel_slice_and_quantities_are_frozen (test_microstructure_behavioral_cohort.MicrostructureBehavioralCohortTests.test_exhaustive_panel_slice_and_quantities_are_frozen) ... ok
2026-09-14T00:35:35.2198611Z test_registration_audit_binds_the_implementation (test_microstructure_behavioral_cohort.MicrostructureBehavioralCohortTests.test_registration_audit_binds_the_implementation) ... ok
2026-09-14T00:35:35.2213938Z test_requests_group_dates_and_minimize_the_registered_end (test_microstructure_behavioral_cohort.MicrostructureBehavioralCohortTests.test_requests_group_dates_and_minimize_the_registered_end) ... ok
2026-09-14T00:35:35.2240646Z test_selection_quantity_request_and_authority_drift_fail_closed (test_microstructure_behavioral_cohort.MicrostructureBehavioralCohortTests.test_selection_quantity_request_and_authority_drift_fail_closed) ... ok
2026-09-14T00:35:35.2251623Z test_contract_overclaim_or_provider_authority_fails_closed (test_microstructure_behavioral_comparison.MicrostructureBehavioralComparisonTests.test_contract_overclaim_or_provider_authority_fails_closed) ... ok
2026-09-14T00:35:35.2266446Z test_exact_disjoint_pre_post_comparison_reports_every_horizon (test_microstructure_behavioral_comparison.MicrostructureBehavioralComparisonTests.test_exact_disjoint_pre_post_comparison_reports_every_horizon) ... ok
2026-09-14T00:35:35.2271535Z test_registration_audit_binds_the_unarmed_bundle (test_microstructure_behavioral_comparison.MicrostructureBehavioralComparisonTests.test_registration_audit_binds_the_unarmed_bundle) ... ok
2026-09-14T00:35:35.2274614Z test_registration_is_hash_bound_unarmed_and_preoutcome (test_microstructure_behavioral_comparison.MicrostructureBehavioralComparisonTests.test_registration_is_hash_bound_unarmed_and_preoutcome) ... ok
2026-09-14T00:35:35.2287809Z test_scope_anchor_breakout_and_horizon_drift_fail_closed (test_microstructure_behavioral_comparison.MicrostructureBehavioralComparisonTests.test_scope_anchor_breakout_and_horizon_drift_fail_closed) ... ok
2026-09-14T00:35:35.2303410Z test_snapshot_tamper_labels_thresholds_and_authority_fail_closed (test_microstructure_behavioral_comparison.MicrostructureBehavioralComparisonTests.test_snapshot_tamper_labels_thresholds_and_authority_fail_closed) ... ok
2026-09-14T00:35:35.2315125Z test_unavailable_tape_families_fail_closed_without_book_loss (test_microstructure_behavioral_comparison.MicrostructureBehavioralComparisonTests.test_unavailable_tape_families_fail_closed_without_book_loss) ... ok
2026-09-14T00:35:35.2328197Z test_bridge_reports_complete_six_cell_pending_matrix (test_microstructure_behavioral_execution_bridge.MicrostructureBehavioralExecutionBridgeTests.test_bridge_reports_complete_six_cell_pending_matrix) ... ok
2026-09-14T00:35:35.2331357Z test_contract_binds_success_and_remains_unarmed (test_microstructure_behavioral_execution_bridge.MicrostructureBehavioralExecutionBridgeTests.test_contract_binds_success_and_remains_unarmed) ... ok
2026-09-14T00:35:35.2337759Z test_contract_mutation_cannot_enable_selection_or_authority (test_microstructure_behavioral_execution_bridge.MicrostructureBehavioralExecutionBridgeTests.test_contract_mutation_cannot_enable_selection_or_authority) ... ok
2026-09-14T00:35:35.2344298Z test_each_scenario_reuses_the_same_aggregate_for_each_horizon (test_microstructure_behavioral_execution_bridge.MicrostructureBehavioralExecutionBridgeTests.test_each_scenario_reuses_the_same_aggregate_for_each_horizon) ... ok
2026-09-14T00:35:35.2347391Z test_registration_audit_is_hash_bound_and_provider_inert (test_microstructure_behavioral_execution_bridge.MicrostructureBehavioralExecutionBridgeTests.test_registration_audit_is_hash_bound_and_provider_inert) ... ok
2026-09-14T00:35:35.2352230Z test_activity_spread_selection_rejects_outcomes (test_microstructure_contract.MicrostructureContractTests.test_activity_spread_selection_rejects_outcomes) ... ok
2026-09-14T00:35:35.2354265Z test_complete_snapshot_then_live_event_is_valid (test_microstructure_contract.MicrostructureContractTests.test_complete_snapshot_then_live_event_is_valid) ... ok
2026-09-14T00:35:35.2363896Z test_frozen_zip_inspector_uses_only_label_blind_rows (test_microstructure_contract.MicrostructureContractTests.test_frozen_zip_inspector_uses_only_label_blind_rows) ... ok
2026-09-14T00:35:35.2367864Z test_missing_clear_incomplete_snapshot_and_bad_clock_fail_closed (test_microstructure_contract.MicrostructureContractTests.test_missing_clear_incomplete_snapshot_and_bad_clock_fail_closed) ... ok
2026-09-14T00:35:35.2373676Z test_permanent_audit_binds_feasibility_deliverables (test_microstructure_contract.MicrostructureContractTests.test_permanent_audit_binds_feasibility_deliverables) ... ok
2026-09-14T00:35:35.2389177Z test_purchase_or_consolidated_depth_overclaim_fails_closed (test_microstructure_contract.MicrostructureContractTests.test_purchase_or_consolidated_depth_overclaim_fails_closed) ... ok
2026-09-14T00:35:35.2398338Z test_registration_is_hash_bound_and_keeps_single_venue_scope_explicit (test_microstructure_contract.MicrostructureContractTests.test_registration_is_hash_bound_and_keeps_single_venue_scope_explicit) ... ok
2026-09-14T00:35:35.2401228Z test_tape_preserves_unknown_aggressor_and_rejects_duplicate_ids (test_microstructure_contract.MicrostructureContractTests.test_tape_preserves_unknown_aggressor_and_rejects_duplicate_ids) ... ok
2026-09-14T00:35:35.2406010Z test_registered_windows_are_start_exclusive_and_history_is_bounded (test_microstructure_features.MicrostructureFeatureMechanicsTests.test_registered_windows_are_start_exclusive_and_history_is_bounded) ... ok
2026-09-14T00:35:35.2417135Z test_registration_is_hash_bound_threshold_free_and_unspendable (test_microstructure_features.MicrostructureFeatureMechanicsTests.test_registration_is_hash_bound_threshold_free_and_unspendable) ... ok
2026-09-14T00:35:35.2422869Z test_replenishment_matches_same_price_depletion_fifo (test_microstructure_features.MicrostructureFeatureMechanicsTests.test_replenishment_matches_same_price_depletion_fifo) ... ok
2026-09-14T00:35:35.2431018Z test_reset_incomplete_state_scope_and_time_fail_closed (test_microstructure_features.MicrostructureFeatureMechanicsTests.test_reset_incomplete_state_scope_and_time_fail_closed) ... ok
2026-09-14T00:35:35.2436598Z test_signed_tape_preserves_unknown_and_emits_breakout_context (test_microstructure_features.MicrostructureFeatureMechanicsTests.test_signed_tape_preserves_unknown_and_emits_breakout_context) ... ok
2026-09-14T00:35:35.2444141Z test_snapshot_fingerprint_is_reproducible_and_has_no_authority (test_microstructure_features.MicrostructureFeatureMechanicsTests.test_snapshot_fingerprint_is_reproducible_and_has_no_authority) ... ok
2026-09-14T00:35:35.2448666Z test_tape_correction_fails_affected_families_closed (test_microstructure_features.MicrostructureFeatureMechanicsTests.test_tape_correction_fails_affected_families_closed) ... ok
2026-09-14T00:35:35.2454413Z test_top_depth_imbalance_and_depth_walk_are_exact_rationals (test_microstructure_features.MicrostructureFeatureMechanicsTests.test_top_depth_imbalance_and_depth_walk_are_exact_rationals) ... ok
2026-09-14T00:35:35.2456904Z test_v03_success_audit_is_permanently_hash_bound (test_microstructure_features.MicrostructureFeatureMechanicsTests.test_v03_success_audit_is_permanently_hash_bound) ... ok
2026-09-14T00:35:35.2569364Z test_account_scoped_component_metrics_keep_unknowns_out (test_prospective_account_evaluation.ProspectiveAccountEvaluationTests.test_account_scoped_component_metrics_keep_unknowns_out) ... ok
2026-09-14T00:35:35.2572462Z test_all_reported_entry_and_exit_references_are_retained (test_prospective_account_evaluation.ProspectiveAccountEvaluationTests.test_all_reported_entry_and_exit_references_are_retained) ... ok
2026-09-14T00:35:35.2909350Z test_any_open_or_unavailable_session_nulls_only_its_account_cell (test_prospective_account_evaluation.ProspectiveAccountEvaluationTests.test_any_open_or_unavailable_session_nulls_only_its_account_cell) ... ok
2026-09-14T00:35:35.3048079Z test_candidate_set_and_session_hash_mismatches_fail_closed (test_prospective_account_evaluation.ProspectiveAccountEvaluationTests.test_candidate_set_and_session_hash_mismatches_fail_closed) ... ok
2026-09-14T00:35:36.2190064Z test_cli_writes_once_and_validates_before_output (test_prospective_account_evaluation.ProspectiveAccountEvaluationTests.test_cli_writes_once_and_validates_before_output) ... ok
2026-09-14T00:35:36.2191946Z test_complete_flat_portfolio_metrics_are_deterministic (test_prospective_account_evaluation.ProspectiveAccountEvaluationTests.test_complete_flat_portfolio_metrics_are_deterministic) ... ok
2026-09-14T00:35:36.2193875Z test_contract_binds_parents_cells_metrics_and_no_authority (test_prospective_account_evaluation.ProspectiveAccountEvaluationTests.test_contract_binds_parents_cells_metrics_and_no_authority) ... ok
2026-09-14T00:35:36.2293042Z test_labels_must_be_opened_after_exact_runtime_freeze (test_prospective_account_evaluation.ProspectiveAccountEvaluationTests.test_labels_must_be_opened_after_exact_runtime_freeze) ... ok
2026-09-14T00:35:36.2298307Z test_registration_audit_is_hash_bound_and_inert (test_prospective_account_evaluation.ProspectiveAccountEvaluationTests.test_registration_audit_is_hash_bound_and_inert) ... ok
2026-09-14T00:35:36.2301605Z test_rehashed_contract_scope_expansion_is_rejected (test_prospective_account_evaluation.ProspectiveAccountEvaluationTests.test_rehashed_contract_scope_expansion_is_rejected) ... ok
2026-09-14T00:35:36.2751144Z test_rehashed_report_tampering_is_recomputed_and_rejected (test_prospective_account_evaluation.ProspectiveAccountEvaluationTests.test_rehashed_report_tampering_is_recomputed_and_rejected) ... ok
2026-09-14T00:35:36.2764874Z test_report_has_no_best_cell_or_overall_imitation_score (test_prospective_account_evaluation.ProspectiveAccountEvaluationTests.test_report_has_no_best_cell_or_overall_imitation_score) ... ok
2026-09-14T00:35:36.2865101Z test_report_validator_accepts_builder_output (test_prospective_account_evaluation.ProspectiveAccountEvaluationTests.test_report_validator_accepts_builder_output) ... ok
2026-09-14T00:35:36.2917237Z test_runtime_rejects_retrospective_keys_even_when_rehashed (test_prospective_account_evaluation.ProspectiveAccountEvaluationTests.test_runtime_rejects_retrospective_keys_even_when_rehashed) ... ok
2026-09-14T00:35:36.3078984Z test_account_profile_difference_retains_unqualified_candidate (test_prospective_daily_account_runtime.ProspectiveDailyAccountRuntimeTests.test_account_profile_difference_retains_unqualified_candidate) ... ok
2026-09-14T00:35:36.8073241Z test_cli_materializes_exact_parent_directories_without_credentials (test_prospective_daily_account_runtime.ProspectiveDailyAccountRuntimeTests.test_cli_materializes_exact_parent_directories_without_credentials) ... ok
2026-09-14T00:35:36.8078623Z test_contract_is_hash_bound_and_provider_free (test_prospective_daily_account_runtime.ProspectiveDailyAccountRuntimeTests.test_contract_is_hash_bound_and_provider_free) ... ok
2026-09-14T00:35:36.8347549Z test_full_synthetic_chain_emits_twelve_hash_bound_open_sessions (test_prospective_daily_account_runtime.ProspectiveDailyAccountRuntimeTests.test_full_synthetic_chain_emits_twelve_hash_bound_open_sessions) ... ok
2026-09-14T00:35:36.8354640Z test_registration_audit_binds_the_inert_composer_surface (test_prospective_daily_account_runtime.ProspectiveDailyAccountRuntimeTests.test_registration_audit_binds_the_inert_composer_surface) ... ok
2026-09-14T00:35:36.8658594Z test_rehash_cannot_hide_session_or_retrospective_tampering (test_prospective_daily_account_runtime.ProspectiveDailyAccountRuntimeTests.test_rehash_cannot_hide_session_or_retrospective_tampering) ... ok
2026-09-14T00:35:36.8837530Z test_scenarios_remain_separate_and_horizons_do_not_select (test_prospective_daily_account_runtime.ProspectiveDailyAccountRuntimeTests.test_scenarios_remain_separate_and_horizons_do_not_select) ... ok
2026-09-14T00:35:36.8990496Z test_unavailable_status_is_retained_without_fallback (test_prospective_daily_account_runtime.ProspectiveDailyAccountRuntimeTests.test_unavailable_status_is_retained_without_fallback) ... ok
2026-09-14T00:35:36.9143043Z test_workflow_is_manual_parent_bound_and_credential_free (test_prospective_daily_account_runtime.ProspectiveDailyAccountRuntimeTests.test_workflow_is_manual_parent_bound_and_credential_free) ... ok
2026-09-14T00:35:36.9364517Z test_write_once_preserves_frozen_artifact (test_prospective_daily_account_runtime.ProspectiveDailyAccountRuntimeTests.test_write_once_preserves_frozen_artifact) ... ok
2026-09-14T00:35:36.9481909Z test_zero_opportunity_date_still_emits_every_session_and_candidate (test_prospective_daily_account_runtime.ProspectiveDailyAccountRuntimeTests.test_zero_opportunity_date_still_emits_every_session_and_candidate) ... ok
2026-09-14T00:35:36.9489159Z test_august_26_operational_repair_audit_is_hash_bound_and_future_only (test_prospective_daily_source.ProspectiveDailySourceTests.test_august_26_operational_repair_audit_is_hash_bound_and_future_only) ... ok
2026-09-14T00:35:36.9501209Z test_daily_basis_activity_resolution_cannot_mask_provider_wide_empty_data (test_prospective_daily_source.ProspectiveDailySourceTests.test_daily_basis_activity_resolution_cannot_mask_provider_wide_empty_data) ... ok
2026-09-14T00:35:36.9512909Z test_daily_basis_activity_resolution_confirms_only_explicit_empty_frames (test_prospective_daily_source.ProspectiveDailySourceTests.test_daily_basis_activity_resolution_confirms_only_explicit_empty_frames) ... ok
2026-09-14T00:35:36.9522992Z test_daily_basis_activity_resolution_is_hash_and_membership_bound (test_prospective_daily_source.ProspectiveDailySourceTests.test_daily_basis_activity_resolution_is_hash_and_membership_bound) ... ok
2026-09-14T00:35:36.9527999Z test_daily_basis_activity_resolution_makes_no_call_when_not_needed (test_prospective_daily_source.ProspectiveDailySourceTests.test_daily_basis_activity_resolution_makes_no_call_when_not_needed) ... ok
2026-09-14T00:35:36.9539083Z test_daily_basis_activity_resolution_rejects_mismatch_and_omission (test_prospective_daily_source.ProspectiveDailySourceTests.test_daily_basis_activity_resolution_rejects_mismatch_and_omission) ... ok
2026-09-14T00:35:36.9545611Z test_daily_basis_activity_resolution_rejects_provider_and_symbol_failures (test_prospective_daily_source.ProspectiveDailySourceTests.test_daily_basis_activity_resolution_rejects_provider_and_symbol_failures) ... ok
2026-09-14T00:35:36.9553206Z test_daily_basis_activity_resolution_rejects_target_activity (test_prospective_daily_source.ProspectiveDailySourceTests.test_daily_basis_activity_resolution_rejects_target_activity) ... ok
2026-09-14T00:35:36.9562945Z test_daily_source_binds_scanner_and_micro_without_account_state (test_prospective_daily_source.ProspectiveDailySourceTests.test_daily_source_binds_scanner_and_micro_without_account_state) ... ok
2026-09-14T00:35:36.9674629Z test_micro_source_stops_at_chart_trigger_without_fill_or_exit (test_prospective_daily_source.ProspectiveDailySourceTests.test_micro_source_stops_at_chart_trigger_without_fill_or_exit) ... ok
2026-09-14T00:35:36.9682080Z test_pre_session_prerequisite_is_hash_bound_and_before_strategy (test_prospective_daily_source.ProspectiveDailySourceTests.test_pre_session_prerequisite_is_hash_bound_and_before_strategy) ... ok
2026-09-14T00:35:36.9685703Z test_pre_session_provider_capture_rejects_deadline_before_any_read (test_prospective_daily_source.ProspectiveDailySourceTests.test_pre_session_provider_capture_rejects_deadline_before_any_read) ... ok
2026-09-14T00:35:36.9689508Z test_profile_activations_preserve_later_small_account_qualification (test_prospective_daily_source.ProspectiveDailySourceTests.test_profile_activations_preserve_later_small_account_qualification) ... ok
2026-09-14T00:35:36.9748695Z test_provider_orchestrator_composes_a_nonzero_source (test_prospective_daily_source.ProspectiveDailySourceTests.test_provider_orchestrator_composes_a_nonzero_source) ... ok
2026-09-14T00:35:36.9755465Z test_provider_orchestrator_does_not_hide_a_rejected_member_as_zero (test_prospective_daily_source.ProspectiveDailySourceTests.test_provider_orchestrator_does_not_hide_a_rejected_member_as_zero) ... ok
2026-09-14T00:35:36.9761540Z test_provider_orchestrator_rejects_pre_cutoff_and_wrong_date_runs (test_prospective_daily_source.ProspectiveDailySourceTests.test_provider_orchestrator_rejects_pre_cutoff_and_wrong_date_runs) ... ok
2026-09-14T00:35:36.9775989Z test_provider_orchestrator_retains_an_explicit_zero_candidate_date (test_prospective_daily_source.ProspectiveDailySourceTests.test_provider_orchestrator_retains_an_explicit_zero_candidate_date) ... ok
2026-09-14T00:35:36.9797208Z test_provider_orchestrator_retains_confirmed_inactive_member_as_audited_zero (test_prospective_daily_source.ProspectiveDailySourceTests.test_provider_orchestrator_retains_confirmed_inactive_member_as_audited_zero) ... ok
2026-09-14T00:35:36.9802709Z test_rank_reacquisition_cannot_contradict_confirmed_inactivity (test_prospective_daily_source.ProspectiveDailySourceTests.test_rank_reacquisition_cannot_contradict_confirmed_inactivity) ... ok
2026-09-14T00:35:36.9810262Z test_registered_contract_binds_parent_profiles_and_zero_execution_authority (test_prospective_daily_source.ProspectiveDailySourceTests.test_registered_contract_binds_parent_profiles_and_zero_execution_authority) ... ok
2026-09-14T00:35:36.9820326Z test_registration_audit_is_hash_bound_and_unarmed (test_prospective_daily_source.ProspectiveDailySourceTests.test_registration_audit_is_hash_bound_and_unarmed) ... ok
2026-09-14T00:35:36.9831280Z test_same_date_sip_reads_use_the_registered_causal_end (test_prospective_daily_source.ProspectiveDailySourceTests.test_same_date_sip_reads_use_the_registered_causal_end) ... ok
2026-09-14T00:35:36.9834141Z test_same_minute_profile_union_is_emitted_once (test_prospective_daily_source.ProspectiveDailySourceTests.test_same_minute_profile_union_is_emitted_once) ... ok
2026-09-14T00:35:36.9836606Z test_sec_crosswalk_normalization_is_strict_and_canonical (test_prospective_daily_source.ProspectiveDailySourceTests.test_sec_crosswalk_normalization_is_strict_and_canonical) ... ok
2026-09-14T00:35:36.9839379Z test_union_profile_covers_both_registered_price_and_gain_ranges (test_prospective_daily_source.ProspectiveDailySourceTests.test_union_profile_covers_both_registered_price_and_gain_ranges) ... ok
2026-09-14T00:35:37.0007705Z test_workflow_has_two_phase_schedule_and_only_registered_read_paths (test_prospective_daily_source.ProspectiveDailySourceTests.test_workflow_has_two_phase_schedule_and_only_registered_read_paths) ... ok
2026-09-14T00:35:37.0032186Z test_write_once_artifacts_and_prerequisites (test_prospective_daily_source.ProspectiveDailySourceTests.test_write_once_artifacts_and_prerequisites) ... ok
2026-09-14T00:35:37.0190864Z test_capture_filters_unknown_conditions_and_retains_odd_lot_proxy (test_prospective_management_window.ProspectiveManagementWindowTests.test_capture_filters_unknown_conditions_and_retains_odd_lot_proxy) ... ok
2026-09-14T00:35:37.0193955Z test_contract_is_hash_bound_and_keeps_portfolio_ineligible (test_prospective_management_window.ProspectiveManagementWindowTests.test_contract_is_hash_bound_and_keeps_portfolio_ineligible) ... ok
2026-09-14T00:35:37.0372078Z test_hash_and_write_once_guards_reject_tampering (test_prospective_management_window.ProspectiveManagementWindowTests.test_hash_and_write_once_guards_reject_tampering) ... ok
2026-09-14T00:35:37.0812177Z test_incomplete_path_is_unavailable_and_never_liquidated (test_prospective_management_window.ProspectiveManagementWindowTests.test_incomplete_path_is_unavailable_and_never_liquidated) ... ok
2026-09-14T00:35:37.5764948Z test_manifest_cli_is_provider_free (test_prospective_management_window.ProspectiveManagementWindowTests.test_manifest_cli_is_provider_free) ... ok
2026-09-14T00:35:37.6708696Z test_projection_rejects_rehashed_cell_that_differs_from_flattened_rows (test_prospective_management_window.ProspectiveManagementWindowTests.test_projection_rejects_rehashed_cell_that_differs_from_flattened_rows) ... ok
2026-09-14T00:35:37.7625106Z test_projection_resolves_descriptive_exits_but_leaves_ledger_open (test_prospective_management_window.ProspectiveManagementWindowTests.test_projection_resolves_descriptive_exits_but_leaves_ledger_open) ... ok
2026-09-14T00:35:37.7730386Z test_provider_capture_uses_exact_sip_raw_asof_requests (test_prospective_management_window.ProspectiveManagementWindowTests.test_provider_capture_uses_exact_sip_raw_asof_requests) ... ok
2026-09-14T00:35:37.7736955Z test_registration_audit_binds_the_unrun_capture_surface (test_prospective_management_window.ProspectiveManagementWindowTests.test_registration_audit_binds_the_unrun_capture_surface) ... ok
2026-09-14T00:35:37.7842044Z test_request_manifest_merges_fixed_symbol_window_without_provider_call (test_prospective_management_window.ProspectiveManagementWindowTests.test_request_manifest_merges_fixed_symbol_window_without_provider_call) ... ok
2026-09-14T00:35:37.8070355Z test_workflow_is_date_bounded_first_attempt_and_immutably_pinned (test_prospective_management_window.ProspectiveManagementWindowTests.test_workflow_is_date_bounded_first_attempt_and_immutably_pinned) ... ok
2026-09-14T00:35:37.8103631Z test_zero_opportunity_date_makes_no_provider_call (test_prospective_management_window.ProspectiveManagementWindowTests.test_zero_opportunity_date_makes_no_provider_call) ... ok
2026-09-14T00:35:37.8243110Z test_authorization_binds_quote_freeze_ceilings_and_first_attempt (test_prospective_market_input_acquisition.ProspectiveMarketInputAcquisitionTests.test_authorization_binds_quote_freeze_ceilings_and_first_attempt) ... ok
2026-09-14T00:35:39.1337737Z test_cli_authorization_is_provider_free_write_once_and_missing_key_is_safe (test_prospective_market_input_acquisition.ProspectiveMarketInputAcquisitionTests.test_cli_authorization_is_provider_free_write_once_and_missing_key_is_safe) ... ok
2026-09-14T00:35:39.1341450Z test_contract_is_hash_bound_unarmed_and_exact (test_prospective_market_input_acquisition.ProspectiveMarketInputAcquisitionTests.test_contract_is_hash_bound_unarmed_and_exact) ... ok
2026-09-14T00:35:39.1491974Z test_cost_or_availability_drift_stops_before_every_download (test_prospective_market_input_acquisition.ProspectiveMarketInputAcquisitionTests.test_cost_or_availability_drift_stops_before_every_download) ... ok
2026-09-14T00:35:39.1671787Z test_download_metadata_symbol_and_window_mismatches_fail_closed (test_prospective_market_input_acquisition.ProspectiveMarketInputAcquisitionTests.test_download_metadata_symbol_and_window_mismatches_fail_closed) ... ok
2026-09-14T00:35:39.1724111Z test_first_download_failure_stops_later_requests_and_discards_partial_capture (test_prospective_market_input_acquisition.ProspectiveMarketInputAcquisitionTests.test_first_download_failure_stops_later_requests_and_discards_partial_capture) ... ok
2026-09-14T00:35:39.1760324Z test_only_a_successful_exact_quote_can_create_authority (test_prospective_market_input_acquisition.ProspectiveMarketInputAcquisitionTests.test_only_a_successful_exact_quote_can_create_authority) ... ok
2026-09-14T00:35:39.1809911Z test_pre_provider_failure_and_execution_context_are_exact (test_prospective_market_input_acquisition.ProspectiveMarketInputAcquisitionTests.test_pre_provider_failure_and_execution_context_are_exact) ... ok
2026-09-14T00:35:39.1815759Z test_registration_audit_is_hash_bound_and_inert (test_prospective_market_input_acquisition.ProspectiveMarketInputAcquisitionTests.test_registration_audit_is_hash_bound_and_inert) ... ok
2026-09-14T00:35:39.2006310Z test_report_tampering_and_retrospective_scope_expansion_are_rejected (test_prospective_market_input_acquisition.ProspectiveMarketInputAcquisitionTests.test_report_tampering_and_retrospective_scope_expansion_are_rejected) ... ok
2026-09-14T00:35:39.2083875Z test_success_requotes_then_downloads_each_exact_request_once (test_prospective_market_input_acquisition.ProspectiveMarketInputAcquisitionTests.test_success_requotes_then_downloads_each_exact_request_once) ... ok
2026-09-14T00:35:39.2087450Z test_workflow_push_is_provider_free_and_dispatch_is_exact (test_prospective_market_input_acquisition.ProspectiveMarketInputAcquisitionTests.test_workflow_push_is_provider_free_and_dispatch_is_exact) ... ok
2026-09-14T00:35:39.2216086Z test_zero_request_date_makes_no_provider_calls_and_emits_empty_capture (test_prospective_market_input_acquisition.ProspectiveMarketInputAcquisitionTests.test_zero_request_date_makes_no_provider_calls_and_emits_empty_capture) ... ok
2026-09-14T00:35:39.2229808Z test_complete_capture_preserves_receive_time_quotes_and_halts (test_prospective_market_input_capture.ProspectiveMarketInputCaptureTests.test_complete_capture_preserves_receive_time_quotes_and_halts) ... ok
2026-09-14T00:35:39.2232572Z test_contract_binds_parents_and_authorizes_zero_calls (test_prospective_market_input_capture.ProspectiveMarketInputCaptureTests.test_contract_binds_parents_and_authorizes_zero_calls) ... ok
2026-09-14T00:35:39.2242705Z test_contract_mutations_cannot_add_scope_or_authority (test_prospective_market_input_capture.ProspectiveMarketInputCaptureTests.test_contract_mutations_cannot_add_scope_or_authority) ... ok
2026-09-14T00:35:39.2245867Z test_future_or_retrospective_fields_cannot_enter_manifest (test_prospective_market_input_capture.ProspectiveMarketInputCaptureTests.test_future_or_retrospective_fields_cannot_enter_manifest) ... ok
2026-09-14T00:35:39.2253061Z test_locked_undefined_and_equal_status_time_quotes_are_unusable (test_prospective_market_input_capture.ProspectiveMarketInputCaptureTests.test_locked_undefined_and_equal_status_time_quotes_are_unusable) ... ok
2026-09-14T00:35:39.2263796Z test_missing_or_unknown_status_fails_closed (test_prospective_market_input_capture.ProspectiveMarketInputCaptureTests.test_missing_or_unknown_status_fails_closed) ... ok
2026-09-14T00:35:39.2268547Z test_registration_audit_is_hash_bound_and_unarmed (test_prospective_market_input_capture.ProspectiveMarketInputCaptureTests.test_registration_audit_is_hash_bound_and_unarmed) ... ok
2026-09-14T00:35:39.2278425Z test_rehashed_capture_cannot_tamper_with_halt_or_runtime_authority (test_prospective_market_input_capture.ProspectiveMarketInputCaptureTests.test_rehashed_capture_cannot_tamper_with_halt_or_runtime_authority) ... ok
2026-09-14T00:35:39.2288522Z test_request_evidence_must_reconcile_counts_and_ranges (test_prospective_market_input_capture.ProspectiveMarketInputCaptureTests.test_request_evidence_must_reconcile_counts_and_ranges) ... ok
2026-09-14T00:35:39.2291381Z test_request_manifest_is_exact_offline_and_label_blind (test_prospective_market_input_capture.ProspectiveMarketInputCaptureTests.test_request_manifest_is_exact_offline_and_label_blind) ... ok
2026-09-14T00:35:39.2300105Z test_status_is_isolated_to_the_same_registered_symbol_date (test_prospective_market_input_capture.ProspectiveMarketInputCaptureTests.test_status_is_isolated_to_the_same_registered_symbol_date) ... ok
2026-09-14T00:35:39.2343316Z test_authorization_is_deterministic_exact_and_does_not_authorize_download (test_prospective_market_input_quote.ProspectiveMarketInputQuoteTests.test_authorization_is_deterministic_exact_and_does_not_authorize_download) ... ok
2026-09-14T00:35:39.2357764Z test_bundle_rederives_every_request_and_rejects_rehashed_tamper (test_prospective_market_input_quote.ProspectiveMarketInputQuoteTests.test_bundle_rederives_every_request_and_rejects_rehashed_tamper) ... ok
2026-09-14T00:35:40.1268615Z test_cli_authorization_and_missing_credential_quote_are_provider_free (test_prospective_market_input_quote.ProspectiveMarketInputQuoteTests.test_cli_authorization_and_missing_credential_quote_are_provider_free) ... ok
2026-09-14T00:35:40.1296140Z test_contract_and_report_scope_expansion_is_rejected (test_prospective_market_input_quote.ProspectiveMarketInputQuoteTests.test_contract_and_report_scope_expansion_is_rejected) ... ok
2026-09-14T00:35:40.1298627Z test_contract_is_hash_bound_unarmed_and_metadata_only (test_prospective_market_input_quote.ProspectiveMarketInputQuoteTests.test_contract_is_hash_bound_unarmed_and_metadata_only) ... ok
2026-09-14T00:35:40.1301506Z test_execution_context_requires_exact_freeze_and_first_attempt (test_prospective_market_input_quote.ProspectiveMarketInputQuoteTests.test_execution_context_requires_exact_freeze_and_first_attempt) ... ok
2026-09-14T00:35:40.1324812Z test_partial_provider_failure_is_sanitized_and_totals_are_incomplete (test_prospective_market_input_quote.ProspectiveMarketInputQuoteTests.test_partial_provider_failure_is_sanitized_and_totals_are_incomplete) ... ok
2026-09-14T00:35:40.1347835Z test_pre_provider_failure_retains_every_request_without_messages (test_prospective_market_input_quote.ProspectiveMarketInputQuoteTests.test_pre_provider_failure_retains_every_request_without_messages) ... ok
2026-09-14T00:35:40.1354795Z test_registration_audit_is_hash_bound_and_unarmed (test_prospective_market_input_quote.ProspectiveMarketInputQuoteTests.test_registration_audit_is_hash_bound_and_unarmed) ... ok
2026-09-14T00:35:40.1380137Z test_success_quotes_all_exact_rows_with_two_methods_each (test_prospective_market_input_quote.ProspectiveMarketInputQuoteTests.test_success_quotes_all_exact_rows_with_two_methods_each) ... ok
2026-09-14T00:35:40.1383059Z test_workflow_push_is_provider_free_and_dispatch_requires_exact_authority (test_prospective_market_input_quote.ProspectiveMarketInputQuoteTests.test_workflow_push_is_provider_free_and_dispatch_requires_exact_authority) ... ok
2026-09-14T00:35:40.1437430Z test_zero_opportunity_date_is_success_without_client_or_credential (test_prospective_market_input_quote.ProspectiveMarketInputQuoteTests.test_zero_opportunity_date_is_success_without_client_or_credential) ... ok
2026-09-14T00:35:40.1461990Z test_zero_size_is_unavailable_without_substitution (test_prospective_market_input_quote.ProspectiveMarketInputQuoteTests.test_zero_size_is_unavailable_without_substitution) ... ok
2026-09-14T00:35:40.5840935Z test_cli_materializes_without_credentials (test_prospective_opportunity_freeze.ProspectiveOpportunityFreezeTests.test_cli_materializes_without_credentials) ... ok
2026-09-14T00:35:40.5842982Z test_contract_binds_parent_profiles_and_zero_authority (test_prospective_opportunity_freeze.ProspectiveOpportunityFreezeTests.test_contract_binds_parent_profiles_and_zero_authority) ... ok
2026-09-14T00:35:40.5860730Z test_contract_mutations_cannot_expand_scope_or_authority (test_prospective_opportunity_freeze.ProspectiveOpportunityFreezeTests.test_contract_mutations_cannot_expand_scope_or_authority) ... ok
2026-09-14T00:35:40.5882036Z test_daily_freeze_derives_exact_unquoted_request_pairs (test_prospective_opportunity_freeze.ProspectiveOpportunityFreezeTests.test_daily_freeze_derives_exact_unquoted_request_pairs) ... ok
2026-09-14T00:35:40.5887662Z test_materializer_strips_provenance_to_exact_market_input_boundary (test_prospective_opportunity_freeze.ProspectiveOpportunityFreezeTests.test_materializer_strips_provenance_to_exact_market_input_boundary) ... ok
2026-09-14T00:35:40.5894063Z test_registration_audit_is_hash_bound_and_unarmed (test_prospective_opportunity_freeze.ProspectiveOpportunityFreezeTests.test_registration_audit_is_hash_bound_and_unarmed) ... ok
2026-09-14T00:35:40.5943675Z test_rehashed_request_or_freeze_tamper_is_rejected (test_prospective_opportunity_freeze.ProspectiveOpportunityFreezeTests.test_rehashed_request_or_freeze_tamper_is_rejected) ... ok
2026-09-14T00:35:40.5951902Z test_same_symbol_time_is_sorted_by_opportunity_identity_for_handoff (test_prospective_opportunity_freeze.ProspectiveOpportunityFreezeTests.test_same_symbol_time_is_sorted_by_opportunity_identity_for_handoff) ... ok
2026-09-14T00:35:40.5958255Z test_source_builder_is_deterministic_and_profile_union_is_not_duplicated (test_prospective_opportunity_freeze.ProspectiveOpportunityFreezeTests.test_source_builder_is_deterministic_and_profile_union_is_not_duplicated) ... ok
2026-09-14T00:35:40.5965427Z test_source_builder_rejects_invalid_date_order_profiles_and_counts (test_prospective_opportunity_freeze.ProspectiveOpportunityFreezeTests.test_source_builder_rejects_invalid_date_order_profiles_and_counts) ... ok
2026-09-14T00:35:40.5974113Z test_source_rejects_account_execution_and_retrospective_boundaries (test_prospective_opportunity_freeze.ProspectiveOpportunityFreezeTests.test_source_rejects_account_execution_and_retrospective_boundaries) ... ok
2026-09-14T00:35:40.5983858Z test_source_rejects_forbidden_fields_even_when_rehashed (test_prospective_opportunity_freeze.ProspectiveOpportunityFreezeTests.test_source_rejects_forbidden_fields_even_when_rehashed) ... ok
2026-09-14T00:35:40.5994497Z test_source_rejects_tamper_duplicate_and_wrong_date (test_prospective_opportunity_freeze.ProspectiveOpportunityFreezeTests.test_source_rejects_tamper_duplicate_and_wrong_date) ... ok
2026-09-14T00:35:40.6000066Z test_stable_identity_excludes_profile_eligibility (test_prospective_opportunity_freeze.ProspectiveOpportunityFreezeTests.test_stable_identity_excludes_profile_eligibility) ... ok
2026-09-14T00:35:40.6003091Z test_workflow_is_source_bound_provider_free_and_not_prematurely_scheduled (test_prospective_opportunity_freeze.ProspectiveOpportunityFreezeTests.test_workflow_is_source_bound_provider_free_and_not_prematurely_scheduled) ... ok
2026-09-14T00:35:40.6054513Z test_writer_and_loader_round_trip_exact_three_file_handoff (test_prospective_opportunity_freeze.ProspectiveOpportunityFreezeTests.test_writer_and_loader_round_trip_exact_three_file_handoff) ... ok
2026-09-14T00:35:40.6081452Z test_zero_opportunity_date_is_retained_without_substitution (test_prospective_opportunity_freeze.ProspectiveOpportunityFreezeTests.test_zero_opportunity_date_is_retained_without_substitution) ... ok
2026-09-14T00:35:40.6091367Z test_audit_hook_checks_urllib_requests_only (test_provider_entrypoint_v04.ProviderEntrypointV04Tests.test_audit_hook_checks_urllib_requests_only) ... ok
2026-09-14T00:35:40.6152605Z test_blocked_attempt_ledger_is_strict_and_contains_only_counts (test_provider_entrypoint_v04.ProviderEntrypointV04Tests.test_blocked_attempt_ledger_is_strict_and_contains_only_counts) ... ok
2026-09-14T00:35:40.6155495Z test_direct_sockets_and_process_escape_are_blocked (test_provider_entrypoint_v04.ProviderEntrypointV04Tests.test_direct_sockets_and_process_escape_are_blocked) ... ok
2026-09-14T00:35:40.6180531Z test_each_urllib_audit_event_consumes_one_attempt_before_network (test_provider_entrypoint_v04.ProviderEntrypointV04Tests.test_each_urllib_audit_event_consumes_one_attempt_before_network) ... ok
2026-09-14T00:35:40.6182689Z test_exact_https_hosts_are_allowed (test_provider_entrypoint_v04.ProviderEntrypointV04Tests.test_exact_https_hosts_are_allowed) ... ok
2026-09-14T00:35:40.6842451Z test_frozen_transport_call_graph_has_no_alternate_network_stack (test_provider_entrypoint_v04.ProviderEntrypointV04Tests.test_frozen_transport_call_graph_has_no_alternate_network_stack) ... ok
2026-09-14T00:35:40.7907777Z test_guarded_urllib_allows_only_direct_registered_https_transport (test_provider_entrypoint_v04.ProviderEntrypointV04Tests.test_guarded_urllib_allows_only_direct_registered_https_transport) ... ok
2026-09-14T00:35:40.7933081Z test_https_connection_cannot_replace_the_validated_socket_target (test_provider_entrypoint_v04.ProviderEntrypointV04Tests.test_https_connection_cannot_replace_the_validated_socket_target) ... ok
2026-09-14T00:35:40.8979702Z test_installed_guard_centralizes_legacy_and_redirect_accounting (test_provider_entrypoint_v04.ProviderEntrypointV04Tests.test_installed_guard_centralizes_legacy_and_redirect_accounting) ... ok
2026-09-14T00:35:40.8983493Z test_only_frozen_repository_entrypoints_are_resolved (test_provider_entrypoint_v04.ProviderEntrypointV04Tests.test_only_frozen_repository_entrypoints_are_resolved) ... ok
2026-09-14T00:35:40.8985342Z test_redirect_is_rejected_without_disclosing_either_url (test_provider_entrypoint_v04.ProviderEntrypointV04Tests.test_redirect_is_rejected_without_disclosing_either_url) ... ok
2026-09-14T00:35:40.8987197Z test_scheme_credentials_port_and_lookalike_hosts_fail_closed (test_provider_entrypoint_v04.ProviderEntrypointV04Tests.test_scheme_credentials_port_and_lookalike_hosts_fail_closed) ... ok
2026-09-14T00:35:40.8994723Z test_symlink_and_non_regular_entrypoints_are_rejected (test_provider_entrypoint_v04.ProviderEntrypointV04Tests.test_symlink_and_non_regular_entrypoints_are_rejected) ... ok
2026-09-14T00:35:40.9796326Z test_uncaught_provider_error_is_replaced_by_one_sanitized_line (test_provider_entrypoint_v04.ProviderEntrypointV04Tests.test_uncaught_provider_error_is_replaced_by_one_sanitized_line) ... ok
2026-09-14T00:35:40.9803448Z test_allowlist_contains_only_remaining_recovery_routes (test_provider_entrypoint_v05.ProviderEntrypointV05Tests.test_allowlist_contains_only_remaining_recovery_routes) ... ok
2026-09-14T00:35:41.4717719Z test_exact_workflow_script_invocations_resolve_peer_modules (test_provider_entrypoint_v05.ProviderEntrypointV05Tests.test_exact_workflow_script_invocations_resolve_peer_modules) ... ok
2026-09-14T00:35:41.4730158Z test_main_installs_guard_before_running_exact_file (test_provider_entrypoint_v05.ProviderEntrypointV05Tests.test_main_installs_guard_before_running_exact_file) ... ok
2026-09-14T00:35:41.4732748Z test_parent_market_and_massive_entrypoints_are_prohibited (test_provider_entrypoint_v05.ProviderEntrypointV05Tests.test_parent_market_and_massive_entrypoints_are_prohibited) ... ok
2026-09-14T00:35:41.4736638Z test_symlink_entrypoint_is_rejected (test_provider_entrypoint_v05.ProviderEntrypointV05Tests.test_symlink_entrypoint_is_rejected) ... ok
2026-09-14T00:35:41.4742779Z test_allowlist_contains_only_remaining_recovery_routes (test_provider_entrypoint_v06.ProviderEntrypointV06Tests.test_allowlist_contains_only_remaining_recovery_routes) ... ok
2026-09-14T00:35:41.9742361Z test_exact_workflow_script_invocations_resolve_peer_modules (test_provider_entrypoint_v06.ProviderEntrypointV06Tests.test_exact_workflow_script_invocations_resolve_peer_modules) ... ok
2026-09-14T00:35:41.9753101Z test_main_installs_guard_before_running_exact_file (test_provider_entrypoint_v06.ProviderEntrypointV06Tests.test_main_installs_guard_before_running_exact_file) ... ok
2026-09-14T00:35:41.9755182Z test_parent_routes_and_obsolete_float_adapters_are_prohibited (test_provider_entrypoint_v06.ProviderEntrypointV06Tests.test_parent_routes_and_obsolete_float_adapters_are_prohibited) ... ok
2026-09-14T00:35:41.9759815Z test_symlink_entrypoint_is_rejected (test_provider_entrypoint_v06.ProviderEntrypointV06Tests.test_symlink_entrypoint_is_rejected) ... ok
2026-09-14T00:35:41.9764229Z test_allowlist_contains_only_remaining_recovery_routes (test_provider_entrypoint_v07.ProviderEntrypointV07Tests.test_allowlist_contains_only_remaining_recovery_routes) ... ok
2026-09-14T00:35:42.4957750Z test_exact_workflow_script_invocations_resolve_peer_modules (test_provider_entrypoint_v07.ProviderEntrypointV07Tests.test_exact_workflow_script_invocations_resolve_peer_modules) ... ok
2026-09-14T00:35:42.4970079Z test_main_installs_guard_before_running_exact_file (test_provider_entrypoint_v07.ProviderEntrypointV07Tests.test_main_installs_guard_before_running_exact_file) ... ok
2026-09-14T00:35:42.4972665Z test_parent_routes_and_obsolete_float_adapters_are_prohibited (test_provider_entrypoint_v07.ProviderEntrypointV07Tests.test_parent_routes_and_obsolete_float_adapters_are_prohibited) ... ok
2026-09-14T00:35:42.4977078Z test_symlink_entrypoint_is_rejected (test_provider_entrypoint_v07.ProviderEntrypointV07Tests.test_symlink_entrypoint_is_rejected) ... ok
2026-09-14T00:35:42.4983365Z test_allowlist_contains_only_remaining_recovery_routes (test_provider_entrypoint_v08.ProviderEntrypointV08Tests.test_allowlist_contains_only_remaining_recovery_routes) ... ok
2026-09-14T00:35:42.9885749Z test_exact_workflow_script_invocations_resolve_peer_modules (test_provider_entrypoint_v08.ProviderEntrypointV08Tests.test_exact_workflow_script_invocations_resolve_peer_modules) ... ok
2026-09-14T00:35:42.9900557Z test_main_installs_guard_before_running_exact_file (test_provider_entrypoint_v08.ProviderEntrypointV08Tests.test_main_installs_guard_before_running_exact_file) ... ok
2026-09-14T00:35:42.9903116Z test_parent_routes_and_obsolete_float_adapters_are_prohibited (test_provider_entrypoint_v08.ProviderEntrypointV08Tests.test_parent_routes_and_obsolete_float_adapters_are_prohibited) ... ok
2026-09-14T00:35:42.9908054Z test_symlink_entrypoint_is_rejected (test_provider_entrypoint_v08.ProviderEntrypointV08Tests.test_symlink_entrypoint_is_rejected) ... ok
2026-09-14T00:35:42.9913472Z test_allowlist_contains_only_remaining_recovery_routes (test_provider_entrypoint_v09.ProviderEntrypointV09Tests.test_allowlist_contains_only_remaining_recovery_routes) ... ok
2026-09-14T00:35:43.4781571Z test_exact_workflow_script_invocations_resolve_peer_modules (test_provider_entrypoint_v09.ProviderEntrypointV09Tests.test_exact_workflow_script_invocations_resolve_peer_modules) ... ok
2026-09-14T00:35:43.4794014Z test_main_installs_guard_before_running_exact_file (test_provider_entrypoint_v09.ProviderEntrypointV09Tests.test_main_installs_guard_before_running_exact_file) ... ok
2026-09-14T00:35:43.4797145Z test_parent_routes_and_obsolete_float_adapters_are_prohibited (test_provider_entrypoint_v09.ProviderEntrypointV09Tests.test_parent_routes_and_obsolete_float_adapters_are_prohibited) ... ok
2026-09-14T00:35:43.4801593Z test_symlink_entrypoint_is_rejected (test_provider_entrypoint_v09.ProviderEntrypointV09Tests.test_symlink_entrypoint_is_rejected) ... ok
2026-09-14T00:35:43.4805278Z test_allowlist_contains_only_remaining_scanner_route (test_provider_entrypoint_v10.ProviderEntrypointV10Tests.test_allowlist_contains_only_remaining_scanner_route) ... ok
2026-09-14T00:35:43.9908730Z test_exact_workflow_script_invocations_resolve_peer_modules (test_provider_entrypoint_v10.ProviderEntrypointV10Tests.test_exact_workflow_script_invocations_resolve_peer_modules) ... ok
2026-09-14T00:35:43.9922199Z test_main_installs_guard_before_running_exact_file (test_provider_entrypoint_v10.ProviderEntrypointV10Tests.test_main_installs_guard_before_running_exact_file) ... ok
2026-09-14T00:35:43.9926032Z test_parent_routes_and_obsolete_float_adapters_are_prohibited (test_provider_entrypoint_v10.ProviderEntrypointV10Tests.test_parent_routes_and_obsolete_float_adapters_are_prohibited) ... ok
2026-09-14T00:35:43.9930601Z test_symlink_entrypoint_is_rejected (test_provider_entrypoint_v10.ProviderEntrypointV10Tests.test_symlink_entrypoint_is_rejected) ... ok
2026-09-14T00:35:43.9933055Z test_float_estimate_is_unavailable_before_filing (test_provider_parsers.ProviderParserTests.test_float_estimate_is_unavailable_before_filing) ... ok
2026-09-14T00:35:43.9935324Z test_float_estimate_uses_historical_price (test_provider_parsers.ProviderParserTests.test_float_estimate_uses_historical_price) ... ok
2026-09-14T00:35:43.9937812Z test_sec_api_parser_sums_share_classes_and_preserves_public_float_dollars (test_provider_parsers.ProviderParserTests.test_sec_api_parser_sums_share_classes_and_preserves_public_float_dollars) ... ok
2026-09-14T00:35:43.9961385Z test_budget_exhaustion_fails_before_an_extra_attempt (test_provider_request_budget.ProviderRequestBudgetTests.test_budget_exhaustion_fails_before_an_extra_attempt) ... ok
2026-09-14T00:35:43.9967438Z test_budget_is_inactive_when_unconfigured (test_provider_request_budget.ProviderRequestBudgetTests.test_budget_is_inactive_when_unconfigured) ... ok
2026-09-14T00:35:43.9982572Z test_partial_or_relative_configuration_is_rejected (test_provider_request_budget.ProviderRequestBudgetTests.test_partial_or_relative_configuration_is_rejected) ... ok
2026-09-14T00:35:44.0012500Z test_shared_budget_counts_attempts_by_host_without_urls (test_provider_request_budget.ProviderRequestBudgetTests.test_shared_budget_counts_attempts_by_host_without_urls) ... ok
2026-09-14T00:35:44.0023828Z test_action_bars_require_completion_before_entry_cutoff (test_reconstruct_discretion_heldout_micro_date.ReconstructDiscretionHeldoutMicroDateTests.test_action_bars_require_completion_before_entry_cutoff) ... ok
2026-09-14T00:35:44.0029463Z test_anchor_uses_completed_bar_decision_without_intraminute_backdating (test_reconstruct_discretion_heldout_micro_date.ReconstructDiscretionHeldoutMicroDateTests.test_anchor_uses_completed_bar_decision_without_intraminute_backdating) ... ok
2026-09-14T00:35:44.0055375Z test_deterministic_gzip_and_unavailable_state_are_hash_bound (test_reconstruct_discretion_heldout_micro_date.ReconstructDiscretionHeldoutMicroDateTests.test_deterministic_gzip_and_unavailable_state_are_hash_bound) ... ok
2026-09-14T00:35:44.0058316Z test_replay_is_pinned_to_the_registered_micro_policy (test_reconstruct_discretion_heldout_micro_date.ReconstructDiscretionHeldoutMicroDateTests.test_replay_is_pinned_to_the_registered_micro_policy) ... ok
2026-09-14T00:35:44.0125794Z test_session_support_uses_frozen_bar_grid_and_blocks_drift (test_reconstruct_discretion_heldout_micro_date.ReconstructDiscretionHeldoutMicroDateTests.test_session_support_uses_frozen_bar_grid_and_blocks_drift) ... ok
2026-09-14T00:35:44.0128737Z test_source_requires_frozen_unlabeled_all_candidate_runtime (test_reconstruct_discretion_heldout_micro_date.ReconstructDiscretionHeldoutMicroDateTests.test_source_requires_frozen_unlabeled_all_candidate_runtime) ... ok
2026-09-14T00:35:44.0132110Z test_cell_summary_measures_first_plan_latency_when_plan_is_armed (test_reconstruct_micro_volume_cohort_case.MicroVolumeCohortCaseTests.test_cell_summary_measures_first_plan_latency_when_plan_is_armed) ... ok
2026-09-14T00:35:44.0134722Z test_paired_delta_reports_activity_and_earlier_onset (test_reconstruct_micro_volume_cohort_case.MicroVolumeCohortCaseTests.test_paired_delta_reports_activity_and_earlier_onset) ... ok
2026-09-14T00:35:44.0137241Z test_qualification_anchors_reject_bar_start_as_decision_time (test_reconstruct_micro_volume_cohort_case.MicroVolumeCohortCaseTests.test_qualification_anchors_reject_bar_start_as_decision_time) ... ok
2026-09-14T00:35:44.0140152Z test_qualification_anchors_separate_bar_start_from_decision_time (test_reconstruct_micro_volume_cohort_case.MicroVolumeCohortCaseTests.test_qualification_anchors_separate_bar_start_from_decision_time) ... ok
2026-09-14T00:35:44.0142781Z test_refinement_cannot_backdate_the_0700_strategy_boundary (test_reconstruct_micro_volume_cohort_case.MicroVolumeCohortCaseTests.test_refinement_cannot_backdate_the_0700_strategy_boundary) ... ok
2026-09-14T00:35:44.0145323Z test_refinement_inside_strategy_window_is_retained (test_reconstruct_micro_volume_cohort_case.MicroVolumeCohortCaseTests.test_refinement_inside_strategy_window_is_retained) ... ok
2026-09-14T00:35:44.0147109Z test_daily_max_loss_locks_session (test_risk.RiskTests.test_daily_max_loss_locks_session) ... ok
2026-09-14T00:35:44.0148384Z test_half_profit_giveback_locks_session (test_risk.RiskTests.test_half_profit_giveback_locks_session) ... ok
2026-09-14T00:35:44.0149784Z test_lock_is_terminal (test_risk.RiskTests.test_lock_is_terminal) ... ok
2026-09-14T00:35:44.0150890Z test_duplicate_rule_ids_rejected (test_rulebook.RulebookTests.test_duplicate_rule_ids_rejected) ... ok
2026-09-14T00:35:44.0153078Z test_evidence_registry_checks_title_and_date (test_rulebook.RulebookTests.test_evidence_registry_checks_title_and_date) ... ok
2026-09-14T00:35:44.0157753Z test_load_and_filter (test_rulebook.RulebookTests.test_load_and_filter) ... ok
2026-09-14T00:35:44.0165951Z test_manifest_loads_rule_bundles (test_rulebook.RulebookTests.test_manifest_loads_rule_bundles) ... ok
2026-09-14T00:35:44.0206818Z test_coarse_curve_is_an_upper_bound_inside_current_bucket (test_rvol.RvolTests.test_coarse_curve_is_an_upper_bound_inside_current_bucket) ... ok
2026-09-14T00:35:44.0213832Z test_prior_session_dates_are_chronological_and_bounded (test_rvol.RvolTests.test_prior_session_dates_are_chronological_and_bounded) ... ok
2026-09-14T00:35:44.0245045Z test_same_time_rvol_compares_cumulative_volume_at_same_minute (test_rvol.RvolTests.test_same_time_rvol_compares_cumulative_volume_at_same_minute) ... ok
2026-09-14T00:35:44.0272829Z test_all_five_pillars_are_a_quality (test_scanner.ScannerTests.test_all_five_pillars_are_a_quality) ... ok
2026-09-14T00:35:44.0299677Z test_float_is_strictly_below_ten_million (test_scanner.ScannerTests.test_float_is_strictly_below_ten_million) ... ok
2026-09-14T00:35:44.0348290Z test_missing_news_is_conditional_only_for_number_one_gainer (test_scanner.ScannerTests.test_missing_news_is_conditional_only_for_number_one_gainer) ... ok
2026-09-14T00:35:44.0377986Z test_small_account_profile_requires_top_three_and_tighter_price_gain (test_scanner.ScannerTests.test_small_account_profile_requires_top_three_and_tighter_price_gain) ... ok
2026-09-14T00:35:44.0404722Z test_time_of_day_rvol_override_replaces_legacy_daily_ratio (test_scanner.ScannerTests.test_time_of_day_rvol_override_replaces_legacy_daily_ratio) ... ok
2026-09-14T00:35:44.0434478Z test_total_volume_is_not_a_canonical_pillar (test_scanner.ScannerTests.test_total_volume_is_not_a_canonical_pillar) ... ok
2026-09-14T00:35:44.0458186Z test_extra_symbols_and_duplicate_rvol_timestamps_fail_closed (test_scanner_rvol_alignment_v10.ScannerRvolAlignmentV10Tests.test_extra_symbols_and_duplicate_rvol_timestamps_fail_closed) ... ok
2026-09-14T00:35:44.0483962Z test_missing_raw_timestamp_fails_closed_without_imputation (test_scanner_rvol_alignment_v10.ScannerRvolAlignmentV10Tests.test_missing_raw_timestamp_fails_closed_without_imputation) ... ok
2026-09-14T00:35:44.1484360Z test_real_blrx_sparse_prefix_round_trips_without_value_change (test_scanner_rvol_alignment_v10.ScannerRvolAlignmentV10Tests.test_real_blrx_sparse_prefix_round_trips_without_value_change) ... ok
2026-09-14T00:35:44.1511444Z test_scoped_writer_adapter_projects_then_restores_frozen_writer (test_scanner_rvol_alignment_v10.ScannerRvolAlignmentV10Tests.test_scoped_writer_adapter_projects_then_restores_frozen_writer) ... ok
2026-09-14T00:35:44.1545188Z test_compressed_file_tamper_fails_closed (test_scanner_source_inputs.ScannerSourceInputTests.test_compressed_file_tamper_fails_closed) ... ok
2026-09-14T00:35:44.1592351Z test_compressed_sidecar_is_deterministic (test_scanner_source_inputs.ScannerSourceInputTests.test_compressed_sidecar_is_deterministic) ... ok
2026-09-14T00:35:44.1623178Z test_manifest_knowledge_tamper_fails_closed (test_scanner_source_inputs.ScannerSourceInputTests.test_manifest_knowledge_tamper_fails_closed) ... ok
2026-09-14T00:35:44.1662718Z test_rehashed_out_of_order_stream_is_rejected (test_scanner_source_inputs.ScannerSourceInputTests.test_rehashed_out_of_order_stream_is_rejected) ... ok
2026-09-14T00:35:44.1694068Z test_root_manifest_binds_ordered_dates_without_promotion (test_scanner_source_inputs.ScannerSourceInputTests.test_root_manifest_binds_ordered_dates_without_promotion) ... ok
2026-09-14T00:35:44.1816765Z test_round_trip_preserves_existing_hash_and_empty_candidate (test_scanner_source_inputs.ScannerSourceInputTests.test_round_trip_preserves_existing_hash_and_empty_candidate) ... ok
2026-09-14T00:35:44.1850414Z test_cash_fee_pnl_and_share_mutations_rejected (test_sealed_historical_account_conditional_evaluation_v01.CashFlowTests.test_cash_fee_pnl_and_share_mutations_rejected) ... ok
2026-09-14T00:35:44.1856151Z test_confirmed_fill_cannot_be_known_in_future (test_sealed_historical_account_conditional_evaluation_v01.CashFlowTests.test_confirmed_fill_cannot_be_known_in_future) ... ok
2026-09-14T00:35:44.1858431Z test_empty_session_has_no_phantom_trade_or_fee (test_sealed_historical_account_conditional_evaluation_v01.CashFlowTests.test_empty_session_has_no_phantom_trade_or_fee) ... ok
2026-09-14T00:35:44.1870213Z test_fee_component_and_accumulation_mismatches_rejected (test_sealed_historical_account_conditional_evaluation_v01.CashFlowTests.test_fee_component_and_accumulation_mismatches_rejected) ... ok
2026-09-14T00:35:44.1872931Z test_invalid_monetary_and_share_inputs_rejected (test_sealed_historical_account_conditional_evaluation_v01.CashFlowTests.test_invalid_monetary_and_share_inputs_rejected) ... ok
2026-09-14T00:35:44.1877716Z test_open_position_is_not_closed_trade (test_sealed_historical_account_conditional_evaluation_v01.CashFlowTests.test_open_position_is_not_closed_trade) ... ok
2026-09-14T00:35:44.1887983Z test_outer_decimal_precision_cannot_change_money (test_sealed_historical_account_conditional_evaluation_v01.CashFlowTests.test_outer_decimal_precision_cannot_change_money) ... ok
2026-09-14T00:35:44.1894870Z test_partial_exits_and_reentry_are_two_net_episodes (test_sealed_historical_account_conditional_evaluation_v01.CashFlowTests.test_partial_exits_and_reentry_are_two_net_episodes) ... ok
2026-09-14T00:35:44.1901130Z test_sell_must_bind_exact_entry (test_sealed_historical_account_conditional_evaluation_v01.CashFlowTests.test_sell_must_bind_exact_entry) ... ok
2026-09-14T00:35:44.1906488Z test_unknown_side_rejected (test_sealed_historical_account_conditional_evaluation_v01.CashFlowTests.test_unknown_side_rejected) ... ok
2026-09-14T00:35:44.1911178Z test_unsealed_journal_tampering_rejected (test_sealed_historical_account_conditional_evaluation_v01.CashFlowTests.test_unsealed_journal_tampering_rejected) ... ok
2026-09-14T00:35:44.1915526Z test_changed_source_evidence_is_rejected (test_sealed_historical_account_conditional_evaluation_v01.EntryBindingTests.test_changed_source_evidence_is_rejected) ... ok
2026-09-14T00:35:44.1920267Z test_missing_fill_event_is_rejected (test_sealed_historical_account_conditional_evaluation_v01.EntryBindingTests.test_missing_fill_event_is_rejected) ... ok
2026-09-14T00:35:44.1924377Z test_unavailable_cannot_be_relabelled (test_sealed_historical_account_conditional_evaluation_v01.EntryBindingTests.test_unavailable_cannot_be_relabelled) ... ok
2026-09-14T00:35:44.1928633Z test_unverified_observation_is_not_known_abstention (test_sealed_historical_account_conditional_evaluation_v01.EntryBindingTests.test_unverified_observation_is_not_known_abstention) ... ok
2026-09-14T00:35:44.1933104Z test_withheld_opportunity_cannot_have_any_execution_event (test_sealed_historical_account_conditional_evaluation_v01.EntryBindingTests.test_withheld_opportunity_cannot_have_any_execution_event) ... ok
2026-09-14T00:35:44.1937567Z test_withhold_preserved_and_available_fill_bound (test_sealed_historical_account_conditional_evaluation_v01.EntryBindingTests.test_withhold_preserved_and_available_fill_bound) ... ok
2026-09-14T00:35:44.1942190Z test_wrong_opportunity_fill_cannot_bypass_gate (test_sealed_historical_account_conditional_evaluation_v01.EntryBindingTests.test_wrong_opportunity_fill_cannot_bypass_gate) ... ok
2026-09-14T00:35:44.2246986Z test_registered_code_and_scope (test_sealed_historical_account_conditional_evaluation_v01.FrozenScopeTests.test_registered_code_and_scope) ... ok
2026-09-14T00:35:46.4762837Z test_saved_report_reproduces_from_saved_artifacts_without_replay (test_sealed_historical_account_conditional_evaluation_v01.FrozenScopeTests.test_saved_report_reproduces_from_saved_artifacts_without_replay) ... ok
2026-09-14T00:35:46.5069927Z test_wrong_external_registration_rejected (test_sealed_historical_account_conditional_evaluation_v01.FrozenScopeTests.test_wrong_external_registration_rejected) ... ok
2026-09-14T00:35:46.5073875Z test_account_reseed_cannot_hide_loss (test_sealed_historical_account_conditional_evaluation_v01.MetricTests.test_account_reseed_cannot_hide_loss) ... ok
2026-09-14T00:35:46.5077262Z test_all_losses_profit_factor_is_zero (test_sealed_historical_account_conditional_evaluation_v01.MetricTests.test_all_losses_profit_factor_is_zero) ... ok
2026-09-14T00:35:46.5080126Z test_exact_nanosecond_identity (test_sealed_historical_account_conditional_evaluation_v01.MetricTests.test_exact_nanosecond_identity) ... ok
2026-09-14T00:35:46.5082365Z test_null_ratio_and_deterministic_rounding (test_sealed_historical_account_conditional_evaluation_v01.MetricTests.test_null_ratio_and_deterministic_rounding) ... ok
2026-09-14T00:35:46.5083963Z test_seed_highwater_and_zero_trade_dates_preserved (test_sealed_historical_account_conditional_evaluation_v01.MetricTests.test_seed_highwater_and_zero_trade_dates_preserved) ... ok
2026-09-14T00:35:46.5085751Z test_zero_loss_profit_factor_is_null_and_flats_in_win_denominator (test_sealed_historical_account_conditional_evaluation_v01.MetricTests.test_zero_loss_profit_factor_is_null_and_flats_in_win_denominator) ... ok
2026-09-14T00:35:46.7242227Z test_ack_tie_still_blocks_reentry (test_sealed_historical_account_continuity_v01.ContinuityMechanicsTests.test_ack_tie_still_blocks_reentry) ... ok
2026-09-14T00:35:46.8103970Z test_activation_cannot_change_symbols (test_sealed_historical_account_continuity_v01.ContinuityMechanicsTests.test_activation_cannot_change_symbols) ... ok
2026-09-14T00:35:46.9474164Z test_campaign_history_fees_and_exact_cash_persist (test_sealed_historical_account_continuity_v01.ContinuityMechanicsTests.test_campaign_history_fees_and_exact_cash_persist) ... ok
2026-09-14T00:35:47.0449201Z test_changed_source_and_cross_path_checkpoint_rejected (test_sealed_historical_account_continuity_v01.ContinuityMechanicsTests.test_changed_source_and_cross_path_checkpoint_rejected) ... ok
2026-09-14T00:35:47.3169895Z test_checkpoint_before_fill_has_only_reservation (test_sealed_historical_account_continuity_v01.ContinuityMechanicsTests.test_checkpoint_before_fill_has_only_reservation) ... ok
2026-09-14T00:35:47.4861355Z test_checkpoint_hash_and_rehashed_money_cannot_be_imported (test_sealed_historical_account_continuity_v01.ContinuityMechanicsTests.test_checkpoint_hash_and_rehashed_money_cannot_be_imported) ... ok
2026-09-14T00:35:47.6229908Z test_cutoffs_reject_backwards_and_cross_session_times (test_sealed_historical_account_continuity_v01.ContinuityMechanicsTests.test_cutoffs_reject_backwards_and_cross_session_times) ... ok
2026-09-14T00:35:48.0422379Z test_expired_window_retains_position_and_exact_state (test_sealed_historical_account_continuity_v01.ContinuityMechanicsTests.test_expired_window_retains_position_and_exact_state) ... ok
2026-09-14T00:35:48.1902511Z test_future_execution_price_does_not_change_public_prefix (test_sealed_historical_account_continuity_v01.ContinuityMechanicsTests.test_future_execution_price_does_not_change_public_prefix) ... ok
2026-09-14T00:35:48.2714535Z test_known_guard_still_blocks_reentry (test_sealed_historical_account_continuity_v01.ContinuityMechanicsTests.test_known_guard_still_blocks_reentry) ... ok
2026-09-14T00:35:48.3843356Z test_missing_exit_preserves_intent_through_resume (test_sealed_historical_account_continuity_v01.ContinuityMechanicsTests.test_missing_exit_preserves_intent_through_resume) ... ok
2026-09-14T00:35:48.7731284Z test_next_session_preserves_unresolved_carried_position (test_sealed_historical_account_continuity_v01.ContinuityMechanicsTests.test_next_session_preserves_unresolved_carried_position) ... ok
2026-09-14T00:35:48.9227543Z test_open_partial_campaign_cannot_reenter_or_add (test_sealed_historical_account_continuity_v01.ContinuityMechanicsTests.test_open_partial_campaign_cannot_reenter_or_add) ... ok
2026-09-14T00:35:49.2775288Z test_partial_target_does_not_move_stop_during_resume (test_sealed_historical_account_continuity_v01.ContinuityMechanicsTests.test_partial_target_does_not_move_stop_during_resume) ... ok
2026-09-14T00:35:50.9177194Z test_pending_input_failure_stays_failed_after_resume (test_sealed_historical_account_continuity_v01.ContinuityMechanicsTests.test_pending_input_failure_stays_failed_after_resume) ... ok
2026-09-14T00:35:51.0109858Z test_reentry_has_fresh_target_and_stop (test_sealed_historical_account_continuity_v01.ContinuityMechanicsTests.test_reentry_has_fresh_target_and_stop) ... ok
2026-09-14T00:35:51.1277832Z test_reentry_uses_new_fill_cost_basis (test_sealed_historical_account_continuity_v01.ContinuityMechanicsTests.test_reentry_uses_new_fill_cost_basis) ... ok
2026-09-14T00:35:51.5066890Z test_rehashed_stop_attempt_and_entry_history_tampering_rejected (test_sealed_historical_account_continuity_v01.ContinuityMechanicsTests.test_rehashed_stop_attempt_and_entry_history_tampering_rejected) ... ok
2026-09-14T00:35:52.9349240Z test_resume_at_entry_fill_and_ack_boundaries (test_sealed_historical_account_continuity_v01.ContinuityMechanicsTests.test_resume_at_entry_fill_and_ack_boundaries) ... ok
2026-09-14T00:35:53.2928708Z test_resume_preserves_target_confirmation_and_pending_cancel (test_sealed_historical_account_continuity_v01.ContinuityMechanicsTests.test_resume_preserves_target_confirmation_and_pending_cancel) ... ok
2026-09-14T00:35:53.5062287Z test_resume_preserves_used_liquidity_and_confirmed_journal (test_sealed_historical_account_continuity_v01.ContinuityMechanicsTests.test_resume_preserves_used_liquidity_and_confirmed_journal) ... ok
2026-09-14T00:35:53.5470002Z test_retrospective_keys_rejected_in_source_and_checkpoint (test_sealed_historical_account_continuity_v01.ContinuityMechanicsTests.test_retrospective_keys_rejected_in_source_and_checkpoint) ... ok
2026-09-14T00:35:55.2197148Z test_same_symbol_new_activation_is_a_new_campaign (test_sealed_historical_account_continuity_v01.ContinuityMechanicsTests.test_same_symbol_new_activation_is_a_new_campaign) ... ok
2026-09-14T00:35:55.3632963Z test_small_account_keeps_frozen_risk_sizing (test_sealed_historical_account_continuity_v01.ContinuityMechanicsTests.test_small_account_keeps_frozen_risk_sizing) ... ok
2026-09-14T00:35:55.6190969Z test_terminal_partial_resume_does_not_retry (test_sealed_historical_account_continuity_v01.ContinuityMechanicsTests.test_terminal_partial_resume_does_not_retry) ... ok
2026-09-14T00:35:56.1476141Z test_two_entries_one_campaign_third_is_blocked (test_sealed_historical_account_continuity_v01.ContinuityMechanicsTests.test_two_entries_one_campaign_third_is_blocked) ... ok
2026-09-14T00:35:56.2291552Z test_unfilled_order_does_not_spend_an_entry (test_sealed_historical_account_continuity_v01.ContinuityMechanicsTests.test_unfilled_order_does_not_spend_an_entry) ... ok
2026-09-14T00:35:56.3276836Z test_valuation_handoff_retains_open_basis_without_window_extension (test_sealed_historical_account_continuity_v01.ContinuityMechanicsTests.test_valuation_handoff_retains_open_basis_without_window_extension) ... ok
2026-09-14T00:35:56.5939747Z test_all_original_slots_and_unavailable_references_unchanged (test_sealed_historical_account_continuity_v01.ContinuityRegistrationTests.test_all_original_slots_and_unavailable_references_unchanged) ... ok
2026-09-14T00:36:15.4738314Z test_direct_offline_cli_produces_independently_verified_artifacts (test_sealed_historical_account_continuity_v01.ContinuityRegistrationTests.test_direct_offline_cli_produces_independently_verified_artifacts) ... ok
2026-09-14T00:36:15.5343329Z test_entrypoints_have_no_undefined_globals_and_checker_is_stdlib (test_sealed_historical_account_continuity_v01.ContinuityRegistrationTests.test_entrypoints_have_no_undefined_globals_and_checker_is_stdlib) ... ok
2026-09-14T00:36:27.6170157Z test_independent_checker_recomputes_and_rejects_rehashed_scarcity (test_sealed_historical_account_continuity_v01.ContinuityRegistrationTests.test_independent_checker_recomputes_and_rejects_rehashed_scarcity) ... ok
2026-09-14T00:36:27.8062899Z test_independent_checker_rejects_rehashed_campaign_and_checkpoint_state (test_sealed_historical_account_continuity_v01.ContinuityRegistrationTests.test_independent_checker_rejects_rehashed_campaign_and_checkpoint_state) ... ok
2026-09-14T00:36:27.8066137Z test_management_execution_methods_remain_frozen (test_sealed_historical_account_continuity_v01.ContinuityRegistrationTests.test_management_execution_methods_remain_frozen) ... ok
2026-09-14T00:36:28.0668239Z test_metadata_build_cannot_run_mechanics_or_open_market_bundle (test_sealed_historical_account_continuity_v01.ContinuityRegistrationTests.test_metadata_build_cannot_run_mechanics_or_open_market_bundle) ... ok
2026-09-14T00:36:28.3260628Z test_parent_and_implementation_mutations_fail_registration (test_sealed_historical_account_continuity_v01.ContinuityRegistrationTests.test_parent_and_implementation_mutations_fail_registration) ... ok
2026-09-14T00:36:28.6145291Z test_registration_binds_immutable_parent_and_scope (test_sealed_historical_account_continuity_v01.ContinuityRegistrationTests.test_registration_binds_immutable_parent_and_scope) ... ok
2026-09-14T00:36:28.6153513Z test_symlink_and_frozen_output_paths_rejected (test_sealed_historical_account_continuity_v01.ContinuityRegistrationTests.test_symlink_and_frozen_output_paths_rejected) ... ok
2026-09-14T00:36:29.6821748Z test_write_once_rehashed_metadata_and_extra_files_fail (test_sealed_historical_account_continuity_v01.ContinuityRegistrationTests.test_write_once_rehashed_metadata_and_extra_files_fail) ... ok
2026-09-14T00:36:29.7861784Z test_expired_wait_blocks_all_later_slots_with_exact_shares (test_sealed_historical_account_exit_waiting_v01.WaitingAccountTests.test_expired_wait_blocks_all_later_slots_with_exact_shares) ... ok
2026-09-14T00:36:35.7930328Z test_no_wait_path_objects_match_risk_parent_exactly (test_sealed_historical_account_exit_waiting_v01.WaitingAccountTests.test_no_wait_path_objects_match_risk_parent_exactly) ... ok
2026-09-14T00:36:36.4649590Z test_waiting_closes_and_preserves_audit_after_capacity_release (test_sealed_historical_account_exit_waiting_v01.WaitingAccountTests.test_waiting_closes_and_preserves_audit_after_capacity_release) ... ok
2026-09-14T00:36:36.6278411Z test_delayed_submission_after_an_earlier_fresh_print_is_rejected (test_sealed_historical_account_exit_waiting_v01.WaitingIndependentTests.test_delayed_submission_after_an_earlier_fresh_print_is_rejected) ... ok
2026-09-14T00:36:36.7182056Z test_failed_submission_preserves_causal_proposal_without_attempt (test_sealed_historical_account_exit_waiting_v01.WaitingIndependentTests.test_failed_submission_preserves_causal_proposal_without_attempt) ... ok
2026-09-14T00:36:36.7317613Z test_independent_reference_matches_frozen_index_on_status_ties_and_unknowns (test_sealed_historical_account_exit_waiting_v01.WaitingIndependentTests.test_independent_reference_matches_frozen_index_on_status_ties_and_unknowns) ... ok
2026-09-14T00:36:37.2118219Z test_independent_wait_sources_and_unchanged_account_checks (test_sealed_historical_account_exit_waiting_v01.WaitingIndependentTests.test_independent_wait_sources_and_unchanged_account_checks) ... ok
2026-09-14T00:36:38.0893504Z test_mutated_parent_or_child_invalidates_registration (test_sealed_historical_account_exit_waiting_v01.WaitingIndependentTests.test_mutated_parent_or_child_invalidates_registration) ... ok
2026-09-14T00:36:38.0899236Z test_registration_and_source_authority_fail_before_original_access (test_sealed_historical_account_exit_waiting_v01.WaitingIndependentTests.test_registration_and_source_authority_fail_before_original_access) ... ok
2026-09-14T00:36:38.9183141Z test_registration_reproduces_and_metadata_build_never_opens_originals (test_sealed_historical_account_exit_waiting_v01.WaitingIndependentTests.test_registration_reproduces_and_metadata_build_never_opens_originals) ... ok
2026-09-14T00:36:39.0720612Z test_rehashed_attempt_consumption_before_submission_is_rejected (test_sealed_historical_account_exit_waiting_v01.WaitingIndependentTests.test_rehashed_attempt_consumption_before_submission_is_rejected) ... ok
2026-09-14T00:36:39.1620828Z test_rehashed_false_expiry_and_dropped_wait_end_are_rejected (test_sealed_historical_account_exit_waiting_v01.WaitingIndependentTests.test_rehashed_false_expiry_and_dropped_wait_end_are_rejected) ... ok
2026-09-14T00:36:39.3173394Z test_rehashed_quote_witness_mutation_is_rejected (test_sealed_historical_account_exit_waiting_v01.WaitingIndependentTests.test_rehashed_quote_witness_mutation_is_rejected) ... ok
2026-09-14T00:36:39.3195720Z test_runtime_output_is_external_and_write_once (test_sealed_historical_account_exit_waiting_v01.WaitingIndependentTests.test_runtime_output_is_external_and_write_once) ... ok
2026-09-14T00:36:39.4893042Z test_supersession_is_independently_reconstructed (test_sealed_historical_account_exit_waiting_v01.WaitingIndependentTests.test_supersession_is_independently_reconstructed) ... ok
2026-09-14T00:36:39.4966689Z test_account_risk_latch_can_supersede_target_but_stop_has_priority (test_sealed_historical_account_exit_waiting_v01.WaitingManagementTests.test_account_risk_latch_can_supersede_target_but_stop_has_priority) ... ok
2026-09-14T00:36:39.5034766Z test_changed_tape_while_waiting_is_rejected (test_sealed_historical_account_exit_waiting_v01.WaitingManagementTests.test_changed_tape_while_waiting_is_rejected) ... ok
2026-09-14T00:36:39.5167841Z test_completed_red_bar_supersedes_target_but_never_stop (test_sealed_historical_account_exit_waiting_v01.WaitingManagementTests.test_completed_red_bar_supersedes_target_but_never_stop) ... ok
2026-09-14T00:36:39.5224340Z test_first_signal_without_full_tail_still_fails (test_sealed_historical_account_exit_waiting_v01.WaitingManagementTests.test_first_signal_without_full_tail_still_fails) ... ok
2026-09-14T00:36:39.5265212Z test_freshness_is_inclusive_and_native_ties_keep_last_record (test_sealed_historical_account_exit_waiting_v01.WaitingManagementTests.test_freshness_is_inclusive_and_native_ties_keep_last_record) ... ok
2026-09-14T00:36:39.5338680Z test_ineligible_print_does_not_reconsider_but_clean_odd_lot_does (test_sealed_historical_account_exit_waiting_v01.WaitingManagementTests.test_ineligible_print_does_not_reconsider_but_clean_odd_lot_does) ... ok
2026-09-14T00:36:39.5460391Z test_known_halt_waits_and_unknown_status_is_not_a_wait (test_sealed_historical_account_exit_waiting_v01.WaitingManagementTests.test_known_halt_waits_and_unknown_status_is_not_a_wait) ... ok
2026-09-14T00:36:39.5538062Z test_no_future_quote_then_first_fresh_print_submits_latched_target (test_sealed_historical_account_exit_waiting_v01.WaitingManagementTests.test_no_future_quote_then_first_fresh_print_submits_latched_target) ... ok
2026-09-14T00:36:39.5607362Z test_reference_index_is_immutable_and_matches_frozen_capture (test_sealed_historical_account_exit_waiting_v01.WaitingManagementTests.test_reference_index_is_immutable_and_matches_frozen_capture) ... ok
2026-09-14T00:36:39.5672805Z test_stale_reference_waits_without_reserving_or_consuming_attempt (test_sealed_historical_account_exit_waiting_v01.WaitingManagementTests.test_stale_reference_waits_without_reserving_or_consuming_attempt) ... ok
2026-09-14T00:36:39.5749330Z test_stop_supersedes_waiting_target_and_preserves_origin (test_sealed_historical_account_exit_waiting_v01.WaitingManagementTests.test_stop_supersedes_waiting_target_and_preserves_origin) ... ok
2026-09-14T00:36:39.5806356Z test_tape_mutation_or_wrong_pin_never_becomes_waiting (test_sealed_historical_account_exit_waiting_v01.WaitingManagementTests.test_tape_mutation_or_wrong_pin_never_becomes_waiting) ... ok
2026-09-14T00:36:39.5883488Z test_terminal_partial_fill_does_not_retry (test_sealed_historical_account_exit_waiting_v01.WaitingManagementTests.test_terminal_partial_fill_does_not_retry) ... ok
2026-09-14T00:36:39.5952156Z test_unknown_status_in_frozen_execution_tail_still_fails_closed (test_sealed_historical_account_exit_waiting_v01.WaitingManagementTests.test_unknown_status_in_frozen_execution_tail_still_fails_closed) ... ok
2026-09-14T00:36:39.6020173Z test_window_expiry_preserves_open_intent_and_shares (test_sealed_historical_account_exit_waiting_v01.WaitingManagementTests.test_window_expiry_preserves_open_intent_and_shares) ... ok
2026-09-14T00:36:39.7013490Z test_cli_has_no_replay_option_and_does_not_overwrite_output (test_sealed_historical_account_hosted_acceptance_v01.ArtifactAndRegistrationTests.test_cli_has_no_replay_option_and_does_not_overwrite_output) ... ok
2026-09-14T00:36:39.7025575Z test_duplicate_and_unsafe_zip_members_rejected (test_sealed_historical_account_hosted_acceptance_v01.ArtifactAndRegistrationTests.test_duplicate_and_unsafe_zip_members_rejected) ... ok
2026-09-14T00:36:39.7033705Z test_exact_zip_bytes_crc_inventory_and_no_extraction (test_sealed_historical_account_hosted_acceptance_v01.ArtifactAndRegistrationTests.test_exact_zip_bytes_crc_inventory_and_no_extraction) ... ok
2026-09-14T00:36:39.7644529Z test_external_commitment_and_changed_implementation_rejected (test_sealed_historical_account_hosted_acceptance_v01.ArtifactAndRegistrationTests.test_external_commitment_and_changed_implementation_rejected) ... ok
2026-09-14T00:36:39.7647122Z test_nonfinite_or_float_account_values_rejected (test_sealed_historical_account_hosted_acceptance_v01.ArtifactAndRegistrationTests.test_nonfinite_or_float_account_values_rejected) ... ok
2026-09-14T00:36:39.7822391Z test_registration_waives_only_local_rerun_and_is_post_result (test_sealed_historical_account_hosted_acceptance_v01.ArtifactAndRegistrationTests.test_registration_waives_only_local_rerun_and_is_post_result) ... ok
2026-09-14T00:36:39.7826837Z test_seals_canonical_bytes_and_duplicate_json_keys (test_sealed_historical_account_hosted_acceptance_v01.ArtifactAndRegistrationTests.test_seals_canonical_bytes_and_duplicate_json_keys) ... ok
2026-09-14T00:36:39.7857982Z test_available_input_cannot_be_silently_left_unprocessed (test_sealed_historical_account_hosted_acceptance_v01.CoverageTests.test_available_input_cannot_be_silently_left_unprocessed) ... ok
2026-09-14T00:36:39.7872771Z test_dropped_unavailable_history_is_rejected (test_sealed_historical_account_hosted_acceptance_v01.CoverageTests.test_dropped_unavailable_history_is_rejected) ... ok
2026-09-14T00:36:39.7881057Z test_exact_decimal_reconciliation_without_financial_output (test_sealed_historical_account_hosted_acceptance_v01.CoverageTests.test_exact_decimal_reconciliation_without_financial_output) ... ok
2026-09-14T00:36:39.7908111Z test_false_full_path_completion_and_wrong_chain_are_rejected (test_sealed_historical_account_hosted_acceptance_v01.CoverageTests.test_false_full_path_completion_and_wrong_chain_are_rejected) ... ok
2026-09-14T00:36:39.7936011Z test_first_gap_after_available_prefix_and_empty_gap_population (test_sealed_historical_account_hosted_acceptance_v01.CoverageTests.test_first_gap_after_available_prefix_and_empty_gap_population) ... ok
2026-09-14T00:36:39.7955272Z test_flat_execution_does_not_turn_missing_inputs_into_no_trade (test_sealed_historical_account_hosted_acceptance_v01.CoverageTests.test_flat_execution_does_not_turn_missing_inputs_into_no_trade) ... ok
2026-09-14T00:36:39.7974324Z test_missing_path_and_reordered_paths_are_rejected (test_sealed_historical_account_hosted_acceptance_v01.CoverageTests.test_missing_path_and_reordered_paths_are_rejected) ... ok
2026-09-14T00:36:39.7997922Z test_omitted_or_reclassified_unavailable_opportunity_is_rejected (test_sealed_historical_account_hosted_acceptance_v01.CoverageTests.test_omitted_or_reclassified_unavailable_opportunity_is_rejected) ... ok
2026-09-14T00:36:39.8021279Z test_omitted_session_and_duplicate_slot_are_rejected (test_sealed_historical_account_hosted_acceptance_v01.CoverageTests.test_omitted_session_and_duplicate_slot_are_rejected) ... ok
2026-09-14T00:36:39.8068454Z test_open_positions_pending_orders_and_window_are_rejected (test_sealed_historical_account_hosted_acceptance_v01.CoverageTests.test_open_positions_pending_orders_and_window_are_rejected) ... ok
2026-09-14T00:36:39.8080875Z test_prior_gap_conditions_later_fully_available_session (test_sealed_historical_account_hosted_acceptance_v01.CoverageTests.test_prior_gap_conditions_later_fully_available_session) ... ok
2026-09-14T00:36:39.8104554Z test_runtime_failure_and_incomplete_streams_are_rejected (test_sealed_historical_account_hosted_acceptance_v01.CoverageTests.test_runtime_failure_and_incomplete_streams_are_rejected) ... ok
2026-09-14T00:36:39.8128170Z test_unknown_gap_reason_and_false_complete_status_are_rejected (test_sealed_historical_account_hosted_acceptance_v01.CoverageTests.test_unknown_gap_reason_and_false_complete_status_are_rejected) ... ok
2026-09-14T00:36:39.8209221Z test_wrong_cash_fee_carry_or_reseed_is_rejected (test_sealed_historical_account_hosted_acceptance_v01.CoverageTests.test_wrong_cash_fee_carry_or_reseed_is_rejected) ... ok
2026-09-14T00:36:39.8287059Z test_complete_verification_accepts_hosted_only_without_financial_promotion (test_sealed_historical_account_hosted_acceptance_v01.EndToEndAcceptanceTests.test_complete_verification_accepts_hosted_only_without_financial_promotion) ... ok
2026-09-14T00:36:39.8389417Z test_failed_checker_or_incomplete_steps_do_not_qualify (test_sealed_historical_account_hosted_acceptance_v01.EndToEndAcceptanceTests.test_failed_checker_or_incomplete_steps_do_not_qualify) ... ok
2026-09-14T00:36:39.8604983Z test_missing_progress_or_changed_local_evidence_is_rejected (test_sealed_historical_account_hosted_acceptance_v01.EndToEndAcceptanceTests.test_missing_progress_or_changed_local_evidence_is_rejected) ... ok
2026-09-14T00:36:39.8689397Z test_rerun_or_wrong_artifact_do_not_qualify (test_sealed_historical_account_hosted_acceptance_v01.EndToEndAcceptanceTests.test_rerun_or_wrong_artifact_do_not_qualify) ... ok
2026-09-14T00:36:40.5830411Z test_12_paths_360_sessions_and_exactly_12_initial_seeds (test_sealed_historical_account_inputs_v01.HistoricalAccountInputsTests.test_12_paths_360_sessions_and_exactly_12_initial_seeds) ... ok
2026-09-14T00:36:40.7771151Z test_30_session_synthetic_handoff_carries_profit_loss_fees_and_positions (test_sealed_historical_account_inputs_v01.HistoricalAccountInputsTests.test_30_session_synthetic_handoff_carries_profit_loss_fees_and_positions) ... ok
2026-09-14T00:36:40.7775428Z test_all_profiles_unavailable_opportunities_and_empty_dates_preserved (test_sealed_historical_account_inputs_v01.HistoricalAccountInputsTests.test_all_profiles_unavailable_opportunities_and_empty_dates_preserved) ... ok
2026-09-14T00:36:40.7837224Z test_close_from_wrong_account_horizon_scenario_or_date_is_rejected (test_sealed_historical_account_inputs_v01.HistoricalAccountInputsTests.test_close_from_wrong_account_horizon_scenario_or_date_is_rejected) ... ok
2026-09-14T00:36:40.7986068Z test_currency_must_be_exact_cents_and_complete_state_must_survive (test_sealed_historical_account_inputs_v01.HistoricalAccountInputsTests.test_currency_must_be_exact_cents_and_complete_state_must_survive) ... ok
2026-09-14T00:36:42.9054218Z test_extra_output_file_and_symlinks_are_rejected (test_sealed_historical_account_inputs_v01.HistoricalAccountInputsTests.test_extra_output_file_and_symlinks_are_rejected) ... ok
2026-09-14T00:36:42.9065797Z test_first_date_rejects_a_supplied_previous_balance (test_sealed_historical_account_inputs_v01.HistoricalAccountInputsTests.test_first_date_rejects_a_supplied_previous_balance) ... ok
2026-09-14T00:36:42.9070599Z test_first_session_limits_reuse_frozen_policy_for_both_accounts (test_sealed_historical_account_inputs_v01.HistoricalAccountInputsTests.test_first_session_limits_reuse_frozen_policy_for_both_accounts) ... ok
2026-09-14T00:36:42.9082634Z test_handoff_does_not_share_mutable_state_with_prior_close (test_sealed_historical_account_inputs_v01.HistoricalAccountInputsTests.test_handoff_does_not_share_mutable_state_with_prior_close) ... ok
2026-09-14T00:36:42.9093888Z test_insolvent_state_is_preserved_without_reseeding (test_sealed_historical_account_inputs_v01.HistoricalAccountInputsTests.test_insolvent_state_is_preserved_without_reseeding) ... ok
2026-09-14T00:36:42.9119567Z test_merged_bounds_equal_union_not_larger_or_outcome_extended (test_sealed_historical_account_inputs_v01.HistoricalAccountInputsTests.test_merged_bounds_equal_union_not_larger_or_outcome_extended) ... ok
2026-09-14T00:36:42.9122634Z test_missing_or_duplicate_opportunity_population_is_rejected (test_sealed_historical_account_inputs_v01.HistoricalAccountInputsTests.test_missing_or_duplicate_opportunity_population_is_rejected) ... ok
2026-09-14T00:36:42.9243893Z test_missing_previous_close_blocks_every_later_date_including_zero_dates (test_sealed_historical_account_inputs_v01.HistoricalAccountInputsTests.test_missing_previous_close_blocks_every_later_date_including_zero_dates) ... ok
2026-09-14T00:36:42.9254932Z test_pending_orders_and_unavailable_state_are_not_inferred_flat (test_sealed_historical_account_inputs_v01.HistoricalAccountInputsTests.test_pending_orders_and_unavailable_state_are_not_inferred_flat) ... ok
2026-09-14T00:36:43.6112216Z test_real_parent_plan_reconstructs_without_provider_or_execution_calls (test_sealed_historical_account_inputs_v01.HistoricalAccountInputsTests.test_real_parent_plan_reconstructs_without_provider_or_execution_calls) ... ok
2026-09-14T00:36:44.1112632Z test_registration_binds_approved_values_and_unchanged_parent (test_sealed_historical_account_inputs_v01.HistoricalAccountInputsTests.test_registration_binds_approved_values_and_unchanged_parent) ... ok
2026-09-14T00:36:44.1125120Z test_rehashed_changed_balance_cannot_match_pinned_close (test_sealed_historical_account_inputs_v01.HistoricalAccountInputsTests.test_rehashed_changed_balance_cannot_match_pinned_close) ... ok
2026-09-14T00:36:44.1162236Z test_rehashed_registration_and_changed_parent_bytes_are_rejected (test_sealed_historical_account_inputs_v01.HistoricalAccountInputsTests.test_rehashed_registration_and_changed_parent_bytes_are_rejected) ... ok
2026-09-14T00:36:44.1207485Z test_rehashed_slot_cannot_reset_or_skip_registered_session (test_sealed_historical_account_inputs_v01.HistoricalAccountInputsTests.test_rehashed_slot_cannot_reset_or_skip_registered_session) ... ok
2026-09-14T00:36:44.1234548Z test_request_windows_keep_exact_nanoseconds_and_all_109_identities (test_sealed_historical_account_inputs_v01.HistoricalAccountInputsTests.test_request_windows_keep_exact_nanoseconds_and_all_109_identities) ... ok
2026-09-14T00:36:44.1256147Z test_retrospective_keys_and_unbound_source_runtime_are_rejected (test_sealed_historical_account_inputs_v01.HistoricalAccountInputsTests.test_retrospective_keys_and_unbound_source_runtime_are_rejected) ... ok
2026-09-14T00:36:46.9406162Z test_write_once_and_full_reconstruction_reject_rehashed_output (test_sealed_historical_account_inputs_v01.HistoricalAccountInputsTests.test_write_once_and_full_reconstruction_reject_rehashed_output) ... ok
2026-09-14T00:36:48.1751177Z test_all_twelve_paths_use_one_seed_and_thirty_slots (test_sealed_historical_account_replay_v01.HistoricalReplayMechanicsTests.test_all_twelve_paths_use_one_seed_and_thirty_slots) ... ok
2026-09-14T00:36:48.1754723Z test_external_registration_pin_is_required_before_source_access (test_sealed_historical_account_replay_v01.HistoricalReplayMechanicsTests.test_external_registration_pin_is_required_before_source_access) ... ok
2026-09-14T00:36:52.7107853Z test_frozen_parent_state_parity_across_mechanics (test_sealed_historical_account_replay_v01.HistoricalReplayMechanicsTests.test_frozen_parent_state_parity_across_mechanics) ... ok
2026-09-14T00:36:56.3935845Z test_independent_checker_accepts_every_frozen_mechanics_case (test_sealed_historical_account_replay_v01.HistoricalReplayMechanicsTests.test_independent_checker_accepts_every_frozen_mechanics_case) ... ok
2026-09-14T00:36:56.4915613Z test_independent_checker_rejects_financial_promotion (test_sealed_historical_account_replay_v01.HistoricalReplayMechanicsTests.test_independent_checker_rejects_financial_promotion) ... ok
2026-09-14T00:36:58.1571530Z test_independent_checker_rejects_lost_open_window (test_sealed_historical_account_replay_v01.HistoricalReplayMechanicsTests.test_independent_checker_rejects_lost_open_window) ... ok
2026-09-14T00:36:59.9591104Z test_independent_checker_rejects_rehashed_cash_reseed (test_sealed_historical_account_replay_v01.HistoricalReplayMechanicsTests.test_independent_checker_rejects_rehashed_cash_reseed) ... ok
2026-09-14T00:37:01.7451061Z test_independent_checker_rejects_stream_substitution (test_sealed_historical_account_replay_v01.HistoricalReplayMechanicsTests.test_independent_checker_rejects_stream_substitution) ... ok
2026-09-14T00:37:03.3724631Z test_omitted_original_source_fails_and_preserves_last_state (test_sealed_historical_account_replay_v01.HistoricalReplayMechanicsTests.test_omitted_original_source_fails_and_preserves_last_state) ... ok
2026-09-14T00:37:04.9781427Z test_omitted_unavailable_ref_is_rejected_before_execution (test_sealed_historical_account_replay_v01.HistoricalReplayMechanicsTests.test_omitted_unavailable_ref_is_rejected_before_execution) ... ok
2026-09-14T00:37:06.6776324Z test_open_position_blocks_all_later_slots_with_exact_basis_and_cash (test_sealed_historical_account_replay_v01.HistoricalReplayMechanicsTests.test_open_position_blocks_all_later_slots_with_exact_basis_and_cash) ... ok
2026-09-14T00:37:06.6916738Z test_original_registration_preserves_panel_and_closed_metrics (test_sealed_historical_account_replay_v01.HistoricalReplayMechanicsTests.test_original_registration_preserves_panel_and_closed_metrics) ... ok
2026-09-14T00:37:06.7001423Z test_parent_historical_guards_are_unchanged (test_sealed_historical_account_replay_v01.HistoricalReplayMechanicsTests.test_parent_historical_guards_are_unchanged) ... ok
2026-09-14T00:37:08.3449969Z test_pending_entry_failure_keeps_unreconciled_feedback (test_sealed_historical_account_replay_v01.HistoricalReplayMechanicsTests.test_pending_entry_failure_keeps_unreconciled_feedback) ... ok
2026-09-14T00:37:08.3452950Z test_public_api_rejects_caller_source_objects (test_sealed_historical_account_replay_v01.HistoricalReplayMechanicsTests.test_public_api_rejects_caller_source_objects) ... ok
2026-09-14T00:37:08.3457407Z test_public_api_rejects_rehashed_synthetic_binding_manifest (test_sealed_historical_account_replay_v01.HistoricalReplayMechanicsTests.test_public_api_rejects_rehashed_synthetic_binding_manifest) ... ok
2026-09-14T00:37:09.1195113Z test_registration_is_reproducible_and_parent_pins_are_real (test_sealed_historical_account_replay_v01.HistoricalReplayMechanicsTests.test_registration_is_reproducible_and_parent_pins_are_real) ... ok
2026-09-14T00:37:10.7546951Z test_resolved_foreign_opportunity_fails_before_order_submission (test_sealed_historical_account_replay_v01.HistoricalReplayMechanicsTests.test_resolved_foreign_opportunity_fails_before_order_submission) ... ok
2026-09-14T00:37:12.7484405Z test_stream_iterators_produce_identical_account_results (test_sealed_historical_account_replay_v01.HistoricalReplayMechanicsTests.test_stream_iterators_produce_identical_account_results) ... ok
2026-09-14T00:37:14.3390556Z test_unavailable_is_retained_and_never_resolved (test_sealed_historical_account_replay_v01.HistoricalReplayMechanicsTests.test_unavailable_is_retained_and_never_resolved) ... ok
2026-09-14T00:37:14.7142647Z test_native_quote_gap_produces_valid_feedback_rejected_by_frozen_checker (test_sealed_historical_account_residual_exit_diagnostic_v01.FrozenCheckerDefectRegressionTests.test_native_quote_gap_produces_valid_feedback_rejected_by_frozen_checker) ... ok
2026-09-14T00:37:14.8853312Z test_ordinary_unfilled_cancellation_does_not_imply_a_quote_gap (test_sealed_historical_account_residual_exit_diagnostic_v01.FrozenCheckerDefectRegressionTests.test_ordinary_unfilled_cancellation_does_not_imply_a_quote_gap) ... ok
2026-09-14T00:37:14.8856942Z test_arrival_freshness_includes_exact_age_boundary_only (test_sealed_historical_account_residual_exit_diagnostic_v01.QuoteLifecycleDiagnosticTests.test_arrival_freshness_includes_exact_age_boundary_only) ... ok
2026-09-14T00:37:14.8860784Z test_arrival_is_inclusive_and_cancellation_ack_is_exclusive (test_sealed_historical_account_residual_exit_diagnostic_v01.QuoteLifecycleDiagnosticTests.test_arrival_is_inclusive_and_cancellation_ack_is_exclusive) ... ok
2026-09-14T00:37:14.8863850Z test_changed_clock_and_missing_capture_coverage_fail_closed (test_sealed_historical_account_residual_exit_diagnostic_v01.QuoteLifecycleDiagnosticTests.test_changed_clock_and_missing_capture_coverage_fail_closed) ... ok
2026-09-14T00:37:14.8866166Z test_diagnostic_constants_equal_both_frozen_execution_policies (test_sealed_historical_account_residual_exit_diagnostic_v01.QuoteLifecycleDiagnosticTests.test_diagnostic_constants_equal_both_frozen_execution_policies) ... ok
2026-09-14T00:37:14.8868484Z test_equal_time_status_and_unusable_quotes_cannot_fill_a_gap (test_sealed_historical_account_residual_exit_diagnostic_v01.QuoteLifecycleDiagnosticTests.test_equal_time_status_and_unusable_quotes_cannot_fill_a_gap) ... ok
2026-09-14T00:37:14.8871208Z test_halted_fresh_candidate_is_distinct_from_no_fresh_quote (test_sealed_historical_account_residual_exit_diagnostic_v01.QuoteLifecycleDiagnosticTests.test_halted_fresh_candidate_is_distinct_from_no_fresh_quote) ... ok
2026-09-14T00:37:14.8872777Z test_quote_fresh_at_decision_can_be_stale_at_arrival (test_sealed_historical_account_residual_exit_diagnostic_v01.QuoteLifecycleDiagnosticTests.test_quote_fresh_at_decision_can_be_stale_at_arrival) ... ok
2026-09-14T00:37:14.8874589Z test_unknown_status_is_not_reclassified_as_a_quote_gap (test_sealed_historical_account_residual_exit_diagnostic_v01.QuoteLifecycleDiagnosticTests.test_unknown_status_is_not_reclassified_as_a_quote_gap) ... ok
2026-09-14T00:37:14.8876118Z test_bad_authority_or_internal_output_never_starts_an_attempt (test_sealed_historical_account_residual_exit_reproduction_v01.ReproductionAttemptTests.test_bad_authority_or_internal_output_never_starts_an_attempt) ... ok
2026-09-14T00:37:14.8946298Z test_changed_reproduced_byte_cannot_be_accepted_after_mocked_verifier_pass (test_sealed_historical_account_residual_exit_reproduction_v01.ReproductionAttemptTests.test_changed_reproduced_byte_cannot_be_accepted_after_mocked_verifier_pass) ... ok
2026-09-14T00:37:14.9052669Z test_extra_output_and_mutated_receipt_are_rejected (test_sealed_historical_account_residual_exit_reproduction_v01.ReproductionAttemptTests.test_extra_output_and_mutated_receipt_are_rejected) ... ok
2026-09-14T00:37:14.9109192Z test_original_failure_and_partial_output_survive_and_retry_is_refused (test_sealed_historical_account_residual_exit_reproduction_v01.ReproductionAttemptTests.test_original_failure_and_partial_output_survive_and_retry_is_refused) ... ok
2026-09-14T00:37:14.9210285Z test_receipt_precedes_sources_and_success_requires_six_exact_components (test_sealed_historical_account_residual_exit_reproduction_v01.ReproductionAttemptTests.test_receipt_precedes_sources_and_success_requires_six_exact_components) ... ok
2026-09-14T00:37:14.9236732Z test_source_mismatch_retains_receipt_and_failure_without_entering_replay (test_sealed_historical_account_residual_exit_reproduction_v01.ReproductionAttemptTests.test_source_mismatch_retains_receipt_and_failure_without_entering_replay) ... ok
2026-09-14T00:37:14.9242568Z test_symlink_output_is_rejected_without_touching_target (test_sealed_historical_account_residual_exit_reproduction_v01.ReproductionAttemptTests.test_symlink_output_is_rejected_without_touching_target) ... ok
2026-09-14T00:37:14.9288670Z test_verifier_failure_is_separately_retained_after_original_output (test_sealed_historical_account_residual_exit_reproduction_v01.ReproductionAttemptTests.test_verifier_failure_is_separately_retained_after_original_output) ... ok
2026-09-14T00:37:15.0093653Z test_metadata_cli_succeeds_under_offline_guard (test_sealed_historical_account_residual_exit_reproduction_v01.ReproductionRegistrationTests.test_metadata_cli_succeeds_under_offline_guard) ... ok
2026-09-14T00:37:15.0302589Z test_metadata_registration_preserves_original_producer_and_verifier (test_sealed_historical_account_residual_exit_reproduction_v01.ReproductionRegistrationTests.test_metadata_registration_preserves_original_producer_and_verifier) ... ok
2026-09-14T00:37:15.0321601Z test_original_cli_receives_exact_registration_and_restores_arguments (test_sealed_historical_account_residual_exit_reproduction_v01.ReproductionRegistrationTests.test_original_cli_receives_exact_registration_and_restores_arguments) ... ok
2026-09-14T00:37:15.0702690Z test_wrong_external_commitment_or_changed_orchestrator_is_rejected (test_sealed_historical_account_residual_exit_reproduction_v01.ReproductionRegistrationTests.test_wrong_external_commitment_or_changed_orchestrator_is_rejected) ... ok
2026-09-14T00:37:15.0803402Z test_inherited_checks_and_native_lifecycle_are_exact_original_functions (test_sealed_historical_account_residual_exit_status_v01.FrozenParityTests.test_inherited_checks_and_native_lifecycle_are_exact_original_functions) ... ok
2026-09-14T00:37:15.1022328Z test_outer_verification_body_is_identical (test_sealed_historical_account_residual_exit_status_v01.FrozenParityTests.test_outer_verification_body_is_identical) ... ok
2026-09-14T00:37:15.1312321Z test_residual_body_changes_only_the_expected_status_expression (test_sealed_historical_account_residual_exit_status_v01.FrozenParityTests.test_residual_body_changes_only_the_expected_status_expression) ... ok
2026-09-14T00:37:15.1329359Z test_attempt_receipt_precedes_verification_and_success_is_sealed (test_sealed_historical_account_residual_exit_status_v01.RegistrationAndAttemptTests.test_attempt_receipt_precedes_verification_and_success_is_sealed) ... ok
2026-09-14T00:37:15.1344862Z test_new_failure_is_retained_and_attempt_directory_cannot_be_reused (test_sealed_historical_account_residual_exit_status_v01.RegistrationAndAttemptTests.test_new_failure_is_retained_and_attempt_directory_cannot_be_reused) ... ok
2026-09-14T00:37:15.1514708Z test_registration_is_metadata_only_and_all_original_pins_are_unchanged (test_sealed_historical_account_residual_exit_status_v01.RegistrationAndAttemptTests.test_registration_is_metadata_only_and_all_original_pins_are_unchanged) ... ok
2026-09-14T00:37:15.2346938Z test_wrong_external_freeze_and_mutated_child_or_parent_fail_before_evidence (test_sealed_historical_account_residual_exit_status_v01.RegistrationAndAttemptTests.test_wrong_external_freeze_and_mutated_child_or_parent_fail_before_evidence) ... ok
2026-09-14T00:37:15.2361589Z test_wrong_registration_creates_no_attempt_and_draft_writer_never_overwrites (test_sealed_historical_account_residual_exit_status_v01.RegistrationAndAttemptTests.test_wrong_registration_creates_no_attempt_and_draft_writer_never_overwrites) ... ok
2026-09-14T00:37:15.2366975Z test_wrong_stored_runtime_cannot_reach_original_verifier (test_sealed_historical_account_residual_exit_status_v01.RegistrationAndAttemptTests.test_wrong_stored_runtime_cannot_reach_original_verifier) ... ok
2026-09-14T00:37:15.2371133Z test_exact_age_and_half_open_active_interval_classify_status (test_sealed_historical_account_residual_exit_status_v01.SourceDerivedStatusTests.test_exact_age_and_half_open_active_interval_classify_status) ... ok
2026-09-14T00:37:18.3948623Z test_existing_unfilled_partial_delayed_and_exhausted_paths_keep_checks (test_sealed_historical_account_residual_exit_status_v01.SourceDerivedStatusTests.test_existing_unfilled_partial_delayed_and_exhausted_paths_keep_checks) ... ok
2026-09-14T00:37:19.4948393Z test_no_quote_and_halted_feedback_pass_only_corrected_checker (test_sealed_historical_account_residual_exit_status_v01.SourceDerivedStatusTests.test_no_quote_and_halted_feedback_pass_only_corrected_checker) ... ok
2026-09-14T00:37:19.4951575Z test_positive_fill_rule_is_unchanged_and_invalid_quantity_rejected (test_sealed_historical_account_residual_exit_status_v01.SourceDerivedStatusTests.test_positive_fill_rule_is_unchanged_and_invalid_quantity_rejected) ... ok
2026-09-14T00:37:20.3290381Z test_rehashed_forged_status_is_not_an_allowlisted_cancellation (test_sealed_historical_account_residual_exit_status_v01.SourceDerivedStatusTests.test_rehashed_forged_status_is_not_an_allowlisted_cancellation) ... ok
2026-09-14T00:37:20.6029261Z test_removed_authority_and_changed_shares_still_fail (test_sealed_historical_account_residual_exit_status_v01.SourceDerivedStatusTests.test_removed_authority_and_changed_shares_still_fail) ... ok
2026-09-14T00:37:20.6031826Z test_unknown_status_and_changed_clocks_fail_closed (test_sealed_historical_account_residual_exit_status_v01.SourceDerivedStatusTests.test_unknown_status_and_changed_clocks_fail_closed) ... ok
2026-09-14T00:37:20.8336559Z test_acknowledged_authority_cannot_be_omitted_when_no_replacement_fills (test_sealed_historical_account_residual_exit_v01.ResidualAccountAndIndependentTests.test_acknowledged_authority_cannot_be_omitted_when_no_replacement_fills) ... ok
2026-09-14T00:37:21.1033768Z test_changed_parent_prefix_is_rejected (test_sealed_historical_account_residual_exit_v01.ResidualAccountAndIndependentTests.test_changed_parent_prefix_is_rejected) ... ok
2026-09-14T00:37:22.2426995Z test_confirmed_residual_close_releases_capacity_and_keeps_audit (test_sealed_historical_account_residual_exit_v01.ResidualAccountAndIndependentTests.test_confirmed_residual_close_releases_capacity_and_keeps_audit) ... ok
2026-09-14T00:37:22.5308281Z test_earlier_eligible_source_print_cannot_be_omitted (test_sealed_historical_account_residual_exit_v01.ResidualAccountAndIndependentTests.test_earlier_eligible_source_print_cannot_be_omitted) ... ok
2026-09-14T00:37:22.5441436Z test_frozen_finisher_arithmetic_is_unchanged (test_sealed_historical_account_residual_exit_v01.ResidualAccountAndIndependentTests.test_frozen_finisher_arithmetic_is_unchanged) ... ok
2026-09-14T00:37:22.5680118Z test_independent_account_checks_are_unchanged_except_parent_namespace (test_sealed_historical_account_residual_exit_v01.ResidualAccountAndIndependentTests.test_independent_account_checks_are_unchanged_except_parent_namespace) ... ok
2026-09-14T00:37:22.5893292Z test_independent_chronology_delta_is_only_registered_terminal_ceiling (test_sealed_historical_account_residual_exit_v01.ResidualAccountAndIndependentTests.test_independent_chronology_delta_is_only_registered_terminal_ceiling) ... ok
2026-09-14T00:37:22.8745650Z test_mutated_ack_remaining_count_and_first_print_are_rejected (test_sealed_historical_account_residual_exit_v01.ResidualAccountAndIndependentTests.test_mutated_ack_remaining_count_and_first_print_are_rejected) ... ok
2026-09-14T00:37:23.7974079Z test_mutated_parent_or_child_invalidates_registration (test_sealed_historical_account_residual_exit_v01.ResidualAccountAndIndependentTests.test_mutated_parent_or_child_invalidates_registration) ... ok
2026-09-14T00:37:23.9105489Z test_no_post_ack_print_records_expiry_and_preserves_shares (test_sealed_historical_account_residual_exit_v01.ResidualAccountAndIndependentTests.test_no_post_ack_print_records_expiry_and_preserves_shares) ... ok
2026-09-14T00:37:30.3152361Z test_no_residual_paths_are_byte_identical_to_waiting_parent (test_sealed_historical_account_residual_exit_v01.ResidualAccountAndIndependentTests.test_no_residual_paths_are_byte_identical_to_waiting_parent) ... ok
2026-09-14T00:37:30.6297819Z test_original_wait_and_residual_wait_remain_separate_bound_episodes (test_sealed_historical_account_residual_exit_v01.ResidualAccountAndIndependentTests.test_original_wait_and_residual_wait_remain_separate_bound_episodes) ... ok
2026-09-14T00:37:30.6300955Z test_registration_and_original_reader_are_required (test_sealed_historical_account_residual_exit_v01.ResidualAccountAndIndependentTests.test_registration_and_original_reader_are_required) ... ok
2026-09-14T00:37:31.5157446Z test_registration_is_metadata_only_and_parent_remains_frozen (test_sealed_historical_account_residual_exit_v01.ResidualAccountAndIndependentTests.test_registration_is_metadata_only_and_parent_remains_frozen) ... ok
2026-09-14T00:37:31.8005476Z test_rehashed_invalid_cancellation_context_is_rejected (test_sealed_historical_account_residual_exit_v01.ResidualAccountAndIndependentTests.test_rehashed_invalid_cancellation_context_is_rejected) ... ok
2026-09-14T00:37:31.9350471Z test_rehashed_third_terminal_order_exceeds_independent_budget (test_sealed_historical_account_residual_exit_v01.ResidualAccountAndIndependentTests.test_rehashed_third_terminal_order_exceeds_independent_budget) ... ok
2026-09-14T00:37:32.2190821Z test_removed_residual_audit_cannot_hide_second_order (test_sealed_historical_account_residual_exit_v01.ResidualAccountAndIndependentTests.test_removed_residual_audit_cannot_hide_second_order) ... ok
2026-09-14T00:37:32.5994504Z test_residual_release_can_change_later_capacity_decision_not_earlier_prefix (test_sealed_historical_account_residual_exit_v01.ResidualAccountAndIndependentTests.test_residual_release_can_change_later_capacity_decision_not_earlier_prefix) ... ok
2026-09-14T00:37:32.6012284Z test_runtime_output_is_external_and_write_once (test_sealed_historical_account_residual_exit_v01.ResidualAccountAndIndependentTests.test_runtime_output_is_external_and_write_once) ... ok
2026-09-14T00:37:33.0408108Z test_second_remainder_or_expired_wait_preserves_all_later_blocked_slots (test_sealed_historical_account_residual_exit_v01.ResidualAccountAndIndependentTests.test_second_remainder_or_expired_wait_preserves_all_later_blocked_slots) ... ok
2026-09-14T00:37:33.6315988Z test_stale_replacement_waits_then_closes_independently (test_sealed_historical_account_residual_exit_v01.ResidualAccountAndIndependentTests.test_stale_replacement_waits_then_closes_independently) ... ok
2026-09-14T00:37:33.6402812Z test_consumed_liquidity_is_not_reset_or_reused (test_sealed_historical_account_residual_exit_v01.ResidualManagementTests.test_consumed_liquidity_is_not_reset_or_reused) ... ok
2026-09-14T00:37:33.6569808Z test_first_later_eligible_print_uses_only_remainder_and_closes (test_sealed_historical_account_residual_exit_v01.ResidualManagementTests.test_first_later_eligible_print_uses_only_remainder_and_closes) ... ok
2026-09-14T00:37:33.6635934Z test_fully_filled_terminal_never_arms_residual (test_sealed_historical_account_residual_exit_v01.ResidualManagementTests.test_fully_filled_terminal_never_arms_residual) ... ok
2026-09-14T00:37:33.6718405Z test_known_halt_waits_without_consuming_additional_order (test_sealed_historical_account_residual_exit_v01.ResidualManagementTests.test_known_halt_waits_without_consuming_additional_order) ... ok
2026-09-14T00:37:33.6821287Z test_missing_reference_waits_without_spending_residual_budget (test_sealed_historical_account_residual_exit_v01.ResidualManagementTests.test_missing_reference_waits_without_spending_residual_budget) ... ok
2026-09-14T00:37:33.6893590Z test_no_later_print_expires_authority_without_order (test_sealed_historical_account_residual_exit_v01.ResidualManagementTests.test_no_later_print_expires_authority_without_order) ... ok
2026-09-14T00:37:33.6964143Z test_no_replacement_before_or_on_equal_time_ack_print (test_sealed_historical_account_residual_exit_v01.ResidualManagementTests.test_no_replacement_before_or_on_equal_time_ack_print) ... ok
2026-09-14T00:37:33.7027234Z test_partial_target_does_not_receive_replacement_authority (test_sealed_historical_account_residual_exit_v01.ResidualManagementTests.test_partial_target_does_not_receive_replacement_authority) ... ok
2026-09-14T00:37:33.7096165Z test_partial_terminal_ack_arms_without_resetting_attempt_or_liquidity (test_sealed_historical_account_residual_exit_v01.ResidualManagementTests.test_partial_terminal_ack_arms_without_resetting_attempt_or_liquidity) ... ok
2026-09-14T00:37:33.7260199Z test_second_partial_or_unfilled_exit_exhausts_budget_without_third_attempt (test_sealed_historical_account_residual_exit_v01.ResidualManagementTests.test_second_partial_or_unfilled_exit_exhausts_budget_without_third_attempt) ... ok
2026-09-14T00:37:33.7331983Z test_stop_can_supersede_prior_red_terminal_for_remainder (test_sealed_historical_account_residual_exit_v01.ResidualManagementTests.test_stop_can_supersede_prior_red_terminal_for_remainder) ... ok
2026-09-14T00:37:33.7413389Z test_unfilled_original_has_no_consumed_liquidity_but_valid_authority (test_sealed_historical_account_residual_exit_v01.ResidualManagementTests.test_unfilled_original_has_no_consumed_liquidity_but_valid_authority) ... ok
2026-09-14T00:37:33.7488102Z test_unknown_status_is_a_failure_not_permission_to_retry (test_sealed_historical_account_residual_exit_v01.ResidualManagementTests.test_unknown_status_is_a_failure_not_permission_to_retry) ... ok
2026-09-14T00:37:33.7572443Z test_wait_expiry_preserves_unsubmitted_remainder (test_sealed_historical_account_residual_exit_v01.ResidualManagementTests.test_wait_expiry_preserves_unsubmitted_remainder) ... ok
2026-09-14T00:37:33.7655504Z test_wrong_tape_rejected_without_spending_attempt (test_sealed_historical_account_residual_exit_v01.ResidualManagementTests.test_wrong_tape_rejected_without_spending_attempt) ... ok
2026-09-14T00:37:33.7662806Z test_confirmed_breakeven_and_flat_risk_are_exact_zero (test_sealed_historical_account_risk_projection_v01.DecimalRiskTests.test_confirmed_breakeven_and_flat_risk_are_exact_zero) ... ok
2026-09-14T00:37:33.7665796Z test_excess_precision_fails_instead_of_rounding (test_sealed_historical_account_risk_projection_v01.DecimalRiskTests.test_excess_precision_fails_instead_of_rounding) ... ok
2026-09-14T00:37:33.7672071Z test_internal_ledger_and_frozen_entry_evidence_are_untouched (test_sealed_historical_account_risk_projection_v01.DecimalRiskTests.test_internal_ledger_and_frozen_entry_evidence_are_untouched) ... ok
2026-09-14T00:37:33.7674487Z test_invalid_share_and_stop_inputs_are_rejected (test_sealed_historical_account_risk_projection_v01.DecimalRiskTests.test_invalid_share_and_stop_inputs_are_rejected) ... ok
2026-09-14T00:37:33.7680568Z test_multi_lot_risk_is_summed_before_numeric_projection (test_sealed_historical_account_risk_projection_v01.DecimalRiskTests.test_multi_lot_risk_is_summed_before_numeric_projection) ... ok
2026-09-14T00:37:33.7682979Z test_no_epsilon_quantization_or_rounding_is_allowed (test_sealed_historical_account_risk_projection_v01.DecimalRiskTests.test_no_epsilon_quantization_or_rounding_is_allowed) ... ok
2026-09-14T00:37:33.7699438Z test_nonbinary_cent_and_subcent_vectors (test_sealed_historical_account_risk_projection_v01.DecimalRiskTests.test_nonbinary_cent_and_subcent_vectors) ... ok
2026-09-14T00:37:33.7708135Z test_parent_equal_risk_representation_is_byte_identical (test_sealed_historical_account_risk_projection_v01.DecimalRiskTests.test_parent_equal_risk_representation_is_byte_identical) ... ok
2026-09-14T00:37:33.7713672Z test_partial_exit_uses_confirmed_remaining_shares (test_sealed_historical_account_risk_projection_v01.DecimalRiskTests.test_partial_exit_uses_confirmed_remaining_shares) ... ok
2026-09-14T00:37:33.7719068Z test_precision_does_not_depend_on_callers_decimal_context (test_sealed_historical_account_risk_projection_v01.DecimalRiskTests.test_precision_does_not_depend_on_callers_decimal_context) ... ok
2026-09-14T00:37:33.7725185Z test_projection_is_idempotent_and_does_not_alias_events (test_sealed_historical_account_risk_projection_v01.DecimalRiskTests.test_projection_is_idempotent_and_does_not_alias_events) ... ok
2026-09-14T00:37:33.9607433Z test_all_nonrisk_state_and_commitments_match_parent (test_sealed_historical_account_risk_projection_v01.RiskReplayTests.test_all_nonrisk_state_and_commitments_match_parent) ... ok
2026-09-14T00:37:36.0910345Z test_all_twelve_empty_paths_preserve_exact_parent_bytes (test_sealed_historical_account_risk_projection_v01.RiskReplayTests.test_all_twelve_empty_paths_preserve_exact_parent_bytes) ... ok
2026-09-14T00:37:36.0922611Z test_independent_rational_checker_rejects_total_and_campaign_risk (test_sealed_historical_account_risk_projection_v01.RiskReplayTests.test_independent_rational_checker_rejects_total_and_campaign_risk) ... ok
2026-09-14T00:37:36.1460921Z test_internal_ledger_copy_stays_frozen_before_and_after_entry (test_sealed_historical_account_risk_projection_v01.RiskReplayTests.test_internal_ledger_copy_stays_frozen_before_and_after_entry) ... ok
2026-09-14T00:37:36.9353765Z test_main_small_and_both_scenarios_preserve_entry_sizing (test_sealed_historical_account_risk_projection_v01.RiskReplayTests.test_main_small_and_both_scenarios_preserve_entry_sizing) ... ok
2026-09-14T00:37:36.9573101Z test_old_checker_rejects_parent_and_accepts_decimal_child (test_sealed_historical_account_risk_projection_v01.RiskReplayTests.test_old_checker_rejects_parent_and_accepts_decimal_child) ... ok
2026-09-14T00:37:43.5466337Z test_parent_cases_reentry_partial_fills_locks_and_failures_still_match (test_sealed_historical_account_risk_projection_v01.RiskReplayTests.test_parent_cases_reentry_partial_fills_locks_and_failures_still_match) ... ok
2026-09-14T00:37:43.5469304Z test_parity_does_not_ignore_arbitrary_hash_strings (test_sealed_historical_account_risk_projection_v01.RiskReplayTests.test_parity_does_not_ignore_arbitrary_hash_strings) ... ok
2026-09-14T00:37:43.6427562Z test_parity_rejects_rehashed_arbitrary_nonrisk_changes (test_sealed_historical_account_risk_projection_v01.RiskReplayTests.test_parity_rejects_rehashed_arbitrary_nonrisk_changes) ... ok
2026-09-14T00:37:43.6432040Z test_registration_and_source_objects_fail_before_historical_access (test_sealed_historical_account_risk_projection_v01.RiskReplayTests.test_registration_and_source_objects_fail_before_historical_access) ... ok
2026-09-14T00:37:44.4421525Z test_registration_is_reproducible_with_all_parent_pins (test_sealed_historical_account_risk_projection_v01.RiskReplayTests.test_registration_is_reproducible_with_all_parent_pins) ... ok
2026-09-14T00:37:45.2119925Z test_write_once_output_and_parent_replay_are_preserved (test_sealed_historical_account_risk_projection_v01.RiskReplayTests.test_write_once_output_and_parent_replay_are_preserved) ... ok
2026-09-14T00:37:45.3417346Z test_all_thirty_empty_slots_seed_once (test_sealed_historical_account_scheduler_v01.SchedulerMechanicsTests.test_all_thirty_empty_slots_seed_once) ... ok
2026-09-14T00:37:45.3636102Z test_boundary_flags_do_not_claim_complete_historical_integration (test_sealed_historical_account_scheduler_v01.SchedulerMechanicsTests.test_boundary_flags_do_not_claim_complete_historical_integration) ... ok
2026-09-14T00:37:45.3686580Z test_context_preflight_is_exact_frozen_prefix (test_sealed_historical_account_scheduler_v01.SchedulerMechanicsTests.test_context_preflight_is_exact_frozen_prefix) ... ok
2026-09-14T00:37:45.3909267Z test_continuation_requires_independent_session_pin (test_sealed_historical_account_scheduler_v01.SchedulerMechanicsTests.test_continuation_requires_independent_session_pin) ... ok
2026-09-14T00:37:45.6232291Z test_delayed_entry_does_not_expose_future_fill_or_cash (test_sealed_historical_account_scheduler_v01.SchedulerMechanicsTests.test_delayed_entry_does_not_expose_future_fill_or_cash) ... ok
2026-09-14T00:37:45.8165890Z test_duplicate_and_unknown_opportunities_fail_closed (test_sealed_historical_account_scheduler_v01.SchedulerMechanicsTests.test_duplicate_and_unknown_opportunities_fail_closed) ... ok
2026-09-14T00:37:45.9374491Z test_entry_ack_tie_cannot_recycle_capacity_but_next_ns_can (test_sealed_historical_account_scheduler_v01.SchedulerMechanicsTests.test_entry_ack_tie_cannot_recycle_capacity_but_next_ns_can) ... ok
2026-09-14T00:37:46.0112387Z test_entry_fill_tie_is_still_reserved_and_not_yet_booked (test_sealed_historical_account_scheduler_v01.SchedulerMechanicsTests.test_entry_fill_tie_is_still_reserved_and_not_yet_booked) ... ok
2026-09-14T00:37:46.0290972Z test_exact_slot_order_and_foreign_path_rejected (test_sealed_historical_account_scheduler_v01.SchedulerMechanicsTests.test_exact_slot_order_and_foreign_path_rejected) ... ok
2026-09-14T00:37:46.3179144Z test_exact_time_collision_uses_frozen_rank_not_input_order (test_sealed_historical_account_scheduler_v01.SchedulerMechanicsTests.test_exact_time_collision_uses_frozen_rank_not_input_order) ... ok
2026-09-14T00:37:46.5549325Z test_exit_ack_tie_cannot_recycle_capacity_but_next_ns_can (test_sealed_historical_account_scheduler_v01.SchedulerMechanicsTests.test_exit_ack_tie_cannot_recycle_capacity_but_next_ns_can) ... ok
2026-09-14T00:37:46.6554507Z test_flat_valuation_handoff_replays_parent_and_keeps_capital (test_sealed_historical_account_scheduler_v01.SchedulerMechanicsTests.test_flat_valuation_handoff_replays_parent_and_keeps_capital) ... ok
2026-09-14T00:37:46.8443367Z test_future_candidate_is_rejected (test_sealed_historical_account_scheduler_v01.SchedulerMechanicsTests.test_future_candidate_is_rejected) ... ok
2026-09-14T00:37:47.1200811Z test_future_entry_price_cannot_change_earlier_scarcity (test_sealed_historical_account_scheduler_v01.SchedulerMechanicsTests.test_future_entry_price_cannot_change_earlier_scarcity) ... ok
2026-09-14T00:37:47.3174133Z test_future_reconciliation_failure_is_deferred_and_preserves_feedback (test_sealed_historical_account_scheduler_v01.SchedulerMechanicsTests.test_future_reconciliation_failure_is_deferred_and_preserves_feedback) ... ok
2026-09-14T00:37:48.1795550Z test_invalid_candidate_numeric_shapes_fail_before_execution (test_sealed_historical_account_scheduler_v01.SchedulerMechanicsTests.test_invalid_candidate_numeric_shapes_fail_before_execution) ... ok
2026-09-14T00:37:48.2565904Z test_known_profit_giveback_lock_blocks_later_entry (test_sealed_historical_account_scheduler_v01.SchedulerMechanicsTests.test_known_profit_giveback_lock_blocks_later_entry) ... ok
2026-09-14T00:37:48.6375379Z test_missing_available_source_blocks_but_unavailable_receipt_does_not (test_sealed_historical_account_scheduler_v01.SchedulerMechanicsTests.test_missing_available_source_blocks_but_unavailable_receipt_does_not) ... ok
2026-09-14T00:37:48.7349982Z test_open_valuation_handoff_cannot_extend_original_window (test_sealed_historical_account_scheduler_v01.SchedulerMechanicsTests.test_open_valuation_handoff_cannot_extend_original_window) ... ok
2026-09-14T00:37:49.5202883Z test_overlapping_windows_release_before_old_window_end (test_sealed_historical_account_scheduler_v01.SchedulerMechanicsTests.test_overlapping_windows_release_before_old_window_end) ... ok
2026-09-14T00:37:49.8058229Z test_parent_and_input_objects_are_unchanged (test_sealed_historical_account_scheduler_v01.SchedulerMechanicsTests.test_parent_and_input_objects_are_unchanged) ... ok
2026-09-14T00:37:50.0431863Z test_partial_position_survives_next_day_without_seed_reset (test_sealed_historical_account_scheduler_v01.SchedulerMechanicsTests.test_partial_position_survives_next_day_without_seed_reset) ... ok
2026-09-14T00:37:50.0612582Z test_retrospective_inputs_and_historical_mode_rejected (test_sealed_historical_account_scheduler_v01.SchedulerMechanicsTests.test_retrospective_inputs_and_historical_mode_rejected) ... ok
2026-09-14T00:37:50.3452259Z test_risk_exit_missing_tape_retains_unsubmitted_intent (test_sealed_historical_account_scheduler_v01.SchedulerMechanicsTests.test_risk_exit_missing_tape_retains_unsubmitted_intent) ... ok
2026-09-14T00:37:50.6453613Z test_risk_exit_partial_fill_has_no_automatic_retry (test_sealed_historical_account_scheduler_v01.SchedulerMechanicsTests.test_risk_exit_partial_fill_has_no_automatic_retry) ... ok
2026-09-14T00:37:50.9363703Z test_risk_guard_executes_one_frozen_terminal_attempt (test_sealed_historical_account_scheduler_v01.SchedulerMechanicsTests.test_risk_guard_executes_one_frozen_terminal_attempt) ... ok
2026-09-14T00:37:51.1693477Z test_same_symbol_reentry_is_explicit_blocking_dependency (test_sealed_historical_account_scheduler_v01.SchedulerMechanicsTests.test_same_symbol_reentry_is_explicit_blocking_dependency) ... ok
2026-09-14T00:37:51.4629507Z test_source_pin_tamper_and_rehashed_result_tamper_are_rejected (test_sealed_historical_account_scheduler_v01.SchedulerMechanicsTests.test_source_pin_tamper_and_rehashed_result_tamper_are_rejected) ... ok
2026-09-14T00:37:51.5329805Z test_subcent_cash_survives_next_session (test_sealed_historical_account_scheduler_v01.SchedulerMechanicsTests.test_subcent_cash_survives_next_session) ... ok
2026-09-14T00:37:51.6570559Z test_trailing_old_source_is_verified_after_capacity_reuse (test_sealed_historical_account_scheduler_v01.SchedulerMechanicsTests.test_trailing_old_source_is_verified_after_capacity_reuse) ... ok
2026-09-14T00:37:51.8518353Z test_unconfirmed_entry_is_preserved_after_stream_failure (test_sealed_historical_account_scheduler_v01.SchedulerMechanicsTests.test_unconfirmed_entry_is_preserved_after_stream_failure) ... ok
2026-09-14T00:37:52.0936771Z test_unfilled_entry_holds_capacity_until_ack_and_has_no_fee (test_sealed_historical_account_scheduler_v01.SchedulerMechanicsTests.test_unfilled_entry_holds_capacity_until_ack_and_has_no_fee) ... ok
2026-09-14T00:37:52.1255442Z test_wrong_source_decision_hash_blocks_submission (test_sealed_historical_account_scheduler_v01.SchedulerMechanicsTests.test_wrong_source_decision_hash_blocks_submission) ... ok
2026-09-14T00:37:52.3720611Z test_all_original_slots_and_unavailable_references_unchanged (test_sealed_historical_account_scheduler_v01.SchedulerRegistrationTests.test_all_original_slots_and_unavailable_references_unchanged) ... ok
2026-09-14T00:37:59.2766087Z test_direct_offline_cli_produces_independently_verified_artifacts (test_sealed_historical_account_scheduler_v01.SchedulerRegistrationTests.test_direct_offline_cli_produces_independently_verified_artifacts) ... ok
2026-09-14T00:37:59.3181956Z test_entrypoints_have_no_undefined_globals_and_checker_is_stdlib (test_sealed_historical_account_scheduler_v01.SchedulerRegistrationTests.test_entrypoints_have_no_undefined_globals_and_checker_is_stdlib) ... ok
2026-09-14T00:38:02.6277078Z test_independent_checker_recomputes_and_rejects_rehashed_scarcity (test_sealed_historical_account_scheduler_v01.SchedulerRegistrationTests.test_independent_checker_recomputes_and_rejects_rehashed_scarcity) ... ok
2026-09-14T00:38:02.8614689Z test_metadata_build_cannot_run_mechanics_or_open_market_bundle (test_sealed_historical_account_scheduler_v01.SchedulerRegistrationTests.test_metadata_build_cannot_run_mechanics_or_open_market_bundle) ... ok
2026-09-14T00:38:03.0902405Z test_parent_and_implementation_mutations_fail_registration (test_sealed_historical_account_scheduler_v01.SchedulerRegistrationTests.test_parent_and_implementation_mutations_fail_registration) ... ok
2026-09-14T00:38:03.3083911Z test_registration_binds_immutable_parent_and_scope (test_sealed_historical_account_scheduler_v01.SchedulerRegistrationTests.test_registration_binds_immutable_parent_and_scope) ... ok
2026-09-14T00:38:03.3091524Z test_symlink_and_frozen_output_paths_rejected (test_sealed_historical_account_scheduler_v01.SchedulerRegistrationTests.test_symlink_and_frozen_output_paths_rejected) ... ok
2026-09-14T00:38:04.2464712Z test_write_once_rehashed_metadata_and_extra_files_fail (test_sealed_historical_account_scheduler_v01.SchedulerRegistrationTests.test_write_once_rehashed_metadata_and_extra_files_fail) ... ok
2026-09-14T00:38:04.2743635Z test_bad_exit_pin_cannot_debit_entry_cash (test_sealed_historical_account_state_producer_v01.ProducerMechanicsTests.test_bad_exit_pin_cannot_debit_entry_cash) ... ok
2026-09-14T00:38:04.3002499Z test_caller_balance_or_prior_close_fields_are_rejected (test_sealed_historical_account_state_producer_v01.ProducerMechanicsTests.test_caller_balance_or_prior_close_fields_are_rejected) ... ok
2026-09-14T00:38:04.3217450Z test_canonical_exact_money_and_retrospective_field_exclusion (test_sealed_historical_account_state_producer_v01.ProducerMechanicsTests.test_canonical_exact_money_and_retrospective_field_exclusion) ... ok
2026-09-14T00:38:04.3458721Z test_changed_date_and_duplicate_opportunity_rejected (test_sealed_historical_account_state_producer_v01.ProducerMechanicsTests.test_changed_date_and_duplicate_opportunity_rejected) ... ok
2026-09-14T00:38:04.3895460Z test_complete_trailing_stream_is_checked_after_flat (test_sealed_historical_account_state_producer_v01.ProducerMechanicsTests.test_complete_trailing_stream_is_checked_after_flat) ... ok
2026-09-14T00:38:04.6067939Z test_exact_cent_legacy_transport_remains_transport_only (test_sealed_historical_account_state_producer_v01.ProducerMechanicsTests.test_exact_cent_legacy_transport_remains_transport_only) ... ok
2026-09-14T00:38:04.9103465Z test_extending_prefix_preserves_prior_checkpoints (test_sealed_historical_account_state_producer_v01.ProducerMechanicsTests.test_extending_prefix_preserves_prior_checkpoints) ... ok
2026-09-14T00:38:04.9327194Z test_external_program_and_result_pins_required (test_sealed_historical_account_state_producer_v01.ProducerMechanicsTests.test_external_program_and_result_pins_required) ... ok
2026-09-14T00:38:04.9645860Z test_failure_before_entry_cancel_ack_preserves_the_entry_order (test_sealed_historical_account_state_producer_v01.ProducerMechanicsTests.test_failure_before_entry_cancel_ack_preserves_the_entry_order) ... ok
2026-09-14T00:38:05.1404243Z test_fee_book_persists_across_two_serial_positions (test_sealed_historical_account_state_producer_v01.ProducerMechanicsTests.test_fee_book_persists_across_two_serial_positions) ... ok
2026-09-14T00:38:05.2819765Z test_fractional_cent_survives_next_day_without_rounding (test_sealed_historical_account_state_producer_v01.ProducerMechanicsTests.test_fractional_cent_survives_next_day_without_rounding) ... ok
2026-09-14T00:38:05.3448518Z test_frozen_runner_management_parity (test_sealed_historical_account_state_producer_v01.ProducerMechanicsTests.test_frozen_runner_management_parity) ... ok
2026-09-14T00:38:05.3533745Z test_historical_scope_rejected (test_sealed_historical_account_state_producer_v01.ProducerMechanicsTests.test_historical_scope_rejected) ... ok
2026-09-14T00:38:05.4934318Z test_input_and_output_copies_are_isolated (test_sealed_historical_account_state_producer_v01.ProducerMechanicsTests.test_input_and_output_copies_are_isolated) ... ok
2026-09-14T00:38:05.5193207Z test_ledger_injection_is_rejected (test_sealed_historical_account_state_producer_v01.ProducerMechanicsTests.test_ledger_injection_is_rejected) ... ok
2026-09-14T00:38:05.6405774Z test_mid_stream_failure_retains_pending_order_and_confirmed_cash (test_sealed_historical_account_state_producer_v01.ProducerMechanicsTests.test_mid_stream_failure_retains_pending_order_and_confirmed_cash) ... ok
2026-09-14T00:38:05.7515714Z test_omitted_available_opportunity_blocks_an_empty_day_claim (test_sealed_historical_account_state_producer_v01.ProducerMechanicsTests.test_omitted_available_opportunity_blocks_an_empty_day_claim) ... ok
2026-09-14T00:38:05.8911782Z test_open_position_carried_without_inventing_equity (test_sealed_historical_account_state_producer_v01.ProducerMechanicsTests.test_open_position_carried_without_inventing_equity) ... ok
2026-09-14T00:38:05.9541434Z test_overlapping_complete_windows_do_not_reset_the_clock (test_sealed_historical_account_state_producer_v01.ProducerMechanicsTests.test_overlapping_complete_windows_do_not_reset_the_clock) ... ok
2026-09-14T00:38:06.0984059Z test_prior_open_position_prevents_new_execution (test_sealed_historical_account_state_producer_v01.ProducerMechanicsTests.test_prior_open_position_prevents_new_execution) ... ok
2026-09-14T00:38:06.4314240Z test_profit_fee_continuity_and_thirty_day_prefix (test_sealed_historical_account_state_producer_v01.ProducerMechanicsTests.test_profit_fee_continuity_and_thirty_day_prefix) ... ok
2026-09-14T00:38:06.4570986Z test_real_symbol_cannot_use_synthetic_component_entrypoint (test_sealed_historical_account_state_producer_v01.ProducerMechanicsTests.test_real_symbol_cannot_use_synthetic_component_entrypoint) ... ok
2026-09-14T00:38:06.7964641Z test_rehashed_forged_state_does_not_authenticate (test_sealed_historical_account_state_producer_v01.ProducerMechanicsTests.test_rehashed_forged_state_does_not_authenticate) ... ok
2026-09-14T00:38:06.9072136Z test_seed_once_and_all_empty_session_states (test_sealed_historical_account_state_producer_v01.ProducerMechanicsTests.test_seed_once_and_all_empty_session_states) ... ok
2026-09-14T00:38:06.9636163Z test_sessions_must_be_contiguous_same_path_and_start_at_seed (test_sealed_historical_account_state_producer_v01.ProducerMechanicsTests.test_sessions_must_be_contiguous_same_path_and_start_at_seed) ... ok
2026-09-14T00:38:07.1027893Z test_small_daily_guard_resets_with_carried_capital (test_sealed_historical_account_state_producer_v01.ProducerMechanicsTests.test_small_daily_guard_resets_with_carried_capital) ... ok
2026-09-14T00:38:07.2054687Z test_stress_scenario_reconciles_and_carries_its_own_path (test_sealed_historical_account_state_producer_v01.ProducerMechanicsTests.test_stress_scenario_reconciles_and_carries_its_own_path) ... ok
2026-09-14T00:38:07.3199576Z test_unavailable_gap_is_preserved_without_an_order (test_sealed_historical_account_state_producer_v01.ProducerMechanicsTests.test_unavailable_gap_is_preserved_without_an_order) ... ok
2026-09-14T00:38:07.3202095Z test_unrepresentable_frozen_float_projection_is_blocked (test_sealed_historical_account_state_producer_v01.ProducerMechanicsTests.test_unrepresentable_frozen_float_projection_is_blocked) ... ok
2026-09-14T00:38:09.9556101Z test_all_twelve_paths_and_independent_accounting (test_sealed_historical_account_state_producer_v01.ProducerRegistrationTests.test_all_twelve_paths_and_independent_accounting) ... ok
2026-09-14T00:38:10.0001654Z test_entrypoints_have_no_undefined_globals_and_checker_is_independent (test_sealed_historical_account_state_producer_v01.ProducerRegistrationTests.test_entrypoints_have_no_undefined_globals_and_checker_is_independent) ... ok
2026-09-14T00:38:10.1578758Z test_independent_checker_rejects_forged_cash_despite_resealed_chain (test_sealed_historical_account_state_producer_v01.ProducerRegistrationTests.test_independent_checker_rejects_forged_cash_despite_resealed_chain) ... ok
2026-09-14T00:38:10.2052994Z test_metadata_does_not_replay_or_open_source_tapes (test_sealed_historical_account_state_producer_v01.ProducerRegistrationTests.test_metadata_does_not_replay_or_open_source_tapes) ... ok
2026-09-14T00:38:10.2547298Z test_metadata_preserves_all_original_slots_and_unavailable_inputs (test_sealed_historical_account_state_producer_v01.ProducerRegistrationTests.test_metadata_preserves_all_original_slots_and_unavailable_inputs) ... ok
2026-09-14T00:38:15.3333140Z test_offline_cli_build_verify_vectors_and_independent_checker (test_sealed_historical_account_state_producer_v01.ProducerRegistrationTests.test_offline_cli_build_verify_vectors_and_independent_checker) ... ok
2026-09-14T00:38:15.3340044Z test_output_cannot_replace_frozen_paths_or_follow_symlinks (test_sealed_historical_account_state_producer_v01.ProducerRegistrationTests.test_output_cannot_replace_frozen_paths_or_follow_symlinks) ... ok
2026-09-14T00:38:15.3714857Z test_parent_or_implementation_mutation_invalidates_registration (test_sealed_historical_account_state_producer_v01.ProducerRegistrationTests.test_parent_or_implementation_mutation_invalidates_registration) ... ok
2026-09-14T00:38:15.3993268Z test_registration_pins_parent_and_closed_boundaries (test_sealed_historical_account_state_producer_v01.ProducerRegistrationTests.test_registration_pins_parent_and_closed_boundaries) ... ok
2026-09-14T00:38:15.5820327Z test_write_once_rehashed_metadata_and_extra_inventory (test_sealed_historical_account_state_producer_v01.ProducerRegistrationTests.test_write_once_rehashed_metadata_and_extra_inventory) ... ok
2026-09-14T00:38:15.9747241Z test_earlier_eligible_third_print_cannot_be_skipped (test_sealed_historical_account_terminal_continuation_v01.AccountAndVerificationTests.test_earlier_eligible_third_print_cannot_be_skipped) ... ok
2026-09-14T00:38:16.7967965Z test_expired_no_quote_no_print_and_unfilled_keep_later_slots_blocked (test_sealed_historical_account_terminal_continuation_v01.AccountAndVerificationTests.test_expired_no_quote_no_print_and_unfilled_keep_later_slots_blocked) ... ok
2026-09-14T00:38:18.3722317Z test_independent_account_close_and_cash_carry_all_cells (test_sealed_historical_account_terminal_continuation_v01.AccountAndVerificationTests.test_independent_account_close_and_cash_carry_all_cells) ... ok
2026-09-14T00:38:18.4816370Z test_original_account_arithmetic_and_corrected_status_checks_are_preserved (test_sealed_historical_account_terminal_continuation_v01.AccountAndVerificationTests.test_original_account_arithmetic_and_corrected_status_checks_are_preserved) ... ok
2026-09-14T00:38:19.5401174Z test_parent_paths_without_new_authority_are_exact (test_sealed_historical_account_terminal_continuation_v01.AccountAndVerificationTests.test_parent_paths_without_new_authority_are_exact) ... ok
2026-09-14T00:38:20.0623096Z test_release_permits_only_frozen_reentry_and_fee_accounting (test_sealed_historical_account_terminal_continuation_v01.AccountAndVerificationTests.test_release_permits_only_frozen_reentry_and_fee_accounting) ... ok
2026-09-14T00:38:20.4573169Z test_removed_audit_or_rehashed_semantic_mutations_fail (test_sealed_historical_account_terminal_continuation_v01.AccountAndVerificationTests.test_removed_audit_or_rehashed_semantic_mutations_fail) ... ok
2026-09-14T00:38:20.7355484Z test_unsubmitted_expiry_cannot_be_omitted (test_sealed_historical_account_terminal_continuation_v01.AccountAndVerificationTests.test_unsubmitted_expiry_cannot_be_omitted) ... ok
2026-09-14T00:38:21.5665724Z test_waited_third_submission_preserves_authority (test_sealed_historical_account_terminal_continuation_v01.AccountAndVerificationTests.test_waited_third_submission_preserves_authority) ... ok
2026-09-14T00:38:21.8986110Z test_zero_fill_without_active_quote_uses_corrected_cancellation_classifier (test_sealed_historical_account_terminal_continuation_v01.AccountAndVerificationTests.test_zero_fill_without_active_quote_uses_corrected_cancellation_classifier) ... ok
2026-09-14T00:38:22.0433404Z test_registration_binds_completed_parent_and_all_implementation (test_sealed_historical_account_terminal_continuation_v01.RegistrationTests.test_registration_binds_completed_parent_and_all_implementation) ... ok
2026-09-14T00:38:22.7164679Z test_wrong_external_registration_rejects_before_receipt_or_source_access (test_sealed_historical_account_terminal_continuation_v01.RegistrationTests.test_wrong_external_registration_rejects_before_receipt_or_source_access) ... ok
2026-09-14T00:38:22.7278567Z test_consumed_third_order_liquidity_cannot_be_reused (test_sealed_historical_account_terminal_continuation_v01.TerminalContinuationTests.test_consumed_third_order_liquidity_cannot_be_reused) ... ok
2026-09-14T00:38:22.7385635Z test_equal_ack_print_and_ineligible_print_cannot_replace (test_sealed_historical_account_terminal_continuation_v01.TerminalContinuationTests.test_equal_ack_print_and_ineligible_print_cannot_replace) ... ok
2026-09-14T00:38:22.7474584Z test_foreign_context_and_quantity_fail_before_order (test_sealed_historical_account_terminal_continuation_v01.TerminalContinuationTests.test_foreign_context_and_quantity_fail_before_order) ... ok
2026-09-14T00:38:22.7593192Z test_missing_reference_waits_without_spending_attempt (test_sealed_historical_account_terminal_continuation_v01.TerminalContinuationTests.test_missing_reference_waits_without_spending_attempt) ... ok
2026-09-14T00:38:22.7730011Z test_original_two_order_prefix_is_exact (test_sealed_historical_account_terminal_continuation_v01.TerminalContinuationTests.test_original_two_order_prefix_is_exact) ... ok
2026-09-14T00:38:22.7797660Z test_partial_target_never_arms_continuation (test_sealed_historical_account_terminal_continuation_v01.TerminalContinuationTests.test_partial_target_never_arms_continuation) ... ok
2026-09-14T00:38:22.7886078Z test_stop_supersedes_risk_latch_on_continuation_print (test_sealed_historical_account_terminal_continuation_v01.TerminalContinuationTests.test_stop_supersedes_risk_latch_on_continuation_print) ... ok
2026-09-14T00:38:22.8118574Z test_third_and_fourth_close_exact_remainder_across_scenarios (test_sealed_historical_account_terminal_continuation_v01.TerminalContinuationTests.test_third_and_fourth_close_exact_remainder_across_scenarios) ... ok
2026-09-14T00:38:22.8312011Z test_third_order_unknown_status_fails_and_known_halt_waits (test_sealed_historical_account_terminal_continuation_v01.TerminalContinuationTests.test_third_order_unknown_status_fails_and_known_halt_waits) ... ok
2026-09-14T00:38:22.8879113Z test_unfilled_attempts_have_finite_source_window_and_flat_context_size (test_sealed_historical_account_terminal_continuation_v01.TerminalContinuationTests.test_unfilled_attempts_have_finite_source_window_and_flat_context_size) ... ok
2026-09-14T00:38:24.3987730Z test_bad_tape_pin_or_truncated_ordinals_is_an_input_failure (test_sealed_historical_account_valuation_v01.ValuationMechanicsTests.test_bad_tape_pin_or_truncated_ordinals_is_an_input_failure) ... ok
2026-09-14T00:38:24.5965063Z test_duplicate_or_foreign_position_inputs_rejected (test_sealed_historical_account_valuation_v01.ValuationMechanicsTests.test_duplicate_or_foreign_position_inputs_rejected) ... ok
2026-09-14T00:38:24.6937498Z test_external_valuation_input_pin_is_required (test_sealed_historical_account_valuation_v01.ValuationMechanicsTests.test_external_valuation_input_pin_is_required) ... ok
2026-09-14T00:38:24.8262816Z test_final_registered_session_cannot_roll_into_an_unregistered_date (test_sealed_historical_account_valuation_v01.ValuationMechanicsTests.test_final_registered_session_cannot_roll_into_an_unregistered_date) ... ok
2026-09-14T00:38:24.9662122Z test_flat_profit_initializes_next_day_without_seed_reset (test_sealed_historical_account_valuation_v01.ValuationMechanicsTests.test_flat_profit_initializes_next_day_without_seed_reset) ... ok
2026-09-14T00:38:25.1616634Z test_foreign_session_or_previous_close_rejected (test_sealed_historical_account_valuation_v01.ValuationMechanicsTests.test_foreign_session_or_previous_close_rejected) ... ok
2026-09-14T00:38:26.5809595Z test_fractional_cent_equity_is_exact (test_sealed_historical_account_valuation_v01.ValuationMechanicsTests.test_fractional_cent_equity_is_exact) ... ok
2026-09-14T00:38:26.9740913Z test_freshness_boundaries_match_each_frozen_scenario (test_sealed_historical_account_valuation_v01.ValuationMechanicsTests.test_freshness_boundaries_match_each_frozen_scenario) ... ok
2026-09-14T00:38:27.1173649Z test_future_price_and_halt_do_not_change_the_causal_valuation (test_sealed_historical_account_valuation_v01.ValuationMechanicsTests.test_future_price_and_halt_do_not_change_the_causal_valuation) ... ok
2026-09-14T00:38:28.6231628Z test_halt_unknown_and_same_time_status_are_unavailable (test_sealed_historical_account_valuation_v01.ValuationMechanicsTests.test_halt_unknown_and_same_time_status_are_unavailable) ... ok
2026-09-14T00:38:28.8172563Z test_historical_mode_or_extra_retrospective_fields_are_rejected (test_sealed_historical_account_valuation_v01.ValuationMechanicsTests.test_historical_mode_or_extra_retrospective_fields_are_rejected) ... ok
2026-09-14T00:38:28.9111163Z test_july_transition_uses_original_registered_calendar (test_sealed_historical_account_valuation_v01.ValuationMechanicsTests.test_july_transition_uses_original_registered_calendar) ... ok
2026-09-14T00:38:29.0096514Z test_latest_native_ordinal_wins_equal_time_and_sequence (test_sealed_historical_account_valuation_v01.ValuationMechanicsTests.test_latest_native_ordinal_wins_equal_time_and_sequence) ... ok
2026-09-14T00:38:31.9101049Z test_missing_position_or_tape_preserves_unknown_equity (test_sealed_historical_account_valuation_v01.ValuationMechanicsTests.test_missing_position_or_tape_preserves_unknown_equity) ... ok
2026-09-14T00:38:36.3008160Z test_missing_unit_evidence_and_known_split_do_not_guess_adjustments (test_sealed_historical_account_valuation_v01.ValuationMechanicsTests.test_missing_unit_evidence_and_known_split_do_not_guess_adjustments) ... ok
2026-09-14T00:38:36.4334392Z test_omitted_available_input_cannot_be_cleared_by_valuation (test_sealed_historical_account_valuation_v01.ValuationMechanicsTests.test_omitted_available_input_cannot_be_cleared_by_valuation) ... ok
2026-09-14T00:38:36.5739661Z test_open_position_equity_and_original_cost_basis (test_sealed_historical_account_valuation_v01.ValuationMechanicsTests.test_open_position_equity_and_original_cost_basis) ... ok
2026-09-14T00:38:36.7247270Z test_pending_order_does_not_disappear_when_its_ack_time_has_passed (test_sealed_historical_account_valuation_v01.ValuationMechanicsTests.test_pending_order_does_not_disappear_when_its_ack_time_has_passed) ... ok
2026-09-14T00:38:36.9190412Z test_quote_at_cutoff_is_known_but_one_nanosecond_later_is_not (test_sealed_historical_account_valuation_v01.ValuationMechanicsTests.test_quote_at_cutoff_is_known_but_one_nanosecond_later_is_not) ... ok
2026-09-14T00:38:37.0609412Z test_resealed_forged_mark_is_rejected_by_recomputation (test_sealed_historical_account_valuation_v01.ValuationMechanicsTests.test_resealed_forged_mark_is_rejected_by_recomputation) ... ok
2026-09-14T00:38:37.2030681Z test_resume_requires_a_fresh_book_after_the_status_transition (test_sealed_historical_account_valuation_v01.ValuationMechanicsTests.test_resume_requires_a_fresh_book_after_the_status_transition) ... ok
2026-09-14T00:38:37.3002556Z test_tampered_producer_close_cannot_be_valued (test_sealed_historical_account_valuation_v01.ValuationMechanicsTests.test_tampered_producer_close_cannot_be_valued) ... ok
2026-09-14T00:38:37.4344525Z test_unavailable_input_remains_explicit_without_blocking_verified_flat_cash (test_sealed_historical_account_valuation_v01.ValuationMechanicsTests.test_unavailable_input_remains_explicit_without_blocking_verified_flat_cash) ... ok
2026-09-14T00:38:37.5314485Z test_unusable_latest_quote_does_not_fall_back_to_earlier_good_book (test_sealed_historical_account_valuation_v01.ValuationMechanicsTests.test_unusable_latest_quote_does_not_fall_back_to_earlier_good_book) ... ok
2026-09-14T00:38:37.6299520Z test_valuation_preserves_positions_orders_fees_and_campaigns (test_sealed_historical_account_valuation_v01.ValuationMechanicsTests.test_valuation_preserves_positions_orders_fees_and_campaigns) ... ok
2026-09-14T00:38:37.7727172Z test_valuation_time_is_frozen_next_session_start (test_sealed_historical_account_valuation_v01.ValuationMechanicsTests.test_valuation_time_is_frozen_next_session_start) ... ok
2026-09-14T00:38:38.1607102Z test_wrong_source_symbol_date_or_request_coverage_rejected (test_sealed_historical_account_valuation_v01.ValuationMechanicsTests.test_wrong_source_symbol_date_or_request_coverage_rejected) ... ok
2026-09-14T00:38:38.3660735Z test_all_348_dependencies_preserve_frozen_session_slots (test_sealed_historical_account_valuation_v01.ValuationRegistrationTests.test_all_348_dependencies_preserve_frozen_session_slots) ... ok
2026-09-14T00:38:45.2360804Z test_direct_offline_cli_produces_independently_verified_artifacts (test_sealed_historical_account_valuation_v01.ValuationRegistrationTests.test_direct_offline_cli_produces_independently_verified_artifacts) ... ok
2026-09-14T00:38:45.2669700Z test_entrypoints_have_no_undefined_globals_and_checker_is_stdlib (test_sealed_historical_account_valuation_v01.ValuationRegistrationTests.test_entrypoints_have_no_undefined_globals_and_checker_is_stdlib) ... ok
2026-09-14T00:38:45.2678253Z test_frozen_output_and_symlink_paths_rejected (test_sealed_historical_account_valuation_v01.ValuationRegistrationTests.test_frozen_output_and_symlink_paths_rejected) ... ok
2026-09-14T00:38:48.6888240Z test_independent_checker_recomputes_vectors_and_rejects_resealed_wrong_equity (test_sealed_historical_account_valuation_v01.ValuationRegistrationTests.test_independent_checker_recomputes_vectors_and_rejects_resealed_wrong_equity) ... ok
2026-09-14T00:38:48.8922173Z test_metadata_never_values_or_opens_market_tapes (test_sealed_historical_account_valuation_v01.ValuationRegistrationTests.test_metadata_never_values_or_opens_market_tapes) ... ok
2026-09-14T00:38:48.9614105Z test_parent_or_child_mutation_invalidates_registration (test_sealed_historical_account_valuation_v01.ValuationRegistrationTests.test_parent_or_child_mutation_invalidates_registration) ... ok
2026-09-14T00:38:49.0204489Z test_registration_pins_completed_producer_and_closed_boundaries (test_sealed_historical_account_valuation_v01.ValuationRegistrationTests.test_registration_pins_completed_producer_and_closed_boundaries) ... ok
2026-09-14T00:38:49.8283804Z test_write_once_rehashed_metadata_and_extra_files_fail (test_sealed_historical_account_valuation_v01.ValuationRegistrationTests.test_write_once_rehashed_metadata_and_extra_files_fail) ... ok
2026-09-14T00:38:49.8293619Z test_alpaca_pagination_token_fails_closed (test_sealed_historical_availability.SealedHistoricalAvailabilityTests.test_alpaca_pagination_token_fails_closed) ... ok
2026-09-14T00:38:49.8296705Z test_authorization_and_plan_are_exactly_frozen (test_sealed_historical_availability.SealedHistoricalAvailabilityTests.test_authorization_and_plan_are_exactly_frozen) ... ok
2026-09-14T00:38:49.8306146Z test_databento_short_range_fails_closed (test_sealed_historical_availability.SealedHistoricalAvailabilityTests.test_databento_short_range_fails_closed) ... ok
2026-09-14T00:38:49.8315211Z test_massive_missing_required_field_fails_closed (test_sealed_historical_availability.SealedHistoricalAvailabilityTests.test_massive_missing_required_field_fails_closed) ... ok
2026-09-14T00:38:49.8324469Z test_missing_session_fails_without_becoming_zero (test_sealed_historical_availability.SealedHistoricalAvailabilityTests.test_missing_session_fails_without_becoming_zero) ... ok
2026-09-14T00:38:49.8333790Z test_permanent_failure_is_sanitized_hash_bound_and_non_authorizing (test_sealed_historical_availability.SealedHistoricalAvailabilityTests.test_permanent_failure_is_sanitized_hash_bound_and_non_authorizing) ... ok
2026-09-14T00:38:49.8345623Z test_provider_exception_is_sanitized_and_report_remains_valid (test_sealed_historical_availability.SealedHistoricalAvailabilityTests.test_provider_exception_is_sanitized_and_report_remains_valid) ... ok
2026-09-14T00:38:49.9250941Z test_provider_free_cli_validation (test_sealed_historical_availability.SealedHistoricalAvailabilityTests.test_provider_free_cli_validation) ... ok
2026-09-14T00:38:49.9259893Z test_registration_audit_is_hash_bound_to_exact_files (test_sealed_historical_availability.SealedHistoricalAvailabilityTests.test_registration_audit_is_hash_bound_to_exact_files) ... ok
2026-09-14T00:38:49.9266476Z test_rehashed_authorization_cannot_expand_call_budget (test_sealed_historical_availability.SealedHistoricalAvailabilityTests.test_rehashed_authorization_cannot_expand_call_budget) ... ok
2026-09-14T00:38:49.9278336Z test_rehashed_report_tampering_is_rejected (test_sealed_historical_availability.SealedHistoricalAvailabilityTests.test_rehashed_report_tampering_is_rejected) ... ok
2026-09-14T00:38:49.9288576Z test_success_uses_four_calls_and_persists_only_summaries (test_sealed_historical_availability.SealedHistoricalAvailabilityTests.test_success_uses_four_calls_and_persists_only_summaries) ... ok
2026-09-14T00:38:49.9293033Z test_workflow_has_manual_one_shot_provider_gate_only (test_sealed_historical_availability.SealedHistoricalAvailabilityTests.test_workflow_has_manual_one_shot_provider_gate_only) ... ok
2026-09-14T00:38:49.9308060Z test_write_once_refuses_overwrite (test_sealed_historical_availability.SealedHistoricalAvailabilityTests.test_write_once_refuses_overwrite) ... ok
2026-09-14T00:38:49.9314909Z test_wrong_repository_commit_or_attempt_is_rejected (test_sealed_historical_availability.SealedHistoricalAvailabilityTests.test_wrong_repository_commit_or_attempt_is_rejected) ... ok
2026-09-14T00:38:49.9322457Z test_authorization_freezes_exact_main_credential_routing (test_sealed_historical_availability_v02.SealedHistoricalAvailabilityV02Tests.test_authorization_freezes_exact_main_credential_routing) ... ok
2026-09-14T00:38:49.9346819Z test_missing_session_or_pagination_fails_closed (test_sealed_historical_availability_v02.SealedHistoricalAvailabilityV02Tests.test_missing_session_or_pagination_fails_closed) ... ok
2026-09-14T00:38:49.9363244Z test_parent_bundle_requires_exact_v01_401_and_passed_other_providers (test_sealed_historical_availability_v02.SealedHistoricalAvailabilityV02Tests.test_parent_bundle_requires_exact_v01_401_and_passed_other_providers) ... ok
2026-09-14T00:38:49.9376963Z test_provider_failure_is_preserved_without_retry (test_sealed_historical_availability_v02.SealedHistoricalAvailabilityV02Tests.test_provider_failure_is_preserved_without_retry) ... ok
2026-09-14T00:38:50.0294996Z test_provider_free_cli_validation (test_sealed_historical_availability_v02.SealedHistoricalAvailabilityV02Tests.test_provider_free_cli_validation) ... ok
2026-09-14T00:38:50.0309431Z test_published_success_audit_binds_exact_sanitized_report (test_sealed_historical_availability_v02.SealedHistoricalAvailabilityV02Tests.test_published_success_audit_binds_exact_sanitized_report) ... ok
2026-09-14T00:38:50.0318520Z test_registration_audit_binds_exact_repair_files (test_sealed_historical_availability_v02.SealedHistoricalAvailabilityV02Tests.test_registration_audit_binds_exact_repair_files) ... ok
2026-09-14T00:38:50.0326818Z test_rehashed_authorization_cannot_restore_generic_secret_names (test_sealed_historical_availability_v02.SealedHistoricalAvailabilityV02Tests.test_rehashed_authorization_cannot_restore_generic_secret_names) ... ok
2026-09-14T00:38:50.0339008Z test_rehashed_parent_substitution_is_rejected (test_sealed_historical_availability_v02.SealedHistoricalAvailabilityV02Tests.test_rehashed_parent_substitution_is_rejected) ... ok
2026-09-14T00:38:50.0356593Z test_rehashed_report_cannot_claim_massive_or_databento_call (test_sealed_historical_availability_v02.SealedHistoricalAvailabilityV02Tests.test_rehashed_report_cannot_claim_massive_or_databento_call) ... ok
2026-09-14T00:38:50.0373054Z test_success_makes_one_call_and_inherits_other_provider_results (test_sealed_historical_availability_v02.SealedHistoricalAvailabilityV02Tests.test_success_makes_one_call_and_inherits_other_provider_results) ... ok
2026-09-14T00:38:50.0379937Z test_workflow_uses_only_validated_main_secret_pair (test_sealed_historical_availability_v02.SealedHistoricalAvailabilityV02Tests.test_workflow_uses_only_validated_main_secret_pair) ... ok
2026-09-14T00:38:50.0400278Z test_write_once_refuses_overwrite (test_sealed_historical_availability_v02.SealedHistoricalAvailabilityV02Tests.test_write_once_refuses_overwrite) ... ok
2026-09-14T00:38:50.0420736Z test_wrong_repository_commit_or_attempt_is_rejected_before_call (test_sealed_historical_availability_v02.SealedHistoricalAvailabilityV02Tests.test_wrong_repository_commit_or_attempt_is_rejected_before_call) ... ok
2026-09-14T00:38:50.0423630Z test_empty_result_needs_exact_bounds_and_mapping (test_sealed_historical_entry_reference_evidence_v01.EmptyResponseTests.test_empty_result_needs_exact_bounds_and_mapping) ... ok
2026-09-14T00:38:50.0425881Z test_exact_verified_empty_request_is_supported (test_sealed_historical_entry_reference_evidence_v01.EmptyResponseTests.test_exact_verified_empty_request_is_supported) ... ok
2026-09-14T00:38:50.0428332Z test_source_proof_does_not_open_financial_or_market_completeness_gate (test_sealed_historical_entry_reference_evidence_v01.EmptyResponseTests.test_source_proof_does_not_open_financial_or_market_completeness_gate) ... ok
2026-09-14T00:38:50.0431484Z test_truncated_or_nonempty_native_result_is_rejected (test_sealed_historical_entry_reference_evidence_v01.EmptyResponseTests.test_truncated_or_nonempty_native_result_is_rejected) ... ok
2026-09-14T00:38:50.0433802Z test_both_inclusive_endpoints_are_eligible (test_sealed_historical_entry_reference_evidence_v01.EntryObservationTests.test_both_inclusive_endpoints_are_eligible) ... ok
2026-09-14T00:38:50.0438535Z test_discontinuous_ordinals_and_wrong_symbols_are_rejected (test_sealed_historical_entry_reference_evidence_v01.EntryObservationTests.test_discontinuous_ordinals_and_wrong_symbols_are_rejected) ... ok
2026-09-14T00:38:50.0441248Z test_empty_without_empty_evidence_is_rejected (test_sealed_historical_entry_reference_evidence_v01.EntryObservationTests.test_empty_without_empty_evidence_is_rejected) ... ok
2026-09-14T00:38:50.0443484Z test_equal_receive_time_status_is_ambiguous (test_sealed_historical_entry_reference_evidence_v01.EntryObservationTests.test_equal_receive_time_status_is_ambiguous) ... ok
2026-09-14T00:38:50.0445766Z test_frozen_latest_usable_selection_is_preserved (test_sealed_historical_entry_reference_evidence_v01.EntryObservationTests.test_frozen_latest_usable_selection_is_preserved) ... ok
2026-09-14T00:38:50.0448097Z test_future_quote_never_authorizes_earlier_entry (test_sealed_historical_entry_reference_evidence_v01.EntryObservationTests.test_future_quote_never_authorizes_earlier_entry) ... ok
2026-09-14T00:38:50.0452456Z test_future_quote_values_do_not_change_observation (test_sealed_historical_entry_reference_evidence_v01.EntryObservationTests.test_future_quote_values_do_not_change_observation) ... ok
2026-09-14T00:38:50.0456794Z test_future_unknown_status_does_not_rewrite_decision (test_sealed_historical_entry_reference_evidence_v01.EntryObservationTests.test_future_unknown_status_does_not_rewrite_decision) ... ok
2026-09-14T00:38:50.0459322Z test_halted_quote_is_not_order_authority (test_sealed_historical_entry_reference_evidence_v01.EntryObservationTests.test_halted_quote_is_not_order_authority) ... ok
2026-09-14T00:38:50.0461714Z test_last_usable_update_preserves_ordinal (test_sealed_historical_entry_reference_evidence_v01.EntryObservationTests.test_last_usable_update_preserves_ordinal) ... ok
2026-09-14T00:38:50.0466311Z test_locked_or_one_sided_books_do_not_supply_reference (test_sealed_historical_entry_reference_evidence_v01.EntryObservationTests.test_locked_or_one_sided_books_do_not_supply_reference) ... ok
2026-09-14T00:38:50.0468589Z test_nonempty_source_cannot_claim_empty (test_sealed_historical_entry_reference_evidence_v01.EntryObservationTests.test_nonempty_source_cannot_claim_empty) ... ok
2026-09-14T00:38:50.0470543Z test_older_reference_does_not_relax_freshness (test_sealed_historical_entry_reference_evidence_v01.EntryObservationTests.test_older_reference_does_not_relax_freshness) ... ok
2026-09-14T00:38:50.0472709Z test_outside_request_quote_is_rejected (test_sealed_historical_entry_reference_evidence_v01.EntryObservationTests.test_outside_request_quote_is_rejected) ... ok
2026-09-14T00:38:50.0474789Z test_unknown_causal_status_stays_unresolved (test_sealed_historical_entry_reference_evidence_v01.EntryObservationTests.test_unknown_causal_status_stays_unresolved) ... ok
2026-09-14T00:38:50.0476507Z test_unverified_source_is_never_known_abstention (test_sealed_historical_entry_reference_evidence_v01.EntryObservationTests.test_unverified_source_is_never_known_abstention) ... ok
2026-09-14T00:38:50.0478466Z test_verified_empty_source_withholds_entry (test_sealed_historical_entry_reference_evidence_v01.EntryObservationTests.test_verified_empty_source_withholds_entry) ... ok
2026-09-14T00:38:50.0480156Z test_duplicate_json_keys_are_rejected (test_sealed_historical_entry_reference_evidence_v01.SourceProofTests.test_duplicate_json_keys_are_rejected) ... ok
2026-09-14T00:38:50.0484172Z test_existing_output_is_not_overwritten (test_sealed_historical_entry_reference_evidence_v01.SourceProofTests.test_existing_output_is_not_overwritten) ... ok
2026-09-14T00:38:50.0515900Z test_failed_partial_or_incomplete_receipt_cannot_prove_absence (test_sealed_historical_entry_reference_evidence_v01.SourceProofTests.test_failed_partial_or_incomplete_receipt_cannot_prove_absence) ... ok
2026-09-14T00:38:50.0522665Z test_nonempty_source_checks_physical_logical_and_receipt_identity (test_sealed_historical_entry_reference_evidence_v01.SourceProofTests.test_nonempty_source_checks_physical_logical_and_receipt_identity) ... ok
2026-09-14T00:38:50.0529044Z test_rehashed_evidence_with_wrong_logical_rows_is_rejected (test_sealed_historical_entry_reference_evidence_v01.SourceProofTests.test_rehashed_evidence_with_wrong_logical_rows_is_rejected) ... ok
2026-09-14T00:38:50.0535105Z test_tape_mutation_is_rejected (test_sealed_historical_entry_reference_evidence_v01.SourceProofTests.test_tape_mutation_is_rejected) ... ok
2026-09-14T00:38:50.0536307Z test_wrong_archive_bytes_rejected_before_reading (test_sealed_historical_entry_reference_evidence_v01.SourceProofTests.test_wrong_archive_bytes_rejected_before_reading) ... ok
2026-09-14T00:38:50.2603848Z test_complete_exact_tapes_are_deterministic_and_raw_files_removed (test_sealed_historical_execution_acquisition_v01.HistoricalExecutionAcquisitionTests.test_complete_exact_tapes_are_deterministic_and_raw_files_removed) ... ok
2026-09-14T00:38:50.2606447Z test_exact_registration_quote_and_ceilings (test_sealed_historical_execution_acquisition_v01.HistoricalExecutionAcquisitionTests.test_exact_registration_quote_and_ceilings) ... ok
2026-09-14T00:38:50.2624519Z test_execution_binds_new_consumption_and_rejects_attempt_two (test_sealed_historical_execution_acquisition_v01.HistoricalExecutionAcquisitionTests.test_execution_binds_new_consumption_and_rejects_attempt_two) ... ok
2026-09-14T00:38:50.2776388Z test_first_failure_stops_later_downloads_retains_completed_tapes_and_ledger (test_sealed_historical_execution_acquisition_v01.HistoricalExecutionAcquisitionTests.test_first_failure_stops_later_downloads_retains_completed_tapes_and_ledger) ... ok
2026-09-14T00:38:50.2779965Z test_http_error_or_wire_ceiling_is_one_attempt (test_sealed_historical_execution_acquisition_v01.HistoricalExecutionAcquisitionTests.test_http_error_or_wire_ceiling_is_one_attempt) ... skipped 'actual pinned SDK covered in dedicated acquisition validation'
2026-09-14T00:38:50.2783524Z test_real_dbn_roundtrip_preserves_exact_nanos_fixed_prices_and_status (test_sealed_historical_execution_acquisition_v01.HistoricalExecutionAcquisitionTests.test_real_dbn_roundtrip_preserves_exact_nanos_fixed_prices_and_status) ... skipped 'actual pinned SDK covered in dedicated acquisition validation'
2026-09-14T00:38:50.2787612Z test_real_sdk_exact_request_and_no_redirect_retry_or_broader_endpoint (test_sealed_historical_execution_acquisition_v01.HistoricalExecutionAcquisitionTests.test_real_sdk_exact_request_and_no_redirect_retry_or_broader_endpoint) ... skipped 'actual pinned SDK covered in dedicated acquisition validation'
2026-09-14T00:38:50.2825380Z test_rehashed_report_bytes_cannot_replace_parent (test_sealed_historical_execution_acquisition_v01.HistoricalExecutionAcquisitionTests.test_rehashed_report_bytes_cannot_replace_parent) ... ok
2026-09-14T00:38:50.3269283Z test_requote_cost_or_size_increase_blocks_before_any_download (test_sealed_historical_execution_acquisition_v01.HistoricalExecutionAcquisitionTests.test_requote_cost_or_size_increase_blocks_before_any_download) ... ok
2026-09-14T00:38:50.3371048Z test_workflow_parent_quote_and_durable_consumption_before_secret (test_sealed_historical_execution_acquisition_v01.HistoricalExecutionAcquisitionTests.test_workflow_parent_quote_and_durable_consumption_before_secret) ... ok
2026-09-14T00:38:50.3398115Z test_wrong_symbol_bound_or_record_order_rejected (test_sealed_historical_execution_acquisition_v01.HistoricalExecutionAcquisitionTests.test_wrong_symbol_bound_or_record_order_rejected) ... ok
2026-09-14T00:38:50.3507830Z test_zero_size_blocks_all_downloads_without_substitution (test_sealed_historical_execution_acquisition_v01.HistoricalExecutionAcquisitionTests.test_zero_size_blocks_all_downloads_without_substitution) ... ok
2026-09-14T00:38:50.5625978Z test_deterministic_tape_and_write_once (test_sealed_historical_execution_acquisition_v02.HistoricalExecutionAcquisitionV02Tests.test_deterministic_tape_and_write_once) ... ok
2026-09-14T00:38:50.5628767Z test_error_diagnostics_never_serialize_arbitrary_exception_text (test_sealed_historical_execution_acquisition_v02.HistoricalExecutionAcquisitionV02Tests.test_error_diagnostics_never_serialize_arbitrary_exception_text) ... ok
2026-09-14T00:38:50.7737232Z test_execution_rejects_attempt_two_wrong_parent_branch_and_workflow (test_sealed_historical_execution_acquisition_v02.HistoricalExecutionAcquisitionV02Tests.test_execution_rejects_attempt_two_wrong_parent_branch_and_workflow) ... ok
2026-09-14T00:38:50.7876302Z test_first_request_cannot_substitute_synthetic_or_revised_rows (test_sealed_historical_execution_acquisition_v02.HistoricalExecutionAcquisitionV02Tests.test_first_request_cannot_substitute_synthetic_or_revised_rows) ... ok
2026-09-14T00:38:50.7895035Z test_hosted_environment_rejects_python_or_package_drift (test_sealed_historical_execution_acquisition_v02.HistoricalExecutionAcquisitionV02Tests.test_hosted_environment_rejects_python_or_package_drift) ... ok
2026-09-14T00:38:50.7909247Z test_partial_normalized_and_compressed_ceiling_preserve_bounded_evidence (test_sealed_historical_execution_acquisition_v02.HistoricalExecutionAcquisitionV02Tests.test_partial_normalized_and_compressed_ceiling_preserve_bounded_evidence) ... ok
2026-09-14T00:38:50.7912715Z test_registration_preserves_exact_plan_adapter_and_parent_ceilings (test_sealed_historical_execution_acquisition_v02.HistoricalExecutionAcquisitionV02Tests.test_registration_preserves_exact_plan_adapter_and_parent_ceilings) ... ok
2026-09-14T00:38:50.8371976Z test_requote_increase_blocks_before_any_time_series_request (test_sealed_historical_execution_acquisition_v02.HistoricalExecutionAcquisitionV02Tests.test_requote_increase_blocks_before_any_time_series_request) ... ok
2026-09-14T00:38:50.8490436Z test_workflow_consumes_only_sole_child_and_durable_upload_precedes_provider (test_sealed_historical_execution_acquisition_v02.HistoricalExecutionAcquisitionV02Tests.test_workflow_consumes_only_sole_child_and_durable_upload_precedes_provider) ... ok
2026-09-14T00:38:50.8493903Z test_extra_member_rejected_even_with_rehashed_inventory (test_sealed_historical_execution_acquisition_v02.HistoricalExecutionV02EndToEndTests.test_extra_member_rejected_even_with_rehashed_inventory) ... skipped 'actual pinned SDK exercised in dedicated v0.2 validation'
2026-09-14T00:38:50.8498030Z test_partial_receipt_failure_retains_all_bytes_without_completion (test_sealed_historical_execution_acquisition_v02.HistoricalExecutionV02EndToEndTests.test_partial_receipt_failure_retains_all_bytes_without_completion) ... skipped 'actual pinned SDK exercised in dedicated v0.2 validation'
2026-09-14T00:38:50.8501884Z test_partial_tape_has_hash_and_cannot_pass_gate (test_sealed_historical_execution_acquisition_v02.HistoricalExecutionV02EndToEndTests.test_partial_tape_has_hash_and_cannot_pass_gate) ... skipped 'actual pinned SDK exercised in dedicated v0.2 validation'
2026-09-14T00:38:50.8505338Z test_provider_failure_retains_complete_prefix_and_safe_ledger (test_sealed_historical_execution_acquisition_v02.HistoricalExecutionV02EndToEndTests.test_provider_failure_retains_complete_prefix_and_safe_ledger) ... skipped 'actual pinned SDK exercised in dedicated v0.2 validation'
2026-09-14T00:38:50.8508557Z test_raw_tape_tamper_rejected (test_sealed_historical_execution_acquisition_v02.HistoricalExecutionV02EndToEndTests.test_raw_tape_tamper_rejected) ... skipped 'actual pinned SDK exercised in dedicated v0.2 validation'
2026-09-14T00:38:50.8512086Z test_real_sdk_full_cli_90_tapes_270_requests_and_full_byte_verification (test_sealed_historical_execution_acquisition_v02.HistoricalExecutionV02EndToEndTests.test_real_sdk_full_cli_90_tapes_270_requests_and_full_byte_verification) ... skipped 'actual pinned SDK exercised in dedicated v0.2 validation'
2026-09-14T00:38:50.8515979Z test_rehashed_ledger_cannot_claim_retry_or_shift_request (test_sealed_historical_execution_acquisition_v02.HistoricalExecutionV02EndToEndTests.test_rehashed_ledger_cannot_claim_retry_or_shift_request) ... skipped 'actual pinned SDK exercised in dedicated v0.2 validation'
2026-09-14T00:38:50.8519558Z test_rehashed_receipt_cannot_replace_request (test_sealed_historical_execution_acquisition_v02.HistoricalExecutionV02EndToEndTests.test_rehashed_receipt_cannot_replace_request) ... skipped 'actual pinned SDK exercised in dedicated v0.2 validation'
2026-09-14T00:38:50.8522852Z test_requote_increase_never_enters_provider_data_stage (test_sealed_historical_execution_acquisition_v02.HistoricalExecutionV02EndToEndTests.test_requote_increase_never_enters_provider_data_stage) ... skipped 'actual pinned SDK exercised in dedicated v0.2 validation'
2026-09-14T00:38:50.8526360Z test_wrong_environment_rejected_even_with_valid_content_hashes (test_sealed_historical_execution_acquisition_v02.HistoricalExecutionV02EndToEndTests.test_wrong_environment_rejected_even_with_valid_content_hashes) ... skipped 'actual pinned SDK exercised in dedicated v0.2 validation'
2026-09-14T00:38:50.8529898Z test_complete_suffix_retains_empty_outcomes_and_closes_gate (test_sealed_historical_execution_acquisition_v03.EndToEndTests.test_complete_suffix_retains_empty_outcomes_and_closes_gate) ... skipped 'real pinned SDK exercised by dedicated validation'
2026-09-14T00:38:50.8533017Z test_malformed_first_native_response_stops_and_retains_failure (test_sealed_historical_execution_acquisition_v03.EndToEndTests.test_malformed_first_native_response_stops_and_retains_failure) ... skipped 'real pinned SDK exercised by dedicated validation'
2026-09-14T00:38:50.8535907Z test_metadata_failure_prevents_all_downloads (test_sealed_historical_execution_acquisition_v03.EndToEndTests.test_metadata_failure_prevents_all_downloads) ... skipped 'real pinned SDK exercised by dedicated validation'
2026-09-14T00:38:50.8538630Z test_missing_consumption_blocks_provider_access (test_sealed_historical_execution_acquisition_v03.EndToEndTests.test_missing_consumption_blocks_provider_access) ... skipped 'real pinned SDK exercised by dedicated validation'
2026-09-14T00:38:50.8541714Z test_partial_receipt_preserves_completed_tape_as_ineligible (test_sealed_historical_execution_acquisition_v03.EndToEndTests.test_partial_receipt_preserves_completed_tape_as_ineligible) ... skipped 'real pinned SDK exercised by dedicated validation'
2026-09-14T00:38:50.8544917Z test_partial_tape_write_is_retained_ineligible_and_stops (test_sealed_historical_execution_acquisition_v03.EndToEndTests.test_partial_tape_write_is_retained_ineligible_and_stops) ... skipped 'real pinned SDK exercised by dedicated validation'
2026-09-14T00:38:50.8547936Z test_rehashed_gate_population_and_receipt_tampering_rejected (test_sealed_historical_execution_acquisition_v03.EndToEndTests.test_rehashed_gate_population_and_receipt_tampering_rejected) ... skipped 'real pinned SDK exercised by dedicated validation'
2026-09-14T00:38:50.8551086Z test_rehashed_tape_mutation_and_extra_member_rejected (test_sealed_historical_execution_acquisition_v03.EndToEndTests.test_rehashed_tape_mutation_and_extra_member_rejected) ... skipped 'real pinned SDK exercised by dedicated validation'
2026-09-14T00:38:50.8554078Z test_advertised_native_decompression_bomb_rejected_before_decode (test_sealed_historical_execution_acquisition_v03.NativeTests.test_advertised_native_decompression_bomb_rejected_before_decode) ... skipped 'real pinned SDK exercised by dedicated validation'
2026-09-14T00:38:50.8557057Z test_equal_native_quote_keys_keep_original_ordinal (test_sealed_historical_execution_acquisition_v03.NativeTests.test_equal_native_quote_keys_keep_original_ordinal) ... skipped 'real pinned SDK exercised by dedicated validation'
2026-09-14T00:38:50.8559976Z test_real_nonempty_and_metadata_only_both_schemas (test_sealed_historical_execution_acquisition_v03.NativeTests.test_real_nonempty_and_metadata_only_both_schemas) ... skipped 'real pinned SDK exercised by dedicated validation'
2026-09-14T00:38:50.8563020Z test_resealed_native_mapping_and_noninteger_count_rejected (test_sealed_historical_execution_acquisition_v03.NativeTests.test_resealed_native_mapping_and_noninteger_count_rejected) ... skipped 'real pinned SDK exercised by dedicated validation'
2026-09-14T00:38:50.8566115Z test_truncated_or_concatenated_zstd_is_not_empty_evidence (test_sealed_historical_execution_acquisition_v03.NativeTests.test_truncated_or_concatenated_zstd_is_not_empty_evidence) ... skipped 'real pinned SDK exercised by dedicated validation'
2026-09-14T00:38:50.8569304Z test_truncated_uncompressed_native_record_rejected (test_sealed_historical_execution_acquisition_v03.NativeTests.test_truncated_uncompressed_native_record_rejected) ... skipped 'real pinned SDK exercised by dedicated validation'
2026-09-14T00:38:50.8572031Z test_wire_ceiling_and_symlink_rejected (test_sealed_historical_execution_acquisition_v03.NativeTests.test_wire_ceiling_and_symlink_rejected) ... skipped 'real pinned SDK exercised by dedicated validation'
2026-09-14T00:38:50.8574804Z test_wrong_metadata_or_missing_mapping_is_not_unavailable (test_sealed_historical_execution_acquisition_v03.NativeTests.test_wrong_metadata_or_missing_mapping_is_not_unavailable) ... skipped 'real pinned SDK exercised by dedicated validation'
2026-09-14T00:38:50.8577479Z test_coverage_never_drops_jva_or_unattempted_requests (test_sealed_historical_execution_acquisition_v03.RegistrationTests.test_coverage_never_drops_jva_or_unattempted_requests) ... ok
2026-09-14T00:38:50.8952431Z test_every_original_quote_ceiling_is_required (test_sealed_historical_execution_acquisition_v03.RegistrationTests.test_every_original_quote_ceiling_is_required) ... ok
2026-09-14T00:38:50.8985947Z test_execution_requires_attempt_one_exact_parent_and_research_branch (test_sealed_historical_execution_acquisition_v03.RegistrationTests.test_execution_requires_attempt_one_exact_parent_and_research_branch) ... ok
2026-09-14T00:38:51.3125939Z test_frozen_suffix_parent_bytes_and_gate_flags (test_sealed_historical_execution_acquisition_v03.RegistrationTests.test_frozen_suffix_parent_bytes_and_gate_flags) ... ok
2026-09-14T00:38:51.5179668Z test_original_or_substituted_requests_rejected (test_sealed_historical_execution_acquisition_v03.RegistrationTests.test_original_or_substituted_requests_rejected) ... ok
2026-09-14T00:38:51.5210129Z test_quote_reseal_cannot_replace_original (test_sealed_historical_execution_acquisition_v03.RegistrationTests.test_quote_reseal_cannot_replace_original) ... ok
2026-09-14T00:38:51.5216441Z test_substituted_parent_artifacts_block_before_acquisition (test_sealed_historical_execution_acquisition_v03.RegistrationTests.test_substituted_parent_artifacts_block_before_acquisition) ... ok
2026-09-14T00:38:51.5330768Z test_transport_reuses_immutable_bounded_methods (test_sealed_historical_execution_acquisition_v03.RegistrationTests.test_transport_reuses_immutable_bounded_methods) ... ok
2026-09-14T00:38:51.5388428Z test_unregistered_metadata_endpoint_window_and_body_blocked (test_sealed_historical_execution_acquisition_v03.RegistrationTests.test_unregistered_metadata_endpoint_window_and_body_blocked) ... ok
2026-09-14T00:38:51.5497358Z test_workflow_consumes_after_parent_checks_before_only_provider (test_sealed_historical_execution_acquisition_v03.RegistrationTests.test_workflow_consumes_after_parent_checks_before_only_provider) ... ok
2026-09-14T00:38:51.5695051Z test_additional_missing_request_cannot_replace_verified_complete_tape (test_sealed_historical_execution_availability_v01.AvailabilityTests.test_additional_missing_request_cannot_replace_verified_complete_tape) ... ok
2026-09-14T00:38:51.6533046Z test_all_109_opportunities_profiles_and_30_dates_retained (test_sealed_historical_execution_availability_v01.AvailabilityTests.test_all_109_opportunities_profiles_and_30_dates_retained) ... ok
2026-09-14T00:38:51.6556667Z test_changed_frozen_parent_is_rejected_before_composition (test_sealed_historical_execution_availability_v01.AvailabilityTests.test_changed_frozen_parent_is_rejected_before_composition) ... ok
2026-09-14T00:38:51.7571102Z test_duplicate_opportunities_and_changed_date_counts_rejected (test_sealed_historical_execution_availability_v01.AvailabilityTests.test_duplicate_opportunities_and_changed_date_counts_rejected) ... ok
2026-09-14T00:38:51.7580798Z test_empty_substituted_or_reordered_source_records_are_rejected (test_sealed_historical_execution_availability_v01.AvailabilityTests.test_empty_substituted_or_reordered_source_records_are_rejected) ... ok
2026-09-14T00:38:51.7586650Z test_fresh_reference_preserves_exact_identity_and_all_closed_gates (test_sealed_historical_execution_availability_v01.AvailabilityTests.test_fresh_reference_preserves_exact_identity_and_all_closed_gates) ... ok
2026-09-14T00:38:54.1698110Z test_full_bundle_reconstruction_write_once_and_tamper_rejection (test_sealed_historical_execution_availability_v01.AvailabilityTests.test_full_bundle_reconstruction_write_once_and_tamper_rejection) ... ok
2026-09-14T00:38:54.1703028Z test_jva_is_explicitly_unavailable_without_synthetic_empty_tape (test_sealed_historical_execution_availability_v01.AvailabilityTests.test_jva_is_explicitly_unavailable_without_synthetic_empty_tape) ... ok
2026-09-14T00:38:54.1710296Z test_known_halt_is_retained_as_its_own_input_state (test_sealed_historical_execution_availability_v01.AvailabilityTests.test_known_halt_is_retained_as_its_own_input_state) ... ok
2026-09-14T00:38:54.1717813Z test_latest_original_ordinal_resolves_same_native_key (test_sealed_historical_execution_availability_v01.AvailabilityTests.test_latest_original_ordinal_resolves_same_native_key) ... ok
2026-09-14T00:38:54.1819890Z test_missing_duplicate_and_reordered_request_population_rejected (test_sealed_historical_execution_availability_v01.AvailabilityTests.test_missing_duplicate_and_reordered_request_population_rejected) ... ok
2026-09-14T00:38:54.1824628Z test_missing_status_request_remains_distinct (test_sealed_historical_execution_availability_v01.AvailabilityTests.test_missing_status_request_remains_distinct) ... ok
2026-09-14T00:38:54.1837181Z test_output_serialization_is_deterministic (test_sealed_historical_execution_availability_v01.AvailabilityTests.test_output_serialization_is_deterministic) ... ok
2026-09-14T00:38:54.1843999Z test_quote_status_tie_is_not_resolved_by_quote_sequence (test_sealed_historical_execution_availability_v01.AvailabilityTests.test_quote_status_tie_is_not_resolved_by_quote_sequence) ... ok
2026-09-14T00:38:54.1850936Z test_reference_100ms_boundary_is_inclusive (test_sealed_historical_execution_availability_v01.AvailabilityTests.test_reference_100ms_boundary_is_inclusive) ... ok
2026-09-14T00:38:54.6451784Z test_registration_rederives_exact_frozen_parent_chain (test_sealed_historical_execution_availability_v01.AvailabilityTests.test_registration_rederives_exact_frozen_parent_chain) ... ok
2026-09-14T00:38:54.6547163Z test_rehashed_contract_cannot_change_thresholds_or_population (test_sealed_historical_execution_availability_v01.AvailabilityTests.test_rehashed_contract_cannot_change_thresholds_or_population) ... ok
2026-09-14T00:38:54.6556322Z test_request_identity_and_incomplete_window_substitution_rejected (test_sealed_historical_execution_availability_v01.AvailabilityTests.test_request_identity_and_incomplete_window_substitution_rejected) ... ok
2026-09-14T00:38:54.6567114Z test_stale_or_postdecision_quotes_never_become_reference (test_sealed_historical_execution_availability_v01.AvailabilityTests.test_stale_or_postdecision_quotes_never_become_reference) ... ok
2026-09-14T00:38:54.6575603Z test_symlink_and_repository_input_output_paths_rejected (test_sealed_historical_execution_availability_v01.AvailabilityTests.test_symlink_and_repository_input_output_paths_rejected) ... ok
2026-09-14T00:38:54.6591260Z test_unknown_initial_late_and_tail_status_fail_closed (test_sealed_historical_execution_availability_v01.AvailabilityTests.test_unknown_initial_late_and_tail_status_fail_closed) ... ok
2026-09-14T00:38:54.6598511Z test_unusable_quotes_do_not_renumber_source_ordinals (test_sealed_historical_execution_availability_v01.AvailabilityTests.test_unusable_quotes_do_not_renumber_source_ordinals) ... ok
2026-09-14T00:38:55.1751132Z test_wrong_archive_rejected_before_capture_verifier (test_sealed_historical_execution_availability_v01.AvailabilityTests.test_wrong_archive_rejected_before_capture_verifier) ... ok
2026-09-14T00:38:55.1753930Z test_actual_sdk_end_to_end_failed_order_retains_diagnostic_and_cleans_raw (test_sealed_historical_execution_diagnostic_v01.DiagnosticTests.test_actual_sdk_end_to_end_failed_order_retains_diagnostic_and_cleans_raw) ... skipped 'pinned SDK covered by dedicated diagnostic validation'
2026-09-14T00:38:55.1757085Z test_actual_sdk_success_never_becomes_runtime_input (test_sealed_historical_execution_diagnostic_v01.DiagnosticTests.test_actual_sdk_success_never_becomes_runtime_input) ... skipped 'pinned SDK covered by dedicated diagnostic validation'
2026-09-14T00:38:55.1809727Z test_crossed_and_undefined_books_are_not_filtered_or_repaired (test_sealed_historical_execution_diagnostic_v01.DiagnosticTests.test_crossed_and_undefined_books_are_not_filtered_or_repaired) ... ok
2026-09-14T00:38:55.1862128Z test_duplicate_and_descending_quote_keys_retained_in_original_order (test_sealed_historical_execution_diagnostic_v01.DiagnosticTests.test_duplicate_and_descending_quote_keys_retained_in_original_order) ... ok
2026-09-14T00:38:55.1888213Z test_equal_receive_time_increasing_sequence_is_preserved (test_sealed_historical_execution_diagnostic_v01.DiagnosticTests.test_equal_receive_time_increasing_sequence_is_preserved) ... ok
2026-09-14T00:38:55.2486583Z test_exact_failure_and_frozen_parent_chain (test_sealed_historical_execution_diagnostic_v01.DiagnosticTests.test_exact_failure_and_frozen_parent_chain) ... ok
2026-09-14T00:38:55.2510272Z test_execution_rejects_attempt_two_and_changed_code (test_sealed_historical_execution_diagnostic_v01.DiagnosticTests.test_execution_rejects_attempt_two_and_changed_code) ... ok
2026-09-14T00:38:55.2557972Z test_field_and_integer_failures_remain_explicit (test_sealed_historical_execution_diagnostic_v01.DiagnosticTests.test_field_and_integer_failures_remain_explicit) ... ok
2026-09-14T00:38:55.2567463Z test_forbidden_endpoint_symbol_and_window_are_rejected_before_io (test_sealed_historical_execution_diagnostic_v01.DiagnosticTests.test_forbidden_endpoint_symbol_and_window_are_rejected_before_io) ... ok
2026-09-14T00:38:55.2570189Z test_fresh_quote_increase_never_downloads (test_sealed_historical_execution_diagnostic_v01.DiagnosticTests.test_fresh_quote_increase_never_downloads) ... skipped 'pinned SDK covered by dedicated diagnostic validation'
2026-09-14T00:38:55.2632414Z test_metadata_failure_codes_are_exact_and_do_not_rewrite_fields (test_sealed_historical_execution_diagnostic_v01.DiagnosticTests.test_metadata_failure_codes_are_exact_and_do_not_rewrite_fields) ... ok
2026-09-14T00:38:55.2636474Z test_metadata_http_error_stops_without_retry_and_journals_before_io (test_sealed_historical_execution_diagnostic_v01.DiagnosticTests.test_metadata_http_error_stops_without_retry_and_journals_before_io) ... ok
2026-09-14T00:38:55.2686594Z test_nanosecond_receive_bounds_remain_exclusive (test_sealed_historical_execution_diagnostic_v01.DiagnosticTests.test_nanosecond_receive_bounds_remain_exclusive) ... ok
2026-09-14T00:38:55.2689341Z test_overlarge_download_retains_failure_and_removes_partial_raw (test_sealed_historical_execution_diagnostic_v01.DiagnosticTests.test_overlarge_download_retains_failure_and_removes_partial_raw) ... skipped 'pinned SDK covered by dedicated diagnostic validation'
2026-09-14T00:38:55.2722107Z test_projection_determinism_content_hash_and_retention_ceiling (test_sealed_historical_execution_diagnostic_v01.DiagnosticTests.test_projection_determinism_content_hash_and_retention_ceiling) ... ok
2026-09-14T00:38:55.2741730Z test_projection_row_limit_is_explicit (test_sealed_historical_execution_diagnostic_v01.DiagnosticTests.test_projection_row_limit_is_explicit) ... ok
2026-09-14T00:38:55.2744917Z test_request_substitution_cannot_pass_preflight_or_inspection (test_sealed_historical_execution_diagnostic_v01.DiagnosticTests.test_request_substitution_cannot_pass_preflight_or_inspection) ... ok
2026-09-14T00:38:55.2748032Z test_size_cost_zero_or_incomplete_preflight_blocks (test_sealed_historical_execution_diagnostic_v01.DiagnosticTests.test_size_cost_zero_or_incomplete_preflight_blocks) ... ok
2026-09-14T00:38:55.2762119Z test_unknown_text_and_exception_details_cannot_escape (test_sealed_historical_execution_diagnostic_v01.DiagnosticTests.test_unknown_text_and_exception_details_cannot_escape) ... ok
2026-09-14T00:38:55.2865395Z test_workflow_consumption_is_durable_before_only_provider_step (test_sealed_historical_execution_diagnostic_v01.DiagnosticTests.test_workflow_consumption_is_durable_before_only_provider_step) ... ok
2026-09-14T00:38:55.2869835Z test_cli_malformed_native_preserves_failure_and_no_usable_tape (test_sealed_historical_execution_empty_diagnostic_v01.NativeDiagnosticTests.test_cli_malformed_native_preserves_failure_and_no_usable_tape) ... skipped 'real pinned SDK exercised by dedicated validation'
2026-09-14T00:38:55.2873411Z test_complete_cli_requires_consumption_preserves_empty_evidence_and_verifies (test_sealed_historical_execution_empty_diagnostic_v01.NativeDiagnosticTests.test_complete_cli_requires_consumption_preserves_empty_evidence_and_verifies) ... skipped 'real pinned SDK exercised by dedicated validation'
2026-09-14T00:38:55.2876315Z test_compressed_metadata_only_has_no_native_or_mapped_records (test_sealed_historical_execution_empty_diagnostic_v01.NativeDiagnosticTests.test_compressed_metadata_only_has_no_native_or_mapped_records) ... skipped 'real pinned SDK exercised by dedicated validation'
2026-09-14T00:38:55.2878448Z test_decompression_bound_rejects_compression_bomb (test_sealed_historical_execution_empty_diagnostic_v01.NativeDiagnosticTests.test_decompression_bound_rejects_compression_bomb) ... skipped 'real pinned SDK exercised by dedicated validation'
2026-09-14T00:38:55.2880498Z test_empty_without_symbol_resolution_is_recorded_without_substituting_mapping (test_sealed_historical_execution_empty_diagnostic_v01.NativeDiagnosticTests.test_empty_without_symbol_resolution_is_recorded_without_substituting_mapping) ... skipped 'real pinned SDK exercised by dedicated validation'
2026-09-14T00:38:55.2882588Z test_exact_three_calls_empty_evidence_and_raw_cleanup (test_sealed_historical_execution_empty_diagnostic_v01.NativeDiagnosticTests.test_exact_three_calls_empty_evidence_and_raw_cleanup) ... skipped 'real pinned SDK exercised by dedicated validation'
2026-09-14T00:38:55.2884187Z test_http_error_sanitized_and_no_retry (test_sealed_historical_execution_empty_diagnostic_v01.NativeDiagnosticTests.test_http_error_sanitized_and_no_retry) ... skipped 'real pinned SDK exercised by dedicated validation'
2026-09-14T00:38:55.2885744Z test_metadata_ceiling_failure_never_downloads (test_sealed_historical_execution_empty_diagnostic_v01.NativeDiagnosticTests.test_metadata_ceiling_failure_never_downloads) ... skipped 'real pinned SDK exercised by dedicated validation'
2026-09-14T00:38:55.2887480Z test_mismatched_symbol_and_nanosecond_bound_fail_exact_binding (test_sealed_historical_execution_empty_diagnostic_v01.NativeDiagnosticTests.test_mismatched_symbol_and_nanosecond_bound_fail_exact_binding) ... skipped 'real pinned SDK exercised by dedicated validation'
2026-09-14T00:38:55.2889426Z test_nonempty_and_tied_records_preserve_native_fields_and_normalizer (test_sealed_historical_execution_empty_diagnostic_v01.NativeDiagnosticTests.test_nonempty_and_tied_records_preserve_native_fields_and_normalizer) ... skipped 'real pinned SDK exercised by dedicated validation'
2026-09-14T00:38:55.2891271Z test_oversized_partial_wire_retains_failure_ledger_and_removes_raw (test_sealed_historical_execution_empty_diagnostic_v01.NativeDiagnosticTests.test_oversized_partial_wire_retains_failure_ledger_and_removes_raw) ... skipped 'real pinned SDK exercised by dedicated validation'
2026-09-14T00:38:55.2893182Z test_rehashed_report_inventory_and_ledger_tampering_rejected (test_sealed_historical_execution_empty_diagnostic_v01.NativeDiagnosticTests.test_rehashed_report_inventory_and_ledger_tampering_rejected) ... skipped 'real pinned SDK exercised by dedicated validation'
2026-09-14T00:38:55.2895016Z test_truncated_or_concatenated_compression_frames_are_not_empty_success (test_sealed_historical_execution_empty_diagnostic_v01.NativeDiagnosticTests.test_truncated_or_concatenated_compression_frames_are_not_empty_success) ... skipped 'real pinned SDK exercised by dedicated validation'
2026-09-14T00:38:55.2896775Z test_truncated_record_cannot_be_reported_as_empty (test_sealed_historical_execution_empty_diagnostic_v01.NativeDiagnosticTests.test_truncated_record_cannot_be_reported_as_empty) ... skipped 'real pinned SDK exercised by dedicated validation'
2026-09-14T00:38:55.2898473Z test_uncompressed_fixture_uses_same_native_record_observation (test_sealed_historical_execution_empty_diagnostic_v01.NativeDiagnosticTests.test_uncompressed_fixture_uses_same_native_record_observation) ... skipped 'real pinned SDK exercised by dedicated validation'
2026-09-14T00:38:55.4922754Z test_exact_failed_request_and_immutable_bytes (test_sealed_historical_execution_empty_diagnostic_v01.RegistrationTests.test_exact_failed_request_and_immutable_bytes) ... ok
2026-09-14T00:38:55.4946737Z test_execution_attempt_two_changed_tree_and_main_rejected (test_sealed_historical_execution_empty_diagnostic_v01.RegistrationTests.test_execution_attempt_two_changed_tree_and_main_rejected) ... ok
2026-09-14T00:38:55.4951068Z test_metadata_overestimate_does_not_relax_quote_ceiling (test_sealed_historical_execution_empty_diagnostic_v01.RegistrationTests.test_metadata_overestimate_does_not_relax_quote_ceiling) ... ok
2026-09-14T00:38:55.4957682Z test_parent_failure_zip_substitution_is_rejected (test_sealed_historical_execution_empty_diagnostic_v01.RegistrationTests.test_parent_failure_zip_substitution_is_rejected) ... ok
2026-09-14T00:38:55.4970354Z test_substitute_request_quote_and_window_rejected (test_sealed_historical_execution_empty_diagnostic_v01.RegistrationTests.test_substitute_request_quote_and_window_rejected) ... ok
2026-09-14T00:38:55.4974691Z test_unknown_text_is_hashed_and_arbitrary_errors_never_retained (test_sealed_historical_execution_empty_diagnostic_v01.RegistrationTests.test_unknown_text_is_hashed_and_arbitrary_errors_never_retained) ... ok
2026-09-14T00:38:55.5077838Z test_workflow_consumes_once_after_exact_parent_and_before_only_provider (test_sealed_historical_execution_empty_diagnostic_v01.RegistrationTests.test_workflow_consumes_once_after_exact_parent_and_before_only_provider) ... ok
2026-09-14T00:38:55.5509619Z test_all_dates_and_genuine_empty_dates_remain_explicit (test_sealed_historical_execution_inputs_v01.HistoricalExecutionInputRegistrationTests.test_all_dates_and_genuine_empty_dates_remain_explicit) ... ok
2026-09-14T00:38:55.6011895Z test_committed_bundle_rederives_from_every_exact_parent_file (test_sealed_historical_execution_inputs_v01.HistoricalExecutionInputRegistrationTests.test_committed_bundle_rederives_from_every_exact_parent_file) ... ok
2026-09-14T00:38:55.6074455Z test_every_source_decision_is_preserved_without_account_selection (test_sealed_historical_execution_inputs_v01.HistoricalExecutionInputRegistrationTests.test_every_source_decision_is_preserved_without_account_selection) ... ok
2026-09-14T00:38:55.6079059Z test_historical_bundle_cannot_be_passed_off_as_prospective (test_sealed_historical_execution_inputs_v01.HistoricalExecutionInputRegistrationTests.test_historical_bundle_cannot_be_passed_off_as_prospective) ... ok
2026-09-14T00:38:55.6082100Z test_missing_gate_cannot_be_turned_into_quote_or_simulation_authority (test_sealed_historical_execution_inputs_v01.HistoricalExecutionInputRegistrationTests.test_missing_gate_cannot_be_turned_into_quote_or_simulation_authority) ... ok
2026-09-14T00:38:55.6140893Z test_missing_source_date_is_not_zero_opportunities (test_sealed_historical_execution_inputs_v01.HistoricalExecutionInputRegistrationTests.test_missing_source_date_is_not_zero_opportunities) ... ok
2026-09-14T00:38:55.6152681Z test_opportunity_id_excludes_profile_selection_but_retains_profile_provenance (test_sealed_historical_execution_inputs_v01.HistoricalExecutionInputRegistrationTests.test_opportunity_id_excludes_profile_selection_but_retains_profile_provenance) ... ok
2026-09-14T00:38:55.6157028Z test_real_nanosecond_window_and_same_time_distinct_activations (test_sealed_historical_execution_inputs_v01.HistoricalExecutionInputRegistrationTests.test_real_nanosecond_window_and_same_time_distinct_activations) ... ok
2026-09-14T00:38:55.8021054Z test_registration_is_write_once (test_sealed_historical_execution_inputs_v01.HistoricalExecutionInputRegistrationTests.test_registration_is_write_once) ... ok
2026-09-14T00:38:56.1027632Z test_rehashed_output_request_or_identity_tampering_is_rejected (test_sealed_historical_execution_inputs_v01.HistoricalExecutionInputRegistrationTests.test_rehashed_output_request_or_identity_tampering_is_rejected) ... ok
2026-09-14T00:38:56.1114602Z test_rehashed_parent_change_is_rejected_before_plan_creation (test_sealed_historical_execution_inputs_v01.HistoricalExecutionInputRegistrationTests.test_rehashed_parent_change_is_rejected_before_plan_creation) ... ok
2026-09-14T00:38:56.3573163Z test_rehashed_retrospective_and_account_fields_are_rejected (test_sealed_historical_execution_inputs_v01.HistoricalExecutionInputRegistrationTests.test_rehashed_retrospective_and_account_fields_are_rejected) ... ok
2026-09-14T00:38:56.4426944Z test_symlink_or_extra_file_is_rejected (test_sealed_historical_execution_inputs_v01.HistoricalExecutionInputRegistrationTests.test_symlink_or_extra_file_is_rejected) ... ok
2026-09-14T00:38:56.7074149Z test_call_is_journaled_before_provider_and_failure_is_retained (test_sealed_historical_execution_quote_v01.HistoricalExecutionQuoteTests.test_call_is_journaled_before_provider_and_failure_is_retained) ... ok
2026-09-14T00:38:56.7084141Z test_changed_request_is_rejected_before_client_call (test_sealed_historical_execution_quote_v01.HistoricalExecutionQuoteTests.test_changed_request_is_rejected_before_client_call) ... ok
2026-09-14T00:38:56.7232022Z test_complete_quote_visits_every_method_once_and_preserves_nanos (test_sealed_historical_execution_quote_v01.HistoricalExecutionQuoteTests.test_complete_quote_visits_every_method_once_and_preserves_nanos) ... ok
2026-09-14T00:38:56.7236435Z test_exact_registration_requires_all_ninety_requests (test_sealed_historical_execution_quote_v01.HistoricalExecutionQuoteTests.test_exact_registration_requires_all_ninety_requests) ... ok
2026-09-14T00:38:56.7254603Z test_execution_is_parent_bound_and_rejects_reruns (test_sealed_historical_execution_quote_v01.HistoricalExecutionQuoteTests.test_execution_is_parent_bound_and_rejects_reruns) ... ok
2026-09-14T00:38:56.7710287Z test_invalid_numeric_results_fail_closed (test_sealed_historical_execution_quote_v01.HistoricalExecutionQuoteTests.test_invalid_numeric_results_fail_closed) ... ok
2026-09-14T00:38:56.7714996Z test_other_sdk_metadata_method_has_no_network_authority (test_sealed_historical_execution_quote_v01.HistoricalExecutionQuoteTests.test_other_sdk_metadata_method_has_no_network_authority) ... skipped 'pinned SDK exercised by dedicated quote validation'
2026-09-14T00:38:56.7724142Z test_preflight_failure_is_explicit_and_zero_call (test_sealed_historical_execution_quote_v01.HistoricalExecutionQuoteTests.test_preflight_failure_is_explicit_and_zero_call) ... ok
2026-09-14T00:38:56.7817788Z test_provider_errors_are_sanitized_no_retry_and_totals_unknown (test_sealed_historical_execution_quote_v01.HistoricalExecutionQuoteTests.test_provider_errors_are_sanitized_no_retry_and_totals_unknown) ... ok
2026-09-14T00:38:56.7823484Z test_real_pinned_sdk_serializes_all_180_exact_http_requests (test_sealed_historical_execution_quote_v01.HistoricalExecutionQuoteTests.test_real_pinned_sdk_serializes_all_180_exact_http_requests) ... skipped 'pinned SDK exercised by dedicated quote validation'
2026-09-14T00:38:56.8191708Z test_rehashed_report_identity_or_gate_tampering_is_rejected (test_sealed_historical_execution_quote_v01.HistoricalExecutionQuoteTests.test_rehashed_report_identity_or_gate_tampering_is_rejected) ... ok
2026-09-14T00:38:56.8260993Z test_transport_redirect_http_and_oversized_response_fail_without_retry (test_sealed_historical_execution_quote_v01.HistoricalExecutionQuoteTests.test_transport_redirect_http_and_oversized_response_fail_without_retry) ... ok
2026-09-14T00:38:56.8306879Z test_transport_rejects_other_endpoints_or_changed_symbols_before_network (test_sealed_historical_execution_quote_v01.HistoricalExecutionQuoteTests.test_transport_rejects_other_endpoints_or_changed_symbols_before_network) ... ok
2026-09-14T00:38:56.8396787Z test_workflow_consumes_and_uploads_before_the_only_secret_step (test_sealed_historical_execution_quote_v01.HistoricalExecutionQuoteTests.test_workflow_consumes_and_uploads_before_the_only_secret_step) ... ok
2026-09-14T00:38:56.8492391Z test_zero_size_is_unavailable_and_does_not_change_the_plan (test_sealed_historical_execution_quote_v01.HistoricalExecutionQuoteTests.test_zero_size_is_unavailable_and_does_not_change_the_plan) ... ok
2026-09-14T00:38:56.8943355Z test_registration_preserves_baseline_and_closes_counterfactual_claims (test_sealed_historical_loss_attribution_v01.FrozenEvidenceTests.test_registration_preserves_baseline_and_closes_counterfactual_claims) ... ok
2026-09-14T00:39:00.8980670Z test_report_reproduces_exactly_from_saved_evidence (test_sealed_historical_loss_attribution_v01.FrozenEvidenceTests.test_report_reproduces_exactly_from_saved_evidence) ... ok
2026-09-14T00:39:00.9430882Z test_wrong_external_registration_is_rejected (test_sealed_historical_loss_attribution_v01.FrozenEvidenceTests.test_wrong_external_registration_is_rejected) ... ok
2026-09-14T00:39:00.9434062Z test_exit_groups_do_not_double_debit_entry_fees (test_sealed_historical_loss_attribution_v01.GroupTests.test_exit_groups_do_not_double_debit_entry_fees) ... ok
2026-09-14T00:39:00.9436719Z test_unknown_group_cannot_silently_drop_losses (test_sealed_historical_loss_attribution_v01.GroupTests.test_unknown_group_cannot_silently_drop_losses) ... ok
2026-09-14T00:39:00.9439645Z test_zero_groups_and_no_trade_population_are_explicit (test_sealed_historical_loss_attribution_v01.GroupTests.test_zero_groups_and_no_trade_population_are_explicit) ... ok
2026-09-14T00:39:00.9442633Z test_duplicate_order_id_rejected (test_sealed_historical_loss_attribution_v01.OrderTests.test_duplicate_order_id_rejected) ... ok
2026-09-14T00:39:00.9444931Z test_missing_replacement_authority_not_treated_as_first_terminal (test_sealed_historical_loss_attribution_v01.OrderTests.test_missing_replacement_authority_not_treated_as_first_terminal) ... ok
2026-09-14T00:39:00.9446781Z test_negative_wait_rejected (test_sealed_historical_loss_attribution_v01.OrderTests.test_negative_wait_rejected) ... ok
2026-09-14T00:39:00.9448391Z test_reused_replacement_evidence_is_rejected (test_sealed_historical_loss_attribution_v01.OrderTests.test_reused_replacement_evidence_is_rejected) ... ok
2026-09-14T00:39:00.9450617Z test_targets_replacements_and_waiting_are_separate_dimensions (test_sealed_historical_loss_attribution_v01.OrderTests.test_targets_replacements_and_waiting_are_separate_dimensions) ... ok
2026-09-14T00:39:00.9452662Z test_unfilled_order_is_retained_without_a_fill (test_sealed_historical_loss_attribution_v01.OrderTests.test_unfilled_order_is_retained_without_a_fill) ... ok
2026-09-14T00:39:00.9454376Z test_unknown_exit_reason_rejected (test_sealed_historical_loss_attribution_v01.OrderTests.test_unknown_exit_reason_rejected) ... ok
2026-09-14T00:39:00.9456000Z test_wrong_sidecar_order_is_rejected (test_sealed_historical_loss_attribution_v01.OrderTests.test_wrong_sidecar_order_is_rejected) ... ok
2026-09-14T00:39:00.9457700Z test_wrong_terminal_attempt_number_rejected (test_sealed_historical_loss_attribution_v01.OrderTests.test_wrong_terminal_attempt_number_rejected) ... ok
2026-09-14T00:39:00.9459961Z test_exact_bridge_separates_entry_shortfall_and_fees (test_sealed_historical_loss_attribution_v01.PriceTests.test_exact_bridge_separates_entry_shortfall_and_fees) ... ok
2026-09-14T00:39:00.9461889Z test_exact_filled_size_not_requested_size_used (test_sealed_historical_loss_attribution_v01.PriceTests.test_exact_filled_size_not_requested_size_used) ... ok
2026-09-14T00:39:00.9463916Z test_float_stop_uses_serialized_decimal_not_binary_expansion (test_sealed_historical_loss_attribution_v01.PriceTests.test_float_stop_uses_serialized_decimal_not_binary_expansion) ... ok
2026-09-14T00:39:00.9465380Z test_invalid_or_nonfinite_price_rejected (test_sealed_historical_loss_attribution_v01.PriceTests.test_invalid_or_nonfinite_price_rejected) ... ok
2026-09-14T00:39:00.9466421Z test_outer_decimal_context_does_not_change_bridge (test_sealed_historical_loss_attribution_v01.PriceTests.test_outer_decimal_context_does_not_change_bridge) ... ok
2026-09-14T00:39:00.9467387Z test_partial_exits_all_required (test_sealed_historical_loss_attribution_v01.PriceTests.test_partial_exits_all_required) ... ok
2026-09-14T00:39:00.9468316Z test_price_improvement_is_signed_not_clipped (test_sealed_historical_loss_attribution_v01.PriceTests.test_price_improvement_is_signed_not_clipped) ... ok
2026-09-14T00:39:00.9480625Z test_absent_symbol_and_null_rows_retain_empty_receipts (test_sealed_historical_management_capture_v01.ManagementCaptureTests.test_absent_symbol_and_null_rows_retain_empty_receipts) ... ok
2026-09-14T00:39:01.1143206Z test_all_http_errors_are_one_attempt_without_retry_or_provider_body (test_sealed_historical_management_capture_v01.ManagementCaptureTests.test_all_http_errors_are_one_attempt_without_retry_or_provider_body) ... ok
2026-09-14T00:39:09.1580222Z test_all_ten_urls_match_previously_frozen_nanosecond_renderer (test_sealed_historical_management_capture_v01.ManagementCaptureTests.test_all_ten_urls_match_previously_frozen_nanosecond_renderer) ... ok
2026-09-14T00:39:17.6548703Z test_archive_rejects_resealed_wrong_ledger_request_receipt_and_provenance (test_sealed_historical_management_capture_v01.ManagementCaptureTests.test_archive_rejects_resealed_wrong_ledger_request_receipt_and_provenance) ... ok
2026-09-14T00:39:17.6952244Z test_attempt_ceiling_and_repeated_page_block_before_network (test_sealed_historical_management_capture_v01.ManagementCaptureTests.test_attempt_ceiling_and_repeated_page_block_before_network) ... ok
2026-09-14T00:39:17.7148220Z test_attempt_is_durably_recorded_before_get_and_contains_no_credentials (test_sealed_historical_management_capture_v01.ManagementCaptureTests.test_attempt_is_durably_recorded_before_get_and_contains_no_credentials) ... ok
2026-09-14T00:39:17.7163991Z test_before_start_and_exact_exclusive_end_are_rejected (test_sealed_historical_management_capture_v01.ManagementCaptureTests.test_before_start_and_exact_exclusive_end_are_rejected) ... ok
2026-09-14T00:39:17.7355321Z test_changed_request_blocks_before_network (test_sealed_historical_management_capture_v01.ManagementCaptureTests.test_changed_request_blocks_before_network) ... ok
2026-09-14T00:39:20.0714282Z test_cli_http_failure_retains_full_metadata_ledger_inventory_and_partial_tape (test_sealed_historical_management_capture_v01.ManagementCaptureTests.test_cli_http_failure_retains_full_metadata_ledger_inventory_and_partial_tape) ... ok
2026-09-14T00:39:23.2505099Z test_cli_rejects_wrong_consumption_or_source_receipt_before_provider_construction (test_sealed_historical_management_capture_v01.ManagementCaptureTests.test_cli_rejects_wrong_consumption_or_source_receipt_before_provider_construction) ... ok
2026-09-14T00:39:23.2565793Z test_complete_synthetic_capture_retains_all_ten_requests_and_no_runtime (test_sealed_historical_management_capture_v01.ManagementCaptureTests.test_complete_synthetic_capture_retains_all_ten_requests_and_no_runtime) ... ok
2026-09-14T00:39:23.2567978Z test_compressed_byte_limit_is_checked_before_every_write (test_sealed_historical_management_capture_v01.ManagementCaptureTests.test_compressed_byte_limit_is_checked_before_every_write) ... ok
2026-09-14T00:39:23.2581832Z test_empty_exhausted_segments_are_retained_for_both_resources (test_sealed_historical_management_capture_v01.ManagementCaptureTests.test_empty_exhausted_segments_are_retained_for_both_resources) ... ok
2026-09-14T00:39:23.2590125Z test_empty_page_with_token_is_exhausted_not_mistaken_for_completion (test_sealed_historical_management_capture_v01.ManagementCaptureTests.test_empty_page_with_token_is_exhausted_not_mistaken_for_completion) ... ok
2026-09-14T00:39:23.2601080Z test_exact_endpoint_and_same_timestamp_order_are_lossless (test_sealed_historical_management_capture_v01.ManagementCaptureTests.test_exact_endpoint_and_same_timestamp_order_are_lossless) ... ok
2026-09-14T00:39:23.2609716Z test_execution_full_hashes_are_required (test_sealed_historical_management_capture_v01.ManagementCaptureTests.test_execution_full_hashes_are_required) ... ok
2026-09-14T00:39:23.2629844Z test_execution_rerun_wrong_branch_event_and_parent_are_rejected (test_sealed_historical_management_capture_v01.ManagementCaptureTests.test_execution_rerun_wrong_branch_event_and_parent_are_rejected) ... ok
2026-09-14T00:39:23.2644843Z test_existing_output_and_symlink_are_not_modified (test_sealed_historical_management_capture_v01.ManagementCaptureTests.test_existing_output_and_symlink_are_not_modified) ... ok
2026-09-14T00:39:23.2669326Z test_failure_retains_completed_receipt_and_partial_tape_sanitized (test_sealed_historical_management_capture_v01.ManagementCaptureTests.test_failure_retains_completed_receipt_and_partial_tape_sanitized) ... ok
2026-09-14T00:39:27.1435497Z test_full_cli_capture_to_archive_verification_including_empty_receipt (test_sealed_historical_management_capture_v01.ManagementCaptureTests.test_full_cli_capture_to_archive_verification_including_empty_receipt) ... ok
2026-09-14T00:39:27.1443123Z test_gzip_failure_keeps_partial_evidence_inside_shared_ceiling (test_sealed_historical_management_capture_v01.ManagementCaptureTests.test_gzip_failure_keeps_partial_evidence_inside_shared_ceiling) ... ok
2026-09-14T00:39:27.1461985Z test_incomplete_reordered_or_changed_request_sets_fail_before_capture (test_sealed_historical_management_capture_v01.ManagementCaptureTests.test_incomplete_reordered_or_changed_request_sets_fail_before_capture) ... ok
2026-09-14T00:39:27.1490180Z test_invalid_or_repeated_pagination_tokens_fail (test_sealed_historical_management_capture_v01.ManagementCaptureTests.test_invalid_or_repeated_pagination_tokens_fail) ... ok
2026-09-14T00:39:27.1708507Z test_minimum_interval_applies_between_actual_attempts (test_sealed_historical_management_capture_v01.ManagementCaptureTests.test_minimum_interval_applies_between_actual_attempts) ... ok
2026-09-14T00:39:27.1712582Z test_minute_bars_must_be_unique_aligned_and_have_valid_ohlc (test_sealed_historical_management_capture_v01.ManagementCaptureTests.test_minute_bars_must_be_unique_aligned_and_have_valid_ohlc) ... ok
2026-09-14T00:39:27.1716226Z test_missing_credentials_fail_before_any_transport (test_sealed_historical_management_capture_v01.ManagementCaptureTests.test_missing_credentials_fail_before_any_transport) ... ok
2026-09-14T00:39:27.1733598Z test_non_chronological_or_duplicate_rows_across_pages_fail (test_sealed_historical_management_capture_v01.ManagementCaptureTests.test_non_chronological_or_duplicate_rows_across_pages_fail) ... ok
2026-09-14T00:39:27.1737533Z test_parent_byte_tampering_cannot_be_resealed (test_sealed_historical_management_capture_v01.ManagementCaptureTests.test_parent_byte_tampering_cannot_be_resealed) ... ok
2026-09-14T00:39:27.1740275Z test_redirect_handler_never_returns_redirect_request (test_sealed_historical_management_capture_v01.ManagementCaptureTests.test_redirect_handler_never_returns_redirect_request) ... ok
2026-09-14T00:39:27.9726616Z test_registration_exactly_binds_verified_parent_and_closed_execution_gates (test_sealed_historical_management_capture_v01.ManagementCaptureTests.test_registration_exactly_binds_verified_parent_and_closed_execution_gates) ... ok
2026-09-14T00:39:28.0505433Z test_response_bytes_invalid_json_duplicate_keys_and_non_object_fail (test_sealed_historical_management_capture_v01.ManagementCaptureTests.test_response_bytes_invalid_json_duplicate_keys_and_non_object_fail) ... ok
2026-09-14T00:39:28.0696396Z test_retained_byte_ceiling_blocks_before_network (test_sealed_historical_management_capture_v01.ManagementCaptureTests.test_retained_byte_ceiling_blocks_before_network) ... ok
2026-09-14T00:39:28.1273540Z test_transport_timeouts_and_url_errors_do_not_retry (test_sealed_historical_management_capture_v01.ManagementCaptureTests.test_transport_timeouts_and_url_errors_do_not_retry) ... ok
2026-09-14T00:39:28.1280360Z test_unchanged_normalization_retains_conditions_but_rejects_invalid_fields (test_sealed_historical_management_capture_v01.ManagementCaptureTests.test_unchanged_normalization_retains_conditions_but_rejects_invalid_fields) ... ok
2026-09-14T00:39:28.1284746Z test_url_rejects_modified_or_unregistered_request_and_invalid_token (test_sealed_historical_management_capture_v01.ManagementCaptureTests.test_url_rejects_modified_or_unregistered_request_and_invalid_token) ... ok
2026-09-14T00:39:28.8996346Z test_verified_reuse_receipt_honestly_attests_prior_source_verification (test_sealed_historical_management_capture_v01.ManagementCaptureTests.test_verified_reuse_receipt_honestly_attests_prior_source_verification) ... ok
2026-09-14T00:39:28.9065965Z test_workflow_consumes_and_uploads_before_credentials_and_has_no_rerun_trigger (test_sealed_historical_management_capture_v01.ManagementCaptureTests.test_workflow_consumes_and_uploads_before_credentials_and_has_no_rerun_trigger) ... ok
2026-09-14T00:39:28.9097273Z test_wrong_symbol_missing_fields_and_oversized_page_fail (test_sealed_historical_management_capture_v01.ManagementCaptureTests.test_wrong_symbol_missing_fields_and_oversized_page_fail) ... ok
2026-09-14T00:39:28.9100468Z test_complete_exit_capture_retains_empty_outcomes_and_closes_gate (test_sealed_historical_management_exit_acquisition_v01.EndToEndTests.test_complete_exit_capture_retains_empty_outcomes_and_closes_gate) ... skipped 'real pinned SDK exercised by dedicated validation'
2026-09-14T00:39:28.9103829Z test_failed_temporary_cleanup_cannot_report_complete_evidence (test_sealed_historical_management_exit_acquisition_v01.EndToEndTests.test_failed_temporary_cleanup_cannot_report_complete_evidence) ... skipped 'real pinned SDK exercised by dedicated validation'
2026-09-14T00:39:28.9107385Z test_malformed_first_native_response_stops_and_retains_failure (test_sealed_historical_management_exit_acquisition_v01.EndToEndTests.test_malformed_first_native_response_stops_and_retains_failure) ... skipped 'real pinned SDK exercised by dedicated validation'
2026-09-14T00:39:28.9110680Z test_metadata_failure_prevents_all_downloads (test_sealed_historical_management_exit_acquisition_v01.EndToEndTests.test_metadata_failure_prevents_all_downloads) ... skipped 'real pinned SDK exercised by dedicated validation'
2026-09-14T00:39:28.9113578Z test_missing_consumption_blocks_provider_access (test_sealed_historical_management_exit_acquisition_v01.EndToEndTests.test_missing_consumption_blocks_provider_access) ... skipped 'real pinned SDK exercised by dedicated validation'
2026-09-14T00:39:28.9116627Z test_missing_credential_preserves_zero_call_failure_evidence (test_sealed_historical_management_exit_acquisition_v01.EndToEndTests.test_missing_credential_preserves_zero_call_failure_evidence) ... skipped 'real pinned SDK exercised by dedicated validation'
2026-09-14T00:39:28.9120030Z test_partial_receipt_preserves_completed_tape_as_ineligible (test_sealed_historical_management_exit_acquisition_v01.EndToEndTests.test_partial_receipt_preserves_completed_tape_as_ineligible) ... skipped 'real pinned SDK exercised by dedicated validation'
2026-09-14T00:39:28.9123196Z test_partial_tape_write_is_retained_ineligible_and_stops (test_sealed_historical_management_exit_acquisition_v01.EndToEndTests.test_partial_tape_write_is_retained_ineligible_and_stops) ... skipped 'real pinned SDK exercised by dedicated validation'
2026-09-14T00:39:28.9126638Z test_rehashed_gate_population_and_receipt_tampering_rejected (test_sealed_historical_management_exit_acquisition_v01.EndToEndTests.test_rehashed_gate_population_and_receipt_tampering_rejected) ... skipped 'real pinned SDK exercised by dedicated validation'
2026-09-14T00:39:28.9129995Z test_rehashed_tape_mutation_and_extra_member_rejected (test_sealed_historical_management_exit_acquisition_v01.EndToEndTests.test_rehashed_tape_mutation_and_extra_member_rejected) ... skipped 'real pinned SDK exercised by dedicated validation'
2026-09-14T00:39:28.9133172Z test_advertised_native_decompression_bomb_rejected_before_decode (test_sealed_historical_management_exit_acquisition_v01.NativeTests.test_advertised_native_decompression_bomb_rejected_before_decode) ... skipped 'real pinned SDK exercised by dedicated validation'
2026-09-14T00:39:28.9136246Z test_equal_native_quote_keys_keep_original_ordinal (test_sealed_historical_management_exit_acquisition_v01.NativeTests.test_equal_native_quote_keys_keep_original_ordinal) ... skipped 'real pinned SDK exercised by dedicated validation'
2026-09-14T00:39:28.9139356Z test_real_nonempty_and_metadata_only_both_schemas (test_sealed_historical_management_exit_acquisition_v01.NativeTests.test_real_nonempty_and_metadata_only_both_schemas) ... skipped 'real pinned SDK exercised by dedicated validation'
2026-09-14T00:39:28.9142312Z test_resealed_native_mapping_and_noninteger_count_rejected (test_sealed_historical_management_exit_acquisition_v01.NativeTests.test_resealed_native_mapping_and_noninteger_count_rejected) ... skipped 'real pinned SDK exercised by dedicated validation'
2026-09-14T00:39:28.9145535Z test_timeseries_window_route_path_and_exhausted_scope_block_before_network (test_sealed_historical_management_exit_acquisition_v01.NativeTests.test_timeseries_window_route_path_and_exhausted_scope_block_before_network) ... skipped 'real pinned SDK exercised by dedicated validation'
2026-09-14T00:39:28.9148720Z test_truncated_or_concatenated_zstd_is_not_empty_evidence (test_sealed_historical_management_exit_acquisition_v01.NativeTests.test_truncated_or_concatenated_zstd_is_not_empty_evidence) ... skipped 'real pinned SDK exercised by dedicated validation'
2026-09-14T00:39:28.9151839Z test_truncated_uncompressed_native_record_rejected (test_sealed_historical_management_exit_acquisition_v01.NativeTests.test_truncated_uncompressed_native_record_rejected) ... skipped 'real pinned SDK exercised by dedicated validation'
2026-09-14T00:39:28.9154784Z test_wire_ceiling_and_symlink_rejected (test_sealed_historical_management_exit_acquisition_v01.NativeTests.test_wire_ceiling_and_symlink_rejected) ... skipped 'real pinned SDK exercised by dedicated validation'
2026-09-14T00:39:28.9157486Z test_wrong_metadata_or_missing_mapping_is_not_unavailable (test_sealed_historical_management_exit_acquisition_v01.NativeTests.test_wrong_metadata_or_missing_mapping_is_not_unavailable) ... skipped 'real pinned SDK exercised by dedicated validation'
2026-09-14T00:39:28.9160309Z test_coverage_never_drops_unattempted_exit_requests (test_sealed_historical_management_exit_acquisition_v01.RegistrationTests.test_coverage_never_drops_unattempted_exit_requests) ... ok
2026-09-14T00:39:28.9710151Z test_every_original_quote_ceiling_is_required (test_sealed_historical_management_exit_acquisition_v01.RegistrationTests.test_every_original_quote_ceiling_is_required) ... ok
2026-09-14T00:39:28.9745770Z test_execution_requires_attempt_one_exact_parent_and_research_branch (test_sealed_historical_management_exit_acquisition_v01.RegistrationTests.test_execution_requires_attempt_one_exact_parent_and_research_branch) ... ok
2026-09-14T00:39:29.8579194Z test_frozen_exit_parent_bytes_and_gate_flags (test_sealed_historical_management_exit_acquisition_v01.RegistrationTests.test_frozen_exit_parent_bytes_and_gate_flags) ... ok
2026-09-14T00:39:29.8589153Z test_http_ledger_rehashed_boolean_and_wire_substitutions_rejected (test_sealed_historical_management_exit_acquisition_v01.RegistrationTests.test_http_ledger_rehashed_boolean_and_wire_substitutions_rejected) ... ok
2026-09-14T00:39:29.8764832Z test_individual_ceiling_cannot_be_offset_by_another_request (test_sealed_historical_management_exit_acquisition_v01.RegistrationTests.test_individual_ceiling_cannot_be_offset_by_another_request) ... ok
2026-09-14T00:39:29.8767515Z test_native_decoder_and_normalizer_remain_original_functions (test_sealed_historical_management_exit_acquisition_v01.RegistrationTests.test_native_decoder_and_normalizer_remain_original_functions) ... ok
2026-09-14T00:39:30.1309212Z test_original_or_substituted_requests_rejected (test_sealed_historical_management_exit_acquisition_v01.RegistrationTests.test_original_or_substituted_requests_rejected) ... ok
2026-09-14T00:39:30.1346745Z test_quote_reseal_cannot_replace_original (test_sealed_historical_management_exit_acquisition_v01.RegistrationTests.test_quote_reseal_cannot_replace_original) ... ok
2026-09-14T00:39:31.0041178Z test_rehashed_limits_cannot_change_individual_caps (test_sealed_historical_management_exit_acquisition_v01.RegistrationTests.test_rehashed_limits_cannot_change_individual_caps) ... ok
2026-09-14T00:39:31.8721699Z test_substituted_parent_artifacts_block_before_acquisition (test_sealed_historical_management_exit_acquisition_v01.RegistrationTests.test_substituted_parent_artifacts_block_before_acquisition) ... ok
2026-09-14T00:39:31.8898608Z test_transport_reuses_immutable_bounded_methods (test_sealed_historical_management_exit_acquisition_v01.RegistrationTests.test_transport_reuses_immutable_bounded_methods) ... ok
2026-09-14T00:39:31.8965282Z test_unregistered_metadata_endpoint_window_and_body_blocked (test_sealed_historical_management_exit_acquisition_v01.RegistrationTests.test_unregistered_metadata_endpoint_window_and_body_blocked) ... ok
2026-09-14T00:39:31.9078360Z test_workflow_consumes_after_parent_checks_before_only_provider (test_sealed_historical_management_exit_acquisition_v01.RegistrationTests.test_workflow_consumes_after_parent_checks_before_only_provider) ... ok
2026-09-14T00:39:31.9263596Z test_boolean_float_and_nonpositive_exit_clock_rejected (test_sealed_historical_management_exit_inputs_v01.ExitInputsTests.test_boolean_float_and_nonpositive_exit_clock_rejected) ... ok
2026-09-14T00:39:31.9341312Z test_bounded_capture_preserves_ordinals_and_excludes_later_source_quotes (test_sealed_historical_management_exit_inputs_v01.ExitInputsTests.test_bounded_capture_preserves_ordinals_and_excludes_later_source_quotes) ... ok
2026-09-14T00:39:31.9345894Z test_cannot_write_output_over_repository_sources (test_sealed_historical_management_exit_inputs_v01.ExitInputsTests.test_cannot_write_output_over_repository_sources) ... ok
2026-09-14T00:39:32.5325961Z test_cli_installs_offline_guard_before_import_and_blocks_missing_sources (test_sealed_historical_management_exit_inputs_v01.ExitInputsTests.test_cli_installs_offline_guard_before_import_and_blocks_missing_sources) ... ok
2026-09-14T00:39:32.5424781Z test_complete_sources_do_not_imply_known_status_or_executable_exit (test_sealed_historical_management_exit_inputs_v01.ExitInputsTests.test_complete_sources_do_not_imply_known_status_or_executable_exit) ... ok
2026-09-14T00:39:32.5433868Z test_constructor_requires_external_pin_and_committed_metadata (test_sealed_historical_management_exit_inputs_v01.ExitInputsTests.test_constructor_requires_external_pin_and_committed_metadata) ... ok
2026-09-14T00:39:32.5499709Z test_copy_preserves_compressed_bytes_exactly_and_is_write_once (test_sealed_historical_management_exit_inputs_v01.ExitInputsTests.test_copy_preserves_compressed_bytes_exactly_and_is_write_once) ... ok
2026-09-14T00:39:32.5749994Z test_entrypoints_have_no_undefined_globals (test_sealed_historical_management_exit_inputs_v01.ExitInputsTests.test_entrypoints_have_no_undefined_globals) ... ok
2026-09-14T00:39:32.5752975Z test_exact_population_uses_all_80_new_and_two_original_sources (test_sealed_historical_management_exit_inputs_v01.ExitInputsTests.test_exact_population_uses_all_80_new_and_two_original_sources) ... ok
2026-09-14T00:39:32.6283699Z test_exit_tail_cannot_borrow_later_time_from_merged_or_XAGE_source (test_sealed_historical_management_exit_inputs_v01.ExitInputsTests.test_exit_tail_cannot_borrow_later_time_from_merged_or_XAGE_source) ... ok
2026-09-14T00:39:32.6351206Z test_final_truncation_is_detected_before_freeze (test_sealed_historical_management_exit_inputs_v01.ExitInputsTests.test_final_truncation_is_detected_before_freeze) ... ok
2026-09-14T00:39:32.6416132Z test_gzip_eof_or_crc_failure_cannot_be_hidden_by_rehashed_file_receipt (test_sealed_historical_management_exit_inputs_v01.ExitInputsTests.test_gzip_eof_or_crc_failure_cannot_be_hidden_by_rehashed_file_receipt) ... ok
2026-09-14T00:39:33.4621721Z test_historical_runtime_gate_stays_closed (test_sealed_historical_management_exit_inputs_v01.ExitInputsTests.test_historical_runtime_gate_stays_closed) ... ok
2026-09-14T00:39:33.4694879Z test_independent_verifier_rejects_source_ordinal_rewriting (test_sealed_historical_management_exit_inputs_v01.ExitInputsTests.test_independent_verifier_rejects_source_ordinal_rewriting) ... ok
2026-09-14T00:39:33.4697645Z test_new_request_with_same_symbol_date_does_not_overwrite_entry_identity (test_sealed_historical_management_exit_inputs_v01.ExitInputsTests.test_new_request_with_same_symbol_date_does_not_overwrite_entry_identity) ... ok
2026-09-14T00:39:33.4767550Z test_normalized_count_or_hash_mismatch_cannot_be_resealed (test_sealed_historical_management_exit_inputs_v01.ExitInputsTests.test_normalized_count_or_hash_mismatch_cannot_be_resealed) ... ok
2026-09-14T00:39:33.4835609Z test_pair_hash_matches_frozen_feedback_payload_with_native_ties (test_sealed_historical_management_exit_inputs_v01.ExitInputsTests.test_pair_hash_matches_frozen_feedback_payload_with_native_ties) ... ok
2026-09-14T00:39:33.4914719Z test_partial_copy_failure_is_retained_and_never_frozen (test_sealed_historical_management_exit_inputs_v01.ExitInputsTests.test_partial_copy_failure_is_retained_and_never_frozen) ... ok
2026-09-14T00:39:33.4921624Z test_paths_traversal_absolute_duplicate_slashes_and_symlinks_rejected (test_sealed_historical_management_exit_inputs_v01.ExitInputsTests.test_paths_traversal_absolute_duplicate_slashes_and_symlinks_rejected) ... ok
2026-09-14T00:39:33.5000048Z test_reader_keeps_identical_payload_across_repeated_sell_decisions (test_sealed_historical_management_exit_inputs_v01.ExitInputsTests.test_reader_keeps_identical_payload_across_repeated_sell_decisions) ... ok
2026-09-14T00:39:33.5082725Z test_reader_returns_detached_data_and_detects_changed_source_before_access (test_sealed_historical_management_exit_inputs_v01.ExitInputsTests.test_reader_returns_detached_data_and_detects_changed_source_before_access) ... ok
2026-09-14T00:39:34.4303569Z test_registration_pins_verified_parent_and_closed_runtime (test_sealed_historical_management_exit_inputs_v01.ExitInputsTests.test_registration_pins_verified_parent_and_closed_runtime) ... ok
2026-09-14T00:39:34.4308573Z test_registration_rejects_altered_parent_even_if_resealed (test_sealed_historical_management_exit_inputs_v01.ExitInputsTests.test_registration_rejects_altered_parent_even_if_resealed) ... ok
2026-09-14T00:39:34.4311259Z test_reused_XAGE_keeps_original_long_request_and_ordinals (test_sealed_historical_management_exit_inputs_v01.ExitInputsTests.test_reused_XAGE_keeps_original_long_request_and_ordinals) ... ok
2026-09-14T00:39:34.4318053Z test_single_write_detects_short_write (test_sealed_historical_management_exit_inputs_v01.ExitInputsTests.test_single_write_detects_short_write) ... ok
2026-09-14T00:39:34.4387118Z test_source_file_changed_before_copy_is_rejected (test_sealed_historical_management_exit_inputs_v01.ExitInputsTests.test_source_file_changed_before_copy_is_rejected) ... ok
2026-09-14T00:39:34.4434924Z test_source_gate_rejects_missing_extra_and_wrong_archive_without_runtime (test_sealed_historical_management_exit_inputs_v01.ExitInputsTests.test_source_gate_rejects_missing_extra_and_wrong_archive_without_runtime) ... ok
2026-09-14T00:39:34.4500109Z test_unavailable_entry_remains_visible_and_cannot_be_rescued (test_sealed_historical_management_exit_inputs_v01.ExitInputsTests.test_unavailable_entry_remains_visible_and_cannot_be_rescued) ... ok
2026-09-14T00:39:34.4576997Z test_workflow_is_read_only_fixed_artifacts_and_has_no_provider_secrets (test_sealed_historical_management_exit_inputs_v01.ExitInputsTests.test_workflow_is_read_only_fixed_artifacts_and_has_no_provider_secrets) ... ok
2026-09-14T00:39:34.4646025Z test_wrong_opportunity_or_original_window_pin_is_rejected (test_sealed_historical_management_exit_inputs_v01.ExitInputsTests.test_wrong_opportunity_or_original_window_pin_is_rejected) ... ok
2026-09-14T00:39:35.5466001Z test_call_is_journaled_before_provider_and_failure_is_retained (test_sealed_historical_management_exit_quote_v01.HistoricalManagementExitQuoteTests.test_call_is_journaled_before_provider_and_failure_is_retained) ... ok
2026-09-14T00:39:35.5474355Z test_changed_request_is_rejected_before_client_call (test_sealed_historical_management_exit_quote_v01.HistoricalManagementExitQuoteTests.test_changed_request_is_rejected_before_client_call) ... ok
2026-09-14T00:39:35.5519493Z test_changed_time_or_extra_metadata_parameters_have_no_network_authority (test_sealed_historical_management_exit_quote_v01.HistoricalManagementExitQuoteTests.test_changed_time_or_extra_metadata_parameters_have_no_network_authority) ... ok
2026-09-14T00:39:35.5522761Z test_cli_full_sdk_path_and_preflight_failure_retain_exact_evidence (test_sealed_historical_management_exit_quote_v01.HistoricalManagementExitQuoteTests.test_cli_full_sdk_path_and_preflight_failure_retain_exact_evidence) ... skipped 'pinned SDK exercised by dedicated quote validation'
2026-09-14T00:39:35.5652200Z test_complete_quote_visits_every_method_once_and_preserves_nanos (test_sealed_historical_management_exit_quote_v01.HistoricalManagementExitQuoteTests.test_complete_quote_visits_every_method_once_and_preserves_nanos) ... ok
2026-09-14T00:39:35.5655144Z test_exact_registration_requires_all_eighty_requests (test_sealed_historical_management_exit_quote_v01.HistoricalManagementExitQuoteTests.test_exact_registration_requires_all_eighty_requests) ... ok
2026-09-14T00:39:35.5676695Z test_execution_is_parent_bound_and_rejects_reruns (test_sealed_historical_management_exit_quote_v01.HistoricalManagementExitQuoteTests.test_execution_is_parent_bound_and_rejects_reruns) ... ok
2026-09-14T00:39:35.6084279Z test_invalid_numeric_results_fail_closed (test_sealed_historical_management_exit_quote_v01.HistoricalManagementExitQuoteTests.test_invalid_numeric_results_fail_closed) ... ok
2026-09-14T00:39:36.5160510Z test_original_entry_list_and_reordered_or_reused_pairs_are_rejected (test_sealed_historical_management_exit_quote_v01.HistoricalManagementExitQuoteTests.test_original_entry_list_and_reordered_or_reused_pairs_are_rejected) ... ok
2026-09-14T00:39:36.5163687Z test_other_sdk_metadata_method_has_no_network_authority (test_sealed_historical_management_exit_quote_v01.HistoricalManagementExitQuoteTests.test_other_sdk_metadata_method_has_no_network_authority) ... skipped 'pinned SDK exercised by dedicated quote validation'
2026-09-14T00:39:36.5176137Z test_preflight_failure_is_explicit_and_zero_call (test_sealed_historical_management_exit_quote_v01.HistoricalManagementExitQuoteTests.test_preflight_failure_is_explicit_and_zero_call) ... ok
2026-09-14T00:39:36.5262079Z test_provider_errors_are_sanitized_no_retry_and_totals_unknown (test_sealed_historical_management_exit_quote_v01.HistoricalManagementExitQuoteTests.test_provider_errors_are_sanitized_no_retry_and_totals_unknown) ... ok
2026-09-14T00:39:37.3959026Z test_quote_gate_does_not_authorize_acquisition_or_historical_runtime (test_sealed_historical_management_exit_quote_v01.HistoricalManagementExitQuoteTests.test_quote_gate_does_not_authorize_acquisition_or_historical_runtime) ... ok
2026-09-14T00:39:37.3962294Z test_real_pinned_sdk_serializes_all_160_exact_http_requests (test_sealed_historical_management_exit_quote_v01.HistoricalManagementExitQuoteTests.test_real_pinned_sdk_serializes_all_160_exact_http_requests) ... skipped 'pinned SDK exercised by dedicated quote validation'
2026-09-14T00:39:37.4297120Z test_rehashed_report_identity_or_gate_tampering_is_rejected (test_sealed_historical_management_exit_quote_v01.HistoricalManagementExitQuoteTests.test_rehashed_report_identity_or_gate_tampering_is_rejected) ... ok
2026-09-14T00:39:38.2829890Z test_rehashed_reuse_receipt_cannot_replace_verified_bytes (test_sealed_historical_management_exit_quote_v01.HistoricalManagementExitQuoteTests.test_rehashed_reuse_receipt_cannot_replace_verified_bytes) ... ok
2026-09-14T00:39:39.1350749Z test_reuse_is_exact_xage_pair_and_preserves_original_unavailable_entries (test_sealed_historical_management_exit_quote_v01.HistoricalManagementExitQuoteTests.test_reuse_is_exact_xage_pair_and_preserves_original_unavailable_entries) ... ok
2026-09-14T00:39:39.1858108Z test_transport_behavior_is_inherited_without_mutating_ancestor_scope (test_sealed_historical_management_exit_quote_v01.HistoricalManagementExitQuoteTests.test_transport_behavior_is_inherited_without_mutating_ancestor_scope) ... ok
2026-09-14T00:39:39.1879569Z test_transport_detaches_caller_requests_and_journals_before_http (test_sealed_historical_management_exit_quote_v01.HistoricalManagementExitQuoteTests.test_transport_detaches_caller_requests_and_journals_before_http) ... ok
2026-09-14T00:39:39.1938282Z test_transport_redirect_http_and_oversized_response_fail_without_retry (test_sealed_historical_management_exit_quote_v01.HistoricalManagementExitQuoteTests.test_transport_redirect_http_and_oversized_response_fail_without_retry) ... ok
2026-09-14T00:39:39.1978652Z test_transport_rejects_other_endpoints_or_changed_symbols_before_network (test_sealed_historical_management_exit_quote_v01.HistoricalManagementExitQuoteTests.test_transport_rejects_other_endpoints_or_changed_symbols_before_network) ... ok
2026-09-14T00:39:39.2073938Z test_workflow_consumes_and_uploads_before_the_only_secret_step (test_sealed_historical_management_exit_quote_v01.HistoricalManagementExitQuoteTests.test_workflow_consumes_and_uploads_before_the_only_secret_step) ... ok
2026-09-14T00:39:39.2162655Z test_zero_size_is_unavailable_and_does_not_change_the_plan (test_sealed_historical_management_exit_quote_v01.HistoricalManagementExitQuoteTests.test_zero_size_is_unavailable_and_does_not_change_the_plan) ... ok
2026-09-14T00:39:40.1273353Z test_buy_only_cat_and_daily_rounding_increment_not_per_fill (test_sealed_historical_management_fee_reconciliation_v01.HistoricalFeeTests.test_buy_only_cat_and_daily_rounding_increment_not_per_fill) ... ok
2026-09-14T00:39:40.1282542Z test_canceled_zero_negative_fractional_shares_and_bad_prices_rejected (test_sealed_historical_management_fee_reconciliation_v01.HistoricalFeeTests.test_canceled_zero_negative_fractional_shares_and_bad_prices_rejected) ... ok
2026-09-14T00:39:40.1287970Z test_deterministic_precision_ignores_callers_decimal_context (test_sealed_historical_management_fee_reconciliation_v01.HistoricalFeeTests.test_deterministic_precision_ignores_callers_decimal_context) ... ok
2026-09-14T00:39:40.1295337Z test_duplicate_fill_and_duplicate_order_are_atomic (test_sealed_historical_management_fee_reconciliation_v01.HistoricalFeeTests.test_duplicate_fill_and_duplicate_order_are_atomic) ... ok
2026-09-14T00:39:40.1303639Z test_fee_book_clock_and_new_york_date (test_sealed_historical_management_fee_reconciliation_v01.HistoricalFeeTests.test_fee_book_clock_and_new_york_date) ... ok
2026-09-14T00:39:40.1306046Z test_historical_rates_are_explicit_and_do_not_use_2026_defaults (test_sealed_historical_management_fee_reconciliation_v01.HistoricalFeeTests.test_historical_rates_are_explicit_and_do_not_use_2026_defaults) ... ok
2026-09-14T00:39:40.1308588Z test_invalid_or_out_of_interval_dates_fail_closed (test_sealed_historical_management_fee_reconciliation_v01.HistoricalFeeTests.test_invalid_or_out_of_interval_dates_fail_closed) ... ok
2026-09-14T00:39:40.1315763Z test_july_boundary_uses_trade_date_not_invoice_month (test_sealed_historical_management_fee_reconciliation_v01.HistoricalFeeTests.test_july_boundary_uses_trade_date_not_invoice_month) ... ok
2026-09-14T00:39:40.1322418Z test_repeated_read_does_not_post_fees_twice (test_sealed_historical_management_fee_reconciliation_v01.HistoricalFeeTests.test_repeated_read_does_not_post_fees_twice) ... ok
2026-09-14T00:39:40.1333466Z test_sell_taf_and_cat_caps_are_per_trade_before_daily_rounding (test_sealed_historical_management_fee_reconciliation_v01.HistoricalFeeTests.test_sell_taf_and_cat_caps_are_per_trade_before_daily_rounding) ... ok
2026-09-14T00:39:40.1616277Z test_account_lock_persists_and_rejects_new_entry (test_sealed_historical_management_fee_reconciliation_v01.ReconciliationTests.test_account_lock_persists_and_rejects_new_entry) ... ok
2026-09-14T00:39:40.1771557Z test_bad_submission_and_failed_reconciliation_roll_back_entire_transition (test_sealed_historical_management_fee_reconciliation_v01.ReconciliationTests.test_bad_submission_and_failed_reconciliation_roll_back_entire_transition) ... ok
2026-09-14T00:39:40.1860650Z test_bar_completion_delegates_to_frozen_engine_without_account_changes (test_sealed_historical_management_fee_reconciliation_v01.ReconciliationTests.test_bar_completion_delegates_to_frozen_engine_without_account_changes) ... ok
2026-09-14T00:39:40.2213445Z test_both_frozen_execution_scenarios_preserve_closed_boundaries (test_sealed_historical_management_fee_reconciliation_v01.ReconciliationTests.test_both_frozen_execution_scenarios_preserve_closed_boundaries) ... ok
2026-09-14T00:39:40.2330669Z test_complete_target_moves_remaining_ledger_lots_to_breakeven (test_sealed_historical_management_fee_reconciliation_v01.ReconciliationTests.test_complete_target_moves_remaining_ledger_lots_to_breakeven) ... ok
2026-09-14T00:39:40.2410309Z test_entry_pins_and_wrong_account_scenario_fail_without_mutation (test_sealed_historical_management_fee_reconciliation_v01.ReconciliationTests.test_entry_pins_and_wrong_account_scenario_fail_without_mutation) ... ok
2026-09-14T00:39:40.2560230Z test_equal_time_trade_precedes_fill_then_settlement_is_idempotent (test_sealed_historical_management_fee_reconciliation_v01.ReconciliationTests.test_equal_time_trade_precedes_fill_then_settlement_is_idempotent) ... ok
2026-09-14T00:39:40.2737977Z test_exact_net_giveback_boundary_locks (test_sealed_historical_management_fee_reconciliation_v01.ReconciliationTests.test_exact_net_giveback_boundary_locks) ... ok
2026-09-14T00:39:40.2915245Z test_fee_inclusive_high_water_does_not_use_gross_intermediate_peak (test_sealed_historical_management_fee_reconciliation_v01.ReconciliationTests.test_fee_inclusive_high_water_does_not_use_gross_intermediate_peak) ... ok
2026-09-14T00:39:40.3077349Z test_fees_take_small_account_to_exact_daily_loss_boundary (test_sealed_historical_management_fee_reconciliation_v01.ReconciliationTests.test_fees_take_small_account_to_exact_daily_loss_boundary) ... ok
2026-09-14T00:39:40.3275325Z test_full_round_trip_updates_cash_shares_net_pnl_and_guards (test_sealed_historical_management_fee_reconciliation_v01.ReconciliationTests.test_full_round_trip_updates_cash_shares_net_pnl_and_guards) ... ok
2026-09-14T00:39:40.3311942Z test_imported_or_mutated_opening_ledger_rejected (test_sealed_historical_management_fee_reconciliation_v01.ReconciliationTests.test_imported_or_mutated_opening_ledger_rejected) ... ok
2026-09-14T00:39:40.3397104Z test_mutating_exported_state_and_ledger_cannot_change_account (test_sealed_historical_management_fee_reconciliation_v01.ReconciliationTests.test_mutating_exported_state_and_ledger_cannot_change_account) ... ok
2026-09-14T00:39:40.3525100Z test_no_concurrent_position_or_outstanding_ack_release (test_sealed_historical_management_fee_reconciliation_v01.ReconciliationTests.test_no_concurrent_position_or_outstanding_ack_release) ... ok
2026-09-14T00:39:40.3642451Z test_no_fee_cash_or_share_change_on_intent_or_submission (test_sealed_historical_management_fee_reconciliation_v01.ReconciliationTests.test_no_fee_cash_or_share_change_on_intent_or_submission) ... ok
2026-09-14T00:39:40.3767571Z test_one_share_has_no_target_or_breakeven (test_sealed_historical_management_fee_reconciliation_v01.ReconciliationTests.test_one_share_has_no_target_or_breakeven) ... ok
2026-09-14T00:39:40.3881026Z test_partial_target_keeps_original_stop_and_correct_open_risk (test_sealed_historical_management_fee_reconciliation_v01.ReconciliationTests.test_partial_target_keeps_original_stop_and_correct_open_risk) ... ok
2026-09-14T00:39:40.4073328Z test_partial_terminal_cannot_close_or_release_and_charges_actual_fills (test_sealed_historical_management_fee_reconciliation_v01.ReconciliationTests.test_partial_terminal_cannot_close_or_release_and_charges_actual_fills) ... ok
2026-09-14T00:39:40.4152546Z test_recomputed_entry_applies_only_filled_shares_and_entry_fee (test_sealed_historical_management_fee_reconciliation_v01.ReconciliationTests.test_recomputed_entry_applies_only_filled_shares_and_entry_fee) ... ok
2026-09-14T00:39:40.4435086Z test_second_position_cannot_use_reset_ledger_or_stale_pin (test_sealed_historical_management_fee_reconciliation_v01.ReconciliationTests.test_second_position_cannot_use_reset_ledger_or_stale_pin) ... ok
2026-09-14T00:39:40.4845489Z test_second_position_keeps_daily_fee_book_and_net_cash (test_sealed_historical_management_fee_reconciliation_v01.ReconciliationTests.test_second_position_keeps_daily_fee_book_and_net_cash) ... ok
2026-09-14T00:39:40.5005441Z test_zero_exit_fills_have_no_sale_fee_or_proceeds (test_sealed_historical_management_fee_reconciliation_v01.ReconciliationTests.test_zero_exit_fills_have_no_sale_fee_or_proceeds) ... ok
2026-09-14T00:39:41.5025328Z test_direct_cli_generates_synthetic_vectors_and_independent_report (test_sealed_historical_management_fee_reconciliation_v01.RegistrationTests.test_direct_cli_generates_synthetic_vectors_and_independent_report) ... ok
2026-09-14T00:39:41.7875096Z test_independent_checker_validates_vectors_and_rejects_rehashed_wrong_cash (test_sealed_historical_management_fee_reconciliation_v01.RegistrationTests.test_independent_checker_validates_vectors_and_rejects_rehashed_wrong_cash) ... ok
2026-09-14T00:39:41.8057446Z test_metadata_never_opens_market_tapes_or_executes_history (test_sealed_historical_management_fee_reconciliation_v01.RegistrationTests.test_metadata_never_opens_market_tapes_or_executes_history) ... ok
2026-09-14T00:39:41.8225443Z test_parent_source_and_implementation_mutations_fail (test_sealed_historical_management_fee_reconciliation_v01.RegistrationTests.test_parent_source_and_implementation_mutations_fail) ... ok
2026-09-14T00:39:41.8490093Z test_registration_and_complete_session_fee_map (test_sealed_historical_management_fee_reconciliation_v01.RegistrationTests.test_registration_and_complete_session_fee_map) ... ok
2026-09-14T00:39:41.9063676Z test_write_once_and_rehashed_metadata_still_fails_reconstruction (test_sealed_historical_management_fee_reconciliation_v01.RegistrationTests.test_write_once_and_rehashed_metadata_still_fails_reconstruction) ... ok
2026-09-14T00:39:41.9181754Z test_all_caller_evidence_pins_are_required (test_sealed_historical_management_fill_feedback_v01.FillFeedbackTests.test_all_caller_evidence_pins_are_required) ... ok
2026-09-14T00:39:41.9297525Z test_availability_reference_and_reason_must_match (test_sealed_historical_management_fill_feedback_v01.FillFeedbackTests.test_availability_reference_and_reason_must_match) ... ok
2026-09-14T00:39:41.9350237Z test_binding_recomputes_positive_fill_exact_event_and_does_not_mutate_ledger (test_sealed_historical_management_fill_feedback_v01.FillFeedbackTests.test_binding_recomputes_positive_fill_exact_event_and_does_not_mutate_ledger) ... ok
2026-09-14T00:39:41.9411042Z test_cancel_ack_boundary_does_not_supply_a_last_instant_fill (test_sealed_historical_management_fill_feedback_v01.FillFeedbackTests.test_cancel_ack_boundary_does_not_supply_a_last_instant_fill) ... ok
2026-09-14T00:39:41.9470095Z test_changed_intent_or_duplicate_submission_is_rejected (test_sealed_historical_management_fill_feedback_v01.FillFeedbackTests.test_changed_intent_or_duplicate_submission_is_rejected) ... ok
2026-09-14T00:39:44.7660244Z test_cli_verifies_offline_and_exposes_no_runtime_mode (test_sealed_historical_management_fill_feedback_v01.FillFeedbackTests.test_cli_verifies_offline_and_exposes_no_runtime_mode) ... ok
2026-09-14T00:39:44.7742292Z test_common_tape_cannot_change_between_exit_attempts (test_sealed_historical_management_fill_feedback_v01.FillFeedbackTests.test_common_tape_cannot_change_between_exit_attempts) ... ok
2026-09-14T00:39:44.7807968Z test_competing_stop_during_target_is_latched_without_overselling (test_sealed_historical_management_fill_feedback_v01.FillFeedbackTests.test_competing_stop_during_target_is_latched_without_overselling) ... ok
2026-09-14T00:39:44.7863398Z test_completed_red_bar_needs_a_subsequent_eligible_print (test_sealed_historical_management_fill_feedback_v01.FillFeedbackTests.test_completed_red_bar_needs_a_subsequent_eligible_print) ... ok
2026-09-14T00:39:44.7975814Z test_cross_profile_or_session_slot_substitution_rejected (test_sealed_historical_management_fill_feedback_v01.FillFeedbackTests.test_cross_profile_or_session_slot_substitution_rejected) ... ok
2026-09-14T00:39:44.8031562Z test_entry_timestamp_prints_are_excluded (test_sealed_historical_management_fill_feedback_v01.FillFeedbackTests.test_entry_timestamp_prints_are_excluded) ... ok
2026-09-14T00:39:44.8098344Z test_equal_time_print_precedes_fill_feedback (test_sealed_historical_management_fill_feedback_v01.FillFeedbackTests.test_equal_time_print_precedes_fill_feedback) ... ok
2026-09-14T00:39:45.6692459Z test_exact_population_dates_availability_and_all_path_references (test_sealed_historical_management_fill_feedback_v01.FillFeedbackTests.test_exact_population_dates_availability_and_all_path_references) ... ok
2026-09-14T00:39:45.6752763Z test_exit_capture_tail_cannot_extend_original_window (test_sealed_historical_management_fill_feedback_v01.FillFeedbackTests.test_exit_capture_tail_cannot_extend_original_window) ... ok
2026-09-14T00:39:45.6793473Z test_forged_plan_identity_rejected_after_all_outer_hashes_recomputed (test_sealed_historical_management_fill_feedback_v01.FillFeedbackTests.test_forged_plan_identity_rejected_after_all_outer_hashes_recomputed) ... ok
2026-09-14T00:39:45.6856797Z test_full_target_fill_moves_stop_only_at_known_fill_time (test_sealed_historical_management_fill_feedback_v01.FillFeedbackTests.test_full_target_fill_moves_stop_only_at_known_fill_time) ... ok
2026-09-14T00:39:46.4857513Z test_implementation_mutation_invalidates_registration (test_sealed_historical_management_fill_feedback_v01.FillFeedbackTests.test_implementation_mutation_invalidates_registration) ... ok
2026-09-14T00:39:46.4915626Z test_invalid_nanosecond_clock_is_rejected_without_advancing (test_sealed_historical_management_fill_feedback_v01.FillFeedbackTests.test_invalid_nanosecond_clock_is_rejected_without_advancing) ... ok
2026-09-14T00:39:46.4980419Z test_latched_initial_stop_is_not_relabelled_after_target_fill (test_sealed_historical_management_fill_feedback_v01.FillFeedbackTests.test_latched_initial_stop_is_not_relabelled_after_target_fill) ... ok
2026-09-14T00:39:46.5031500Z test_late_bar_cannot_create_signal_after_frozen_signal_window (test_sealed_historical_management_fill_feedback_v01.FillFeedbackTests.test_late_bar_cannot_create_signal_after_frozen_signal_window) ... ok
2026-09-14T00:39:46.5082047Z test_locked_account_cannot_create_accepted_binding (test_sealed_historical_management_fill_feedback_v01.FillFeedbackTests.test_locked_account_cannot_create_accepted_binding) ... ok
2026-09-14T00:39:47.3955549Z test_metadata_build_never_opens_tapes_or_executes_entries (test_sealed_historical_management_fill_feedback_v01.FillFeedbackTests.test_metadata_build_never_opens_tapes_or_executes_entries) ... ok
2026-09-14T00:39:47.4025141Z test_missing_fresh_sell_reference_cannot_use_SIP_target_as_limit (test_sealed_historical_management_fill_feedback_v01.FillFeedbackTests.test_missing_fresh_sell_reference_cannot_use_SIP_target_as_limit) ... ok
2026-09-14T00:39:47.4080196Z test_no_end_of_window_liquidation (test_sealed_historical_management_fill_feedback_v01.FillFeedbackTests.test_no_end_of_window_liquidation) ... ok
2026-09-14T00:39:47.4134904Z test_original_source_ordinals_and_native_ties_survive_fill_binding (test_sealed_historical_management_fill_feedback_v01.FillFeedbackTests.test_original_source_ordinals_and_native_ties_survive_fill_binding) ... ok
2026-09-14T00:39:47.4176080Z test_original_stop_and_decision_cannot_be_replaced (test_sealed_historical_management_fill_feedback_v01.FillFeedbackTests.test_original_stop_and_decision_cannot_be_replaced) ... ok
2026-09-14T00:39:47.4235393Z test_outstanding_intent_cannot_use_later_data_at_earlier_clock (test_sealed_historical_management_fill_feedback_v01.FillFeedbackTests.test_outstanding_intent_cannot_use_later_data_at_earlier_clock) ... ok
2026-09-14T00:39:47.4244701Z test_parent_mutation_is_rejected_even_if_child_would_be_rehashed (test_sealed_historical_management_fill_feedback_v01.FillFeedbackTests.test_parent_mutation_is_rejected_even_if_child_would_be_rehashed) ... ok
2026-09-14T00:39:47.4321957Z test_partial_final_exit_remains_open_unresolved_without_automatic_retry (test_sealed_historical_management_fill_feedback_v01.FillFeedbackTests.test_partial_final_exit_remains_open_unresolved_without_automatic_retry) ... ok
2026-09-14T00:39:47.4389125Z test_partial_target_keeps_stop_and_reserves_unfilled_tranche_until_ack (test_sealed_historical_management_fill_feedback_v01.FillFeedbackTests.test_partial_target_keeps_stop_and_reserves_unfilled_tranche_until_ack) ... ok
2026-09-14T00:39:47.4452995Z test_previously_consumed_liquidity_cannot_be_spent_again (test_sealed_historical_management_fill_feedback_v01.FillFeedbackTests.test_previously_consumed_liquidity_cannot_be_spent_again) ... ok
2026-09-14T00:39:48.2488717Z test_registration_pins_completed_parent_and_closed_historical_boundary (test_sealed_historical_management_fill_feedback_v01.FillFeedbackTests.test_registration_pins_completed_parent_and_closed_historical_boundary) ... ok
2026-09-14T00:39:48.2556543Z test_repeated_feedback_cannot_duplicate_sell_fills_or_acknowledgments (test_sealed_historical_management_fill_feedback_v01.FillFeedbackTests.test_repeated_feedback_cannot_duplicate_sell_fills_or_acknowledgments) ... ok
2026-09-14T00:39:48.2642847Z test_risk_limits_and_initial_seed_are_not_caller_options (test_sealed_historical_management_fill_feedback_v01.FillFeedbackTests.test_risk_limits_and_initial_seed_are_not_caller_options) ... ok
2026-09-14T00:39:48.2690339Z test_second_entry_or_add_campaign_is_explicitly_unsupported (test_sealed_historical_management_fill_feedback_v01.FillFeedbackTests.test_second_entry_or_add_campaign_is_explicitly_unsupported) ... ok
2026-09-14T00:39:48.7627725Z test_seeded_synthetic_partial_paths_conserve_shares_in_both_scenarios (test_sealed_historical_management_fill_feedback_v01.FillFeedbackTests.test_seeded_synthetic_partial_paths_conserve_shares_in_both_scenarios) ... ok
2026-09-14T00:39:48.7689254Z test_sell_fill_uses_executable_bid_even_when_it_differs_from_SIP_target (test_sealed_historical_management_fill_feedback_v01.FillFeedbackTests.test_sell_fill_uses_executable_bid_even_when_it_differs_from_SIP_target) ... ok
2026-09-14T00:39:48.7740337Z test_small_account_uses_its_frozen_risk_capacity (test_sealed_historical_management_fill_feedback_v01.FillFeedbackTests.test_small_account_uses_its_frozen_risk_capacity) ... ok
2026-09-14T00:39:48.7805276Z test_snapshot_copies_and_event_hash_chain_preserve_evidence (test_sealed_historical_management_fill_feedback_v01.FillFeedbackTests.test_snapshot_copies_and_event_hash_chain_preserve_evidence) ... ok
2026-09-14T00:39:48.7859418Z test_source_conditions_unknown_codes_and_clean_odd_lots (test_sealed_historical_management_fill_feedback_v01.FillFeedbackTests.test_source_conditions_unknown_codes_and_clean_odd_lots) ... ok
2026-09-14T00:39:48.7915876Z test_source_order_and_clock_reversal_rejected_without_state_mutation (test_sealed_historical_management_fill_feedback_v01.FillFeedbackTests.test_source_order_and_clock_reversal_rejected_without_state_mutation) ... ok
2026-09-14T00:39:48.7969921Z test_stop_has_priority_over_completed_red_and_target (test_sealed_historical_management_fill_feedback_v01.FillFeedbackTests.test_stop_has_priority_over_completed_red_and_target) ... ok
2026-09-14T00:39:48.8112136Z test_target_then_terminal_fills_close_exact_shares_at_quote_prices (test_sealed_historical_management_fill_feedback_v01.FillFeedbackTests.test_target_then_terminal_fills_close_exact_shares_at_quote_prices) ... ok
2026-09-14T00:39:48.8172276Z test_touch_and_pending_execution_do_not_activate_breakeven (test_sealed_historical_management_fill_feedback_v01.FillFeedbackTests.test_touch_and_pending_execution_do_not_activate_breakeven) ... ok
2026-09-14T00:39:48.8212776Z test_unavailable_entry_never_promoted_by_management_data (test_sealed_historical_management_fill_feedback_v01.FillFeedbackTests.test_unavailable_entry_never_promoted_by_management_data) ... ok
2026-09-14T00:39:48.8300901Z test_unknown_status_or_missing_quote_is_not_inferred (test_sealed_historical_management_fill_feedback_v01.FillFeedbackTests.test_unknown_status_or_missing_quote_is_not_inferred) ... ok
2026-09-14T00:39:48.8511989Z test_whole_share_rounding_and_one_share_target_behavior (test_sealed_historical_management_fill_feedback_v01.FillFeedbackTests.test_whole_share_rounding_and_one_share_target_behavior) ... ok
2026-09-14T00:39:48.8547827Z test_workflow_is_read_only_pinned_without_provider_credentials (test_sealed_historical_management_fill_feedback_v01.FillFeedbackTests.test_workflow_is_read_only_pinned_without_provider_credentials) ... ok
2026-09-14T00:39:51.3818719Z test_write_once_and_rehashed_metadata_cannot_pass_reconstruction (test_sealed_historical_management_fill_feedback_v01.FillFeedbackTests.test_write_once_and_rehashed_metadata_cannot_pass_reconstruction) ... ok
2026-09-14T00:39:53.9130549Z test_wrong_output_symlink_and_extra_inventory_fail (test_sealed_historical_management_fill_feedback_v01.FillFeedbackTests.test_wrong_output_symlink_and_extra_inventory_fail) ... ok
2026-09-14T00:39:53.9194736Z test_zero_final_fill_remains_open (test_sealed_historical_management_fill_feedback_v01.FillFeedbackTests.test_zero_final_fill_remains_open) ... ok
2026-09-14T00:39:53.9245425Z test_zero_liquidity_does_not_become_an_entry_receipt (test_sealed_historical_management_fill_feedback_v01.FillFeedbackTests.test_zero_liquidity_does_not_become_an_entry_receipt) ... ok
2026-09-14T00:39:53.9306127Z test_zero_target_fill_does_not_move_stop_or_reduce_position (test_sealed_historical_management_fill_feedback_v01.FillFeedbackTests.test_zero_target_fill_does_not_move_stop_or_reduce_position) ... ok
2026-09-14T00:39:53.9541896Z test_bundle_tamper_or_extra_file_cannot_match_committed_metadata (test_sealed_historical_management_inputs_v01.ManagementInputsTests.test_bundle_tamper_or_extra_file_cannot_match_committed_metadata) ... ok
2026-09-14T00:39:55.3372903Z test_cli_registration_runs_with_early_offline_guard (test_sealed_historical_management_inputs_v01.ManagementInputsTests.test_cli_registration_runs_with_early_offline_guard) ... ok
2026-09-14T00:39:55.3389263Z test_complete_compressor_is_written_once_and_synced_after_finalization (test_sealed_historical_management_inputs_v01.ManagementInputsTests.test_complete_compressor_is_written_once_and_synced_after_finalization) ... ok
2026-09-14T00:39:55.3413166Z test_composition_copies_bytes_and_maps_original_ordinals_including_ties (test_sealed_historical_management_inputs_v01.ManagementInputsTests.test_composition_copies_bytes_and_maps_original_ordinals_including_ties) ... ok
2026-09-14T00:39:55.3468026Z test_composition_failure_keeps_partial_evidence_without_success_manifest (test_sealed_historical_management_inputs_v01.ManagementInputsTests.test_composition_failure_keeps_partial_evidence_without_success_manifest) ... ok
2026-09-14T00:39:55.3502496Z test_compression_is_deterministic_and_does_not_embed_path_or_timestamp (test_sealed_historical_management_inputs_v01.ManagementInputsTests.test_compression_is_deterministic_and_does_not_embed_path_or_timestamp) ... ok
2026-09-14T00:39:55.3511978Z test_empty_and_source_ordinal_type_errors_fail (test_sealed_historical_management_inputs_v01.ManagementInputsTests.test_empty_and_source_ordinal_type_errors_fail) ... ok
2026-09-14T00:39:55.3529559Z test_empty_complete_resources_keep_receipts_and_valid_empty_tapes (test_sealed_historical_management_inputs_v01.ManagementInputsTests.test_empty_complete_resources_keep_receipts_and_valid_empty_tapes) ... ok
2026-09-14T00:39:55.3816600Z test_end_to_end_build_freeze_reader_and_complete_reconstruction (test_sealed_historical_management_inputs_v01.ManagementInputsTests.test_end_to_end_build_freeze_reader_and_complete_reconstruction) ... ok
2026-09-14T00:39:55.3820191Z test_exact_10am_join_preserves_nanosecond_endpoints (test_sealed_historical_management_inputs_v01.ManagementInputsTests.test_exact_10am_join_preserves_nanosecond_endpoints) ... ok
2026-09-14T00:39:55.3824413Z test_exact_112_resources_use_122_disjoint_segments_and_all_ten_tails (test_sealed_historical_management_inputs_v01.ManagementInputsTests.test_exact_112_resources_use_122_disjoint_segments_and_all_ten_tails) ... ok
2026-09-14T00:39:55.3829765Z test_existing_composition_and_repo_input_targets_are_rejected_before_source_access (test_sealed_historical_management_inputs_v01.ManagementInputsTests.test_existing_composition_and_repo_input_targets_are_rejected_before_source_access) ... ok
2026-09-14T00:39:55.3904116Z test_final_file_change_cannot_be_sealed_as_a_successful_inventory (test_sealed_historical_management_inputs_v01.ManagementInputsTests.test_final_file_change_cannot_be_sealed_as_a_successful_inventory) ... ok
2026-09-14T00:39:55.3913973Z test_gap_overlap_extension_reversal_and_float_boundaries_fail (test_sealed_historical_management_inputs_v01.ManagementInputsTests.test_gap_overlap_extension_reversal_and_float_boundaries_fail) ... ok
2026-09-14T00:39:55.3962809Z test_hosted_workflow_has_no_market_credentials_or_capture_and_checks_committed_freeze (test_sealed_historical_management_inputs_v01.ManagementInputsTests.test_hosted_workflow_has_no_market_credentials_or_capture_and_checks_committed_freeze) ... ok
2026-09-14T00:39:55.4214479Z test_omitted_or_reordered_resource_receipts_do_not_create_readiness (test_sealed_historical_management_inputs_v01.ManagementInputsTests.test_omitted_or_reordered_resource_receipts_do_not_create_readiness) ... ok
2026-09-14T00:39:55.4406172Z test_opportunity_index_preserves_109_identities_23_unavailable_and_all_30_dates (test_sealed_historical_management_inputs_v01.ManagementInputsTests.test_opportunity_index_preserves_109_identities_23_unavailable_and_all_30_dates) ... ok
2026-09-14T00:39:55.4410133Z test_parent_audit_edit_cannot_be_resealed (test_sealed_historical_management_inputs_v01.ManagementInputsTests.test_parent_audit_edit_cannot_be_resealed) ... ok
2026-09-14T00:39:55.4691829Z test_parent_counts_predict_all_rows_without_reclassifying_prints (test_sealed_historical_management_inputs_v01.ManagementInputsTests.test_parent_counts_predict_all_rows_without_reclassifying_prints) ... ok
2026-09-14T00:39:55.4732951Z test_raw_minute_bars_reject_unaligned_or_repeated_timestamps (test_sealed_historical_management_inputs_v01.ManagementInputsTests.test_raw_minute_bars_reject_unaligned_or_repeated_timestamps) ... ok
2026-09-14T00:39:55.4767974Z test_reader_clips_shared_window_and_preserves_tail_source_ordinals (test_sealed_historical_management_inputs_v01.ManagementInputsTests.test_reader_clips_shared_window_and_preserves_tail_source_ordinals) ... ok
2026-09-14T00:39:55.4801568Z test_reader_handles_empty_prefix_and_returns_independent_opportunity_copies (test_sealed_historical_management_inputs_v01.ManagementInputsTests.test_reader_handles_empty_prefix_and_returns_independent_opportunity_copies) ... ok
2026-09-14T00:39:55.4837525Z test_reader_rejects_unknown_opportunity_resource_and_changed_tape (test_sealed_historical_management_inputs_v01.ManagementInputsTests.test_reader_rejects_unknown_opportunity_resource_and_changed_tape) ... ok
2026-09-14T00:39:55.4847064Z test_reader_requires_external_manifest_pin_even_for_resealed_metadata (test_sealed_historical_management_inputs_v01.ManagementInputsTests.test_reader_requires_external_manifest_pin_even_for_resealed_metadata) ... ok
2026-09-14T00:39:56.3272668Z test_registration_binds_verified_capture_parent_without_runtime_authority (test_sealed_historical_management_inputs_v01.ManagementInputsTests.test_registration_binds_verified_capture_parent_without_runtime_authority) ... ok
2026-09-14T00:39:56.3301751Z test_resealed_file_inventory_does_not_override_original_logical_receipt (test_sealed_historical_management_inputs_v01.ManagementInputsTests.test_resealed_file_inventory_does_not_override_original_logical_receipt) ... ok
2026-09-14T00:39:56.3342219Z test_source_order_and_parent_selection_commitment_cannot_change (test_sealed_historical_management_inputs_v01.ManagementInputsTests.test_source_order_and_parent_selection_commitment_cannot_change) ... ok
2026-09-14T00:39:56.3384577Z test_source_verification_rejects_missing_or_wrong_archives_before_reconstruction (test_sealed_historical_management_inputs_v01.ManagementInputsTests.test_source_verification_rejects_missing_or_wrong_archives_before_reconstruction) ... ok
2026-09-14T00:39:56.3405661Z test_tail_cannot_copy_an_event_at_exact_exclusive_end (test_sealed_historical_management_inputs_v01.ManagementInputsTests.test_tail_cannot_copy_an_event_at_exact_exclusive_end) ... ok
2026-09-14T00:39:56.3432012Z test_tape_path_traversal_and_symlink_parent_fail_before_write (test_sealed_historical_management_inputs_v01.ManagementInputsTests.test_tape_path_traversal_and_symlink_parent_fail_before_write) ... ok
2026-09-14T00:39:56.3455081Z test_truncated_source_cannot_supply_missing_selected_records (test_sealed_historical_management_inputs_v01.ManagementInputsTests.test_truncated_source_cannot_supply_missing_selected_records) ... ok
2026-09-14T00:39:56.5966974Z test_all_frozen_conditions_and_pairs_match_micro_eligibility (test_sealed_historical_management_projection_v01.ManagementProjectionTests.test_all_frozen_conditions_and_pairs_match_micro_eligibility) ... ok
2026-09-14T00:39:56.5970342Z test_all_same_fill_timestamp_prints_are_excluded (test_sealed_historical_management_projection_v01.ManagementProjectionTests.test_all_same_fill_timestamp_prints_are_excluded) ... ok
2026-09-14T00:39:56.5972920Z test_bar_closing_at_fill_is_excluded (test_sealed_historical_management_projection_v01.ManagementProjectionTests.test_bar_closing_at_fill_is_excluded) ... ok
2026-09-14T00:39:56.5977379Z test_breakeven_stop_beats_completed_red (test_sealed_historical_management_projection_v01.ManagementProjectionTests.test_breakeven_stop_beats_completed_red) ... ok
2026-09-14T00:39:59.8593980Z test_bundle_is_deterministic_write_once_and_tamper_evident (test_sealed_historical_management_projection_v01.ManagementProjectionTests.test_bundle_is_deterministic_write_once_and_tamper_evident) ... ok
2026-09-14T00:39:59.8597302Z test_clean_odd_lot_is_transaction_only (test_sealed_historical_management_projection_v01.ManagementProjectionTests.test_clean_odd_lot_is_transaction_only) ... ok
2026-09-14T00:40:01.2493509Z test_cli_is_offline_metadata_only_and_has_no_historical_run_mode (test_sealed_historical_management_projection_v01.ManagementProjectionTests.test_cli_is_offline_metadata_only_and_has_no_historical_run_mode) ... ok
2026-09-14T00:40:01.2497140Z test_completed_red_beats_target_at_exact_close (test_sealed_historical_management_projection_v01.ManagementProjectionTests.test_completed_red_beats_target_at_exact_close) ... ok
2026-09-14T00:40:01.2498621Z test_empty_path_is_not_liquidated (test_sealed_historical_management_projection_v01.ManagementProjectionTests.test_empty_path_is_not_liquidated) ... ok
2026-09-14T00:40:01.2503245Z test_equal_timestamp_source_order_preserved (test_sealed_historical_management_projection_v01.ManagementProjectionTests.test_equal_timestamp_source_order_preserved) ... ok
2026-09-14T00:40:01.2505637Z test_existing_float_target_rounding_is_not_reinterpreted (test_sealed_historical_management_projection_v01.ManagementProjectionTests.test_existing_float_target_rounding_is_not_reinterpreted) ... ok
2026-09-14T00:40:01.2507726Z test_exit_envelope_exact_nanoseconds_and_midnight (test_sealed_historical_management_projection_v01.ManagementProjectionTests.test_exit_envelope_exact_nanoseconds_and_midnight) ... ok
2026-09-14T00:40:01.2509990Z test_exit_tail_edge_censored_without_window_extension (test_sealed_historical_management_projection_v01.ManagementProjectionTests.test_exit_tail_edge_censored_without_window_extension) ... ok
2026-09-14T00:40:01.2511920Z test_frozen_signal_tail_and_exit_capture_constants_match (test_sealed_historical_management_projection_v01.ManagementProjectionTests.test_frozen_signal_tail_and_exit_capture_constants_match) ... ok
2026-09-14T00:40:01.2513705Z test_full_input_is_validated_even_after_terminal_proxy (test_sealed_historical_management_projection_v01.ManagementProjectionTests.test_full_input_is_validated_even_after_terminal_proxy) ... ok
2026-09-14T00:40:02.0305887Z test_implementation_mutation_invalidates_registration (test_sealed_historical_management_projection_v01.ManagementProjectionTests.test_implementation_mutation_invalidates_registration) ... ok
2026-09-14T00:40:02.0308720Z test_inputs_not_mutated_and_outputs_detached (test_sealed_historical_management_projection_v01.ManagementProjectionTests.test_inputs_not_mutated_and_outputs_detached) ... ok
2026-09-14T00:40:02.0312937Z test_invalid_fill_and_stop_fail_closed (test_sealed_historical_management_projection_v01.ManagementProjectionTests.test_invalid_fill_and_stop_fail_closed) ... ok
2026-09-14T00:40:02.0318578Z test_lineage_and_timestamp_tampering_fail_closed (test_sealed_historical_management_projection_v01.ManagementProjectionTests.test_lineage_and_timestamp_tampering_fail_closed) ... ok
2026-09-14T00:40:02.8232026Z test_metadata_preserves_full_population_without_running_primitive (test_sealed_historical_management_projection_v01.ManagementProjectionTests.test_metadata_preserves_full_population_without_running_primitive) ... ok
2026-09-14T00:40:02.8234805Z test_new_source_segment_can_restart_source_ordinal (test_sealed_historical_management_projection_v01.ManagementProjectionTests.test_new_source_segment_can_restart_source_ordinal) ... ok
2026-09-14T00:40:02.8237423Z test_no_post_terminal_red_metadata (test_sealed_historical_management_projection_v01.ManagementProjectionTests.test_no_post_terminal_red_metadata) ... ok
2026-09-14T00:40:02.8242060Z test_one_nanosecond_after_fill_can_trigger (test_sealed_historical_management_projection_v01.ManagementProjectionTests.test_one_nanosecond_after_fill_can_trigger) ... ok
2026-09-14T00:40:02.8244479Z test_original_window_required (test_sealed_historical_management_projection_v01.ManagementProjectionTests.test_original_window_required) ... ok
2026-09-14T00:40:02.8248553Z test_parent_mutation_cannot_be_resealed (test_sealed_historical_management_projection_v01.ManagementProjectionTests.test_parent_mutation_cannot_be_resealed) ... ok
2026-09-14T00:40:02.8251624Z test_pending_red_without_following_eligible_print_stays_open (test_sealed_historical_management_projection_v01.ManagementProjectionTests.test_pending_red_without_following_eligible_print_stays_open) ... ok
2026-09-14T00:40:03.9957547Z test_randomized_synthetic_leg_parity_with_frozen_external_fill_engine (test_sealed_historical_management_projection_v01.ManagementProjectionTests.test_randomized_synthetic_leg_parity_with_frozen_external_fill_engine) ... ok
2026-09-14T00:40:03.9960437Z test_red_not_visible_at_bar_start_or_before_close (test_sealed_historical_management_projection_v01.ManagementProjectionTests.test_red_not_visible_at_bar_start_or_before_close) ... ok
2026-09-14T00:40:04.8314234Z test_registration_binds_verified_parent_and_keeps_runtime_closed (test_sealed_historical_management_projection_v01.ManagementProjectionTests.test_registration_binds_verified_parent_and_keeps_runtime_closed) ... ok
2026-09-14T00:40:04.8317392Z test_repeated_target_prints_cannot_sell_extra_fraction (test_sealed_historical_management_projection_v01.ManagementProjectionTests.test_repeated_target_prints_cannot_sell_extra_fraction) ... ok
2026-09-14T00:40:04.8320973Z test_scenario_requirements_equal_frozen_execution_policies (test_sealed_historical_management_projection_v01.ManagementProjectionTests.test_scenario_requirements_equal_frozen_execution_policies) ... ok
2026-09-14T00:40:04.8324263Z test_signal_end_is_inclusive_but_next_bar_close_is_excluded (test_sealed_historical_management_projection_v01.ManagementProjectionTests.test_signal_end_is_inclusive_but_next_bar_close_is_excluded) ... ok
2026-09-14T00:40:04.8328575Z test_source_window_end_exclusive_and_start_inclusive (test_sealed_historical_management_projection_v01.ManagementProjectionTests.test_source_window_end_exclusive_and_start_inclusive) ... ok
2026-09-14T00:40:04.8331704Z test_stop_and_target_continue_through_original_tail (test_sealed_historical_management_projection_v01.ManagementProjectionTests.test_stop_and_target_continue_through_original_tail) ... ok
2026-09-14T00:40:04.8334234Z test_stop_beats_completed_red (test_sealed_historical_management_projection_v01.ManagementProjectionTests.test_stop_beats_completed_red) ... ok
2026-09-14T00:40:04.8337118Z test_target_gap_retains_target_proxy_and_observed_source_price (test_sealed_historical_management_projection_v01.ManagementProjectionTests.test_target_gap_retains_target_proxy_and_observed_source_price) ... ok
2026-09-14T00:40:04.8339995Z test_unavailable_entry_is_never_repaired_by_management (test_sealed_historical_management_projection_v01.ManagementProjectionTests.test_unavailable_entry_is_never_repaired_by_management) ... ok
2026-09-14T00:40:04.8343967Z test_unknown_or_disqualified_odd_lot_cannot_trigger (test_sealed_historical_management_projection_v01.ManagementProjectionTests.test_unknown_or_disqualified_odd_lot_cannot_trigger) ... ok
2026-09-14T00:40:04.8346427Z test_unsorted_or_duplicate_bars_fail_closed (test_sealed_historical_management_projection_v01.ManagementProjectionTests.test_unsorted_or_duplicate_bars_fail_closed) ... ok
2026-09-14T00:40:04.8353158Z test_unsorted_prints_or_noncanonical_rows_fail_closed (test_sealed_historical_management_projection_v01.ManagementProjectionTests.test_unsorted_prints_or_noncanonical_rows_fail_closed) ... ok
2026-09-14T00:40:04.8387979Z test_workflow_is_read_only_offline_and_hash_locked (test_sealed_historical_management_projection_v01.ManagementProjectionTests.test_workflow_is_read_only_offline_and_hash_locked) ... ok
2026-09-14T00:40:04.8397164Z test_wrong_repository_output_and_symlink_rejected (test_sealed_historical_management_projection_v01.ManagementProjectionTests.test_wrong_repository_output_and_symlink_rejected) ... ok
2026-09-14T00:40:04.8400350Z test_zero_size_retains_frozen_price_eligibility_without_new_filter (test_sealed_historical_management_projection_v01.ManagementProjectionTests.test_zero_size_retains_frozen_price_eligibility_without_new_filter) ... ok
2026-09-14T00:40:04.8755896Z test_all_56_windows_and_109_opportunities_remain_with_51_full_envelopes (test_sealed_historical_management_reuse_v01.ManagementReuseTests.test_all_56_windows_and_109_opportunities_remain_with_51_full_envelopes) ... ok
2026-09-14T00:40:04.8769068Z test_changed_archive_is_rejected_before_reading_rows (test_sealed_historical_management_reuse_v01.ManagementReuseTests.test_changed_archive_is_rejected_before_reading_rows) ... ok
2026-09-14T00:40:06.1936046Z test_cli_registration_succeeds_under_offline_audit_guard (test_sealed_historical_management_reuse_v01.ManagementReuseTests.test_cli_registration_succeeds_under_offline_audit_guard) ... ok
2026-09-14T00:40:06.1956909Z test_each_retained_file_hash_is_checked (test_sealed_historical_management_reuse_v01.ManagementReuseTests.test_each_retained_file_hash_is_checked) ... ok
2026-09-14T00:40:06.1971181Z test_full_tape_logical_hash_is_checked_even_without_selected_rows (test_sealed_historical_management_reuse_v01.ManagementReuseTests.test_full_tape_logical_hash_is_checked_even_without_selected_rows) ... ok
2026-09-14T00:40:06.1992286Z test_incomplete_ledger_is_rejected_even_with_rehashed_inventory (test_sealed_historical_management_reuse_v01.ManagementReuseTests.test_incomplete_ledger_is_rejected_even_with_rehashed_inventory) ... ok
2026-09-14T00:40:06.1995256Z test_interval_partition_rejects_float_boolean_and_reversed_bounds (test_sealed_historical_management_reuse_v01.ManagementReuseTests.test_interval_partition_rejects_float_boolean_and_reversed_bounds) ... ok
2026-09-14T00:40:06.1998035Z test_interval_partition_unions_touching_and_overlapping_sources (test_sealed_historical_management_reuse_v01.ManagementReuseTests.test_interval_partition_unions_touching_and_overlapping_sources) ... ok
2026-09-14T00:40:06.2000861Z test_missing_tails_are_exact_and_include_unavailable_jva (test_sealed_historical_management_reuse_v01.ManagementReuseTests.test_missing_tails_are_exact_and_include_unavailable_jva) ... ok
2026-09-14T00:40:06.2018374Z test_no_observed_row_does_not_shrink_the_verified_request_envelope (test_sealed_historical_management_reuse_v01.ManagementReuseTests.test_no_observed_row_does_not_shrink_the_verified_request_envelope) ... ok
2026-09-14T00:40:06.2040257Z test_noncanonical_selected_row_cannot_be_silently_repaired (test_sealed_historical_management_reuse_v01.ManagementReuseTests.test_noncanonical_selected_row_cannot_be_silently_repaired) ... ok
2026-09-14T00:40:06.2047710Z test_output_cannot_overwrite_parent_or_follow_symlink (test_sealed_historical_management_reuse_v01.ManagementReuseTests.test_output_cannot_overwrite_parent_or_follow_symlink) ... ok
2026-09-14T00:40:06.2050260Z test_partition_preserves_nanosecond_gaps (test_sealed_historical_management_reuse_v01.ManagementReuseTests.test_partition_preserves_nanosecond_gaps) ... ok
2026-09-14T00:40:07.0471099Z test_registration_preserves_account_seed_parent_and_all_closed_gates (test_sealed_historical_management_reuse_v01.ManagementReuseTests.test_registration_preserves_account_seed_parent_and_all_closed_gates) ... ok
2026-09-14T00:40:07.0572755Z test_required_selected_fields_are_normalized_fail_closed (test_sealed_historical_management_reuse_v01.ManagementReuseTests.test_required_selected_fields_are_normalized_fail_closed) ... ok
2026-09-14T00:40:07.0597278Z test_selected_rows_preserve_order_nanoseconds_and_unfiltered_conditions (test_sealed_historical_management_reuse_v01.ManagementReuseTests.test_selected_rows_preserve_order_nanoseconds_and_unfiltered_conditions) ... ok
2026-09-14T00:40:07.0718010Z test_source_normalization_preserves_management_bar_and_trade_projection_inputs (test_sealed_historical_management_reuse_v01.ManagementReuseTests.test_source_normalization_preserves_management_bar_and_trade_projection_inputs) ... ok
2026-09-14T00:40:07.0739657Z test_source_order_is_not_silently_sorted (test_sealed_historical_management_reuse_v01.ManagementReuseTests.test_source_order_is_not_silently_sorted) ... ok
2026-09-14T00:40:10.2782064Z test_synthetic_full_population_roundtrip_write_once_and_tamper_detection (test_sealed_historical_management_reuse_v01.ManagementReuseTests.test_synthetic_full_population_roundtrip_write_once_and_tamper_detection) ... ok
2026-09-14T00:40:13.4559516Z test_unregistered_request_or_invalid_pagination_fails (test_sealed_historical_management_reuse_v01.ManagementReuseTests.test_unregistered_request_or_invalid_pagination_fails) ... ok
2026-09-14T00:40:13.4566921Z test_unsafe_or_duplicate_archive_members_are_rejected (test_sealed_historical_management_reuse_v01.ManagementReuseTests.test_unsafe_or_duplicate_archive_members_are_rejected) ... ok
2026-09-14T00:40:15.0616828Z test_wire_urls_preserve_exact_bounds_raw_sip_identity_and_opaque_tokens (test_sealed_historical_management_reuse_v01.ManagementReuseTests.test_wire_urls_preserve_exact_bounds_raw_sip_identity_and_opaque_tokens) ... ok
2026-09-14T00:40:15.0636641Z test_wrong_request_identity_is_rejected (test_sealed_historical_management_reuse_v01.ManagementReuseTests.test_wrong_request_identity_is_rejected) ... ok
2026-09-14T00:40:15.0720291Z test_all_same_time_native_prints_precede_feedback (test_sealed_historical_management_runner_v01.RunnerMechanicsTests.test_all_same_time_native_prints_precede_feedback) ... ok
2026-09-14T00:40:15.0797984Z test_bar_cannot_signal_before_its_close (test_sealed_historical_management_runner_v01.RunnerMechanicsTests.test_bar_cannot_signal_before_its_close) ... ok
2026-09-14T00:40:15.1475754Z test_both_scenarios_and_small_odd_share_positions (test_sealed_historical_management_runner_v01.RunnerMechanicsTests.test_both_scenarios_and_small_odd_share_positions) ... ok
2026-09-14T00:40:15.1568568Z test_competing_stop_latches_until_ack_and_next_eligible_print (test_sealed_historical_management_runner_v01.RunnerMechanicsTests.test_competing_stop_latches_until_ack_and_next_eligible_print) ... ok
2026-09-14T00:40:15.1646661Z test_completed_bar_precedes_same_time_print (test_sealed_historical_management_runner_v01.RunnerMechanicsTests.test_completed_bar_precedes_same_time_print) ... ok
2026-09-14T00:40:15.1801901Z test_delayed_quote_fill_is_applied_at_its_receive_clock (test_sealed_historical_management_runner_v01.RunnerMechanicsTests.test_delayed_quote_fill_is_applied_at_its_receive_clock) ... ok
2026-09-14T00:40:15.1860432Z test_empty_streams_do_not_invent_liquidation (test_sealed_historical_management_runner_v01.RunnerMechanicsTests.test_empty_streams_do_not_invent_liquidation) ... ok
2026-09-14T00:40:15.1920362Z test_entry_time_print_is_excluded (test_sealed_historical_management_runner_v01.RunnerMechanicsTests.test_entry_time_print_is_excluded) ... ok
2026-09-14T00:40:15.1995993Z test_equal_time_target_fill_cannot_retroactively_create_breakeven_signal (test_sealed_historical_management_runner_v01.RunnerMechanicsTests.test_equal_time_target_fill_cannot_retroactively_create_breakeven_signal) ... ok
2026-09-14T00:40:15.2110433Z test_exact_group_tape_and_stream_pins_are_required (test_sealed_historical_management_runner_v01.RunnerMechanicsTests.test_exact_group_tape_and_stream_pins_are_required) ... ok
2026-09-14T00:40:15.2159976Z test_exit_evidence_cannot_replace_original_entry_evidence (test_sealed_historical_management_runner_v01.RunnerMechanicsTests.test_exit_evidence_cannot_replace_original_entry_evidence) ... ok
2026-09-14T00:40:15.2308486Z test_incomplete_or_tampered_stream_cannot_return_success (test_sealed_historical_management_runner_v01.RunnerMechanicsTests.test_incomplete_or_tampered_stream_cannot_return_success) ... ok
2026-09-14T00:40:15.2450709Z test_input_and_output_are_detached_and_account_ledger_unchanged (test_sealed_historical_management_runner_v01.RunnerMechanicsTests.test_input_and_output_are_detached_and_account_ledger_unchanged) ... ok
2026-09-14T00:40:15.2535960Z test_invalid_future_record_is_not_hidden_after_position_closes (test_sealed_historical_management_runner_v01.RunnerMechanicsTests.test_invalid_future_record_is_not_hidden_after_position_closes) ... ok
2026-09-14T00:40:15.2595882Z test_late_completed_bar_is_validated_without_extending_signal_window (test_sealed_historical_management_runner_v01.RunnerMechanicsTests.test_late_completed_bar_is_validated_without_extending_signal_window) ... ok
2026-09-14T00:40:15.2658536Z test_missing_exit_capture_tail_never_extends_window (test_sealed_historical_management_runner_v01.RunnerMechanicsTests.test_missing_exit_capture_tail_never_extends_window) ... ok
2026-09-14T00:40:15.2725909Z test_missing_exit_reference_preserves_entry_and_outstanding_intent (test_sealed_historical_management_runner_v01.RunnerMechanicsTests.test_missing_exit_reference_preserves_entry_and_outstanding_intent) ... ok
2026-09-14T00:40:15.2799459Z test_no_later_print_is_needed_for_pending_fill_and_cancel_feedback (test_sealed_historical_management_runner_v01.RunnerMechanicsTests.test_no_later_print_is_needed_for_pending_fill_and_cancel_feedback) ... ok
2026-09-14T00:40:15.2889773Z test_partial_final_remainder_is_explicitly_open (test_sealed_historical_management_runner_v01.RunnerMechanicsTests.test_partial_final_remainder_is_explicitly_open) ... ok
2026-09-14T00:40:15.2982374Z test_print_at_cancel_ack_cannot_clear_pending_before_that_print (test_sealed_historical_management_runner_v01.RunnerMechanicsTests.test_print_at_cancel_ack_cannot_clear_pending_before_that_print) ... ok
2026-09-14T00:40:15.3023757Z test_rehashed_incomplete_common_scope_fails_even_without_exit (test_sealed_historical_management_runner_v01.RunnerMechanicsTests.test_rehashed_incomplete_common_scope_fails_even_without_exit) ... ok
2026-09-14T00:40:15.3064364Z test_rehashed_request_substitution_cannot_bypass_registered_scope (test_sealed_historical_management_runner_v01.RunnerMechanicsTests.test_rehashed_request_substitution_cannot_bypass_registered_scope) ... ok
2026-09-14T00:40:15.3201048Z test_rehashed_source_reordering_and_skipped_ordinals_rejected (test_sealed_historical_management_runner_v01.RunnerMechanicsTests.test_rehashed_source_reordering_and_skipped_ordinals_rejected) ... ok
2026-09-14T00:40:15.3216040Z test_scheduler_does_not_read_private_future_outcome (test_sealed_historical_management_runner_v01.RunnerMechanicsTests.test_scheduler_does_not_read_private_future_outcome) ... ok
2026-09-14T00:40:15.7647787Z test_seeded_paths_agree_with_independent_integer_arithmetic (test_sealed_historical_management_runner_v01.RunnerMechanicsTests.test_seeded_paths_agree_with_independent_integer_arithmetic) ... ok
2026-09-14T00:40:15.7715430Z test_source_io_failure_preserves_partial_state (test_sealed_historical_management_runner_v01.RunnerMechanicsTests.test_source_io_failure_preserves_partial_state) ... ok
2026-09-14T00:40:15.7775831Z test_source_unknown_conditions_remain_ineligible (test_sealed_historical_management_runner_v01.RunnerMechanicsTests.test_source_unknown_conditions_remain_ineligible) ... ok
2026-09-14T00:40:15.7865665Z test_target_and_stop_automatically_process_fill_and_cancel_clocks (test_sealed_historical_management_runner_v01.RunnerMechanicsTests.test_target_and_stop_automatically_process_fill_and_cancel_clocks) ... ok
2026-09-14T00:40:15.7904734Z test_unused_tape_extra_fields_are_not_accepted_as_source_evidence (test_sealed_historical_management_runner_v01.RunnerMechanicsTests.test_unused_tape_extra_fields_are_not_accepted_as_source_evidence) ... ok
2026-09-14T00:40:15.7910192Z test_ancestor_mutation_cannot_be_rehashed_into_registration (test_sealed_historical_management_runner_v01.RunnerRegistrationTests.test_ancestor_mutation_cannot_be_rehashed_into_registration) ... ok
2026-09-14T00:40:19.1854602Z test_cli_offline_verification_and_no_run_or_quote_mode (test_sealed_historical_management_runner_v01.RunnerRegistrationTests.test_cli_offline_verification_and_no_run_or_quote_mode) ... ok
2026-09-14T00:40:19.1902117Z test_duplicate_opportunity_or_request_cannot_silently_collapse (test_sealed_historical_management_runner_v01.RunnerRegistrationTests.test_duplicate_opportunity_or_request_cannot_silently_collapse) ... ok
2026-09-14T00:40:20.0993412Z test_every_original_window_date_and_session_is_bound (test_sealed_historical_management_runner_v01.RunnerRegistrationTests.test_every_original_window_date_and_session_is_bound) ... ok
2026-09-14T00:40:20.9573040Z test_exact_population_and_bounded_request_counts (test_sealed_historical_management_runner_v01.RunnerRegistrationTests.test_exact_population_and_bounded_request_counts) ... ok
2026-09-14T00:40:21.8318758Z test_historical_gate_fails_before_any_source_access (test_sealed_historical_management_runner_v01.RunnerRegistrationTests.test_historical_gate_fails_before_any_source_access) ... ok
2026-09-14T00:40:21.8321840Z test_hosted_workflow_is_pinned_read_only_without_provider_paths (test_sealed_historical_management_runner_v01.RunnerRegistrationTests.test_hosted_workflow_is_pinned_read_only_without_provider_paths) ... ok
2026-09-14T00:40:22.6617170Z test_implementation_mutation_invalidates_registration (test_sealed_historical_management_runner_v01.RunnerRegistrationTests.test_implementation_mutation_invalidates_registration) ... ok
2026-09-14T00:40:22.6657001Z test_interval_scope_uses_integer_nanoseconds_and_not_actual_fills (test_sealed_historical_management_runner_v01.RunnerRegistrationTests.test_interval_scope_uses_integer_nanoseconds_and_not_actual_fills) ... ok
2026-09-14T00:40:23.5310193Z test_metadata_never_reads_source_tapes_or_runs_mechanics (test_sealed_historical_management_runner_v01.RunnerRegistrationTests.test_metadata_never_reads_source_tapes_or_runs_mechanics) ... ok
2026-09-14T00:40:26.1261110Z test_output_symlink_and_extra_file_rejected (test_sealed_historical_management_runner_v01.RunnerRegistrationTests.test_output_symlink_and_extra_file_rejected) ... ok
2026-09-14T00:40:27.0164145Z test_parent_and_contract_are_exact_and_runtime_closed (test_sealed_historical_management_runner_v01.RunnerRegistrationTests.test_parent_and_contract_are_exact_and_runtime_closed) ... ok
2026-09-14T00:40:27.0208057Z test_resolver_uses_frozen_catalog_and_never_caller_context_pin (test_sealed_historical_management_runner_v01.RunnerRegistrationTests.test_resolver_uses_frozen_catalog_and_never_caller_context_pin) ... ok
2026-09-14T00:40:27.0250592Z test_reuse_requires_both_complete_requests_and_identical_ends (test_sealed_historical_management_runner_v01.RunnerRegistrationTests.test_reuse_requires_both_complete_requests_and_identical_ends) ... ok
2026-09-14T00:40:27.0284784Z test_unavailable_opportunity_is_retained_and_never_requests_exit_data (test_sealed_historical_management_runner_v01.RunnerRegistrationTests.test_unavailable_opportunity_is_retained_and_never_requests_exit_data) ... ok
2026-09-14T00:40:29.6441478Z test_write_once_and_rehashed_request_tampering_fail (test_sealed_historical_management_runner_v01.RunnerRegistrationTests.test_write_once_and_rehashed_request_tampering_fail) ... ok
2026-09-14T00:40:29.6450488Z test_altered_frozen_plan_fails_before_request_derivation (test_sealed_historical_micro_inputs_v01.HistoricalMicroInputsV01Tests.test_altered_frozen_plan_fails_before_request_derivation) ... ok
2026-09-14T00:40:29.6459530Z test_backward_pages_fail (test_sealed_historical_micro_inputs_v01.HistoricalMicroInputsV01Tests.test_backward_pages_fail) ... ok
2026-09-14T00:40:29.6469592Z test_capture_exhausts_pages_and_preserves_nanoseconds (test_sealed_historical_micro_inputs_v01.HistoricalMicroInputsV01Tests.test_capture_exhausts_pages_and_preserves_nanoseconds) ... ok
2026-09-14T00:40:29.9395078Z test_complete_cli_capture_with_synthetic_provider_preserves_all_receipts (test_sealed_historical_micro_inputs_v01.HistoricalMicroInputsV01Tests.test_complete_cli_capture_with_synthetic_provider_preserves_all_receipts) ... ok
2026-09-14T00:40:29.9822729Z test_exact_plan_derives_340_requests_without_expanding_symbols (test_sealed_historical_micro_inputs_v01.HistoricalMicroInputsV01Tests.test_exact_plan_derives_340_requests_without_expanding_symbols) ... ok
2026-09-14T00:40:29.9826899Z test_existing_capture_is_never_overwritten (test_sealed_historical_micro_inputs_v01.HistoricalMicroInputsV01Tests.test_existing_capture_is_never_overwritten) ... ok
2026-09-14T00:40:29.9840208Z test_failed_date_does_not_become_zero_or_leak_provider_exception (test_sealed_historical_micro_inputs_v01.HistoricalMicroInputsV01Tests.test_failed_date_does_not_become_zero_or_leak_provider_exception) ... ok
2026-09-14T00:40:29.9844065Z test_input_validation_rejects_wrong_time_or_malformed_values (test_sealed_historical_micro_inputs_v01.HistoricalMicroInputsV01Tests.test_input_validation_rejects_wrong_time_or_malformed_values) ... ok
2026-09-14T00:40:29.9893457Z test_invalid_or_repeated_pagination_is_retained_as_failure (test_sealed_historical_micro_inputs_v01.HistoricalMicroInputsV01Tests.test_invalid_or_repeated_pagination_is_retained_as_failure) ... ok
2026-09-14T00:40:29.9901840Z test_overlapping_pages_cannot_double_count_a_trade (test_sealed_historical_micro_inputs_v01.HistoricalMicroInputsV01Tests.test_overlapping_pages_cannot_double_count_a_trade) ... ok
2026-09-14T00:40:30.0380804Z test_real_workflow_parent_binding_accepts_only_the_execution_file (test_sealed_historical_micro_inputs_v01.HistoricalMicroInputsV01Tests.test_real_workflow_parent_binding_accepts_only_the_execution_file) ... ok
2026-09-14T00:40:30.0383781Z test_redirect_cannot_forward_credentials (test_sealed_historical_micro_inputs_v01.HistoricalMicroInputsV01Tests.test_redirect_cannot_forward_credentials) ... ok
2026-09-14T00:40:30.0579307Z test_request_ceiling_blocks_before_network_and_records_the_block (test_sealed_historical_micro_inputs_v01.HistoricalMicroInputsV01Tests.test_request_ceiling_blocks_before_network_and_records_the_block) ... ok
2026-09-14T00:40:30.0583633Z test_request_routes_preserve_sip_identity_and_exclusive_cutoff (test_sealed_historical_micro_inputs_v01.HistoricalMicroInputsV01Tests.test_request_routes_preserve_sip_identity_and_exclusive_cutoff) ... ok
2026-09-14T00:40:30.0586427Z test_route_substitutions_fail (test_sealed_historical_micro_inputs_v01.HistoricalMicroInputsV01Tests.test_route_substitutions_fail) ... ok
2026-09-14T00:40:30.5738123Z test_validation_cli_makes_no_provider_calls (test_sealed_historical_micro_inputs_v01.HistoricalMicroInputsV01Tests.test_validation_cli_makes_no_provider_calls) ... ok
2026-09-14T00:40:30.5740706Z test_warmup_is_normalized_without_inventing_micro_bars (test_sealed_historical_micro_inputs_v01.HistoricalMicroInputsV01Tests.test_warmup_is_normalized_without_inventing_micro_bars) ... ok
2026-09-14T00:40:30.5742745Z test_workflow_consumes_and_preserves_evidence_before_secret_step (test_sealed_historical_micro_inputs_v01.HistoricalMicroInputsV01Tests.test_workflow_consumes_and_preserves_evidence_before_secret_step) ... ok
2026-09-14T00:40:30.5778534Z test_causal_basis_fails_when_missing_or_unstable (test_sealed_historical_micro_runtime_v01.SealedHistoricalMicroRuntimeV01Tests.test_causal_basis_fails_when_missing_or_unstable) ... ok
2026-09-14T00:40:30.5800623Z test_causal_basis_uses_only_completed_preactivation_pairs (test_sealed_historical_micro_runtime_v01.SealedHistoricalMicroRuntimeV01Tests.test_causal_basis_uses_only_completed_preactivation_pairs) ... ok
2026-09-14T00:40:30.5917457Z test_historical_adapter_preserves_activation_and_explicit_no_trigger (test_sealed_historical_micro_runtime_v01.SealedHistoricalMicroRuntimeV01Tests.test_historical_adapter_preserves_activation_and_explicit_no_trigger) ... ok
2026-09-14T00:40:30.5924246Z test_output_validator_rejects_missing_date_and_future_basis (test_sealed_historical_micro_runtime_v01.SealedHistoricalMicroRuntimeV01Tests.test_output_validator_rejects_missing_date_and_future_basis) ... ok
2026-09-14T00:40:30.5926678Z test_registered_contract_is_exact_and_narrow (test_sealed_historical_micro_runtime_v01.SealedHistoricalMicroRuntimeV01Tests.test_registered_contract_is_exact_and_narrow) ... ok
2026-09-14T00:40:30.5929863Z test_source_contains_no_provider_or_retrospective_entrypoint (test_sealed_historical_micro_runtime_v01.SealedHistoricalMicroRuntimeV01Tests.test_source_contains_no_provider_or_retrospective_entrypoint) ... ok
2026-09-14T00:40:30.5946035Z test_warmup_normalization_changes_prices_not_volume (test_sealed_historical_micro_runtime_v01.SealedHistoricalMicroRuntimeV01Tests.test_warmup_normalization_changes_prices_not_volume) ... ok
2026-09-14T00:40:30.6305512Z test_child_request_budget_is_enforced_before_network (test_sealed_historical_micro_session_inputs_v02.HistoricalMicroSessionInputsV02Tests.test_child_request_budget_is_enforced_before_network) ... ok
2026-09-14T00:40:30.8173997Z test_complete_synthetic_cli_capture_verifies_all_170_tapes (test_sealed_historical_micro_session_inputs_v02.HistoricalMicroSessionInputsV02Tests.test_complete_synthetic_cli_capture_verifies_all_170_tapes) ... ok
2026-09-14T00:40:30.8628340Z test_exact_170_pairs_retain_every_activation_and_date (test_sealed_historical_micro_session_inputs_v02.HistoricalMicroSessionInputsV02Tests.test_exact_170_pairs_retain_every_activation_and_date) ... ok
2026-09-14T00:40:30.9072192Z test_execution_workflow_guard_and_secret_step_are_exact (test_sealed_historical_micro_session_inputs_v02.HistoricalMicroSessionInputsV02Tests.test_execution_workflow_guard_and_secret_step_are_exact) ... ok
2026-09-14T00:40:30.9437962Z test_failed_capture_retains_tape_and_sanitizes_exception (test_sealed_historical_micro_session_inputs_v02.HistoricalMicroSessionInputsV02Tests.test_failed_capture_retains_tape_and_sanitizes_exception) ... ok
2026-09-14T00:40:30.9596496Z test_route_requires_raw_sip_exact_date_and_session (test_sealed_historical_micro_session_inputs_v02.HistoricalMicroSessionInputsV02Tests.test_route_requires_raw_sip_exact_date_and_session) ... ok
2026-09-14T00:40:30.9914838Z test_wrong_or_short_request_set_fails_before_capture (test_sealed_historical_micro_session_inputs_v02.HistoricalMicroSessionInputsV02Tests.test_wrong_or_short_request_set_fails_before_capture) ... ok
2026-09-14T00:40:30.9924847Z test_backward_native_keys_never_sorted_into_validity (test_sealed_historical_record_order_v01.RecordOrderTests.test_backward_native_keys_never_sorted_into_validity) ... ok
2026-09-14T00:40:30.9931566Z test_capture_retains_ties_and_ordinals_after_unusable_rows (test_sealed_historical_record_order_v01.RecordOrderTests.test_capture_retains_ties_and_ordinals_after_unusable_rows) ... ok
2026-09-14T00:40:30.9934038Z test_equal_keys_retain_distinct_and_identical_updates (test_sealed_historical_record_order_v01.RecordOrderTests.test_equal_keys_retain_distinct_and_identical_updates) ... ok
2026-09-14T00:40:30.9936572Z test_equal_time_status_ambiguity_never_resolved_by_quote_sequence_or_ordinal (test_sealed_historical_record_order_v01.RecordOrderTests.test_equal_time_status_ambiguity_never_resolved_by_quote_sequence_or_ordinal) ... ok
2026-09-14T00:40:30.9939533Z test_execution_after_arrival_keeps_first_eligible_state_and_no_refill (test_sealed_historical_record_order_v01.RecordOrderTests.test_execution_after_arrival_keeps_first_eligible_state_and_no_refill) ... ok
2026-09-14T00:40:30.9942103Z test_execution_at_arrival_uses_last_tied_state_not_transient_size (test_sealed_historical_record_order_v01.RecordOrderTests.test_execution_at_arrival_uses_last_tied_state_not_transient_size) ... ok
2026-09-14T00:40:30.9944692Z test_execution_keeps_cancellation_exclusive_and_freshness_inclusive (test_sealed_historical_record_order_v01.RecordOrderTests.test_execution_keeps_cancellation_exclusive_and_freshness_inclusive) ... ok
2026-09-14T00:40:30.9947117Z test_execution_provenance_and_original_order_required (test_sealed_historical_record_order_v01.RecordOrderTests.test_execution_provenance_and_original_order_required) ... ok
2026-09-14T00:40:30.9990266Z test_frozen_metadata_and_integer_mapping_rejections_remain (test_sealed_historical_record_order_v01.RecordOrderTests.test_frozen_metadata_and_integer_mapping_rejections_remain) ... ok
2026-09-14T00:40:31.1516547Z test_full_gits_fixture_is_lossless_and_never_executed (test_sealed_historical_record_order_v01.RecordOrderTests.test_full_gits_fixture_is_lossless_and_never_executed) ... ok
2026-09-14T00:40:31.2111053Z test_full_gits_mapped_store_preserves_every_original_normalized_field (test_sealed_historical_record_order_v01.RecordOrderTests.test_full_gits_mapped_store_preserves_every_original_normalized_field) ... ok
2026-09-14T00:40:31.2117323Z test_gaps_reversals_duplicate_or_noninteger_tape_ordinals_rejected (test_sealed_historical_record_order_v01.RecordOrderTests.test_gaps_reversals_duplicate_or_noninteger_tape_ordinals_rejected) ... ok
2026-09-14T00:40:31.2120466Z test_real_pinned_sdk_preserves_same_message_record_order_offline (test_sealed_historical_record_order_v01.RecordOrderTests.test_real_pinned_sdk_preserves_same_message_record_order_offline) ... skipped 'pinned SDK covered by dedicated record-order validation'
2026-09-14T00:40:31.3007805Z test_registered_parent_chain_and_policy_body_equivalence (test_sealed_historical_record_order_v01.RecordOrderTests.test_registered_parent_chain_and_policy_body_equivalence) ... ok
2026-09-14T00:40:31.3025836Z test_rehashed_capture_tampering_cannot_pass_without_source_replay (test_sealed_historical_record_order_v01.RecordOrderTests.test_rehashed_capture_tampering_cannot_pass_without_source_replay) ... ok
2026-09-14T00:40:31.3028510Z test_request_receive_time_bounds_are_exact_nanoseconds (test_sealed_historical_record_order_v01.RecordOrderTests.test_request_receive_time_bounds_are_exact_nanoseconds) ... ok
2026-09-14T00:40:31.3031349Z test_request_substitution_or_incomplete_window_blocks (test_sealed_historical_record_order_v01.RecordOrderTests.test_request_substitution_or_incomplete_window_blocks) ... ok
2026-09-14T00:40:31.3420389Z test_semantic_guard_detects_latency_and_cross_schema_ambiguity_changes (test_sealed_historical_record_order_v01.RecordOrderTests.test_semantic_guard_detects_latency_and_cross_schema_ambiguity_changes) ... ok
2026-09-14T00:40:31.3423979Z test_source_identity_symbols_schema_extra_fields_and_empty_tape_rejected (test_sealed_historical_record_order_v01.RecordOrderTests.test_source_identity_symbols_schema_extra_fields_and_empty_tape_rejected) ... ok
2026-09-14T00:40:31.3438599Z test_status_conversion_vocabulary_and_order_are_frozen (test_sealed_historical_record_order_v01.RecordOrderTests.test_status_conversion_vocabulary_and_order_are_frozen) ... ok
2026-09-14T00:40:31.3467047Z test_strict_execution_streams_match_both_frozen_policies_and_sides (test_sealed_historical_record_order_v01.RecordOrderTests.test_strict_execution_streams_match_both_frozen_policies_and_sides) ... ok
2026-09-14T00:40:31.3518222Z test_strict_stream_capture_is_identical_to_frozen_prospective_mechanics (test_sealed_historical_record_order_v01.RecordOrderTests.test_strict_stream_capture_is_identical_to_frozen_prospective_mechanics) ... ok
2026-09-14T00:40:31.3523859Z test_unknown_initial_or_later_status_remains_unavailable (test_sealed_historical_record_order_v01.RecordOrderTests.test_unknown_initial_or_later_status_remains_unavailable) ... ok
2026-09-14T00:40:31.3530655Z test_contract_is_exact_unarmed_and_policy_bound (test_sealed_historical_scanner_micro_runtime_v02.SealedHistoricalScannerMicroRuntimeV02Tests.test_contract_is_exact_unarmed_and_policy_bound) ... ok
2026-09-14T00:40:31.8779629Z test_explicit_materialization_reports_started_without_claiming_micro_execution (test_sealed_historical_scanner_micro_runtime_v02.SealedHistoricalScannerMicroRuntimeV02Tests.test_explicit_materialization_reports_started_without_claiming_micro_execution) ... ok
2026-09-14T00:40:31.8785277Z test_micro_gap_is_explicit_and_cannot_be_rehashed_away (test_sealed_historical_scanner_micro_runtime_v02.SealedHistoricalScannerMicroRuntimeV02Tests.test_micro_gap_is_explicit_and_cannot_be_rehashed_away) ... ok
2026-09-14T00:40:31.8797656Z test_output_cannot_modify_the_source_artifact (test_sealed_historical_scanner_micro_runtime_v02.SealedHistoricalScannerMicroRuntimeV02Tests.test_output_cannot_modify_the_source_artifact) ... ok
2026-09-14T00:40:31.8800370Z test_preparation_does_not_reference_retrospective_files (test_sealed_historical_scanner_micro_runtime_v02.SealedHistoricalScannerMicroRuntimeV02Tests.test_preparation_does_not_reference_retrospective_files) ... ok
2026-09-14T00:40:31.8807906Z test_registration_binds_exact_contract_file (test_sealed_historical_scanner_micro_runtime_v02.SealedHistoricalScannerMicroRuntimeV02Tests.test_registration_binds_exact_contract_file) ... ok
2026-09-14T00:40:31.8813624Z test_rehashed_authority_escalation_fails (test_sealed_historical_scanner_micro_runtime_v02.SealedHistoricalScannerMicroRuntimeV02Tests.test_rehashed_authority_escalation_fails) ... ok
2026-09-14T00:40:31.8838197Z test_rehashed_contract_cannot_change_unchecked_execution_boundaries (test_sealed_historical_scanner_micro_runtime_v02.SealedHistoricalScannerMicroRuntimeV02Tests.test_rehashed_contract_cannot_change_unchecked_execution_boundaries) ... ok
2026-09-14T00:40:31.8855122Z test_rehashed_registration_cannot_claim_different_source_or_started_runtime (test_sealed_historical_scanner_micro_runtime_v02.SealedHistoricalScannerMicroRuntimeV02Tests.test_rehashed_registration_cannot_claim_different_source_or_started_runtime) ... ok
2026-09-14T00:40:31.8860771Z test_synthetic_scanner_activation_plan_reapplies_frozen_profiles (test_sealed_historical_scanner_micro_runtime_v02.SealedHistoricalScannerMicroRuntimeV02Tests.test_synthetic_scanner_activation_plan_reapplies_frozen_profiles) ... ok
2026-09-14T00:40:32.9764803Z test_validation_cli_denies_network_and_child_processes (test_sealed_historical_scanner_micro_runtime_v02.SealedHistoricalScannerMicroRuntimeV02Tests.test_validation_cli_denies_network_and_child_processes) ... ok
2026-09-14T00:40:33.5128382Z test_validation_cli_is_provider_free_and_does_not_start_runtime (test_sealed_historical_scanner_micro_runtime_v02.SealedHistoricalScannerMicroRuntimeV02Tests.test_validation_cli_is_provider_free_and_does_not_start_runtime) ... ok
2026-09-14T00:40:33.5133276Z test_failure_parent_records_the_exact_mixed_adjustment_basis (test_sealed_historical_scanner_runtime_failure.SealedHistoricalScannerRuntimeFailureTests.test_failure_parent_records_the_exact_mixed_adjustment_basis) ... ok
2026-09-14T00:40:33.5137706Z test_runtime_failure_preserves_zero_as_invalid_not_strategy_evidence (test_sealed_historical_scanner_runtime_failure.SealedHistoricalScannerRuntimeFailureTests.test_runtime_failure_preserves_zero_as_invalid_not_strategy_evidence) ... ok
2026-09-14T00:40:33.5141463Z test_source_success_is_exact_but_does_not_claim_runtime_validity (test_sealed_historical_scanner_runtime_failure.SealedHistoricalScannerRuntimeFailureTests.test_source_success_is_exact_but_does_not_claim_runtime_validity) ... ok
2026-09-14T00:40:33.5594585Z test_changed_original_stop_or_ordinal_is_rejected (test_sealed_historical_setup_stop_audit_v01.CausalityTests.test_changed_original_stop_or_ordinal_is_rejected) ... ok
2026-09-14T00:40:33.5846878Z test_equal_timestamp_source_rows_still_bind_prefix (test_sealed_historical_setup_stop_audit_v01.CausalityTests.test_equal_timestamp_source_rows_still_bind_prefix) ... ok
2026-09-14T00:40:33.6183181Z test_future_prices_and_indicators_do_not_change_result (test_sealed_historical_setup_stop_audit_v01.CausalityTests.test_future_prices_and_indicators_do_not_change_result) ... ok
2026-09-14T00:40:33.6432235Z test_independent_original_builder_prefix_and_stop_reproduce (test_sealed_historical_setup_stop_audit_v01.CausalityTests.test_independent_original_builder_prefix_and_stop_reproduce) ... ok
2026-09-14T00:40:33.6661691Z test_later_crossing_cannot_replace_first_crossing (test_sealed_historical_setup_stop_audit_v01.CausalityTests.test_later_crossing_cannot_replace_first_crossing) ... ok
2026-09-14T00:40:33.6970266Z test_macd_unknown_and_zero_remain_distinct (test_sealed_historical_setup_stop_audit_v01.CausalityTests.test_macd_unknown_and_zero_remain_distinct) ... ok
2026-09-14T00:40:33.7221148Z test_quote_lookback_is_inclusive_and_separate_from_sip_clock (test_sealed_historical_setup_stop_audit_v01.CausalityTests.test_quote_lookback_is_inclusive_and_separate_from_sip_clock) ... ok
2026-09-14T00:40:33.7224458Z test_room_is_signed_and_nonpositive_denominators_stay_unknown (test_sealed_historical_setup_stop_audit_v01.CausalityTests.test_room_is_signed_and_nonpositive_denominators_stay_unknown) ... ok
2026-09-14T00:40:33.7441054Z test_support_later_than_trough_cannot_make_plan (test_sealed_historical_setup_stop_audit_v01.CausalityTests.test_support_later_than_trough_cannot_make_plan) ... ok
2026-09-14T00:40:33.7690316Z test_unavailable_quote_cannot_be_invented_or_available_quote_dropped (test_sealed_historical_setup_stop_audit_v01.CausalityTests.test_unavailable_quote_cannot_be_invented_or_available_quote_dropped) ... ok
2026-09-14T00:40:39.0695179Z test_changed_descriptive_field_cannot_be_resigned_into_evidence (test_sealed_historical_setup_stop_audit_v01.FrozenEvidenceTests.test_changed_descriptive_field_cannot_be_resigned_into_evidence) ... ok
2026-09-14T00:40:43.7031342Z test_changed_summary_or_authority_cannot_be_resigned (test_sealed_historical_setup_stop_audit_v01.FrozenEvidenceTests.test_changed_summary_or_authority_cannot_be_resigned) ... ok
2026-09-14T00:40:43.7038309Z test_every_alternative_and_unavailable_reference_is_retained (test_sealed_historical_setup_stop_audit_v01.FrozenEvidenceTests.test_every_alternative_and_unavailable_reference_is_retained) ... ok
2026-09-14T00:40:44.9678597Z test_frozen_registration_and_saved_geometry_reproduce (test_sealed_historical_setup_stop_audit_v01.FrozenEvidenceTests.test_frozen_registration_and_saved_geometry_reproduce) ... ok
2026-09-14T00:40:45.3279954Z test_mutated_geometry_witness_cannot_pass_original_plan (test_sealed_historical_setup_stop_audit_v01.FrozenEvidenceTests.test_mutated_geometry_witness_cannot_pass_original_plan) ... ok
2026-09-14T00:40:45.3989091Z test_publication_repair_preserves_every_original_observation (test_sealed_historical_setup_stop_audit_v01.FrozenEvidenceTests.test_publication_repair_preserves_every_original_observation) ... ok
2026-09-14T00:40:45.5295146Z test_wrong_external_commitment_is_rejected (test_sealed_historical_setup_stop_audit_v01.FrozenEvidenceTests.test_wrong_external_commitment_is_rejected) ... ok
2026-09-14T00:40:45.6246682Z test_aggregation_preserves_conditions_float_arithmetic_and_ties (test_sealed_historical_setup_stop_audit_v01.SourceMechanicsTests.test_aggregation_preserves_conditions_float_arithmetic_and_ties) ... ok
2026-09-14T00:40:45.6254587Z test_archive_path_traversal_is_rejected_even_with_matching_hash (test_sealed_historical_setup_stop_audit_v01.SourceMechanicsTests.test_archive_path_traversal_is_rejected_even_with_matching_hash) ... ok
2026-09-14T00:40:45.6262719Z test_original_archive_identity_is_required (test_sealed_historical_setup_stop_audit_v01.SourceMechanicsTests.test_original_archive_identity_is_required) ... ok
2026-09-14T00:40:45.6490743Z test_serialization_matches_original_including_numeric_coercion (test_sealed_historical_setup_stop_audit_v01.SourceMechanicsTests.test_serialization_matches_original_including_numeric_coercion) ... ok
2026-09-14T00:40:45.6510380Z test_witness_preserves_unknown_indicator_values (test_sealed_historical_setup_stop_audit_v01.SourceMechanicsTests.test_witness_preserves_unknown_indicator_values) ... ok
2026-09-14T00:40:45.6712548Z test_witness_rejects_repeated_clocks (test_sealed_historical_setup_stop_audit_v01.SourceMechanicsTests.test_witness_rejects_repeated_clocks) ... ok
2026-09-14T00:40:45.6721397Z test_authorization_and_passed_parent_bundle_are_exact (test_sealed_historical_source_acquisition.SealedHistoricalSourceAcquisitionTests.test_authorization_and_passed_parent_bundle_are_exact) ... ok
2026-09-14T00:40:45.6733294Z test_page_candidate_request_and_byte_ceilings_fail_closed (test_sealed_historical_source_acquisition.SealedHistoricalSourceAcquisitionTests.test_page_candidate_request_and_byte_ceilings_fail_closed) ... ok
2026-09-14T00:40:45.6746197Z test_registration_audit_binds_exact_bundle (test_sealed_historical_source_acquisition.SealedHistoricalSourceAcquisitionTests.test_registration_audit_binds_exact_bundle) ... ok
2026-09-14T00:40:45.6753435Z test_rehashed_authorization_cannot_expand_authority (test_sealed_historical_source_acquisition.SealedHistoricalSourceAcquisitionTests.test_rehashed_authorization_cannot_expand_authority) ... ok
2026-09-14T00:40:45.6763522Z test_success_report_preserves_zero_cost_and_causal_boundaries (test_sealed_historical_source_acquisition.SealedHistoricalSourceAcquisitionTests.test_success_report_preserves_zero_cost_and_causal_boundaries) ... ok
2026-09-14T00:40:45.6770430Z test_workflow_uses_validated_main_credentials_and_consumes_first (test_sealed_historical_source_acquisition.SealedHistoricalSourceAcquisitionTests.test_workflow_uses_validated_main_credentials_and_consumes_first) ... ok
2026-09-14T00:40:45.6785138Z test_write_once_refuses_overwrite (test_sealed_historical_source_acquisition.SealedHistoricalSourceAcquisitionTests.test_write_once_refuses_overwrite) ... ok
2026-09-14T00:40:45.6792562Z test_authorization_is_exact_and_only_repairs_request_ceiling (test_sealed_historical_source_acquisition_v02.SealedHistoricalSourceAcquisitionV02Tests.test_authorization_is_exact_and_only_repairs_request_ceiling) ... ok
2026-09-14T00:40:45.6804493Z test_failure_parent_and_original_artifact_bytes_are_exact (test_sealed_historical_source_acquisition_v02.SealedHistoricalSourceAcquisitionV02Tests.test_failure_parent_and_original_artifact_bytes_are_exact) ... ok
2026-09-14T00:40:45.6810675Z test_rehashed_child_cannot_change_strategy_or_provider_scope (test_sealed_historical_source_acquisition_v02.SealedHistoricalSourceAcquisitionV02Tests.test_rehashed_child_cannot_change_strategy_or_provider_scope) ... ok
2026-09-14T00:40:45.6818191Z test_repaired_ceiling_still_fails_closed (test_sealed_historical_source_acquisition_v02.SealedHistoricalSourceAcquisitionV02Tests.test_repaired_ceiling_still_fails_closed) ... ok
2026-09-14T00:40:45.6829452Z test_report_accepts_repaired_ceiling_and_preserves_boundaries (test_sealed_historical_source_acquisition_v02.SealedHistoricalSourceAcquisitionV02Tests.test_report_accepts_repaired_ceiling_and_preserves_boundaries) ... ok
2026-09-14T00:40:45.6834868Z test_workflow_is_new_one_shot_and_does_not_mutate_v0_1 (test_sealed_historical_source_acquisition_v02.SealedHistoricalSourceAcquisitionV02Tests.test_workflow_is_new_one_shot_and_does_not_mutate_v0_1) ... ok
2026-09-14T00:40:45.6854019Z test_write_once_and_registration_audit (test_sealed_historical_source_acquisition_v02.SealedHistoricalSourceAcquisitionV02Tests.test_write_once_and_registration_audit) ... ok
2026-09-14T00:40:45.6867081Z test_authorization_changes_only_the_normalization_child (test_sealed_historical_source_acquisition_v03.SealedHistoricalSourceAcquisitionV03Tests.test_authorization_changes_only_the_normalization_child) ... ok
2026-09-14T00:40:45.6885462Z test_exact_success_and_failure_parents_are_required (test_sealed_historical_source_acquisition_v03.SealedHistoricalSourceAcquisitionV03Tests.test_exact_success_and_failure_parents_are_required) ... ok
2026-09-14T00:40:45.6902591Z test_registration_audit_binds_versioned_files_provider_free (test_sealed_historical_source_acquisition_v03.SealedHistoricalSourceAcquisitionV03Tests.test_registration_audit_binds_versioned_files_provider_free) ... ok
2026-09-14T00:40:45.6916034Z test_report_preserves_cost_causal_and_attempt_boundaries (test_sealed_historical_source_acquisition_v03.SealedHistoricalSourceAcquisitionV03Tests.test_report_preserves_cost_causal_and_attempt_boundaries) ... ok
2026-09-14T00:40:45.6924864Z test_workflow_is_unarmed_on_push_and_uses_consistent_basis (test_sealed_historical_source_acquisition_v03.SealedHistoricalSourceAcquisitionV03Tests.test_workflow_is_unarmed_on_push_and_uses_consistent_basis) ... ok
2026-09-14T00:40:45.6974589Z test_checkpoint_final_tree_is_cross_bound_to_source_summary (test_sealed_historical_source_acquisition_v04.SealedHistoricalSourceAcquisitionV04Tests.test_checkpoint_final_tree_is_cross_bound_to_source_summary) ... ok
2026-09-14T00:40:45.7001951Z test_count_maps_require_exact_dates_and_real_nonnegative_ints (test_sealed_historical_source_acquisition_v04.SealedHistoricalSourceAcquisitionV04Tests.test_count_maps_require_exact_dates_and_real_nonnegative_ints) ... ok
2026-09-14T00:40:46.2048593Z test_deep_summary_rejects_profile_union_or_rank_basis_tamper (test_sealed_historical_source_acquisition_v04.SealedHistoricalSourceAcquisitionV04Tests.test_deep_summary_rejects_profile_union_or_rank_basis_tamper) ... ok
2026-09-14T00:40:46.3749632Z test_deep_summary_rejects_provider_free_replay_difference (test_sealed_historical_source_acquisition_v04.SealedHistoricalSourceAcquisitionV04Tests.test_deep_summary_rejects_provider_free_replay_difference) ... ok
2026-09-14T00:40:46.5406722Z test_deep_summary_rejects_root_date_manifest_tamper (test_sealed_historical_source_acquisition_v04.SealedHistoricalSourceAcquisitionV04Tests.test_deep_summary_rejects_root_date_manifest_tamper) ... ok
2026-09-14T00:40:46.7095965Z test_deep_summary_rejects_unexpected_manifest_or_date_directory (test_sealed_historical_source_acquisition_v04.SealedHistoricalSourceAcquisitionV04Tests.test_deep_summary_rejects_unexpected_manifest_or_date_directory) ... ok
2026-09-14T00:40:47.0060210Z test_deep_summary_strictly_decodes_every_json_source_file (test_sealed_historical_source_acquisition_v04.SealedHistoricalSourceAcquisitionV04Tests.test_deep_summary_strictly_decodes_every_json_source_file) ... ok
2026-09-14T00:40:47.2661521Z test_deep_summary_validates_all_30_dates_and_exact_replay (test_sealed_historical_source_acquisition_v04.SealedHistoricalSourceAcquisitionV04Tests.test_deep_summary_validates_all_30_dates_and_exact_replay) ... ok
2026-09-14T00:40:47.2843744Z test_default_loader_round_trip_replays_normalized_source_tape (test_sealed_historical_source_acquisition_v04.SealedHistoricalSourceAcquisitionV04Tests.test_default_loader_round_trip_replays_normalized_source_tape) ... ok
2026-09-14T00:40:47.2858655Z test_gates_must_be_real_boolean_true (test_sealed_historical_source_acquisition_v04.SealedHistoricalSourceAcquisitionV04Tests.test_gates_must_be_real_boolean_true) ... ok
2026-09-14T00:40:47.2980723Z test_provenance_requires_commit_tree_dispatcher_ref_run_and_attempt (test_sealed_historical_source_acquisition_v04.SealedHistoricalSourceAcquisitionV04Tests.test_provenance_requires_commit_tree_dispatcher_ref_run_and_attempt) ... ok
2026-09-14T00:40:47.7393519Z test_real_v04_completed_file_census_rejects_one_extra_file (test_sealed_historical_source_acquisition_v04.SealedHistoricalSourceAcquisitionV04Tests.test_real_v04_completed_file_census_rejects_one_extra_file) ... ok
2026-09-14T00:40:47.7443087Z test_report_and_checkpoint_require_the_exact_frozen_authorization_hash (test_sealed_historical_source_acquisition_v04.SealedHistoricalSourceAcquisitionV04Tests.test_report_and_checkpoint_require_the_exact_frozen_authorization_hash) ... ok
2026-09-14T00:40:47.7482386Z test_report_hash_tamper_is_rejected (test_sealed_historical_source_acquisition_v04.SealedHistoricalSourceAcquisitionV04Tests.test_report_hash_tamper_is_rejected) ... ok
2026-09-14T00:40:47.7640751Z test_report_nested_fields_and_false_booleans_are_strict (test_sealed_historical_source_acquisition_v04.SealedHistoricalSourceAcquisitionV04Tests.test_report_nested_fields_and_false_booleans_are_strict) ... ok
2026-09-14T00:40:47.7694693Z test_request_hosts_are_exact_and_positive_integer_counted (test_sealed_historical_source_acquisition_v04.SealedHistoricalSourceAcquisitionV04Tests.test_request_hosts_are_exact_and_positive_integer_counted) ... ok
2026-09-14T00:40:47.7762177Z test_serialized_report_loader_rejects_duplicate_and_nonfinite_json (test_sealed_historical_source_acquisition_v04.SealedHistoricalSourceAcquisitionV04Tests.test_serialized_report_loader_rejects_duplicate_and_nonfinite_json) ... ok
2026-09-14T00:40:47.7806978Z test_sha_maps_must_be_nonempty_exact_and_valid (test_sealed_historical_source_acquisition_v04.SealedHistoricalSourceAcquisitionV04Tests.test_sha_maps_must_be_nonempty_exact_and_valid) ... ok
2026-09-14T00:40:47.7848085Z test_strict_report_round_trip (test_sealed_historical_source_acquisition_v04.SealedHistoricalSourceAcquisitionV04Tests.test_strict_report_round_trip) ... ok
2026-09-14T00:40:47.7862398Z test_report_cross_binds_parent_diagnostic_budget_and_final_tree (test_sealed_historical_source_acquisition_v05.SealedHistoricalSourceAcquisitionV05Tests.test_report_cross_binds_parent_diagnostic_budget_and_final_tree) ... ok
2026-09-14T00:40:47.7879858Z test_report_rejects_checkpoint_tree_budget_and_recovery_mismatch (test_sealed_historical_source_acquisition_v05.SealedHistoricalSourceAcquisitionV05Tests.test_report_rejects_checkpoint_tree_budget_and_recovery_mismatch) ... ok
2026-09-14T00:40:47.7902924Z test_self_hash_and_causal_attestation_are_fail_closed (test_sealed_historical_source_acquisition_v05.SealedHistoricalSourceAcquisitionV05Tests.test_self_hash_and_causal_attestation_are_fail_closed) ... ok
2026-09-14T00:40:47.7914531Z test_report_cross_binds_parent_diagnostic_budget_and_final_tree (test_sealed_historical_source_acquisition_v06.SealedHistoricalSourceAcquisitionV06Tests.test_report_cross_binds_parent_diagnostic_budget_and_final_tree) ... ok
2026-09-14T00:40:47.7929670Z test_report_rejects_checkpoint_tree_budget_and_recovery_mismatch (test_sealed_historical_source_acquisition_v06.SealedHistoricalSourceAcquisitionV06Tests.test_report_rejects_checkpoint_tree_budget_and_recovery_mismatch) ... ok
2026-09-14T00:40:47.7952592Z test_self_hash_and_causal_attestation_are_fail_closed (test_sealed_historical_source_acquisition_v06.SealedHistoricalSourceAcquisitionV06Tests.test_self_hash_and_causal_attestation_are_fail_closed) ... ok
2026-09-14T00:40:47.7963803Z test_report_cross_binds_parent_diagnostic_budget_and_final_tree (test_sealed_historical_source_acquisition_v07.SealedHistoricalSourceAcquisitionV07Tests.test_report_cross_binds_parent_diagnostic_budget_and_final_tree) ... ok
2026-09-14T00:40:47.7979088Z test_report_rejects_checkpoint_tree_budget_and_recovery_mismatch (test_sealed_historical_source_acquisition_v07.SealedHistoricalSourceAcquisitionV07Tests.test_report_rejects_checkpoint_tree_budget_and_recovery_mismatch) ... ok
2026-09-14T00:40:47.8001031Z test_self_hash_and_causal_attestation_are_fail_closed (test_sealed_historical_source_acquisition_v07.SealedHistoricalSourceAcquisitionV07Tests.test_self_hash_and_causal_attestation_are_fail_closed) ... ok
2026-09-14T00:40:47.8012868Z test_report_cross_binds_parent_diagnostic_budget_and_final_tree (test_sealed_historical_source_acquisition_v08.SealedHistoricalSourceAcquisitionV08Tests.test_report_cross_binds_parent_diagnostic_budget_and_final_tree) ... ok
2026-09-14T00:40:47.8029465Z test_report_rejects_checkpoint_tree_budget_and_recovery_mismatch (test_sealed_historical_source_acquisition_v08.SealedHistoricalSourceAcquisitionV08Tests.test_report_rejects_checkpoint_tree_budget_and_recovery_mismatch) ... ok
2026-09-14T00:40:47.8052343Z test_self_hash_and_causal_attestation_are_fail_closed (test_sealed_historical_source_acquisition_v08.SealedHistoricalSourceAcquisitionV08Tests.test_self_hash_and_causal_attestation_are_fail_closed) ... ok
2026-09-14T00:40:47.8063507Z test_report_cross_binds_parent_diagnostic_budget_and_final_tree (test_sealed_historical_source_acquisition_v09.SealedHistoricalSourceAcquisitionV09Tests.test_report_cross_binds_parent_diagnostic_budget_and_final_tree) ... ok
2026-09-14T00:40:47.8081130Z test_report_rejects_checkpoint_tree_budget_and_recovery_mismatch (test_sealed_historical_source_acquisition_v09.SealedHistoricalSourceAcquisitionV09Tests.test_report_rejects_checkpoint_tree_budget_and_recovery_mismatch) ... ok
2026-09-14T00:40:47.8103035Z test_self_hash_and_causal_attestation_are_fail_closed (test_sealed_historical_source_acquisition_v09.SealedHistoricalSourceAcquisitionV09Tests.test_self_hash_and_causal_attestation_are_fail_closed) ... ok
2026-09-14T00:40:47.8115174Z test_report_cross_binds_parent_diagnostic_budget_and_final_tree (test_sealed_historical_source_acquisition_v10.SealedHistoricalSourceAcquisitionV10Tests.test_report_cross_binds_parent_diagnostic_budget_and_final_tree) ... ok
2026-09-14T00:40:47.8127904Z test_report_rejects_checkpoint_tree_budget_and_recovery_mismatch (test_sealed_historical_source_acquisition_v10.SealedHistoricalSourceAcquisitionV10Tests.test_report_rejects_checkpoint_tree_budget_and_recovery_mismatch) ... ok
2026-09-14T00:40:47.8150392Z test_self_hash_and_causal_attestation_are_fail_closed (test_sealed_historical_source_acquisition_v10.SealedHistoricalSourceAcquisitionV10Tests.test_self_hash_and_causal_attestation_are_fail_closed) ... ok
2026-09-14T00:40:47.8164532Z test_environment_comparison_ignores_only_editable_commit (test_sealed_historical_source_acquisition_v11.SealedHistoricalSourceAcquisitionV11Tests.test_environment_comparison_ignores_only_editable_commit) ... ok
2026-09-14T00:40:47.8177484Z test_report_cross_binds_checkpoint_identity_and_zero_requests (test_sealed_historical_source_acquisition_v11.SealedHistoricalSourceAcquisitionV11Tests.test_report_cross_binds_checkpoint_identity_and_zero_requests) ... ok
2026-09-14T00:40:47.8183175Z test_report_rejects_parent_checkpoint_or_final_tree_change (test_sealed_historical_source_acquisition_v11.SealedHistoricalSourceAcquisitionV11Tests.test_report_rejects_parent_checkpoint_or_final_tree_change) ... ok
2026-09-14T00:40:47.8197303Z test_report_self_hash_and_causal_attestation_fail_closed (test_sealed_historical_source_acquisition_v11.SealedHistoricalSourceAcquisitionV11Tests.test_report_self_hash_and_causal_attestation_fail_closed) ... ok
2026-09-14T00:40:47.8208682Z test_environment_comparison_ignores_only_editable_commit (test_sealed_historical_source_acquisition_v12.SealedHistoricalSourceAcquisitionV12Tests.test_environment_comparison_ignores_only_editable_commit) ... ok
2026-09-14T00:40:47.8220241Z test_report_cross_binds_checkpoint_identity_and_zero_requests (test_sealed_historical_source_acquisition_v12.SealedHistoricalSourceAcquisitionV12Tests.test_report_cross_binds_checkpoint_identity_and_zero_requests) ... ok
2026-09-14T00:40:47.8225131Z test_report_rejects_parent_checkpoint_or_final_tree_change (test_sealed_historical_source_acquisition_v12.SealedHistoricalSourceAcquisitionV12Tests.test_report_rejects_parent_checkpoint_or_final_tree_change) ... ok
2026-09-14T00:40:47.8240928Z test_report_self_hash_and_causal_attestation_fail_closed (test_sealed_historical_source_acquisition_v12.SealedHistoricalSourceAcquisitionV12Tests.test_report_self_hash_and_causal_attestation_fail_closed) ... ok
2026-09-14T00:40:47.9611659Z test_direct_entrypoint_sanitizes_observed_values_and_structural_errors (test_sealed_historical_source_artifact_metadata_v08.SealedHistoricalSourceArtifactMetadataV08Tests.test_direct_entrypoint_sanitizes_observed_values_and_structural_errors) ... ok
2026-09-14T00:40:48.0317024Z test_direct_entrypoint_succeeds_and_writes_receipt (test_sealed_historical_source_artifact_metadata_v08.SealedHistoricalSourceArtifactMetadataV08Tests.test_direct_entrypoint_succeeds_and_writes_receipt) ... ok
2026-09-14T00:40:48.0327280Z test_each_security_relevant_field_fails_with_field_only_diagnostic (test_sealed_historical_source_artifact_metadata_v08.SealedHistoricalSourceArtifactMetadataV08Tests.test_each_security_relevant_field_fails_with_field_only_diagnostic) ... ok
2026-09-14T00:40:48.0330827Z test_exact_metadata_builds_hash_bound_provider_free_receipt (test_sealed_historical_source_artifact_metadata_v08.SealedHistoricalSourceArtifactMetadataV08Tests.test_exact_metadata_builds_hash_bound_provider_free_receipt) ... ok
2026-09-14T00:40:48.0340809Z test_type_confusion_duplicate_keys_nonfinite_and_symlink_fail_closed (test_sealed_historical_source_artifact_metadata_v08.SealedHistoricalSourceArtifactMetadataV08Tests.test_type_confusion_duplicate_keys_nonfinite_and_symlink_fail_closed) ... ok
2026-09-14T00:40:48.1742935Z test_direct_entrypoint_sanitizes_observed_values_and_structural_errors (test_sealed_historical_source_artifact_metadata_v09.SealedHistoricalSourceArtifactMetadataV09Tests.test_direct_entrypoint_sanitizes_observed_values_and_structural_errors) ... ok
2026-09-14T00:40:48.2449520Z test_direct_entrypoint_succeeds_and_writes_receipt (test_sealed_historical_source_artifact_metadata_v09.SealedHistoricalSourceArtifactMetadataV09Tests.test_direct_entrypoint_succeeds_and_writes_receipt) ... ok
2026-09-14T00:40:48.2458290Z test_each_security_relevant_field_fails_with_field_only_diagnostic (test_sealed_historical_source_artifact_metadata_v09.SealedHistoricalSourceArtifactMetadataV09Tests.test_each_security_relevant_field_fails_with_field_only_diagnostic) ... ok
2026-09-14T00:40:48.2463004Z test_exact_metadata_builds_hash_bound_provider_free_receipt (test_sealed_historical_source_artifact_metadata_v09.SealedHistoricalSourceArtifactMetadataV09Tests.test_exact_metadata_builds_hash_bound_provider_free_receipt) ... ok
2026-09-14T00:40:48.2466140Z test_frozen_live_metadata_and_downloaded_zip_bind_implementation (test_sealed_historical_source_artifact_metadata_v09.SealedHistoricalSourceArtifactMetadataV09Tests.test_frozen_live_metadata_and_downloaded_zip_bind_implementation) ... ok
2026-09-14T00:40:48.2475103Z test_type_confusion_duplicate_keys_nonfinite_and_symlink_fail_closed (test_sealed_historical_source_artifact_metadata_v09.SealedHistoricalSourceArtifactMetadataV09Tests.test_type_confusion_duplicate_keys_nonfinite_and_symlink_fail_closed) ... ok
2026-09-14T00:40:48.3844799Z test_direct_entrypoint_sanitizes_observed_values_and_structural_errors (test_sealed_historical_source_artifact_metadata_v10.SealedHistoricalSourceArtifactMetadataV10Tests.test_direct_entrypoint_sanitizes_observed_values_and_structural_errors) ... ok
2026-09-14T00:40:48.4542441Z test_direct_entrypoint_succeeds_and_writes_receipt (test_sealed_historical_source_artifact_metadata_v10.SealedHistoricalSourceArtifactMetadataV10Tests.test_direct_entrypoint_succeeds_and_writes_receipt) ... ok
2026-09-14T00:40:48.4552207Z test_each_security_relevant_field_fails_with_field_only_diagnostic (test_sealed_historical_source_artifact_metadata_v10.SealedHistoricalSourceArtifactMetadataV10Tests.test_each_security_relevant_field_fails_with_field_only_diagnostic) ... ok
2026-09-14T00:40:48.4555878Z test_exact_metadata_builds_hash_bound_provider_free_receipt (test_sealed_historical_source_artifact_metadata_v10.SealedHistoricalSourceArtifactMetadataV10Tests.test_exact_metadata_builds_hash_bound_provider_free_receipt) ... ok
2026-09-14T00:40:48.4558435Z test_frozen_live_metadata_and_downloaded_zip_bind_implementation (test_sealed_historical_source_artifact_metadata_v10.SealedHistoricalSourceArtifactMetadataV10Tests.test_frozen_live_metadata_and_downloaded_zip_bind_implementation) ... ok
2026-09-14T00:40:48.4567426Z test_type_confusion_duplicate_keys_nonfinite_and_symlink_fail_closed (test_sealed_historical_source_artifact_metadata_v10.SealedHistoricalSourceArtifactMetadataV10Tests.test_type_confusion_duplicate_keys_nonfinite_and_symlink_fail_closed) ... ok
2026-09-14T00:40:48.4571858Z test_each_identity_field_is_exact (test_sealed_historical_source_artifact_metadata_v11.SealedHistoricalSourceArtifactMetadataV11Tests.test_each_identity_field_is_exact) ... ok
2026-09-14T00:40:48.4573785Z test_exact_metadata_returns_hash_bound_receipt (test_sealed_historical_source_artifact_metadata_v11.SealedHistoricalSourceArtifactMetadataV11Tests.test_exact_metadata_returns_hash_bound_receipt) ... ok
2026-09-14T00:40:48.4575908Z test_frozen_fixture_validates (test_sealed_historical_source_artifact_metadata_v11.SealedHistoricalSourceArtifactMetadataV11Tests.test_frozen_fixture_validates) ... ok
2026-09-14T00:40:48.4580259Z test_loader_rejects_duplicate_keys (test_sealed_historical_source_artifact_metadata_v11.SealedHistoricalSourceArtifactMetadataV11Tests.test_loader_rejects_duplicate_keys) ... ok
2026-09-14T00:40:48.4582507Z test_parent_run_and_head_are_exact (test_sealed_historical_source_artifact_metadata_v11.SealedHistoricalSourceArtifactMetadataV11Tests.test_parent_run_and_head_are_exact) ... ok
2026-09-14T00:40:48.4624094Z test_authorization_hash_id_and_required_api_are_frozen (test_sealed_historical_source_authorization_v04.SealedHistoricalSourceAuthorizationV04Tests.test_authorization_hash_id_and_required_api_are_frozen) ... ok
2026-09-14T00:40:48.4669631Z test_authorization_tamper_and_documented_hashes_fail_closed (test_sealed_historical_source_authorization_v04.SealedHistoricalSourceAuthorizationV04Tests.test_authorization_tamper_and_documented_hashes_fail_closed) ... ok
2026-09-14T00:40:48.4707400Z test_child_preserves_v03_dates_authority_cost_and_hard_ceilings (test_sealed_historical_source_authorization_v04.SealedHistoricalSourceAuthorizationV04Tests.test_child_preserves_v03_dates_authority_cost_and_hard_ceilings) ... ok
2026-09-14T00:40:48.4740785Z test_one_shot_provider_checkpoint_and_environment_boundaries (test_sealed_historical_source_authorization_v04.SealedHistoricalSourceAuthorizationV04Tests.test_one_shot_provider_checkpoint_and_environment_boundaries) ... ok
2026-09-14T00:40:48.4806567Z test_parent_bundle_loads_repo_files_and_rejects_tampering (test_sealed_historical_source_authorization_v04.SealedHistoricalSourceAuthorizationV04Tests.test_parent_bundle_loads_repo_files_and_rejects_tampering) ... ok
2026-09-14T00:40:48.4962034Z test_registration_binds_exact_provider_free_artifact_census (test_sealed_historical_source_authorization_v04.SealedHistoricalSourceAuthorizationV04Tests.test_registration_binds_exact_provider_free_artifact_census) ... ok
2026-09-14T00:40:48.4997529Z test_repair_contract_is_explicit_and_does_not_change_profiles (test_sealed_historical_source_authorization_v04.SealedHistoricalSourceAuthorizationV04Tests.test_repair_contract_is_explicit_and_does_not_change_profiles) ... ok
2026-09-14T00:40:48.5007294Z test_authorization_duplicate_key_and_tamper_fail_closed (test_sealed_historical_source_authorization_v05.SealedHistoricalSourceAuthorizationV05Tests.test_authorization_duplicate_key_and_tamper_fail_closed) ... ok
2026-09-14T00:40:48.5020538Z test_authorization_hash_identity_and_recovery_boundary_are_frozen (test_sealed_historical_source_authorization_v05.SealedHistoricalSourceAuthorizationV05Tests.test_authorization_hash_identity_and_recovery_boundary_are_frozen) ... ok
2026-09-14T00:40:48.5029464Z test_composite_budget_and_candidate_repair_do_not_change_strategy (test_sealed_historical_source_authorization_v05.SealedHistoricalSourceAuthorizationV05Tests.test_composite_budget_and_candidate_repair_do_not_change_strategy) ... ok
2026-09-14T00:40:48.5033505Z test_consumption_marker_binds_exact_tag_target_and_attempt (test_sealed_historical_source_authorization_v05.SealedHistoricalSourceAuthorizationV05Tests.test_consumption_marker_binds_exact_tag_target_and_attempt) ... ok
2026-09-14T00:40:48.5040546Z test_one_shot_dispatcher_and_prior_authorizations_are_closed (test_sealed_historical_source_authorization_v05.SealedHistoricalSourceAuthorizationV05Tests.test_one_shot_dispatcher_and_prior_authorizations_are_closed) ... ok
2026-09-14T00:40:48.5077136Z test_parent_failure_and_registration_bundles_validate_exact_files (test_sealed_historical_source_authorization_v05.SealedHistoricalSourceAuthorizationV05Tests.test_parent_failure_and_registration_bundles_validate_exact_files) ... ok
2026-09-14T00:40:48.5168644Z test_registration_detects_one_bound_file_change (test_sealed_historical_source_authorization_v05.SealedHistoricalSourceAuthorizationV05Tests.test_registration_detects_one_bound_file_change) ... ok
2026-09-14T00:40:48.5174060Z test_safe_failure_preserves_ceiling_and_unauthorized_host_evidence (test_sealed_historical_source_authorization_v05.SealedHistoricalSourceAuthorizationV05Tests.test_safe_failure_preserves_ceiling_and_unauthorized_host_evidence) ... ok
2026-09-14T00:40:48.5189746Z test_safe_failure_rejects_unsanitized_blocked_hosts (test_sealed_historical_source_authorization_v05.SealedHistoricalSourceAuthorizationV05Tests.test_safe_failure_rejects_unsanitized_blocked_hosts) ... ok
2026-09-14T00:40:48.5197963Z test_authorization_duplicate_key_and_tamper_fail_closed (test_sealed_historical_source_authorization_v06.SealedHistoricalSourceAuthorizationV06Tests.test_authorization_duplicate_key_and_tamper_fail_closed) ... ok
2026-09-14T00:40:48.5209657Z test_authorization_hash_identity_and_recovery_boundary_are_frozen (test_sealed_historical_source_authorization_v06.SealedHistoricalSourceAuthorizationV06Tests.test_authorization_hash_identity_and_recovery_boundary_are_frozen) ... ok
2026-09-14T00:40:48.5216396Z test_composite_budget_and_candidate_repair_do_not_change_strategy (test_sealed_historical_source_authorization_v06.SealedHistoricalSourceAuthorizationV06Tests.test_composite_budget_and_candidate_repair_do_not_change_strategy) ... ok
2026-09-14T00:40:48.5220099Z test_consumption_marker_binds_exact_tag_target_and_attempt (test_sealed_historical_source_authorization_v06.SealedHistoricalSourceAuthorizationV06Tests.test_consumption_marker_binds_exact_tag_target_and_attempt) ... ok
2026-09-14T00:40:48.5226183Z test_one_shot_dispatcher_and_prior_authorizations_are_closed (test_sealed_historical_source_authorization_v06.SealedHistoricalSourceAuthorizationV06Tests.test_one_shot_dispatcher_and_prior_authorizations_are_closed) ... ok
2026-09-14T00:40:48.5261005Z test_parent_failure_and_registration_bundles_validate_exact_files (test_sealed_historical_source_authorization_v06.SealedHistoricalSourceAuthorizationV06Tests.test_parent_failure_and_registration_bundles_validate_exact_files) ... ok
2026-09-14T00:40:48.5419981Z test_registration_detects_one_bound_file_change (test_sealed_historical_source_authorization_v06.SealedHistoricalSourceAuthorizationV06Tests.test_registration_detects_one_bound_file_change) ... ok
2026-09-14T00:40:48.5424253Z test_safe_failure_preserves_ceiling_and_unauthorized_host_evidence (test_sealed_historical_source_authorization_v06.SealedHistoricalSourceAuthorizationV06Tests.test_safe_failure_preserves_ceiling_and_unauthorized_host_evidence) ... ok
2026-09-14T00:40:48.5432228Z test_safe_failure_rejects_unsanitized_blocked_hosts (test_sealed_historical_source_authorization_v06.SealedHistoricalSourceAuthorizationV06Tests.test_safe_failure_rejects_unsanitized_blocked_hosts) ... ok
2026-09-14T00:40:48.5440840Z test_authorization_duplicate_key_and_tamper_fail_closed (test_sealed_historical_source_authorization_v07.SealedHistoricalSourceAuthorizationV07Tests.test_authorization_duplicate_key_and_tamper_fail_closed) ... ok
2026-09-14T00:40:48.5452342Z test_authorization_hash_identity_and_recovery_boundary_are_frozen (test_sealed_historical_source_authorization_v07.SealedHistoricalSourceAuthorizationV07Tests.test_authorization_hash_identity_and_recovery_boundary_are_frozen) ... ok
2026-09-14T00:40:48.5459328Z test_composite_budget_and_candidate_repair_do_not_change_strategy (test_sealed_historical_source_authorization_v07.SealedHistoricalSourceAuthorizationV07Tests.test_composite_budget_and_candidate_repair_do_not_change_strategy) ... ok
2026-09-14T00:40:48.5462883Z test_consumption_marker_binds_exact_tag_target_and_attempt (test_sealed_historical_source_authorization_v07.SealedHistoricalSourceAuthorizationV07Tests.test_consumption_marker_binds_exact_tag_target_and_attempt) ... ok
2026-09-14T00:40:48.5467966Z test_one_shot_dispatcher_and_prior_authorizations_are_closed (test_sealed_historical_source_authorization_v07.SealedHistoricalSourceAuthorizationV07Tests.test_one_shot_dispatcher_and_prior_authorizations_are_closed) ... ok
2026-09-14T00:40:48.5502635Z test_parent_failure_and_registration_bundles_validate_exact_files (test_sealed_historical_source_authorization_v07.SealedHistoricalSourceAuthorizationV07Tests.test_parent_failure_and_registration_bundles_validate_exact_files) ... ok
2026-09-14T00:40:48.5599685Z test_registration_detects_one_bound_file_change (test_sealed_historical_source_authorization_v07.SealedHistoricalSourceAuthorizationV07Tests.test_registration_detects_one_bound_file_change) ... ok
2026-09-14T00:40:48.5604728Z test_safe_failure_preserves_ceiling_and_unauthorized_host_evidence (test_sealed_historical_source_authorization_v07.SealedHistoricalSourceAuthorizationV07Tests.test_safe_failure_preserves_ceiling_and_unauthorized_host_evidence) ... ok
2026-09-14T00:40:48.5618236Z test_safe_failure_rejects_unsanitized_blocked_hosts (test_sealed_historical_source_authorization_v07.SealedHistoricalSourceAuthorizationV07Tests.test_safe_failure_rejects_unsanitized_blocked_hosts) ... ok
2026-09-14T00:40:48.5630547Z test_authorization_duplicate_key_and_tamper_fail_closed (test_sealed_historical_source_authorization_v08.SealedHistoricalSourceAuthorizationV08Tests.test_authorization_duplicate_key_and_tamper_fail_closed) ... ok
2026-09-14T00:40:48.5645353Z test_authorization_hash_identity_and_recovery_boundary_are_frozen (test_sealed_historical_source_authorization_v08.SealedHistoricalSourceAuthorizationV08Tests.test_authorization_hash_identity_and_recovery_boundary_are_frozen) ... ok
2026-09-14T00:40:48.5655110Z test_composite_budget_and_candidate_repair_do_not_change_strategy (test_sealed_historical_source_authorization_v08.SealedHistoricalSourceAuthorizationV08Tests.test_composite_budget_and_candidate_repair_do_not_change_strategy) ... ok
2026-09-14T00:40:48.5658306Z test_consumption_marker_binds_exact_tag_target_and_attempt (test_sealed_historical_source_authorization_v08.SealedHistoricalSourceAuthorizationV08Tests.test_consumption_marker_binds_exact_tag_target_and_attempt) ... ok
2026-09-14T00:40:48.5667978Z test_one_shot_dispatcher_and_prior_authorizations_are_closed (test_sealed_historical_source_authorization_v08.SealedHistoricalSourceAuthorizationV08Tests.test_one_shot_dispatcher_and_prior_authorizations_are_closed) ... ok
2026-09-14T00:40:48.5708972Z test_parent_failure_and_registration_bundles_validate_exact_files (test_sealed_historical_source_authorization_v08.SealedHistoricalSourceAuthorizationV08Tests.test_parent_failure_and_registration_bundles_validate_exact_files) ... ok
2026-09-14T00:40:48.5818277Z test_registration_detects_one_bound_file_change (test_sealed_historical_source_authorization_v08.SealedHistoricalSourceAuthorizationV08Tests.test_registration_detects_one_bound_file_change) ... ok
2026-09-14T00:40:48.5823834Z test_safe_failure_preserves_ceiling_and_unauthorized_host_evidence (test_sealed_historical_source_authorization_v08.SealedHistoricalSourceAuthorizationV08Tests.test_safe_failure_preserves_ceiling_and_unauthorized_host_evidence) ... ok
2026-09-14T00:40:48.5896199Z test_safe_failure_rejects_unsanitized_blocked_hosts (test_sealed_historical_source_authorization_v08.SealedHistoricalSourceAuthorizationV08Tests.test_safe_failure_rejects_unsanitized_blocked_hosts) ... ok
2026-09-14T00:40:48.5908223Z test_authorization_duplicate_key_and_tamper_fail_closed (test_sealed_historical_source_authorization_v09.SealedHistoricalSourceAuthorizationV09Tests.test_authorization_duplicate_key_and_tamper_fail_closed) ... ok
2026-09-14T00:40:48.5924263Z test_authorization_hash_identity_and_recovery_boundary_are_frozen (test_sealed_historical_source_authorization_v09.SealedHistoricalSourceAuthorizationV09Tests.test_authorization_hash_identity_and_recovery_boundary_are_frozen) ... ok
2026-09-14T00:40:48.5934535Z test_composite_budget_and_candidate_repair_do_not_change_strategy (test_sealed_historical_source_authorization_v09.SealedHistoricalSourceAuthorizationV09Tests.test_composite_budget_and_candidate_repair_do_not_change_strategy) ... ok
2026-09-14T00:40:48.5938168Z test_consumption_marker_binds_exact_tag_target_and_attempt (test_sealed_historical_source_authorization_v09.SealedHistoricalSourceAuthorizationV09Tests.test_consumption_marker_binds_exact_tag_target_and_attempt) ... ok
2026-09-14T00:40:48.5946947Z test_one_shot_dispatcher_and_prior_authorizations_are_closed (test_sealed_historical_source_authorization_v09.SealedHistoricalSourceAuthorizationV09Tests.test_one_shot_dispatcher_and_prior_authorizations_are_closed) ... ok
2026-09-14T00:40:48.5988759Z test_parent_failure_and_registration_bundles_validate_exact_files (test_sealed_historical_source_authorization_v09.SealedHistoricalSourceAuthorizationV09Tests.test_parent_failure_and_registration_bundles_validate_exact_files) ... ok
2026-09-14T00:40:48.6101107Z test_registration_detects_one_bound_file_change (test_sealed_historical_source_authorization_v09.SealedHistoricalSourceAuthorizationV09Tests.test_registration_detects_one_bound_file_change) ... ok
2026-09-14T00:40:48.6106119Z test_safe_failure_preserves_ceiling_and_unauthorized_host_evidence (test_sealed_historical_source_authorization_v09.SealedHistoricalSourceAuthorizationV09Tests.test_safe_failure_preserves_ceiling_and_unauthorized_host_evidence) ... ok
2026-09-14T00:40:48.6120549Z test_safe_failure_rejects_unsanitized_blocked_hosts (test_sealed_historical_source_authorization_v09.SealedHistoricalSourceAuthorizationV09Tests.test_safe_failure_rejects_unsanitized_blocked_hosts) ... ok
2026-09-14T00:40:48.6132879Z test_authorization_duplicate_key_and_tamper_fail_closed (test_sealed_historical_source_authorization_v10.SealedHistoricalSourceAuthorizationV10Tests.test_authorization_duplicate_key_and_tamper_fail_closed) ... ok
2026-09-14T00:40:48.6148233Z test_authorization_hash_identity_and_recovery_boundary_are_frozen (test_sealed_historical_source_authorization_v10.SealedHistoricalSourceAuthorizationV10Tests.test_authorization_hash_identity_and_recovery_boundary_are_frozen) ... ok
2026-09-14T00:40:48.6158603Z test_composite_budget_and_candidate_repair_do_not_change_strategy (test_sealed_historical_source_authorization_v10.SealedHistoricalSourceAuthorizationV10Tests.test_composite_budget_and_candidate_repair_do_not_change_strategy) ... ok
2026-09-14T00:40:48.6161979Z test_consumption_marker_binds_exact_tag_target_and_attempt (test_sealed_historical_source_authorization_v10.SealedHistoricalSourceAuthorizationV10Tests.test_consumption_marker_binds_exact_tag_target_and_attempt) ... ok
2026-09-14T00:40:48.6171986Z test_one_shot_dispatcher_and_prior_authorizations_are_closed (test_sealed_historical_source_authorization_v10.SealedHistoricalSourceAuthorizationV10Tests.test_one_shot_dispatcher_and_prior_authorizations_are_closed) ... ok
2026-09-14T00:40:48.6210705Z test_parent_failure_and_registration_bundles_validate_exact_files (test_sealed_historical_source_authorization_v10.SealedHistoricalSourceAuthorizationV10Tests.test_parent_failure_and_registration_bundles_validate_exact_files) ... ok
2026-09-14T00:40:48.6373166Z test_registration_detects_one_bound_file_change (test_sealed_historical_source_authorization_v10.SealedHistoricalSourceAuthorizationV10Tests.test_registration_detects_one_bound_file_change) ... ok
2026-09-14T00:40:48.6378164Z test_safe_failure_preserves_ceiling_and_unauthorized_host_evidence (test_sealed_historical_source_authorization_v10.SealedHistoricalSourceAuthorizationV10Tests.test_safe_failure_preserves_ceiling_and_unauthorized_host_evidence) ... ok
2026-09-14T00:40:48.6392214Z test_safe_failure_rejects_unsanitized_blocked_hosts (test_sealed_historical_source_authorization_v10.SealedHistoricalSourceAuthorizationV10Tests.test_safe_failure_rejects_unsanitized_blocked_hosts) ... ok
2026-09-14T00:40:48.6396406Z test_authorization_tampering_fails_before_semantic_checks (test_sealed_historical_source_authorization_v11.SealedHistoricalSourceAuthorizationV11Tests.test_authorization_tampering_fails_before_semantic_checks) ... ok
2026-09-14T00:40:48.6412795Z test_frozen_authorization_and_parent_bundle_validate (test_sealed_historical_source_authorization_v11.SealedHistoricalSourceAuthorizationV11Tests.test_frozen_authorization_and_parent_bundle_validate) ... ok
2026-09-14T00:40:48.6443683Z test_full_loader_closes_authorization_parent_and_registration (test_sealed_historical_source_authorization_v11.SealedHistoricalSourceAuthorizationV11Tests.test_full_loader_closes_authorization_parent_and_registration) ... ok
2026-09-14T00:40:48.6445980Z test_provider_authority_is_exactly_zero (test_sealed_historical_source_authorization_v11.SealedHistoricalSourceAuthorizationV11Tests.test_provider_authority_is_exactly_zero) ... ok
2026-09-14T00:40:48.6458649Z test_registration_is_hash_bound_to_every_declared_artifact (test_sealed_historical_source_authorization_v11.SealedHistoricalSourceAuthorizationV11Tests.test_registration_is_hash_bound_to_every_declared_artifact) ... ok
2026-09-14T00:40:48.6462956Z test_authorization_tampering_fails_before_semantic_checks (test_sealed_historical_source_authorization_v12.SealedHistoricalSourceAuthorizationV12Tests.test_authorization_tampering_fails_before_semantic_checks) ... ok
2026-09-14T00:40:48.6507862Z test_frozen_authorization_and_parent_bundle_validate (test_sealed_historical_source_authorization_v12.SealedHistoricalSourceAuthorizationV12Tests.test_frozen_authorization_and_parent_bundle_validate) ... ok
2026-09-14T00:40:48.6569771Z test_full_loader_closes_authorization_parent_and_registration (test_sealed_historical_source_authorization_v12.SealedHistoricalSourceAuthorizationV12Tests.test_full_loader_closes_authorization_parent_and_registration) ... ok
2026-09-14T00:40:48.6572863Z test_provider_authority_is_exactly_zero (test_sealed_historical_source_authorization_v12.SealedHistoricalSourceAuthorizationV12Tests.test_provider_authority_is_exactly_zero) ... ok
2026-09-14T00:40:48.6586873Z test_registration_is_hash_bound_to_every_declared_artifact (test_sealed_historical_source_authorization_v12.SealedHistoricalSourceAuthorizationV12Tests.test_registration_is_hash_bound_to_every_declared_artifact) ... ok
2026-09-14T00:40:48.6666863Z test_changed_or_rehashed_authorization_cannot_add_authority (test_sealed_historical_source_authorization_v13.AuthorizationV13Tests.test_changed_or_rehashed_authorization_cannot_add_authority) ... ok
2026-09-14T00:40:48.6753946Z test_frozen_child_and_every_registered_file_validate (test_sealed_historical_source_authorization_v13.AuthorizationV13Tests.test_frozen_child_and_every_registered_file_validate) ... ok
2026-09-14T00:40:48.7286973Z test_provider_policy_and_parent_ledger_remain_frozen (test_sealed_historical_source_authorization_v13.AuthorizationV13Tests.test_provider_policy_and_parent_ledger_remain_frozen) ... ok
2026-09-14T00:40:48.7347286Z test_additional_decision_outcome_rejected (test_sealed_historical_source_binding_v01.BindingMechanicsTests.test_additional_decision_outcome_rejected) ... ok
2026-09-14T00:40:48.7379227Z test_archive_rejects_path_traversal_absolute_and_symlink (test_sealed_historical_source_binding_v01.BindingMechanicsTests.test_archive_rejects_path_traversal_absolute_and_symlink) ... ok
2026-09-14T00:40:48.7389801Z test_archive_valid_member_extracted_exactly_and_write_once (test_sealed_historical_source_binding_v01.BindingMechanicsTests.test_archive_valid_member_extracted_exactly_and_write_once) ... ok
2026-09-14T00:40:48.7395611Z test_archive_whole_bytes_required_before_extraction (test_sealed_historical_source_binding_v01.BindingMechanicsTests.test_archive_whole_bytes_required_before_extraction) ... ok
2026-09-14T00:40:48.7484584Z test_carry_cannot_skip_preceding_session (test_sealed_historical_source_binding_v01.BindingMechanicsTests.test_carry_cannot_skip_preceding_session) ... ok
2026-09-14T00:40:48.7891908Z test_carry_gaps_preserve_state_and_do_not_imply_flatness (test_sealed_historical_source_binding_v01.BindingMechanicsTests.test_carry_gaps_preserve_state_and_do_not_imply_flatness) ... ok
2026-09-14T00:40:48.7954277Z test_decision_keeps_exact_nanoseconds_and_plan (test_sealed_historical_source_binding_v01.BindingMechanicsTests.test_decision_keeps_exact_nanoseconds_and_plan) ... ok
2026-09-14T00:40:48.7956326Z test_duplicate_identities_rejected (test_sealed_historical_source_binding_v01.BindingMechanicsTests.test_duplicate_identities_rejected) ... ok
2026-09-14T00:40:48.8012502Z test_exact_causal_candidate_uses_original_features (test_sealed_historical_source_binding_v01.BindingMechanicsTests.test_exact_causal_candidate_uses_original_features) ... ok
2026-09-14T00:40:48.8015124Z test_json_duplicate_and_nonfinite_rejected (test_sealed_historical_source_binding_v01.BindingMechanicsTests.test_json_duplicate_and_nonfinite_rejected) ... ok
2026-09-14T00:40:48.8070231Z test_known_row_must_still_pass_frozen_profile (test_sealed_historical_source_binding_v01.BindingMechanicsTests.test_known_row_must_still_pass_frozen_profile) ... ok
2026-09-14T00:40:48.8123254Z test_later_scanner_row_cannot_replace_original_activation (test_sealed_historical_source_binding_v01.BindingMechanicsTests.test_later_scanner_row_cannot_replace_original_activation) ... ok
2026-09-14T00:40:48.8279873Z test_nan_and_boolean_candidate_features_rejected (test_sealed_historical_source_binding_v01.BindingMechanicsTests.test_nan_and_boolean_candidate_features_rejected) ... ok
2026-09-14T00:40:48.8334059Z test_profile_membership_not_inferred_from_better_features (test_sealed_historical_source_binding_v01.BindingMechanicsTests.test_profile_membership_not_inferred_from_better_features) ... ok
2026-09-14T00:40:48.8387824Z test_rehashed_later_timestamp_is_rejected (test_sealed_historical_source_binding_v01.BindingMechanicsTests.test_rehashed_later_timestamp_is_rejected) ... ok
2026-09-14T00:40:48.8492724Z test_replaced_micro_decision_rejected (test_sealed_historical_source_binding_v01.BindingMechanicsTests.test_replaced_micro_decision_rejected) ... ok
2026-09-14T00:40:48.8545625Z test_retrospective_input_is_rejected_even_with_new_hash (test_sealed_historical_source_binding_v01.BindingMechanicsTests.test_retrospective_input_is_rejected_even_with_new_hash) ... ok
2026-09-14T00:40:48.8649953Z test_wrong_symbol_or_activation_rejected (test_sealed_historical_source_binding_v01.BindingMechanicsTests.test_wrong_symbol_or_activation_rejected) ... ok
2026-09-14T00:40:48.8709415Z test_independent_candidate_projection_matches_both_fixed_profiles (test_sealed_historical_source_binding_v01.IndependentCheckerTests.test_independent_candidate_projection_matches_both_fixed_profiles) ... ok
2026-09-14T00:40:48.8762292Z test_independent_checker_rejects_forged_candidate_profile (test_sealed_historical_source_binding_v01.IndependentCheckerTests.test_independent_checker_rejects_forged_candidate_profile) ... ok
2026-09-14T00:40:48.8842459Z test_independent_module_does_not_import_runtime_or_strategy (test_sealed_historical_source_binding_v01.IndependentCheckerTests.test_independent_module_does_not_import_runtime_or_strategy) ... ok
2026-09-14T00:40:48.8846970Z test_independent_timestamp_preserves_nanoseconds_and_offsets (test_sealed_historical_source_binding_v01.IndependentCheckerTests.test_independent_timestamp_preserves_nanoseconds_and_offsets) ... ok
2026-09-14T00:40:49.2814717Z test_all_original_account_dependencies_preserved (test_sealed_historical_source_binding_v01.RegistrationTests.test_all_original_account_dependencies_preserved) ... ok
2026-09-14T00:40:50.0030360Z test_exact_parent_and_registration_reconstruct (test_sealed_historical_source_binding_v01.RegistrationTests.test_exact_parent_and_registration_reconstruct) ... ok
2026-09-14T00:40:50.7155886Z test_missing_archives_cannot_be_synthetic_fallback (test_sealed_historical_source_binding_v01.RegistrationTests.test_missing_archives_cannot_be_synthetic_fallback) ... ok
2026-09-14T00:40:52.0742479Z test_offline_cli_registration_and_undefined_globals (test_sealed_historical_source_binding_v01.RegistrationTests.test_offline_cli_registration_and_undefined_globals) ... ok
2026-09-14T00:40:52.0772523Z test_original_archive_inventory_literal_pins (test_sealed_historical_source_binding_v01.RegistrationTests.test_original_archive_inventory_literal_pins) ... ok
2026-09-14T00:40:52.0775401Z test_output_cannot_write_into_repository (test_sealed_historical_source_binding_v01.RegistrationTests.test_output_cannot_write_into_repository) ... ok
2026-09-14T00:40:52.0778423Z test_registration_cannot_claim_verified_original_data_or_runtime (test_sealed_historical_source_binding_v01.RegistrationTests.test_registration_cannot_claim_verified_original_data_or_runtime) ... ok
2026-09-14T00:40:52.7741952Z test_wrong_registration_pin_rejected_before_archive_access (test_sealed_historical_source_binding_v01.RegistrationTests.test_wrong_registration_pin_rejected_before_archive_access) ... ok
2026-09-14T00:40:52.7883449Z test_closed_reader_rejects_access (test_sealed_historical_source_binding_v01.SourceAccessTests.test_closed_reader_rejects_access) ... ok
2026-09-14T00:40:52.8021020Z test_context_requires_original_account_path (test_sealed_historical_source_binding_v01.SourceAccessTests.test_context_requires_original_account_path) ... ok
2026-09-14T00:40:52.8158567Z test_mutating_returned_manifest_cannot_change_source (test_sealed_historical_source_binding_v01.SourceAccessTests.test_mutating_returned_manifest_cannot_change_source) ... ok
2026-09-14T00:40:52.8291068Z test_source_manifest_requires_external_pin (test_sealed_historical_source_binding_v01.SourceAccessTests.test_source_manifest_requires_external_pin) ... ok
2026-09-14T00:40:52.8429132Z test_unavailable_context_preserved_without_entry_access (test_sealed_historical_source_binding_v01.SourceAccessTests.test_unavailable_context_preserved_without_entry_access) ... ok
2026-09-14T00:40:52.8847062Z test_bool_and_non_integer_counts_are_rejected (test_sealed_historical_source_checkpoint_v01.SealedHistoricalSourceCheckpointV01Tests.test_bool_and_non_integer_counts_are_rejected) ... ok
2026-09-14T00:40:52.9238466Z test_build_is_read_only_and_output_is_write_once_outside_source (test_sealed_historical_source_checkpoint_v01.SealedHistoricalSourceCheckpointV01Tests.test_build_is_read_only_and_output_is_write_once_outside_source) ... ok
2026-09-14T00:40:52.9727914Z test_changed_missing_and_extra_files_fail_rehash (test_sealed_historical_source_checkpoint_v01.SealedHistoricalSourceCheckpointV01Tests.test_changed_missing_and_extra_files_fail_rehash) ... ok
2026-09-14T00:40:52.9925998Z test_checkpoint_module_and_script_import_no_provider_clients (test_sealed_historical_source_checkpoint_v01.SealedHistoricalSourceCheckpointV01Tests.test_checkpoint_module_and_script_import_no_provider_clients) ... ok
2026-09-14T00:40:53.0192208Z test_duplicate_and_escaping_inventory_paths_are_rejected (test_sealed_historical_source_checkpoint_v01.SealedHistoricalSourceCheckpointV01Tests.test_duplicate_and_escaping_inventory_paths_are_rejected) ... ok
2026-09-14T00:40:53.0621919Z test_environment_symlink_nonfile_duplicate_and_unsafe_paths_fail (test_sealed_historical_source_checkpoint_v01.SealedHistoricalSourceCheckpointV01Tests.test_environment_symlink_nonfile_duplicate_and_unsafe_paths_fail) ... ok
2026-09-14T00:40:53.0888285Z test_environment_tamper_swapped_inputs_and_self_hash_fail_closed (test_sealed_historical_source_checkpoint_v01.SealedHistoricalSourceCheckpointV01Tests.test_environment_tamper_swapped_inputs_and_self_hash_fail_closed) ... ok
2026-09-14T00:40:53.1213633Z test_massive_ticker_types_layout_hash_and_manifest_lineage_are_strict (test_sealed_historical_source_checkpoint_v01.SealedHistoricalSourceCheckpointV01Tests.test_massive_ticker_types_layout_hash_and_manifest_lineage_are_strict) ... ok
2026-09-14T00:40:53.2016314Z test_post_freeze_scanner_layout_rejects_rogue_missing_and_symlink (test_sealed_historical_source_checkpoint_v01.SealedHistoricalSourceCheckpointV01Tests.test_post_freeze_scanner_layout_rejects_rogue_missing_and_symlink) ... ok
2026-09-14T00:40:53.2779929Z test_post_freeze_validation_allows_only_scanner_snapshot_addition (test_sealed_historical_source_checkpoint_v01.SealedHistoricalSourceCheckpointV01Tests.test_post_freeze_validation_allows_only_scanner_snapshot_addition) ... ok
2026-09-14T00:40:53.3427043Z test_post_scanner_binding_cross_binds_checkpoint_file_and_final_tree (test_sealed_historical_source_checkpoint_v01.SealedHistoricalSourceCheckpointV01Tests.test_post_scanner_binding_cross_binds_checkpoint_file_and_final_tree) ... ok
2026-09-14T00:40:53.3755749Z test_round_trip_rehashes_complete_label_blind_tree (test_sealed_historical_source_checkpoint_v01.SealedHistoricalSourceCheckpointV01Tests.test_round_trip_rehashes_complete_label_blind_tree) ... ok
2026-09-14T00:40:53.3860571Z test_symlink_and_extra_or_missing_stage_roots_fail_closed (test_sealed_historical_source_checkpoint_v01.SealedHistoricalSourceCheckpointV01Tests.test_symlink_and_extra_or_missing_stage_roots_fail_closed) ... ok
2026-09-14T00:40:53.4128083Z test_wrong_provenance_dates_and_authorization_are_rejected (test_sealed_historical_source_checkpoint_v01.SealedHistoricalSourceCheckpointV01Tests.test_wrong_provenance_dates_and_authorization_are_rejected) ... ok
2026-09-14T00:40:53.4131480Z test_composite_budget_cannot_repeat_massive_or_drop_parent_attempts (test_sealed_historical_source_checkpoint_v05.SealedHistoricalSourceCheckpointV05Tests.test_composite_budget_cannot_repeat_massive_or_drop_parent_attempts) ... ok
2026-09-14T00:40:53.6034503Z test_diagnostic_message_or_file_tamper_fails_rehash (test_sealed_historical_source_checkpoint_v05.SealedHistoricalSourceCheckpointV05Tests.test_diagnostic_message_or_file_tamper_fails_rehash) ... ok
2026-09-14T00:40:53.9163141Z test_exact_checkpoint_cli_builds_revalidates_and_cross_checks_ledgers (test_sealed_historical_source_checkpoint_v05.SealedHistoricalSourceCheckpointV05Tests.test_exact_checkpoint_cli_builds_revalidates_and_cross_checks_ledgers) ... ok
2026-09-14T00:40:54.2521036Z test_post_scanner_binding_allows_only_exact_scanner_addition (test_sealed_historical_source_checkpoint_v05.SealedHistoricalSourceCheckpointV05Tests.test_post_scanner_binding_allows_only_exact_scanner_addition) ... ok
2026-09-14T00:40:54.5043556Z test_round_trip_binds_recovery_diagnostics_and_composite_budget (test_sealed_historical_source_checkpoint_v05.SealedHistoricalSourceCheckpointV05Tests.test_round_trip_binds_recovery_diagnostics_and_composite_budget) ... ok
2026-09-14T00:40:54.5047535Z test_success_checkpoint_rejects_any_external_blocked_attempt (test_sealed_historical_source_checkpoint_v05.SealedHistoricalSourceCheckpointV05Tests.test_success_checkpoint_rejects_any_external_blocked_attempt) ... ok
2026-09-14T00:40:54.5052009Z test_composite_budget_cannot_repeat_massive_or_drop_parent_attempts (test_sealed_historical_source_checkpoint_v06.SealedHistoricalSourceCheckpointV06Tests.test_composite_budget_cannot_repeat_massive_or_drop_parent_attempts) ... ok
2026-09-14T00:40:54.6995844Z test_diagnostic_message_or_file_tamper_fails_rehash (test_sealed_historical_source_checkpoint_v06.SealedHistoricalSourceCheckpointV06Tests.test_diagnostic_message_or_file_tamper_fails_rehash) ... ok
2026-09-14T00:40:55.0177423Z test_exact_checkpoint_cli_builds_revalidates_and_cross_checks_ledgers (test_sealed_historical_source_checkpoint_v06.SealedHistoricalSourceCheckpointV06Tests.test_exact_checkpoint_cli_builds_revalidates_and_cross_checks_ledgers) ... ok
2026-09-14T00:40:55.3544975Z test_post_scanner_binding_allows_only_exact_scanner_addition (test_sealed_historical_source_checkpoint_v06.SealedHistoricalSourceCheckpointV06Tests.test_post_scanner_binding_allows_only_exact_scanner_addition) ... ok
2026-09-14T00:40:55.6003507Z test_round_trip_binds_recovery_diagnostics_and_composite_budget (test_sealed_historical_source_checkpoint_v06.SealedHistoricalSourceCheckpointV06Tests.test_round_trip_binds_recovery_diagnostics_and_composite_budget) ... ok
2026-09-14T00:40:55.6007219Z test_success_checkpoint_rejects_any_external_blocked_attempt (test_sealed_historical_source_checkpoint_v06.SealedHistoricalSourceCheckpointV06Tests.test_success_checkpoint_rejects_any_external_blocked_attempt) ... ok
2026-09-14T00:40:55.6011349Z test_composite_budget_cannot_repeat_massive_sec_or_drop_parent_attempts (test_sealed_historical_source_checkpoint_v07.SealedHistoricalSourceCheckpointV07Tests.test_composite_budget_cannot_repeat_massive_sec_or_drop_parent_attempts) ... ok
2026-09-14T00:40:55.7893660Z test_diagnostic_message_or_file_tamper_fails_rehash (test_sealed_historical_source_checkpoint_v07.SealedHistoricalSourceCheckpointV07Tests.test_diagnostic_message_or_file_tamper_fails_rehash) ... ok
2026-09-14T00:40:56.1041262Z test_exact_checkpoint_cli_builds_revalidates_and_cross_checks_ledgers (test_sealed_historical_source_checkpoint_v07.SealedHistoricalSourceCheckpointV07Tests.test_exact_checkpoint_cli_builds_revalidates_and_cross_checks_ledgers) ... ok
2026-09-14T00:40:56.4402969Z test_post_scanner_binding_allows_only_exact_scanner_addition (test_sealed_historical_source_checkpoint_v07.SealedHistoricalSourceCheckpointV07Tests.test_post_scanner_binding_allows_only_exact_scanner_addition) ... ok
2026-09-14T00:40:56.6853840Z test_round_trip_binds_recovery_diagnostics_and_composite_budget (test_sealed_historical_source_checkpoint_v07.SealedHistoricalSourceCheckpointV07Tests.test_round_trip_binds_recovery_diagnostics_and_composite_budget) ... ok
2026-09-14T00:40:56.6857189Z test_success_checkpoint_rejects_any_external_blocked_attempt (test_sealed_historical_source_checkpoint_v07.SealedHistoricalSourceCheckpointV07Tests.test_success_checkpoint_rejects_any_external_blocked_attempt) ... ok
2026-09-14T00:40:56.6860953Z test_composite_budget_cannot_repeat_massive_sec_or_drop_parent_attempts (test_sealed_historical_source_checkpoint_v08.SealedHistoricalSourceCheckpointV08Tests.test_composite_budget_cannot_repeat_massive_sec_or_drop_parent_attempts) ... ok
2026-09-14T00:40:56.8774783Z test_diagnostic_message_or_file_tamper_fails_rehash (test_sealed_historical_source_checkpoint_v08.SealedHistoricalSourceCheckpointV08Tests.test_diagnostic_message_or_file_tamper_fails_rehash) ... ok
2026-09-14T00:40:57.2001452Z test_exact_checkpoint_cli_builds_revalidates_and_cross_checks_ledgers (test_sealed_historical_source_checkpoint_v08.SealedHistoricalSourceCheckpointV08Tests.test_exact_checkpoint_cli_builds_revalidates_and_cross_checks_ledgers) ... ok
2026-09-14T00:40:57.5401192Z test_post_scanner_binding_allows_only_exact_scanner_addition (test_sealed_historical_source_checkpoint_v08.SealedHistoricalSourceCheckpointV08Tests.test_post_scanner_binding_allows_only_exact_scanner_addition) ... ok
2026-09-14T00:40:57.8132533Z test_round_trip_binds_recovery_diagnostics_and_composite_budget (test_sealed_historical_source_checkpoint_v08.SealedHistoricalSourceCheckpointV08Tests.test_round_trip_binds_recovery_diagnostics_and_composite_budget) ... ok
2026-09-14T00:40:57.8137233Z test_success_checkpoint_rejects_any_external_blocked_attempt (test_sealed_historical_source_checkpoint_v08.SealedHistoricalSourceCheckpointV08Tests.test_success_checkpoint_rejects_any_external_blocked_attempt) ... ok
2026-09-14T00:40:57.8141520Z test_composite_budget_cannot_repeat_massive_sec_or_drop_parent_attempts (test_sealed_historical_source_checkpoint_v09.SealedHistoricalSourceCheckpointV09Tests.test_composite_budget_cannot_repeat_massive_sec_or_drop_parent_attempts) ... ok
2026-09-14T00:40:58.0067962Z test_diagnostic_message_or_file_tamper_fails_rehash (test_sealed_historical_source_checkpoint_v09.SealedHistoricalSourceCheckpointV09Tests.test_diagnostic_message_or_file_tamper_fails_rehash) ... ok
2026-09-14T00:40:58.3305291Z test_exact_checkpoint_cli_builds_revalidates_and_cross_checks_ledgers (test_sealed_historical_source_checkpoint_v09.SealedHistoricalSourceCheckpointV09Tests.test_exact_checkpoint_cli_builds_revalidates_and_cross_checks_ledgers) ... ok
2026-09-14T00:40:58.6732052Z test_post_scanner_binding_allows_only_exact_scanner_addition (test_sealed_historical_source_checkpoint_v09.SealedHistoricalSourceCheckpointV09Tests.test_post_scanner_binding_allows_only_exact_scanner_addition) ... ok
2026-09-14T00:40:58.9269430Z test_round_trip_binds_recovery_diagnostics_and_composite_budget (test_sealed_historical_source_checkpoint_v09.SealedHistoricalSourceCheckpointV09Tests.test_round_trip_binds_recovery_diagnostics_and_composite_budget) ... ok
2026-09-14T00:40:58.9273659Z test_success_checkpoint_rejects_any_external_blocked_attempt (test_sealed_historical_source_checkpoint_v09.SealedHistoricalSourceCheckpointV09Tests.test_success_checkpoint_rejects_any_external_blocked_attempt) ... ok
2026-09-14T00:40:58.9276099Z test_composite_budget_cannot_repeat_massive_sec_or_drop_parent_attempts (test_sealed_historical_source_checkpoint_v10.SealedHistoricalSourceCheckpointV10Tests.test_composite_budget_cannot_repeat_massive_sec_or_drop_parent_attempts) ... ok
2026-09-14T00:40:59.1207941Z test_diagnostic_message_or_file_tamper_fails_rehash (test_sealed_historical_source_checkpoint_v10.SealedHistoricalSourceCheckpointV10Tests.test_diagnostic_message_or_file_tamper_fails_rehash) ... ok
2026-09-14T00:40:59.4393781Z test_exact_checkpoint_cli_builds_revalidates_and_cross_checks_ledgers (test_sealed_historical_source_checkpoint_v10.SealedHistoricalSourceCheckpointV10Tests.test_exact_checkpoint_cli_builds_revalidates_and_cross_checks_ledgers) ... ok
2026-09-14T00:40:59.7835806Z test_post_scanner_binding_allows_only_exact_scanner_addition (test_sealed_historical_source_checkpoint_v10.SealedHistoricalSourceCheckpointV10Tests.test_post_scanner_binding_allows_only_exact_scanner_addition) ... ok
2026-09-14T00:41:00.0372722Z test_round_trip_binds_recovery_diagnostics_and_composite_budget (test_sealed_historical_source_checkpoint_v10.SealedHistoricalSourceCheckpointV10Tests.test_round_trip_binds_recovery_diagnostics_and_composite_budget) ... ok
2026-09-14T00:41:00.0376163Z test_success_checkpoint_rejects_any_external_blocked_attempt (test_sealed_historical_source_checkpoint_v10.SealedHistoricalSourceCheckpointV10Tests.test_success_checkpoint_rejects_any_external_blocked_attempt) ... ok
2026-09-14T00:41:00.0486577Z test_acquire_phase_never_invokes_scanner_validator (test_sealed_historical_source_integration_v04.SealedHistoricalSourceIntegrationV04Tests.test_acquire_phase_never_invokes_scanner_validator) ... ok
2026-09-14T00:41:00.0490567Z test_empty_candidate_date_is_a_valid_complete_reconstruction (test_sealed_historical_source_integration_v04.SealedHistoricalSourceIntegrationV04Tests.test_empty_candidate_date_is_a_valid_complete_reconstruction) ... ok
2026-09-14T00:41:00.0493253Z test_exact_fixed_tuple_and_mode_guards (test_sealed_historical_source_integration_v04.SealedHistoricalSourceIntegrationV04Tests.test_exact_fixed_tuple_and_mode_guards) ... ok
2026-09-14T00:41:00.0570572Z test_freeze_phase_is_provider_free_and_exactly_rebuilds (test_sealed_historical_source_integration_v04.SealedHistoricalSourceIntegrationV04Tests.test_freeze_phase_is_provider_free_and_exactly_rebuilds) ... ok
2026-09-14T00:41:00.0573987Z test_freeze_rejects_rehashed_stale_per_date_sidecar_lineage (test_sealed_historical_source_integration_v04.SealedHistoricalSourceIntegrationV04Tests.test_freeze_rejects_rehashed_stale_per_date_sidecar_lineage) ... ok
2026-09-14T00:41:00.0594084Z test_removed_cli_basis_switch_fails_before_files_or_provider (test_sealed_historical_source_integration_v04.SealedHistoricalSourceIntegrationV04Tests.test_removed_cli_basis_switch_fails_before_files_or_provider) ... ok
2026-09-14T00:41:00.0652592Z test_source_sidecar_round_trip_and_compressed_tamper_fail_closed (test_sealed_historical_source_integration_v04.SealedHistoricalSourceIntegrationV04Tests.test_source_sidecar_round_trip_and_compressed_tamper_fail_closed) ... ok
2026-09-14T00:41:00.0664391Z test_environment_pair_separates_dependencies_from_checkout_commit (test_sealed_historical_source_recovery_v05.SealedHistoricalSourceRecoveryV05Tests.test_environment_pair_separates_dependencies_from_checkout_commit) ... ok
2026-09-14T00:41:00.0672219Z test_existing_output_prevents_recovery_overwrite (test_sealed_historical_source_recovery_v05.SealedHistoricalSourceRecoveryV05Tests.test_existing_output_prevents_recovery_overwrite) ... ok
2026-09-14T00:41:00.0690026Z test_materialization_copies_only_validated_source_and_seeds_budget (test_sealed_historical_source_recovery_v05.SealedHistoricalSourceRecoveryV05Tests.test_materialization_copies_only_validated_source_and_seeds_budget) ... ok
2026-09-14T00:41:00.0694584Z test_self_hash_rejects_tampering_and_duplicate_json_keys (test_sealed_historical_source_recovery_v05.SealedHistoricalSourceRecoveryV05Tests.test_self_hash_rejects_tampering_and_duplicate_json_keys) ... ok
2026-09-14T00:41:00.0704711Z test_environment_pair_separates_dependencies_from_checkout_commit (test_sealed_historical_source_recovery_v06.SealedHistoricalSourceRecoveryV06Tests.test_environment_pair_separates_dependencies_from_checkout_commit) ... ok
2026-09-14T00:41:00.0711604Z test_existing_output_prevents_recovery_overwrite (test_sealed_historical_source_recovery_v06.SealedHistoricalSourceRecoveryV06Tests.test_existing_output_prevents_recovery_overwrite) ... ok
2026-09-14T00:41:00.0730453Z test_materialization_copies_only_validated_source_and_seeds_budget (test_sealed_historical_source_recovery_v06.SealedHistoricalSourceRecoveryV06Tests.test_materialization_copies_only_validated_source_and_seeds_budget) ... ok
2026-09-14T00:41:00.0734907Z test_self_hash_rejects_tampering_and_duplicate_json_keys (test_sealed_historical_source_recovery_v06.SealedHistoricalSourceRecoveryV06Tests.test_self_hash_rejects_tampering_and_duplicate_json_keys) ... ok
2026-09-14T00:41:00.0744871Z test_environment_pair_separates_dependencies_from_checkout_commit (test_sealed_historical_source_recovery_v07.SealedHistoricalSourceRecoveryV07Tests.test_environment_pair_separates_dependencies_from_checkout_commit) ... ok
2026-09-14T00:41:00.0751786Z test_existing_output_prevents_recovery_overwrite (test_sealed_historical_source_recovery_v07.SealedHistoricalSourceRecoveryV07Tests.test_existing_output_prevents_recovery_overwrite) ... ok
2026-09-14T00:41:00.0769274Z test_materialization_copies_only_validated_source_and_seeds_budget (test_sealed_historical_source_recovery_v07.SealedHistoricalSourceRecoveryV07Tests.test_materialization_copies_only_validated_source_and_seeds_budget) ... ok
2026-09-14T00:41:00.0774062Z test_self_hash_rejects_tampering_and_duplicate_json_keys (test_sealed_historical_source_recovery_v07.SealedHistoricalSourceRecoveryV07Tests.test_self_hash_rejects_tampering_and_duplicate_json_keys) ... ok
2026-09-14T00:41:00.0784258Z test_environment_pair_separates_dependencies_from_checkout_commit (test_sealed_historical_source_recovery_v08.SealedHistoricalSourceRecoveryV08Tests.test_environment_pair_separates_dependencies_from_checkout_commit) ... ok
2026-09-14T00:41:00.0791091Z test_existing_output_prevents_recovery_overwrite (test_sealed_historical_source_recovery_v08.SealedHistoricalSourceRecoveryV08Tests.test_existing_output_prevents_recovery_overwrite) ... ok
2026-09-14T00:41:00.0809993Z test_materialization_copies_only_validated_source_and_seeds_budget (test_sealed_historical_source_recovery_v08.SealedHistoricalSourceRecoveryV08Tests.test_materialization_copies_only_validated_source_and_seeds_budget) ... ok
2026-09-14T00:41:00.0814848Z test_self_hash_rejects_tampering_and_duplicate_json_keys (test_sealed_historical_source_recovery_v08.SealedHistoricalSourceRecoveryV08Tests.test_self_hash_rejects_tampering_and_duplicate_json_keys) ... ok
2026-09-14T00:41:00.0824760Z test_environment_pair_separates_dependencies_from_checkout_commit (test_sealed_historical_source_recovery_v09.SealedHistoricalSourceRecoveryV09Tests.test_environment_pair_separates_dependencies_from_checkout_commit) ... ok
2026-09-14T00:41:00.0831432Z test_existing_output_prevents_recovery_overwrite (test_sealed_historical_source_recovery_v09.SealedHistoricalSourceRecoveryV09Tests.test_existing_output_prevents_recovery_overwrite) ... ok
2026-09-14T00:41:00.0848539Z test_materialization_copies_only_validated_source_and_seeds_budget (test_sealed_historical_source_recovery_v09.SealedHistoricalSourceRecoveryV09Tests.test_materialization_copies_only_validated_source_and_seeds_budget) ... ok
2026-09-14T00:41:00.0853450Z test_self_hash_rejects_tampering_and_duplicate_json_keys (test_sealed_historical_source_recovery_v09.SealedHistoricalSourceRecoveryV09Tests.test_self_hash_rejects_tampering_and_duplicate_json_keys) ... ok
2026-09-14T00:41:00.0863625Z test_environment_pair_separates_dependencies_from_checkout_commit (test_sealed_historical_source_recovery_v10.SealedHistoricalSourceRecoveryV10Tests.test_environment_pair_separates_dependencies_from_checkout_commit) ... ok
2026-09-14T00:41:00.0870322Z test_existing_output_prevents_recovery_overwrite (test_sealed_historical_source_recovery_v10.SealedHistoricalSourceRecoveryV10Tests.test_existing_output_prevents_recovery_overwrite) ... ok
2026-09-14T00:41:00.0894324Z test_materialization_copies_only_validated_source_and_seeds_budget (test_sealed_historical_source_recovery_v10.SealedHistoricalSourceRecoveryV10Tests.test_materialization_copies_only_validated_source_and_seeds_budget) ... ok
2026-09-14T00:41:00.0898659Z test_self_hash_rejects_tampering_and_duplicate_json_keys (test_sealed_historical_source_recovery_v10.SealedHistoricalSourceRecoveryV10Tests.test_self_hash_rejects_tampering_and_duplicate_json_keys) ... ok
2026-09-14T00:41:00.3269871Z test_directory_change_is_part_of_the_source_commitment (test_sealed_historical_source_runner_v13.IntermediateV13Tests.test_directory_change_is_part_of_the_source_commitment) ... ok
2026-09-14T00:41:00.6075930Z test_incomplete_scanner_manifest_is_rejected_even_if_rehashed (test_sealed_historical_source_runner_v13.IntermediateV13Tests.test_incomplete_scanner_manifest_is_rejected_even_if_rehashed) ... ok
2026-09-14T00:41:00.8462648Z test_modified_file_bytes_are_rejected_even_with_unchanged_count (test_sealed_historical_source_runner_v13.IntermediateV13Tests.test_modified_file_bytes_are_rejected_even_with_unchanged_count) ... ok
2026-09-14T00:41:01.0816557Z test_real_inventory_round_trip_stays_non_final (test_sealed_historical_source_runner_v13.IntermediateV13Tests.test_real_inventory_round_trip_stays_non_final) ... ok
2026-09-14T00:41:01.4178658Z test_rehashed_final_eligibility_and_provider_claims_are_rejected (test_sealed_historical_source_runner_v13.IntermediateV13Tests.test_rehashed_final_eligibility_and_provider_claims_are_rejected) ... ok
2026-09-14T00:41:01.6118231Z test_rehashed_identity_count_and_parent_ledger_changes_are_rejected (test_sealed_historical_source_runner_v13.IntermediateV13Tests.test_rehashed_identity_count_and_parent_ledger_changes_are_rejected) ... ok
2026-09-14T00:41:01.6125370Z test_gate_detects_nested_scopes_and_accepts_bound_names (test_sealed_historical_source_runner_v13.OfflineAndStaticV13Tests.test_gate_detects_nested_scopes_and_accepts_bound_names) ... ok
2026-09-14T00:41:01.6381195Z test_gate_detects_the_exact_unmodified_v12_failure (test_sealed_historical_source_runner_v13.OfflineAndStaticV13Tests.test_gate_detects_the_exact_unmodified_v12_failure) ... ok
2026-09-14T00:41:01.7093603Z test_guard_blocks_real_socket_and_process_creation_in_subprocess (test_sealed_historical_source_runner_v13.OfflineAndStaticV13Tests.test_guard_blocks_real_socket_and_process_creation_in_subprocess) ... ok
2026-09-14T00:41:01.7095534Z test_guard_rejects_acquisition_and_arbitrary_scripts (test_sealed_historical_source_runner_v13.OfflineAndStaticV13Tests.test_guard_rejects_acquisition_and_arbitrary_scripts) ... ok
2026-09-14T00:41:01.7299252Z test_actual_cli_success_writes_and_validates_real_report (test_sealed_historical_source_runner_v13.RunnerV13Tests.test_actual_cli_success_writes_and_validates_real_report) ... ok
2026-09-14T00:41:01.7488089Z test_cli_missing_argument_and_attempt_two_fail_closed (test_sealed_historical_source_runner_v13.RunnerV13Tests.test_cli_missing_argument_and_attempt_two_fail_closed) ... ok
2026-09-14T00:41:01.7693085Z test_cli_requires_intermediate_and_cannot_overwrite (test_sealed_historical_source_runner_v13.RunnerV13Tests.test_cli_requires_intermediate_and_cannot_overwrite) ... ok
2026-09-14T00:41:01.7889982Z test_hosted_prelaunch_verification_records_real_run_but_not_final_gate (test_sealed_historical_source_runner_v13.RunnerV13Tests.test_hosted_prelaunch_verification_records_real_run_but_not_final_gate) ... ok
2026-09-14T00:41:02.0440130Z test_intermediate_cli_binds_real_inventory_without_final_replay (test_sealed_historical_source_runner_v13.RunnerV13Tests.test_intermediate_cli_binds_real_inventory_without_final_replay) ... ok
2026-09-14T00:41:02.0572166Z test_invalid_external_ledger_fails_before_replay (test_sealed_historical_source_runner_v13.RunnerV13Tests.test_invalid_external_ledger_fails_before_replay) ... ok
2026-09-14T00:41:02.0679481Z test_local_verification_cannot_forge_a_github_identity (test_sealed_historical_source_runner_v13.RunnerV13Tests.test_local_verification_cannot_forge_a_github_identity) ... ok
2026-09-14T00:41:02.0875656Z test_local_verification_does_not_claim_github_or_open_final_gate (test_sealed_historical_source_runner_v13.RunnerV13Tests.test_local_verification_does_not_claim_github_or_open_final_gate) ... ok
2026-09-14T00:41:02.0995812Z test_nonzero_blocked_ledger_fails_before_replay (test_sealed_historical_source_runner_v13.RunnerV13Tests.test_nonzero_blocked_ledger_fails_before_replay) ... ok
2026-09-14T00:41:02.1127906Z test_preflight_cli_checks_checkpoint_and_identity_without_final_replay (test_sealed_historical_source_runner_v13.RunnerV13Tests.test_preflight_cli_checks_checkpoint_and_identity_without_final_replay) ... ok
2026-09-14T00:41:02.1263905Z test_real_summary_validator_is_not_mocked (test_sealed_historical_source_runner_v13.RunnerV13Tests.test_real_summary_validator_is_not_mocked) ... ok
2026-09-14T00:41:02.1373133Z test_safe_failure_uses_actual_cli_and_is_sanitized (test_sealed_historical_source_runner_v13.RunnerV13Tests.test_safe_failure_uses_actual_cli_and_is_sanitized) ... ok
2026-09-14T00:41:02.1742754Z test_checkout_gate_binds_repository_branch_path_commit_tree_and_dispatcher (test_sealed_historical_source_workflow_v04.SealedHistoricalSourceWorkflowV04Tests.test_checkout_gate_binds_repository_branch_path_commit_tree_and_dispatcher) ... ok
2026-09-14T00:41:02.1746703Z test_checkpoint_and_report_bind_environment_and_dispatcher_provenance (test_sealed_historical_source_workflow_v04.SealedHistoricalSourceWorkflowV04Tests.test_checkpoint_and_report_bind_environment_and_dispatcher_provenance) ... ok
2026-09-14T00:41:02.1750535Z test_consumption_marker_binds_exact_context_before_provider_access (test_sealed_historical_source_workflow_v04.SealedHistoricalSourceWorkflowV04Tests.test_consumption_marker_binds_exact_context_before_provider_access) ... ok
2026-09-14T00:41:02.1753391Z test_durable_marker_is_consumed_before_every_provider_step (test_sealed_historical_source_workflow_v04.SealedHistoricalSourceWorkflowV04Tests.test_durable_marker_is_consumed_before_every_provider_step) ... ok
2026-09-14T00:41:02.1755914Z test_exact_30_dates_and_frozen_budgets_are_semantic_values (test_sealed_historical_source_workflow_v04.SealedHistoricalSourceWorkflowV04Tests.test_exact_30_dates_and_frozen_budgets_are_semantic_values) ... ok
2026-09-14T00:41:02.1759844Z test_exact_provider_phase_order_checkpoint_then_provider_free_freeze (test_sealed_historical_source_workflow_v04.SealedHistoricalSourceWorkflowV04Tests.test_exact_provider_phase_order_checkpoint_then_provider_free_freeze) ... ok
2026-09-14T00:41:02.1763541Z test_failure_accounting_preserves_blocked_hosts_and_budget_overrun (test_sealed_historical_source_workflow_v04.SealedHistoricalSourceWorkflowV04Tests.test_failure_accounting_preserves_blocked_hosts_and_budget_overrun) ... ok
2026-09-14T00:41:02.1766358Z test_failure_path_retains_accounting_and_missing_checkpoint_without_secrets (test_sealed_historical_source_workflow_v04.SealedHistoricalSourceWorkflowV04Tests.test_failure_path_retains_accounting_and_missing_checkpoint_without_secrets) ... ok
2026-09-14T00:41:02.1769083Z test_no_transcript_databento_account_or_order_path_is_present (test_sealed_historical_source_workflow_v04.SealedHistoricalSourceWorkflowV04Tests.test_no_transcript_databento_account_or_order_path_is_present) ... ok
2026-09-14T00:41:02.1771489Z test_pinned_install_and_environment_freeze_precede_provider_access (test_sealed_historical_source_workflow_v04.SealedHistoricalSourceWorkflowV04Tests.test_pinned_install_and_environment_freeze_precede_provider_access) ... ok
2026-09-14T00:41:02.1773373Z test_progress_boundary_and_canonical_timeout_leave_cleanup_reserve (test_sealed_historical_source_workflow_v04.SealedHistoricalSourceWorkflowV04Tests.test_progress_boundary_and_canonical_timeout_leave_cleanup_reserve) ... ok
2026-09-14T00:41:02.1775125Z test_provider_secrets_are_step_scoped_and_only_wrapped_steps_receive_them (test_sealed_historical_source_workflow_v04.SealedHistoricalSourceWorkflowV04Tests.test_provider_secrets_are_step_scoped_and_only_wrapped_steps_receive_them) ... ok
2026-09-14T00:41:02.1776821Z test_runner_provenance_rejects_rerun_and_unbound_dispatcher (test_sealed_historical_source_workflow_v04.SealedHistoricalSourceWorkflowV04Tests.test_runner_provenance_rejects_rerun_and_unbound_dispatcher) ... ok
2026-09-14T00:41:02.1787298Z test_safe_failure_records_only_sanitized_counts_hashes_and_dates (test_sealed_historical_source_workflow_v04.SealedHistoricalSourceWorkflowV04Tests.test_safe_failure_records_only_sanitized_counts_hashes_and_dates) ... ok
2026-09-14T00:41:02.1798652Z test_v03_hash_bound_entry_points_remain_byte_identical (test_sealed_historical_source_workflow_v04.SealedHistoricalSourceWorkflowV04Tests.test_v03_hash_bound_entry_points_remain_byte_identical) ... ok
2026-09-14T00:41:02.1800739Z test_yaml_trigger_is_push_validation_plus_manual_one_shot_only (test_sealed_historical_source_workflow_v04.SealedHistoricalSourceWorkflowV04Tests.test_yaml_trigger_is_push_validation_plus_manual_one_shot_only) ... ok
2026-09-14T00:41:02.2157302Z test_action_revisions_and_environment_are_pinned (test_sealed_historical_source_workflow_v05.SealedHistoricalSourceWorkflowV05Tests.test_action_revisions_and_environment_are_pinned) ... ok
2026-09-14T00:41:02.2160574Z test_checkpoint_is_uploaded_before_separate_provider_free_freeze (test_sealed_historical_source_workflow_v05.SealedHistoricalSourceWorkflowV05Tests.test_checkpoint_is_uploaded_before_separate_provider_free_freeze) ... ok
2026-09-14T00:41:02.2163391Z test_every_registered_runtime_artifact_triggers_push_validation (test_sealed_historical_source_workflow_v05.SealedHistoricalSourceWorkflowV05Tests.test_every_registered_runtime_artifact_triggers_push_validation) ... ok
2026-09-14T00:41:02.2166030Z test_inputs_are_trimmed_then_bound_to_exact_commit_tree_and_path (test_sealed_historical_source_workflow_v05.SealedHistoricalSourceWorkflowV05Tests.test_inputs_are_trimmed_then_bound_to_exact_commit_tree_and_path) ... ok
2026-09-14T00:41:02.2168548Z test_no_massive_identity_or_market_provider_stage_can_run (test_sealed_historical_source_workflow_v05.SealedHistoricalSourceWorkflowV05Tests.test_no_massive_identity_or_market_provider_stage_can_run) ... ok
2026-09-14T00:41:02.2171321Z test_parent_artifact_is_exact_and_recovery_precedes_provider_access (test_sealed_historical_source_workflow_v05.SealedHistoricalSourceWorkflowV05Tests.test_parent_artifact_is_exact_and_recovery_precedes_provider_access) ... ok
2026-09-14T00:41:02.2174248Z test_push_is_provider_free_and_manual_dispatch_is_attempt_one_only (test_sealed_historical_source_workflow_v05.SealedHistoricalSourceWorkflowV05Tests.test_push_is_provider_free_and_manual_dispatch_is_attempt_one_only) ... ok
2026-09-14T00:41:02.2176125Z test_transcripts_databento_accounts_and_orders_are_absent (test_sealed_historical_source_workflow_v05.SealedHistoricalSourceWorkflowV05Tests.test_transcripts_databento_accounts_and_orders_are_absent) ... ok
2026-09-14T00:41:02.2518667Z test_action_revisions_and_environment_are_pinned (test_sealed_historical_source_workflow_v06.SealedHistoricalSourceWorkflowV06Tests.test_action_revisions_and_environment_are_pinned) ... ok
2026-09-14T00:41:02.2522291Z test_checkpoint_is_uploaded_before_separate_provider_free_freeze (test_sealed_historical_source_workflow_v06.SealedHistoricalSourceWorkflowV06Tests.test_checkpoint_is_uploaded_before_separate_provider_free_freeze) ... ok
2026-09-14T00:41:02.2525526Z test_every_registered_runtime_artifact_triggers_push_validation (test_sealed_historical_source_workflow_v06.SealedHistoricalSourceWorkflowV06Tests.test_every_registered_runtime_artifact_triggers_push_validation) ... ok
2026-09-14T00:41:02.2528493Z test_inputs_are_trimmed_then_bound_to_exact_commit_tree_and_path (test_sealed_historical_source_workflow_v06.SealedHistoricalSourceWorkflowV06Tests.test_inputs_are_trimmed_then_bound_to_exact_commit_tree_and_path) ... ok
2026-09-14T00:41:02.2531517Z test_no_massive_identity_or_market_provider_stage_can_run (test_sealed_historical_source_workflow_v06.SealedHistoricalSourceWorkflowV06Tests.test_no_massive_identity_or_market_provider_stage_can_run) ... ok
2026-09-14T00:41:02.2534384Z test_parent_artifact_is_exact_and_recovery_precedes_provider_access (test_sealed_historical_source_workflow_v06.SealedHistoricalSourceWorkflowV06Tests.test_parent_artifact_is_exact_and_recovery_precedes_provider_access) ... ok
2026-09-14T00:41:02.2536543Z test_push_is_provider_free_and_manual_dispatch_is_attempt_one_only (test_sealed_historical_source_workflow_v06.SealedHistoricalSourceWorkflowV06Tests.test_push_is_provider_free_and_manual_dispatch_is_attempt_one_only) ... ok
2026-09-14T00:41:02.2538591Z test_transcripts_databento_accounts_and_orders_are_absent (test_sealed_historical_source_workflow_v06.SealedHistoricalSourceWorkflowV06Tests.test_transcripts_databento_accounts_and_orders_are_absent) ... ok
2026-09-14T00:41:02.2874844Z test_action_revisions_and_environment_are_pinned (test_sealed_historical_source_workflow_v07.SealedHistoricalSourceWorkflowV07Tests.test_action_revisions_and_environment_are_pinned) ... ok
2026-09-14T00:41:02.2877539Z test_checkpoint_is_uploaded_before_separate_provider_free_freeze (test_sealed_historical_source_workflow_v07.SealedHistoricalSourceWorkflowV07Tests.test_checkpoint_is_uploaded_before_separate_provider_free_freeze) ... ok
2026-09-14T00:41:02.2880634Z test_every_registered_runtime_artifact_triggers_push_validation (test_sealed_historical_source_workflow_v07.SealedHistoricalSourceWorkflowV07Tests.test_every_registered_runtime_artifact_triggers_push_validation) ... ok
2026-09-14T00:41:02.2883472Z test_inputs_are_trimmed_then_bound_to_exact_commit_tree_and_path (test_sealed_historical_source_workflow_v07.SealedHistoricalSourceWorkflowV07Tests.test_inputs_are_trimmed_then_bound_to_exact_commit_tree_and_path) ... ok
2026-09-14T00:41:02.2886426Z test_no_massive_identity_market_sec_or_float_provider_stage_can_run (test_sealed_historical_source_workflow_v07.SealedHistoricalSourceWorkflowV07Tests.test_no_massive_identity_market_sec_or_float_provider_stage_can_run) ... ok
2026-09-14T00:41:02.2889769Z test_parent_artifact_is_exact_and_recovery_precedes_provider_access (test_sealed_historical_source_workflow_v07.SealedHistoricalSourceWorkflowV07Tests.test_parent_artifact_is_exact_and_recovery_precedes_provider_access) ... ok
2026-09-14T00:41:02.2893324Z test_push_is_provider_free_and_manual_dispatch_is_attempt_one_only (test_sealed_historical_source_workflow_v07.SealedHistoricalSourceWorkflowV07Tests.test_push_is_provider_free_and_manual_dispatch_is_attempt_one_only) ... ok
2026-09-14T00:41:02.2896267Z test_transcripts_databento_accounts_and_orders_are_absent (test_sealed_historical_source_workflow_v07.SealedHistoricalSourceWorkflowV07Tests.test_transcripts_databento_accounts_and_orders_are_absent) ... ok
2026-09-14T00:41:02.3246740Z test_action_revisions_and_environment_are_pinned (test_sealed_historical_source_workflow_v08.SealedHistoricalSourceWorkflowV08Tests.test_action_revisions_and_environment_are_pinned) ... ok
2026-09-14T00:41:02.3249668Z test_checkpoint_is_uploaded_before_separate_provider_free_freeze (test_sealed_historical_source_workflow_v08.SealedHistoricalSourceWorkflowV08Tests.test_checkpoint_is_uploaded_before_separate_provider_free_freeze) ... ok
2026-09-14T00:41:02.3252513Z test_every_registered_runtime_artifact_triggers_push_validation (test_sealed_historical_source_workflow_v08.SealedHistoricalSourceWorkflowV08Tests.test_every_registered_runtime_artifact_triggers_push_validation) ... ok
2026-09-14T00:41:02.3255294Z test_inputs_are_trimmed_then_bound_to_exact_commit_tree_and_path (test_sealed_historical_source_workflow_v08.SealedHistoricalSourceWorkflowV08Tests.test_inputs_are_trimmed_then_bound_to_exact_commit_tree_and_path) ... ok
2026-09-14T00:41:02.3258116Z test_no_massive_identity_market_sec_or_float_provider_stage_can_run (test_sealed_historical_source_workflow_v08.SealedHistoricalSourceWorkflowV08Tests.test_no_massive_identity_market_sec_or_float_provider_stage_can_run) ... ok
2026-09-14T00:41:02.3261314Z test_parent_artifact_is_exact_and_recovery_precedes_provider_access (test_sealed_historical_source_workflow_v08.SealedHistoricalSourceWorkflowV08Tests.test_parent_artifact_is_exact_and_recovery_precedes_provider_access) ... ok
2026-09-14T00:41:02.3264230Z test_push_is_provider_free_and_manual_dispatch_is_attempt_one_only (test_sealed_historical_source_workflow_v08.SealedHistoricalSourceWorkflowV08Tests.test_push_is_provider_free_and_manual_dispatch_is_attempt_one_only) ... ok
2026-09-14T00:41:02.3267093Z test_transcripts_databento_accounts_and_orders_are_absent (test_sealed_historical_source_workflow_v08.SealedHistoricalSourceWorkflowV08Tests.test_transcripts_databento_accounts_and_orders_are_absent) ... ok
2026-09-14T00:41:02.3614669Z test_action_revisions_and_environment_are_pinned (test_sealed_historical_source_workflow_v09.SealedHistoricalSourceWorkflowV09Tests.test_action_revisions_and_environment_are_pinned) ... ok
2026-09-14T00:41:02.3617428Z test_checkpoint_is_uploaded_before_separate_provider_free_freeze (test_sealed_historical_source_workflow_v09.SealedHistoricalSourceWorkflowV09Tests.test_checkpoint_is_uploaded_before_separate_provider_free_freeze) ... ok
2026-09-14T00:41:02.3620524Z test_every_registered_runtime_artifact_triggers_push_validation (test_sealed_historical_source_workflow_v09.SealedHistoricalSourceWorkflowV09Tests.test_every_registered_runtime_artifact_triggers_push_validation) ... ok
2026-09-14T00:41:02.3623482Z test_inputs_are_trimmed_then_bound_to_exact_commit_tree_and_path (test_sealed_historical_source_workflow_v09.SealedHistoricalSourceWorkflowV09Tests.test_inputs_are_trimmed_then_bound_to_exact_commit_tree_and_path) ... ok
2026-09-14T00:41:02.3626571Z test_no_massive_identity_market_sec_or_float_provider_stage_can_run (test_sealed_historical_source_workflow_v09.SealedHistoricalSourceWorkflowV09Tests.test_no_massive_identity_market_sec_or_float_provider_stage_can_run) ... ok
2026-09-14T00:41:02.3629928Z test_parent_artifact_is_exact_and_recovery_precedes_provider_access (test_sealed_historical_source_workflow_v09.SealedHistoricalSourceWorkflowV09Tests.test_parent_artifact_is_exact_and_recovery_precedes_provider_access) ... ok
2026-09-14T00:41:02.3633016Z test_push_is_provider_free_and_manual_dispatch_is_attempt_one_only (test_sealed_historical_source_workflow_v09.SealedHistoricalSourceWorkflowV09Tests.test_push_is_provider_free_and_manual_dispatch_is_attempt_one_only) ... ok
2026-09-14T00:41:02.3636425Z test_transcripts_databento_accounts_and_orders_are_absent (test_sealed_historical_source_workflow_v09.SealedHistoricalSourceWorkflowV09Tests.test_transcripts_databento_accounts_and_orders_are_absent) ... ok
2026-09-14T00:41:02.3967148Z test_action_revisions_and_environment_are_pinned (test_sealed_historical_source_workflow_v10.SealedHistoricalSourceWorkflowV10Tests.test_action_revisions_and_environment_are_pinned) ... ok
2026-09-14T00:41:02.3970174Z test_checkpoint_is_uploaded_before_separate_provider_free_freeze (test_sealed_historical_source_workflow_v10.SealedHistoricalSourceWorkflowV10Tests.test_checkpoint_is_uploaded_before_separate_provider_free_freeze) ... ok
2026-09-14T00:41:02.3973018Z test_every_registered_runtime_artifact_triggers_push_validation (test_sealed_historical_source_workflow_v10.SealedHistoricalSourceWorkflowV10Tests.test_every_registered_runtime_artifact_triggers_push_validation) ... ok
2026-09-14T00:41:02.3975944Z test_inputs_are_trimmed_then_bound_to_exact_commit_tree_and_path (test_sealed_historical_source_workflow_v10.SealedHistoricalSourceWorkflowV10Tests.test_inputs_are_trimmed_then_bound_to_exact_commit_tree_and_path) ... ok
2026-09-14T00:41:02.3978659Z test_only_scanner_provider_stage_can_run (test_sealed_historical_source_workflow_v10.SealedHistoricalSourceWorkflowV10Tests.test_only_scanner_provider_stage_can_run) ... ok
2026-09-14T00:41:02.3981652Z test_parent_artifact_is_exact_and_recovery_precedes_provider_access (test_sealed_historical_source_workflow_v10.SealedHistoricalSourceWorkflowV10Tests.test_parent_artifact_is_exact_and_recovery_precedes_provider_access) ... ok
2026-09-14T00:41:02.3984753Z test_push_is_provider_free_and_manual_dispatch_is_attempt_one_only (test_sealed_historical_source_workflow_v10.SealedHistoricalSourceWorkflowV10Tests.test_push_is_provider_free_and_manual_dispatch_is_attempt_one_only) ... ok
2026-09-14T00:41:02.3987704Z test_transcripts_databento_accounts_and_orders_are_absent (test_sealed_historical_source_workflow_v10.SealedHistoricalSourceWorkflowV10Tests.test_transcripts_databento_accounts_and_orders_are_absent) ... ok
2026-09-14T00:41:02.4133109Z test_action_revisions_are_pinned (test_sealed_historical_source_workflow_v11.SealedHistoricalSourceWorkflowV11Tests.test_action_revisions_are_pinned) ... ok
2026-09-14T00:41:02.4135563Z test_exact_parent_checkpoint_is_fetched_once_and_deeply_validated (test_sealed_historical_source_workflow_v11.SealedHistoricalSourceWorkflowV11Tests.test_exact_parent_checkpoint_is_fetched_once_and_deeply_validated) ... ok
2026-09-14T00:41:02.4139179Z test_no_provider_credentials_or_provider_entrypoint_exists (test_sealed_historical_source_workflow_v11.SealedHistoricalSourceWorkflowV11Tests.test_no_provider_credentials_or_provider_entrypoint_exists) ... ok
2026-09-14T00:41:02.4142139Z test_push_runs_validation_only_and_manual_freeze_is_attempt_one (test_sealed_historical_source_workflow_v11.SealedHistoricalSourceWorkflowV11Tests.test_push_runs_validation_only_and_manual_freeze_is_attempt_one) ... ok
2026-09-14T00:41:02.4145170Z test_scanner_freeze_precedes_identity_compatible_final_replay (test_sealed_historical_source_workflow_v11.SealedHistoricalSourceWorkflowV11Tests.test_scanner_freeze_precedes_identity_compatible_final_replay) ... ok
2026-09-14T00:41:02.4291893Z test_action_revisions_are_pinned (test_sealed_historical_source_workflow_v12.SealedHistoricalSourceWorkflowV12Tests.test_action_revisions_are_pinned) ... ok
2026-09-14T00:41:02.4294391Z test_exact_parent_checkpoint_is_fetched_once_and_deeply_validated (test_sealed_historical_source_workflow_v12.SealedHistoricalSourceWorkflowV12Tests.test_exact_parent_checkpoint_is_fetched_once_and_deeply_validated) ... ok
2026-09-14T00:41:02.4297136Z test_no_provider_credentials_or_provider_entrypoint_exists (test_sealed_historical_source_workflow_v12.SealedHistoricalSourceWorkflowV12Tests.test_no_provider_credentials_or_provider_entrypoint_exists) ... ok
2026-09-14T00:41:02.4300465Z test_push_runs_validation_only_and_manual_freeze_is_attempt_one (test_sealed_historical_source_workflow_v12.SealedHistoricalSourceWorkflowV12Tests.test_push_runs_validation_only_and_manual_freeze_is_attempt_one) ... ok
2026-09-14T00:41:02.4303378Z test_same_step_environment_comparison_uses_explicit_venv_python (test_sealed_historical_source_workflow_v12.SealedHistoricalSourceWorkflowV12Tests.test_same_step_environment_comparison_uses_explicit_venv_python) ... ok
2026-09-14T00:41:02.4306262Z test_scanner_freeze_precedes_identity_compatible_final_replay (test_sealed_historical_source_workflow_v12.SealedHistoricalSourceWorkflowV12Tests.test_scanner_freeze_precedes_identity_compatible_final_replay) ... ok
2026-09-14T00:41:02.4476461Z test_action_revisions_are_pinned (test_sealed_historical_source_workflow_v13.SealedHistoricalSourceWorkflowV13Tests.test_action_revisions_are_pinned) ... ok
2026-09-14T00:41:02.4479025Z test_early_preflight_and_intermediate_are_durable_gates (test_sealed_historical_source_workflow_v13.SealedHistoricalSourceWorkflowV13Tests.test_early_preflight_and_intermediate_are_durable_gates) ... ok
2026-09-14T00:41:02.4481811Z test_exact_parent_checkpoint_is_fetched_once_and_deeply_validated (test_sealed_historical_source_workflow_v13.SealedHistoricalSourceWorkflowV13Tests.test_exact_parent_checkpoint_is_fetched_once_and_deeply_validated) ... ok
2026-09-14T00:41:02.4484668Z test_no_provider_credentials_or_provider_entrypoint_exists (test_sealed_historical_source_workflow_v13.SealedHistoricalSourceWorkflowV13Tests.test_no_provider_credentials_or_provider_entrypoint_exists) ... ok
2026-09-14T00:41:02.4649874Z test_prelaunch_e2e_is_push_only_provider_free_and_never_final (test_sealed_historical_source_workflow_v13.SealedHistoricalSourceWorkflowV13Tests.test_prelaunch_e2e_is_push_only_provider_free_and_never_final) ... ok
2026-09-14T00:41:02.4652586Z test_push_runs_validation_only_and_manual_freeze_is_attempt_one (test_sealed_historical_source_workflow_v13.SealedHistoricalSourceWorkflowV13Tests.test_push_runs_validation_only_and_manual_freeze_is_attempt_one) ... ok
2026-09-14T00:41:02.4655393Z test_same_step_environment_comparison_uses_explicit_venv_python (test_sealed_historical_source_workflow_v13.SealedHistoricalSourceWorkflowV13Tests.test_same_step_environment_comparison_uses_explicit_venv_python) ... ok
2026-09-14T00:41:02.4658131Z test_scanner_freeze_precedes_identity_compatible_final_replay (test_sealed_historical_source_workflow_v13.SealedHistoricalSourceWorkflowV13Tests.test_scanner_freeze_precedes_identity_compatible_final_replay) ... ok
2026-09-14T00:41:02.4661000Z test_scientific_commands_have_network_process_guard (test_sealed_historical_source_workflow_v13.SealedHistoricalSourceWorkflowV13Tests.test_scientific_commands_have_network_process_guard) ... ok
2026-09-14T00:41:02.4662481Z test_corpus_manifest_commits_to_all_records_without_leaking_values (test_sealed_historical_walk_forward.SealedHistoricalWalkForwardTests.test_corpus_manifest_commits_to_all_records_without_leaking_values) ... ok
2026-09-14T00:41:02.4678075Z test_corpus_or_exclusion_tamper_breaks_parent_binding (test_sealed_historical_walk_forward.SealedHistoricalWalkForwardTests.test_corpus_or_exclusion_tamper_breaks_parent_binding) ... ok
2026-09-14T00:41:02.4682229Z test_known_seed_and_diagnostic_dates_are_excluded (test_sealed_historical_walk_forward.SealedHistoricalWalkForwardTests.test_known_seed_and_diagnostic_dates_are_excluded) ... ok
2026-09-14T00:41:02.4697931Z test_prior_date_scan_is_broad_and_content_bound (test_sealed_historical_walk_forward.SealedHistoricalWalkForwardTests.test_prior_date_scan_is_broad_and_content_bound) ... ok
2026-09-14T00:41:02.4700818Z test_prospective_panel_is_terminally_closed_without_false_zeroes (test_sealed_historical_walk_forward.SealedHistoricalWalkForwardTests.test_prospective_panel_is_terminally_closed_without_false_zeroes) ... ok
2026-09-14T00:41:02.4776944Z test_raw_transcript_files_are_not_committed (test_sealed_historical_walk_forward.SealedHistoricalWalkForwardTests.test_raw_transcript_files_are_not_committed) ... ok
2026-09-14T00:41:02.4795275Z test_registered_bundle_is_valid_and_parent_bound (test_sealed_historical_walk_forward.SealedHistoricalWalkForwardTests.test_registered_bundle_is_valid_and_parent_bound) ... ok
2026-09-14T00:41:02.4798726Z test_registration_audit_binds_exact_files_and_zero_authority (test_sealed_historical_walk_forward.SealedHistoricalWalkForwardTests.test_registration_audit_binds_exact_files_and_zero_authority) ... ok
2026-09-14T00:41:02.4819146Z test_rehashed_date_substitution_still_fails (test_sealed_historical_walk_forward.SealedHistoricalWalkForwardTests.test_rehashed_date_substitution_still_fails) ... ok
2026-09-14T00:41:02.4830022Z test_rehashed_retrospective_key_still_fails (test_sealed_historical_walk_forward.SealedHistoricalWalkForwardTests.test_rehashed_retrospective_key_still_fails) ... ok
2026-09-14T00:41:02.4832330Z test_remote_validation_audit_is_exact_and_provider_free (test_sealed_historical_walk_forward.SealedHistoricalWalkForwardTests.test_remote_validation_audit_is_exact_and_provider_free) ... ok
2026-09-14T00:41:02.4834270Z test_runtime_registers_all_360_cells_without_best_cell_selection (test_sealed_historical_walk_forward.SealedHistoricalWalkForwardTests.test_runtime_registers_all_360_cells_without_best_cell_selection) ... ok
2026-09-14T00:41:02.4841950Z test_selection_is_exactly_30_full_unseen_sessions (test_sealed_historical_walk_forward.SealedHistoricalWalkForwardTests.test_selection_is_exactly_30_full_unseen_sessions) ... ok
2026-09-14T00:41:02.4853541Z test_selection_is_recomputed_from_only_frozen_inputs (test_sealed_historical_walk_forward.SealedHistoricalWalkForwardTests.test_selection_is_recomputed_from_only_frozen_inputs) ... ok
2026-09-14T00:41:02.4860379Z test_structural_manifest_builder_never_emits_record_values (test_sealed_historical_walk_forward.SealedHistoricalWalkForwardTests.test_structural_manifest_builder_never_emits_record_values) ... ok
2026-09-14T00:41:02.5593281Z test_validation_cli_is_provider_free (test_sealed_historical_walk_forward.SealedHistoricalWalkForwardTests.test_validation_cli_is_provider_free) ... ok
2026-09-14T00:41:02.5600274Z test_write_once_refuses_overwrite (test_sealed_historical_walk_forward.SealedHistoricalWalkForwardTests.test_write_once_refuses_overwrite) ... ok
2026-09-14T00:41:02.5613320Z test_resolves_ticker_and_parses_facts_without_extracting_zip (test_sec_bulk.SecBulkTests.test_resolves_ticker_and_parses_facts_without_extracting_zip) ... ok
2026-09-14T00:41:02.5621077Z test_unknown_ticker_returns_none (test_sec_bulk.SecBulkTests.test_unknown_ticker_returns_none) ... ok
2026-09-14T00:41:02.5622723Z test_acceptance_time_controls_information_availability (test_sec_edgar.SecEdgarFloatTests.test_acceptance_time_controls_information_availability) ... ok
2026-09-14T00:41:02.5633025Z test_client_fails_before_network_without_declared_identity (test_sec_edgar.SecEdgarFloatTests.test_client_fails_before_network_without_declared_identity) ... ok
2026-09-14T00:41:02.5641245Z test_client_reads_declared_identity_from_environment (test_sec_edgar.SecEdgarFloatTests.test_client_reads_declared_identity_from_environment) ... ok
2026-09-14T00:41:02.5643100Z test_client_requires_declared_contact_email (test_sec_edgar.SecEdgarFloatTests.test_client_requires_declared_contact_email) ... ok
2026-09-14T00:41:02.5644887Z test_duplicate_companyfacts_rows_are_deduplicated (test_sec_edgar.SecEdgarFloatTests.test_duplicate_companyfacts_rows_are_deduplicated) ... ok
2026-09-14T00:41:02.5646887Z test_public_float_is_converted_from_dollars_to_implied_shares (test_sec_edgar.SecEdgarFloatTests.test_public_float_is_converted_from_dollars_to_implied_shares) ... ok
2026-09-14T00:41:02.5649327Z test_roll_forward_does_not_reduce_float_on_buyback_without_new_annual_float (test_sec_edgar.SecEdgarFloatTests.test_roll_forward_does_not_reduce_float_on_buyback_without_new_annual_float) ... ok
2026-09-14T00:41:02.5651541Z test_roll_forward_raises_float_after_net_share_issuance (test_sec_edgar.SecEdgarFloatTests.test_roll_forward_raises_float_after_net_share_issuance) ... ok
2026-09-14T00:41:02.5654052Z test_missing_public_float_can_pass_only_from_outstanding_upper_bound (test_sec_float_join.SecFloatJoinTests.test_missing_public_float_can_pass_only_from_outstanding_upper_bound) ... ok
2026-09-14T00:41:02.5656057Z test_outstanding_above_limit_without_public_float_remains_unknown (test_sec_float_join.SecFloatJoinTests.test_outstanding_above_limit_without_public_float_remains_unknown) ... ok
2026-09-14T00:41:02.5658017Z test_reverse_split_share_basis_normalization (test_sec_float_join.SecFloatJoinTests.test_reverse_split_share_basis_normalization) ... ok
2026-09-14T00:41:02.5809275Z test_future_outcome_columns_cannot_change_selection (test_select_micro_activity_cohort.MicroActivityCohortSelectionTests.test_future_outcome_columns_cannot_change_selection) ... ok
2026-09-14T00:41:02.5883299Z test_rejects_bar_start_masquerading_as_decision_time (test_select_micro_activity_cohort.MicroActivityCohortSelectionTests.test_rejects_bar_start_masquerading_as_decision_time) ... ok
2026-09-14T00:41:02.5954828Z test_selects_earliest_qualification_with_symbol_tie_break (test_select_micro_activity_cohort.MicroActivityCohortSelectionTests.test_selects_earliest_qualification_with_symbol_tie_break) ... ok
2026-09-14T00:41:02.5994329Z test_break_below_vwap_or_ema_rejected (test_setup.SetupTests.test_break_below_vwap_or_ema_rejected) ... ok
2026-09-14T00:41:02.6031173Z test_deep_retrace_rejected (test_setup.SetupTests.test_deep_retrace_rejected) ... ok
2026-09-14T00:41:02.6180046Z test_future_bar_does_not_change_existing_plan (test_setup.SetupTests.test_future_bar_does_not_change_existing_plan) ... ok
2026-09-14T00:41:02.6252800Z test_heavy_pullback_volume_rejected (test_setup.SetupTests.test_heavy_pullback_volume_rejected) ... ok
2026-09-14T00:41:02.6367356Z test_prior_bars_warm_indicators_without_entering_session_vwap_geometry (test_setup.SetupTests.test_prior_bars_warm_indicators_without_entering_session_vwap_geometry) ... ok
2026-09-14T00:41:02.6438942Z test_valid_pullback_builds_next_bar_plan (test_setup.SetupTests.test_valid_pullback_builds_next_bar_plan) ... ok
2026-09-14T00:41:02.6466766Z test_conditional_asset_master_universe_is_rejected_by_default (test_snapshot.SnapshotTests.test_conditional_asset_master_universe_is_rejected_by_default) ... ok
2026-09-14T00:41:02.6541310Z test_conditional_asset_master_universe_requires_explicit_opt_in (test_snapshot.SnapshotTests.test_conditional_asset_master_universe_requires_explicit_opt_in) ... ok
2026-09-14T00:41:02.6568130Z test_conditional_universe_asset_master_tampering_fails_closed (test_snapshot.SnapshotTests.test_conditional_universe_asset_master_tampering_fails_closed) ... ok
2026-09-14T00:41:02.6592446Z test_conditional_universe_must_prohibit_policy_promotion (test_snapshot.SnapshotTests.test_conditional_universe_must_prohibit_policy_promotion) ... ok
2026-09-14T00:41:02.6613365Z test_contradictory_universe_claim_fails_closed (test_snapshot.SnapshotTests.test_contradictory_universe_claim_fails_closed) ... ok
2026-09-14T00:41:02.6644890Z test_float_without_asof_fails_closed (test_snapshot.SnapshotTests.test_float_without_asof_fails_closed) ... ok
2026-09-14T00:41:02.6713942Z test_indicator_warmup_is_optional_and_loaded_separately (test_snapshot.SnapshotTests.test_indicator_warmup_is_optional_and_loaded_separately) ... ok
2026-09-14T00:41:02.6715878Z test_missing_structure_fails_closed (test_snapshot.SnapshotTests.test_missing_structure_fails_closed) ... ok
2026-09-14T00:41:02.6802006Z test_point_in_time_float_and_news_are_loaded (test_snapshot.SnapshotTests.test_point_in_time_float_and_news_are_loaded) ... ok
2026-09-14T00:41:02.6823129Z test_snapshot_requires_explicit_complete_universe (test_snapshot.SnapshotTests.test_snapshot_requires_explicit_complete_universe) ... ok
2026-09-14T00:41:02.6897510Z test_matrix_is_hash_bound_and_covers_every_promoted_rule_once (test_strategy_coverage.StrategyCoverageTests.test_matrix_is_hash_bound_and_covers_every_promoted_rule_once) ... ok
2026-09-14T00:41:02.6916962Z test_missing_implementation_artifact_fails_closed (test_strategy_coverage.StrategyCoverageTests.test_missing_implementation_artifact_fails_closed) ... ok
2026-09-14T00:41:02.6921075Z test_permanent_audit_binds_coverage_deliverables (test_strategy_coverage.StrategyCoverageTests.test_permanent_audit_binds_coverage_deliverables) ... ok
2026-09-14T00:41:02.6985252Z test_unknown_rule_and_overclaim_fail_closed (test_strategy_coverage.StrategyCoverageTests.test_unknown_rule_and_overclaim_fail_closed) ... ok
2026-09-14T00:41:02.7131215Z test_audit_binds_delta_and_supporting_files (test_strategy_coverage_v02.StrategyCoverageV02Tests.test_audit_binds_delta_and_supporting_files) ... ok
2026-09-14T00:41:02.7134302Z test_delta_is_hash_bound_and_runtime_inert (test_strategy_coverage_v02.StrategyCoverageV02Tests.test_delta_is_hash_bound_and_runtime_inert) ... ok
2026-09-14T00:41:02.7137663Z test_engineering_progress_is_partial_and_research_only (test_strategy_coverage_v02.StrategyCoverageV02Tests.test_engineering_progress_is_partial_and_research_only) ... ok
2026-09-14T00:41:02.7141428Z test_only_registered_domains_change_from_frozen_parent (test_strategy_coverage_v02.StrategyCoverageV02Tests.test_only_registered_domains_change_from_frozen_parent) ... ok
2026-09-14T00:41:02.7143634Z test_resolved_summary_recomputes_without_overclaim (test_strategy_coverage_v02.StrategyCoverageV02Tests.test_resolved_summary_recomputes_without_overclaim) ... ok
2026-09-14T00:41:02.7145294Z test_unregistered_domain_or_authority_overclaim_fails_closed (test_strategy_coverage_v02.StrategyCoverageV02Tests.test_unregistered_domain_or_authority_overclaim_fails_closed) ... ok
2026-09-14T00:41:02.7177082Z test_panel_separates_zero_activity_from_unavailable_data (test_summarize_discretion_heldout_micro_runtime.SummarizeDiscretionHeldoutMicroRuntimeTests.test_panel_separates_zero_activity_from_unavailable_data) ... ok
2026-09-14T00:41:02.7201805Z test_tampered_frozen_input_fails_closed (test_summarize_discretion_heldout_micro_runtime.SummarizeDiscretionHeldoutMicroRuntimeTests.test_tampered_frozen_input_fails_closed) ... ok
2026-09-14T00:41:02.7213930Z test_aggregates_predeclared_paired_activity_deltas (test_summarize_micro_activity_cohort.MicroActivityCohortSummaryTests.test_aggregates_predeclared_paired_activity_deltas) ... ok
2026-09-14T00:41:02.7225978Z test_rejects_mixed_selection_provenance (test_summarize_micro_activity_cohort.MicroActivityCohortSummaryTests.test_rejects_mixed_selection_provenance) ... ok
2026-09-14T00:41:02.7241923Z test_builds_boundary_control_without_inventing_scored_dimensions (test_summarize_micro_control_cells.MicroControlSummaryTests.test_builds_boundary_control_without_inventing_scored_dimensions) ... ok
2026-09-14T00:41:02.7257129Z test_rejects_mixed_control_identity (test_summarize_micro_control_cells.MicroControlSummaryTests.test_rejects_mixed_control_identity) ... ok
2026-09-14T00:41:02.7270644Z test_adapter_requires_frozen_artifact_hash_and_has_no_authority (test_theme_regime_context.ThemeRegimeContextTests.test_adapter_requires_frozen_artifact_hash_and_has_no_authority) ... ok
2026-09-14T00:41:02.7279148Z test_builder_measures_same_minute_news_and_leadership_without_label (test_theme_regime_context.ThemeRegimeContextTests.test_builder_measures_same_minute_news_and_leadership_without_label) ... ok
2026-09-14T00:41:02.7281629Z test_completed_session_summary_is_hash_bound_and_accounted (test_theme_regime_context.ThemeRegimeContextTests.test_completed_session_summary_is_hash_bound_and_accounted) ... ok
2026-09-14T00:41:02.7284199Z test_contract_freezes_observations_but_no_semantic_threshold (test_theme_regime_context.ThemeRegimeContextTests.test_contract_freezes_observations_but_no_semantic_threshold) ... ok
2026-09-14T00:41:02.7292227Z test_cross_candidate_story_is_association_not_theme_classification (test_theme_regime_context.ThemeRegimeContextTests.test_cross_candidate_story_is_association_not_theme_classification) ... ok
2026-09-14T00:41:02.7299865Z test_future_scanner_rows_and_headlines_cannot_enter_decision_packet (test_theme_regime_context.ThemeRegimeContextTests.test_future_scanner_rows_and_headlines_cannot_enter_decision_packet) ... ok
2026-09-14T00:41:02.7304200Z test_prior_summary_must_strictly_precede_current_session (test_theme_regime_context.ThemeRegimeContextTests.test_prior_summary_must_strictly_precede_current_session) ... ok
2026-09-14T00:41:02.7306659Z test_registration_audit_binds_contract_without_promotion (test_theme_regime_context.ThemeRegimeContextTests.test_registration_audit_binds_contract_without_promotion) ... ok
2026-09-14T00:41:02.7322473Z test_tamper_fails_hash_and_deterministic_reconstruction (test_theme_regime_context.ThemeRegimeContextTests.test_tamper_fails_hash_and_deterministic_reconstruction) ... ok
2026-09-14T00:41:02.7389888Z test_frozen_result_is_complete_and_non_promotable (test_trade_management_sensitivity.TradeManagementSensitivityContractTests.test_frozen_result_is_complete_and_non_promotable) ... ok
2026-09-14T00:41:02.7393940Z test_registration_and_evidence_are_hash_bound (test_trade_management_sensitivity.TradeManagementSensitivityContractTests.test_registration_and_evidence_are_hash_bound) ... ok
2026-09-14T00:41:02.7398077Z test_result_driven_cell_or_status_change_fails_closed (test_trade_management_sensitivity.TradeManagementSensitivityContractTests.test_result_driven_cell_or_status_change_fails_closed) ... ok
2026-09-14T00:41:02.7454156Z test_completed_red_signal_has_priority_over_target_on_same_print (test_trade_management_shadow.TradeManagementShadowTests.test_completed_red_signal_has_priority_over_target_on_same_print) ... ok
2026-09-14T00:41:02.7490157Z test_frozen_fill_must_be_present_in_execution_path (test_trade_management_shadow.TradeManagementShadowTests.test_frozen_fill_must_be_present_in_execution_path) ... ok
2026-09-14T00:41:02.7537716Z test_half_at_two_r_moves_only_remainder_stop_to_actual_fill (test_trade_management_shadow.TradeManagementShadowTests.test_half_at_two_r_moves_only_remainder_stop_to_actual_fill) ... ok
2026-09-14T00:41:02.7583739Z test_initial_stop_precedes_later_red_signal (test_trade_management_shadow.TradeManagementShadowTests.test_initial_stop_precedes_later_red_signal) ... ok
2026-09-14T00:41:02.7630075Z test_red_candle_is_usable_only_after_bar_completion (test_trade_management_shadow.TradeManagementShadowTests.test_red_candle_is_usable_only_after_bar_completion) ... ok
2026-09-14T00:41:02.7632335Z test_registered_cells_are_exact_and_unknown_cell_fails_closed (test_trade_management_shadow.TradeManagementShadowTests.test_registered_cells_are_exact_and_unknown_cell_fails_closed) ... ok
2026-09-14T00:41:02.7676332Z test_unresolved_runner_is_not_liquidated_at_end_of_data (test_trade_management_shadow.TradeManagementShadowTests.test_unresolved_runner_is_not_liquidated_at_end_of_data) ... ok
2026-09-14T00:41:02.7678197Z 
2026-09-14T00:41:02.7678570Z ----------------------------------------------------------------------
2026-09-14T00:41:02.7679506Z Ran 2846 tests in 429.315s
2026-09-14T00:41:02.7679749Z 
2026-09-14T00:41:02.7679885Z OK (skipped=73)
2026-09-14T00:41:02.7680256Z {
2026-09-14T00:41:02.7680567Z   "accepted_ticker_counts": {
2026-09-14T00:41:02.7680952Z     "2025-04-03": 1,
2026-09-14T00:41:02.7681271Z     "2025-10-01": 1,
2026-09-14T00:41:02.7681595Z     "2026-07-09": 1
2026-09-14T00:41:02.7681895Z   },
2026-09-14T00:41:02.7682268Z   "artifact_id": "identity-resolved-universe-v0.1",
2026-09-14T00:41:02.7682765Z   "dates": [
2026-09-14T00:41:02.7683074Z     "2025-04-03",
2026-09-14T00:41:02.7683378Z     "2025-10-01",
2026-09-14T00:41:02.7683635Z     "2026-07-09"
2026-09-14T00:41:02.7683893Z   ],
2026-09-14T00:41:02.7684160Z   "quarantine_ticker_counts": {
2026-09-14T00:41:02.7684493Z     "2025-04-03": 0,
2026-09-14T00:41:02.7684767Z     "2025-10-01": 0,
2026-09-14T00:41:02.7685042Z     "2026-07-09": 0
2026-09-14T00:41:02.7685308Z   },
2026-09-14T00:41:02.7685573Z   "universe_complete": false
2026-09-14T00:41:02.7685895Z }
2026-09-14T00:41:02.7686135Z {
2026-09-14T00:41:02.7686508Z   "artifact_id": "sealed-historical-source-checkpoint-v0.2",
2026-09-14T00:41:02.7687014Z   "authorization": {
2026-09-14T00:41:02.7687641Z     "authorization_content_sha256": "2f83520b40a7b1699e2b07c8e90fa9d321db5dac86ce7e178ea1c132b23a677d",
2026-09-14T00:41:02.7688730Z     "authorization_id": "sealed-historical-source-acquisition-v0.5"
2026-09-14T00:41:02.7689379Z   },
2026-09-14T00:41:02.7689851Z   "content_sha256": "1a7d97534906d26dda723e2f0f43813b10ae0860648045623b96260ca4727e07",
2026-09-14T00:41:02.7690462Z   "file_count": 706,
2026-09-14T00:41:02.7690762Z   "provider_calls": 0,
2026-09-14T00:41:02.7691088Z   "total_retained_bytes": 30232
2026-09-14T00:41:02.7691414Z }
2026-09-14T00:41:02.7691650Z {
2026-09-14T00:41:02.7692016Z   "artifact_id": "sealed-historical-source-checkpoint-v0.2",
2026-09-14T00:41:02.7692713Z   "content_sha256": "1a7d97534906d26dda723e2f0f43813b10ae0860648045623b96260ca4727e07",
2026-09-14T00:41:02.7693314Z   "provider_calls": 0,
2026-09-14T00:41:02.7693640Z   "validated_existing": true
2026-09-14T00:41:02.7693898Z }
2026-09-14T00:41:02.7694068Z {
2026-09-14T00:41:02.7694334Z   "artifact_id": "sealed-historical-source-checkpoint-v0.3",
2026-09-14T00:41:02.7694685Z   "authorization": {
2026-09-14T00:41:02.7695146Z     "authorization_content_sha256": "0e80cba0f8efce48f857a8e64c6dac742b394b08ae787d1ecda4be33b8722a48",
2026-09-14T00:41:02.7695767Z     "authorization_id": "sealed-historical-source-acquisition-v0.6"
2026-09-14T00:41:02.7696130Z   },
2026-09-14T00:41:02.7696473Z   "content_sha256": "eb2921cf8a5d0b739e6fc323b5e46390ba90665716f215f2de509ab299028783",
2026-09-14T00:41:02.7696919Z   "file_count": 706,
2026-09-14T00:41:02.7697134Z   "provider_calls": 0,
2026-09-14T00:41:02.7697361Z   "total_retained_bytes": 30232
2026-09-14T00:41:02.7697597Z }
2026-09-14T00:41:02.7697765Z {
2026-09-14T00:41:02.7698031Z   "artifact_id": "sealed-historical-source-checkpoint-v0.3",
2026-09-14T00:41:02.7698540Z   "content_sha256": "eb2921cf8a5d0b739e6fc323b5e46390ba90665716f215f2de509ab299028783",
2026-09-14T00:41:02.7699098Z   "provider_calls": 0,
2026-09-14T00:41:02.7699332Z   "validated_existing": true
2026-09-14T00:41:02.7699562Z }
2026-09-14T00:41:02.7699731Z {
2026-09-14T00:41:02.7699994Z   "artifact_id": "sealed-historical-source-checkpoint-v0.3",
2026-09-14T00:41:02.7700348Z   "authorization": {
2026-09-14T00:41:02.7700789Z     "authorization_content_sha256": "9bbedaa836b748b0102f22229448857bc47bbcd5fb776c2ebbc1ea97b431ef82",
2026-09-14T00:41:02.7701399Z     "authorization_id": "sealed-historical-source-acquisition-v0.7"
2026-09-14T00:41:02.7701964Z   },
2026-09-14T00:41:02.7702313Z   "content_sha256": "5ad67710720f91baab42c4c1a4fc715382b9b88677e441fdeae73c401542238b",
2026-09-14T00:41:02.7702753Z   "file_count": 706,
2026-09-14T00:41:02.7702968Z   "provider_calls": 0,
2026-09-14T00:41:02.7703196Z   "total_retained_bytes": 30232
2026-09-14T00:41:02.7703441Z }
2026-09-14T00:41:02.7703610Z {
2026-09-14T00:41:02.7703877Z   "artifact_id": "sealed-historical-source-checkpoint-v0.3",
2026-09-14T00:41:02.7704355Z   "content_sha256": "5ad67710720f91baab42c4c1a4fc715382b9b88677e441fdeae73c401542238b",
2026-09-14T00:41:02.7704781Z   "provider_calls": 0,
2026-09-14T00:41:02.7704998Z   "validated_existing": true
2026-09-14T00:41:02.7705215Z }
2026-09-14T00:41:02.7705371Z {
2026-09-14T00:41:02.7705621Z   "artifact_id": "sealed-historical-source-checkpoint-v0.3",
2026-09-14T00:41:02.7705950Z   "authorization": {
2026-09-14T00:41:02.7706363Z     "authorization_content_sha256": "8b4220f7cb52e155f321e6e1ac16cf3bf2cbaf9c765857ee4a7407e553c741e8",
2026-09-14T00:41:02.7706929Z     "authorization_id": "sealed-historical-source-acquisition-v0.8"
2026-09-14T00:41:02.7707265Z   },
2026-09-14T00:41:02.7707578Z   "content_sha256": "b99cb477631a712a4ec7f33e60c347272237b9b23f97685552fe421ef30b18a4",
2026-09-14T00:41:02.7707981Z   "file_count": 706,
2026-09-14T00:41:02.7708185Z   "provider_calls": 0,
2026-09-14T00:41:02.7708398Z   "total_retained_bytes": 30232
2026-09-14T00:41:02.7708617Z }
2026-09-14T00:41:02.7708901Z {
2026-09-14T00:41:02.7709151Z   "artifact_id": "sealed-historical-source-checkpoint-v0.3",
2026-09-14T00:41:02.7709621Z   "content_sha256": "b99cb477631a712a4ec7f33e60c347272237b9b23f97685552fe421ef30b18a4",
2026-09-14T00:41:02.7710035Z   "provider_calls": 0,
2026-09-14T00:41:02.7710410Z   "validated_existing": true
2026-09-14T00:41:02.7710632Z }
2026-09-14T00:41:02.7710795Z {
2026-09-14T00:41:02.7711055Z   "artifact_id": "sealed-historical-source-checkpoint-v0.3",
2026-09-14T00:41:02.7711386Z   "authorization": {
2026-09-14T00:41:02.7711795Z     "authorization_content_sha256": "485958a1b1671f6ce2c64c1d1c156b25b6f5639be1663dc7f2427f880dd4782f",
2026-09-14T00:41:02.7712351Z     "authorization_id": "sealed-historical-source-acquisition-v0.9"
2026-09-14T00:41:02.7712687Z   },
2026-09-14T00:41:02.7713010Z   "content_sha256": "7af5f485faf96123abea8300f5e4cf9ed8738b11ab39d1404765c99f92d759be",
2026-09-14T00:41:02.7713419Z   "file_count": 706,
2026-09-14T00:41:02.7713624Z   "provider_calls": 0,
2026-09-14T00:41:02.7713843Z   "total_retained_bytes": 30232
2026-09-14T00:41:02.7714065Z }
2026-09-14T00:41:02.7714230Z {
2026-09-14T00:41:02.7714476Z   "artifact_id": "sealed-historical-source-checkpoint-v0.3",
2026-09-14T00:41:02.7714952Z   "content_sha256": "7af5f485faf96123abea8300f5e4cf9ed8738b11ab39d1404765c99f92d759be",
2026-09-14T00:41:02.7715360Z   "provider_calls": 0,
2026-09-14T00:41:02.7715574Z   "validated_existing": true
2026-09-14T00:41:02.7715788Z }
2026-09-14T00:41:02.7715947Z {
2026-09-14T00:41:02.7716195Z   "artifact_id": "sealed-historical-source-checkpoint-v0.3",
2026-09-14T00:41:02.7716528Z   "authorization": {
2026-09-14T00:41:02.7716940Z     "authorization_content_sha256": "0c72bb07242bbd447f05fee41cf271d9ea1b4da23e88c4c10865b1eb5ae7f824",
2026-09-14T00:41:02.7717516Z     "authorization_id": "sealed-historical-source-acquisition-v0.10"
2026-09-14T00:41:02.7717862Z   },
2026-09-14T00:41:02.7718184Z   "content_sha256": "1135e738c0c56ed970f87593b403e85e854c3f11c1e6b06d235f2ccc7b5d63fe",
2026-09-14T00:41:02.7718591Z   "file_count": 706,
2026-09-14T00:41:02.7719054Z   "provider_calls": 0,
2026-09-14T00:41:02.7719297Z   "total_retained_bytes": 30232
2026-09-14T00:41:02.7719525Z }
2026-09-14T00:41:02.7719687Z {
2026-09-14T00:41:02.7719947Z   "artifact_id": "sealed-historical-source-checkpoint-v0.3",
2026-09-14T00:41:02.7720432Z   "content_sha256": "1135e738c0c56ed970f87593b403e85e854c3f11c1e6b06d235f2ccc7b5d63fe",
2026-09-14T00:41:02.7720861Z   "provider_calls": 0,
2026-09-14T00:41:02.7721083Z   "validated_existing": true
2026-09-14T00:41:02.7721476Z }
2026-09-14T00:41:02.7721637Z {
2026-09-14T00:41:02.7721910Z   "acquisition_profile_union_id": "historical-profile-union-v0.1",
2026-09-14T00:41:02.7722333Z   "all_source_inputs_frozen_before_scanner_validation": true,
2026-09-14T00:41:02.7722712Z   "artifact_id": "causal-scanner-source-inputs-v0.2",
2026-09-14T00:41:02.7723165Z   "content_sha256": "af8289933a007b21f355b378ca1599490d28b4df4ec8d95f5743bf290b43ef9b",
2026-09-14T00:41:02.7723561Z   "dates": [
2026-09-14T00:41:02.7723742Z     "2025-04-03"
2026-09-14T00:41:02.7723929Z   ],
2026-09-14T00:41:02.7724123Z   "phase": "acquire-source-inputs"
2026-09-14T00:41:02.7724359Z }
2026-09-14T00:41:02.7724517Z {
2026-09-14T00:41:02.7724786Z   "acquisition_profile_union_id": "historical-profile-union-v0.1",
2026-09-14T00:41:02.7725177Z   "artifact_id": "causal-scanner-snapshot-v0.3",
2026-09-14T00:41:02.7725497Z   "candidate_minute_disposition_counts": {
2026-09-14T00:41:02.7725763Z     "2025-04-03": 1
2026-09-14T00:41:02.7725949Z   },
2026-09-14T00:41:02.7726127Z   "dates": [
2026-09-14T00:41:02.7726308Z     "2025-04-03"
2026-09-14T00:41:02.7726497Z   ],
2026-09-14T00:41:02.7726688Z   "phase": "freeze-snapshots",
2026-09-14T00:41:02.7726948Z   "policy_promotion_eligible": false,
2026-09-14T00:41:02.7727223Z   "provider_free_replay_exact": true,
2026-09-14T00:41:02.7727570Z   "source_input_artifact_id": "causal-scanner-source-inputs-v0.2"
2026-09-14T00:41:02.7727909Z }
2026-09-14T00:41:02.9642798Z ##[group]Run python -m compileall -q src tests
2026-09-14T00:41:02.9643206Z [36;1mpython -m compileall -q src tests[0m
2026-09-14T00:41:02.9680281Z shell: /usr/bin/bash -e {0}
2026-09-14T00:41:02.9680540Z env:
2026-09-14T00:41:02.9680822Z   pythonLocation: /opt/hostedtoolcache/Python/3.12.14/x64
2026-09-14T00:41:02.9681310Z   PKG_CONFIG_PATH: /opt/hostedtoolcache/Python/3.12.14/x64/lib/pkgconfig
2026-09-14T00:41:02.9681781Z   Python_ROOT_DIR: /opt/hostedtoolcache/Python/3.12.14/x64
2026-09-14T00:41:02.9682209Z   Python2_ROOT_DIR: /opt/hostedtoolcache/Python/3.12.14/x64
2026-09-14T00:41:02.9682643Z   Python3_ROOT_DIR: /opt/hostedtoolcache/Python/3.12.14/x64
2026-09-14T00:41:02.9683068Z   LD_LIBRARY_PATH: /opt/hostedtoolcache/Python/3.12.14/x64/lib
2026-09-14T00:41:02.9683426Z ##[endgroup]
2026-09-14T00:41:03.0432612Z Node 20 is being deprecated. This workflow is running with Node 24 by default. If you need to temporarily use Node 20, you can set the ACTIONS_ALLOW_USE_UNSECURE_NODE_VERSION=true environment variable. For more information see: https://github.blog/changelog/2025-09-19-deprecation-of-node-20-on-github-actions-runners/
2026-09-14T00:41:03.0433940Z Post job cleanup.
2026-09-14T00:41:03.1705949Z (node:2806) [DEP0040] DeprecationWarning: The `punycode` module is deprecated. Please use a userland alternative instead.
2026-09-14T00:41:03.1707100Z (Use `node --trace-deprecation ...` to show where the warning was created)
2026-09-14T00:41:03.1965184Z Node 20 is being deprecated. This workflow is running with Node 24 by default. If you need to temporarily use Node 20, you can set the ACTIONS_ALLOW_USE_UNSECURE_NODE_VERSION=true environment variable. For more information see: https://github.blog/changelog/2025-09-19-deprecation-of-node-20-on-github-actions-runners/
2026-09-14T00:41:03.1968597Z Post job cleanup.
2026-09-14T00:41:03.2870143Z [command]/usr/bin/git version
2026-09-14T00:41:03.2915019Z git version 2.55.0
2026-09-14T00:41:03.2955001Z Temporarily overriding HOME='/home/runner/work/_temp/78f2f515-9080-49a7-a7d1-77ebead0d3b5' before making global git config changes
2026-09-14T00:41:03.2956294Z Adding repository directory to the temporary git global config as a safe directory
2026-09-14T00:41:03.2960977Z [command]/usr/bin/git config --global --add safe.directory /home/runner/work/momentumbot/momentumbot
2026-09-14T00:41:03.3004691Z [command]/usr/bin/git config --local --name-only --get-regexp core\.sshCommand
2026-09-14T00:41:03.3043444Z [command]/usr/bin/git submodule foreach --recursive sh -c "git config --local --name-only --get-regexp 'core\.sshCommand' && git config --local --unset-all 'core.sshCommand' || :"
2026-09-14T00:41:03.3307416Z [command]/usr/bin/git config --local --name-only --get-regexp http\.https\:\/\/github\.com\/\.extraheader
2026-09-14T00:41:03.3336734Z http.https://github.com/.extraheader
2026-09-14T00:41:03.3349191Z [command]/usr/bin/git config --local --unset-all http.https://github.com/.extraheader
2026-09-14T00:41:03.3384443Z [command]/usr/bin/git submodule foreach --recursive sh -c "git config --local --name-only --get-regexp 'http\.https\:\/\/github\.com\/\.extraheader' && git config --local --unset-all 'http.https://github.com/.extraheader' || :"
2026-09-14T00:41:03.3691741Z [command]/usr/bin/git config --local --name-only --get-regexp ^includeIf\.gitdir:
2026-09-14T00:41:03.3732729Z [command]/usr/bin/git submodule foreach --recursive git config --local --show-origin --name-only --get-regexp remote.origin.url
2026-09-14T00:41:03.4142904Z Cleaning up orphan processes
2026-09-14T00:41:03.4518050Z ##[warning]Node.js 20 is deprecated. The following actions target Node.js 20 but are being forced to run on Node.js 24: actions/checkout@v4, actions/setup-python@v5. For more information see: https://github.blog/changelog/2025-09-19-deprecation-of-node-20-on-github-actions-runners/
