2026-09-12T19:44:16.0404719Z Current runner version: '2.337.0'
2026-09-12T19:44:16.0431557Z ##[group]Runner Image Provisioner
2026-09-12T19:44:16.0432602Z Hosted Compute Agent
2026-09-12T19:44:16.0433251Z Version: 20260828.587
2026-09-12T19:44:16.0433997Z Commit: abac92662cab4cc7352de4f9f9d2e2419aad9c29
2026-09-12T19:44:16.0434850Z Build Date: 2026-08-28T16:44:25Z
2026-09-12T19:44:16.0435776Z Worker ID: {27c2a56b-1a5d-424b-8d95-e043583ef991}
2026-09-12T19:44:16.0436657Z Azure Region: westus
2026-09-12T19:44:16.0437254Z ##[endgroup]
2026-09-12T19:44:16.0439057Z ##[group]Operating System
2026-09-12T19:44:16.0439893Z Ubuntu
2026-09-12T19:44:16.0440485Z 24.04.5
2026-09-12T19:44:16.0441112Z LTS
2026-09-12T19:44:16.0441648Z ##[endgroup]
2026-09-12T19:44:16.0442201Z ##[group]Runner Image
2026-09-12T19:44:16.0442905Z Image: ubuntu-24.04
2026-09-12T19:44:16.0443530Z Version: 20260907.300.1
2026-09-12T19:44:16.0444893Z Included Software: https://github.com/actions/runner-images/blob/ubuntu24/20260907.300/images/ubuntu/Ubuntu2404-Readme.md
2026-09-12T19:44:16.0446759Z Image Release: https://github.com/actions/runner-images/releases/tag/ubuntu24%2F20260907.300
2026-09-12T19:44:16.0447888Z ##[endgroup]
2026-09-12T19:44:16.0449101Z ##[group]GITHUB_TOKEN Permissions
2026-09-12T19:44:16.0451521Z Contents: read
2026-09-12T19:44:16.0452215Z Metadata: read
2026-09-12T19:44:16.0453326Z Packages: read
2026-09-12T19:44:16.0453982Z ##[endgroup]
2026-09-12T19:44:16.0456537Z Secret source: Actions
2026-09-12T19:44:16.0457605Z Cache mode: write
2026-09-12T19:44:16.0458327Z Prepare workflow directory
2026-09-12T19:44:16.0830014Z Prepare all required actions
2026-09-12T19:44:16.0881957Z Getting action download info
2026-09-12T19:44:16.4464938Z Download action repository 'actions/checkout@v4' (SHA:11d5960a326750d5838078e36cf38b85af677262)
2026-09-12T19:44:16.5650099Z Download action repository 'actions/setup-python@v5' (SHA:a26af69be951a213d495a4c3e4e4022e16d87065)
2026-09-12T19:44:16.7493134Z Complete job name: test
2026-09-12T19:44:16.8272389Z Node 20 is being deprecated. This workflow is running with Node 24 by default. If you need to temporarily use Node 20, you can set the ACTIONS_ALLOW_USE_UNSECURE_NODE_VERSION=true environment variable. For more information see: https://github.blog/changelog/2025-09-19-deprecation-of-node-20-on-github-actions-runners/
2026-09-12T19:44:16.8281006Z ##[group]Run actions/checkout@v4
2026-09-12T19:44:16.8282149Z with:
2026-09-12T19:44:16.8282643Z   repository: RoomyRems/momentumbot
2026-09-12T19:44:16.8286921Z   token: ***
2026-09-12T19:44:16.8287384Z   ssh-strict: true
2026-09-12T19:44:16.8287848Z   ssh-user: git
2026-09-12T19:44:16.8288312Z   persist-credentials: true
2026-09-12T19:44:16.8288817Z   clean: true
2026-09-12T19:44:16.8289274Z   sparse-checkout-cone-mode: true
2026-09-12T19:44:16.8289803Z   fetch-depth: 1
2026-09-12T19:44:16.8290247Z   fetch-tags: false
2026-09-12T19:44:16.8290698Z   show-progress: true
2026-09-12T19:44:16.8291155Z   lfs: false
2026-09-12T19:44:16.8291631Z   submodules: false
2026-09-12T19:44:16.8292090Z   set-safe-directory: true
2026-09-12T19:44:16.8292628Z   allow-unsafe-pr-checkout: false
2026-09-12T19:44:16.8293493Z ##[endgroup]
2026-09-12T19:44:16.9342524Z Syncing repository: RoomyRems/momentumbot
2026-09-12T19:44:16.9344690Z ##[group]Getting Git version info
2026-09-12T19:44:16.9345809Z Working directory is '/home/runner/work/momentumbot/momentumbot'
2026-09-12T19:44:16.9346922Z [command]/usr/bin/git version
2026-09-12T19:44:16.9433741Z git version 2.55.0
2026-09-12T19:44:16.9460684Z ##[endgroup]
2026-09-12T19:44:16.9477031Z Temporarily overriding HOME='/home/runner/work/_temp/b7aac7ff-b1a2-4b28-b45c-38e83bd44e7b' before making global git config changes
2026-09-12T19:44:16.9479342Z Adding repository directory to the temporary git global config as a safe directory
2026-09-12T19:44:16.9483793Z [command]/usr/bin/git config --global --add safe.directory /home/runner/work/momentumbot/momentumbot
2026-09-12T19:44:16.9559383Z Deleting the contents of '/home/runner/work/momentumbot/momentumbot'
2026-09-12T19:44:16.9564612Z ##[group]Initializing the repository
2026-09-12T19:44:16.9571609Z [command]/usr/bin/git init /home/runner/work/momentumbot/momentumbot
2026-09-12T19:44:16.9716314Z hint: Using 'master' as the name for the initial branch. This default branch name
2026-09-12T19:44:16.9718555Z hint: will change to "main" in Git 3.0. To configure the initial branch name
2026-09-12T19:44:16.9720490Z hint: to use in all of your new repositories, which will suppress this warning,
2026-09-12T19:44:16.9721829Z hint: call:
2026-09-12T19:44:16.9722595Z hint:
2026-09-12T19:44:16.9723565Z hint: 	git config --global init.defaultBranch <name>
2026-09-12T19:44:16.9724871Z hint:
2026-09-12T19:44:16.9726193Z hint: Names commonly chosen instead of 'master' are 'main', 'trunk' and
2026-09-12T19:44:16.9727909Z hint: 'development'. The just-created branch can be renamed via this command:
2026-09-12T19:44:16.9729404Z hint:
2026-09-12T19:44:16.9730456Z hint: 	git branch -m <name>
2026-09-12T19:44:16.9731635Z hint:
2026-09-12T19:44:16.9732925Z hint: Disable this message with "git config set advice.defaultBranchName false"
2026-09-12T19:44:16.9735048Z Initialized empty Git repository in /home/runner/work/momentumbot/momentumbot/.git/
2026-09-12T19:44:16.9737622Z [command]/usr/bin/git remote add origin https://github.com/RoomyRems/momentumbot
2026-09-12T19:44:16.9809412Z ##[endgroup]
2026-09-12T19:44:16.9810666Z ##[group]Disabling automatic garbage collection
2026-09-12T19:44:16.9811814Z [command]/usr/bin/git config --local gc.auto 0
2026-09-12T19:44:16.9837956Z ##[endgroup]
2026-09-12T19:44:16.9839199Z ##[group]Setting up auth
2026-09-12T19:44:16.9846487Z [command]/usr/bin/git config --local --name-only --get-regexp core\.sshCommand
2026-09-12T19:44:16.9888902Z [command]/usr/bin/git submodule foreach --recursive sh -c "git config --local --name-only --get-regexp 'core\.sshCommand' && git config --local --unset-all 'core.sshCommand' || :"
2026-09-12T19:44:17.0346737Z [command]/usr/bin/git config --local --name-only --get-regexp http\.https\:\/\/github\.com\/\.extraheader
2026-09-12T19:44:17.0387896Z [command]/usr/bin/git submodule foreach --recursive sh -c "git config --local --name-only --get-regexp 'http\.https\:\/\/github\.com\/\.extraheader' && git config --local --unset-all 'http.https://github.com/.extraheader' || :"
2026-09-12T19:44:17.0627468Z [command]/usr/bin/git config --local --name-only --get-regexp ^includeIf\.gitdir:
2026-09-12T19:44:17.0670589Z [command]/usr/bin/git submodule foreach --recursive git config --local --show-origin --name-only --get-regexp remote.origin.url
2026-09-12T19:44:17.0906926Z [command]/usr/bin/git config --local http.https://github.com/.extraheader AUTHORIZATION: basic ***
2026-09-12T19:44:17.0954973Z ##[endgroup]
2026-09-12T19:44:17.0957051Z ##[group]Fetching the repository
2026-09-12T19:44:17.0967451Z [command]/usr/bin/git -c protocol.version=2 fetch --no-tags --prune --no-recurse-submodules --depth=1 origin +7bba0854cbfbf58dbe79ce3f0fd8b6f3ac02ee17:refs/remotes/origin/phase-3-historical-snapshot
2026-09-12T19:44:18.0428777Z From https://github.com/RoomyRems/momentumbot
2026-09-12T19:44:18.0430364Z  * [new ref]         7bba0854cbfbf58dbe79ce3f0fd8b6f3ac02ee17 -> origin/phase-3-historical-snapshot
2026-09-12T19:44:18.0435996Z ##[endgroup]
2026-09-12T19:44:18.0437751Z ##[group]Determining the checkout info
2026-09-12T19:44:18.0439674Z ##[endgroup]
2026-09-12T19:44:18.0443321Z [command]/usr/bin/git sparse-checkout disable
2026-09-12T19:44:18.0505618Z [command]/usr/bin/git config --local --unset-all extensions.worktreeConfig
2026-09-12T19:44:18.0542681Z ##[group]Checking out the ref
2026-09-12T19:44:18.0548056Z [command]/usr/bin/git checkout --progress --force -B phase-3-historical-snapshot refs/remotes/origin/phase-3-historical-snapshot
2026-09-12T19:44:18.2538789Z Switched to a new branch 'phase-3-historical-snapshot'
2026-09-12T19:44:18.2548002Z branch 'phase-3-historical-snapshot' set up to track 'origin/phase-3-historical-snapshot'.
2026-09-12T19:44:18.2562091Z ##[endgroup]
2026-09-12T19:44:18.2611129Z [command]/usr/bin/git log -1 --format=%H
2026-09-12T19:44:18.2642198Z 7bba0854cbfbf58dbe79ce3f0fd8b6f3ac02ee17
2026-09-12T19:44:18.3030490Z Node 20 is being deprecated. This workflow is running with Node 24 by default. If you need to temporarily use Node 20, you can set the ACTIONS_ALLOW_USE_UNSECURE_NODE_VERSION=true environment variable. For more information see: https://github.blog/changelog/2025-09-19-deprecation-of-node-20-on-github-actions-runners/
2026-09-12T19:44:18.3035906Z ##[group]Run actions/setup-python@v5
2026-09-12T19:44:18.3037101Z with:
2026-09-12T19:44:18.3038052Z   python-version: 3.12
2026-09-12T19:44:18.3039109Z   check-latest: false
2026-09-12T19:44:18.3048879Z   token: ***
2026-09-12T19:44:18.3049901Z   update-environment: true
2026-09-12T19:44:18.3051037Z   allow-prereleases: false
2026-09-12T19:44:18.3052207Z   freethreaded: false
2026-09-12T19:44:18.3053236Z ##[endgroup]
2026-09-12T19:44:18.4427810Z ##[group]Installed versions
2026-09-12T19:44:18.4529377Z (node:2259) [DEP0040] DeprecationWarning: The `punycode` module is deprecated. Please use a userland alternative instead.
2026-09-12T19:44:18.4533736Z (Use `node --trace-deprecation ...` to show where the warning was created)
2026-09-12T19:44:18.4536532Z Successfully set up CPython (3.12.14)
2026-09-12T19:44:18.4539359Z ##[endgroup]
2026-09-12T19:44:18.4778567Z ##[group]Run python -m pip install -e .
2026-09-12T19:44:18.4780729Z [36;1mpython -m pip install -e .[0m
2026-09-12T19:44:18.4850479Z shell: /usr/bin/bash -e {0}
2026-09-12T19:44:18.4852093Z env:
2026-09-12T19:44:18.4853843Z   pythonLocation: /opt/hostedtoolcache/Python/3.12.14/x64
2026-09-12T19:44:18.4856806Z   PKG_CONFIG_PATH: /opt/hostedtoolcache/Python/3.12.14/x64/lib/pkgconfig
2026-09-12T19:44:18.4858884Z   Python_ROOT_DIR: /opt/hostedtoolcache/Python/3.12.14/x64
2026-09-12T19:44:18.4861079Z   Python2_ROOT_DIR: /opt/hostedtoolcache/Python/3.12.14/x64
2026-09-12T19:44:18.4863565Z   Python3_ROOT_DIR: /opt/hostedtoolcache/Python/3.12.14/x64
2026-09-12T19:44:18.4866381Z   LD_LIBRARY_PATH: /opt/hostedtoolcache/Python/3.12.14/x64/lib
2026-09-12T19:44:18.4868599Z ##[endgroup]
2026-09-12T19:44:19.4667520Z Obtaining file:///home/runner/work/momentumbot/momentumbot
2026-09-12T19:44:19.4683880Z   Installing build dependencies: started
2026-09-12T19:44:20.2277940Z   Installing build dependencies: finished with status 'done'
2026-09-12T19:44:20.2283794Z   Checking if build backend supports build_editable: started
2026-09-12T19:44:20.5747631Z   Checking if build backend supports build_editable: finished with status 'done'
2026-09-12T19:44:20.5776434Z   Getting requirements to build editable: started
2026-09-12T19:44:20.9240848Z   Getting requirements to build editable: finished with status 'done'
2026-09-12T19:44:20.9250530Z   Preparing editable metadata (pyproject.toml): started
2026-09-12T19:44:21.1339777Z   Preparing editable metadata (pyproject.toml): finished with status 'done'
2026-09-12T19:44:21.4066019Z Collecting numpy>=1.26 (from momentumbot==0.2.0)
2026-09-12T19:44:21.4571306Z   Downloading numpy-2.5.3-cp312-cp312-manylinux_2_27_x86_64.manylinux_2_28_x86_64.whl.metadata (6.6 kB)
2026-09-12T19:44:21.5770237Z Collecting pandas>=2.2 (from momentumbot==0.2.0)
2026-09-12T19:44:21.5806817Z   Downloading pandas-3.0.5-cp312-cp312-manylinux_2_24_x86_64.manylinux_2_28_x86_64.whl.metadata (79 kB)
2026-09-12T19:44:21.6560878Z Collecting PyYAML>=6.0 (from momentumbot==0.2.0)
2026-09-12T19:44:21.6597042Z   Downloading pyyaml-6.0.3-cp312-cp312-manylinux2014_x86_64.manylinux_2_17_x86_64.manylinux_2_28_x86_64.whl.metadata (2.4 kB)
2026-09-12T19:44:21.6764311Z Collecting python-dateutil>=2.8.2 (from pandas>=2.2->momentumbot==0.2.0)
2026-09-12T19:44:21.6796436Z   Downloading python_dateutil-2.9.0.post0-py2.py3-none-any.whl.metadata (8.4 kB)
2026-09-12T19:44:21.6934097Z Collecting six>=1.5 (from python-dateutil>=2.8.2->pandas>=2.2->momentumbot==0.2.0)
2026-09-12T19:44:21.6964477Z   Downloading six-1.17.0-py2.py3-none-any.whl.metadata (1.7 kB)
2026-09-12T19:44:21.7036183Z Downloading numpy-2.5.3-cp312-cp312-manylinux_2_27_x86_64.manylinux_2_28_x86_64.whl (16.7 MB)
2026-09-12T19:44:21.8158889Z    ━━━━━━━━━━━━━━━━━━━━━━━━━━━━━━━━━━━━━━━━ 16.7/16.7 MB 190.1 MB/s  0:00:00
2026-09-12T19:44:21.8203255Z Downloading pandas-3.0.5-cp312-cp312-manylinux_2_24_x86_64.manylinux_2_28_x86_64.whl (11.0 MB)
2026-09-12T19:44:21.8602350Z    ━━━━━━━━━━━━━━━━━━━━━━━━━━━━━━━━━━━━━━━━ 11.0/11.0 MB 289.0 MB/s  0:00:00
2026-09-12T19:44:21.8635592Z Downloading python_dateutil-2.9.0.post0-py2.py3-none-any.whl (229 kB)
2026-09-12T19:44:21.8703416Z Downloading pyyaml-6.0.3-cp312-cp312-manylinux2014_x86_64.manylinux_2_17_x86_64.manylinux_2_28_x86_64.whl (807 kB)
2026-09-12T19:44:21.8777966Z    ━━━━━━━━━━━━━━━━━━━━━━━━━━━━━━━━━━━━━━━━ 807.9/807.9 kB 115.2 MB/s  0:00:00
2026-09-12T19:44:21.8813966Z Downloading six-1.17.0-py2.py3-none-any.whl (11 kB)
2026-09-12T19:44:21.9481627Z Building wheels for collected packages: momentumbot
2026-09-12T19:44:21.9490008Z   Building editable for momentumbot (pyproject.toml): started
2026-09-12T19:44:22.2033320Z   Building editable for momentumbot (pyproject.toml): finished with status 'done'
2026-09-12T19:44:22.2040332Z   Created wheel for momentumbot: filename=momentumbot-0.2.0-0.editable-py3-none-any.whl size=4119 sha256=ed01f109c977ec0503b19695c9cde553f97017c28ee77c266d7361a322ba1d8b
2026-09-12T19:44:22.2042894Z   Stored in directory: /tmp/pip-ephem-wheel-cache-796wnc56/wheels/07/cb/80/ea9ec0ff3434472434457f9dbf823fffe4e1a99167faeb982a
2026-09-12T19:44:22.2068532Z Successfully built momentumbot
2026-09-12T19:44:22.2542697Z Installing collected packages: six, PyYAML, numpy, python-dateutil, pandas, momentumbot
2026-09-12T19:44:29.3645128Z 
2026-09-12T19:44:29.3659345Z Successfully installed PyYAML-6.0.3 momentumbot-0.2.0 numpy-2.5.3 pandas-3.0.5 python-dateutil-2.9.0.post0 six-1.17.0
2026-09-12T19:44:29.4486259Z ##[group]Run python -m unittest discover -s tests -v
2026-09-12T19:44:29.4486720Z [36;1mpython -m unittest discover -s tests -v[0m
2026-09-12T19:44:29.4525880Z shell: /usr/bin/bash -e {0}
2026-09-12T19:44:29.4526149Z env:
2026-09-12T19:44:29.4526417Z   pythonLocation: /opt/hostedtoolcache/Python/3.12.14/x64
2026-09-12T19:44:29.4526874Z   PKG_CONFIG_PATH: /opt/hostedtoolcache/Python/3.12.14/x64/lib/pkgconfig
2026-09-12T19:44:29.4527317Z   Python_ROOT_DIR: /opt/hostedtoolcache/Python/3.12.14/x64
2026-09-12T19:44:29.4527696Z   Python2_ROOT_DIR: /opt/hostedtoolcache/Python/3.12.14/x64
2026-09-12T19:44:29.4528074Z   Python3_ROOT_DIR: /opt/hostedtoolcache/Python/3.12.14/x64
2026-09-12T19:44:29.4528447Z   LD_LIBRARY_PATH: /opt/hostedtoolcache/Python/3.12.14/x64/lib
2026-09-12T19:44:29.4528764Z ##[endgroup]
2026-09-12T19:44:33.2321417Z test_calendar_is_prospectively_frozen_after_review_cutoff (test_account_chronological_integration.AccountIntegrationContractTests.test_calendar_is_prospectively_frozen_after_review_cutoff) ... ok
2026-09-12T19:44:33.2327761Z test_contract_binds_exact_frozen_parents (test_account_chronological_integration.AccountIntegrationContractTests.test_contract_binds_exact_frozen_parents) ... ok
2026-09-12T19:44:33.2331289Z test_contract_has_no_completed_runtime_or_backtest_claim (test_account_chronological_integration.AccountIntegrationContractTests.test_contract_has_no_completed_runtime_or_backtest_claim) ... ok
2026-09-12T19:44:33.2340170Z test_dates_and_retrospective_keys_fail_closed (test_account_chronological_integration.AccountIntegrationContractTests.test_dates_and_retrospective_keys_fail_closed) ... ok
2026-09-12T19:44:33.2347693Z test_mechanical_audit_binds_contract_code_and_documentation (test_account_chronological_integration.AccountIntegrationContractTests.test_mechanical_audit_binds_contract_code_and_documentation) ... ok
2026-09-12T19:44:33.2366223Z test_main_and_small_profiles_cannot_be_mixed (test_account_chronological_integration.AccountSnapshotTests.test_main_and_small_profiles_cannot_be_mixed) ... ok
2026-09-12T19:44:33.2371387Z test_snapshot_must_be_hash_bound_and_predecision (test_account_chronological_integration.AccountSnapshotTests.test_snapshot_must_be_hash_bound_and_predecision) ... ok
2026-09-12T19:44:33.2383363Z test_accepted_plan_local_exit_uses_accepted_quantity (test_account_chronological_integration.ChronologicalIntegrationTests.test_accepted_plan_local_exit_uses_accepted_quantity) ... ok
2026-09-12T19:44:33.2394970Z test_artifact_is_json_safe_and_label_blind (test_account_chronological_integration.ChronologicalIntegrationTests.test_artifact_is_json_safe_and_label_blind) ... ok
2026-09-12T19:44:33.2410958Z test_buying_power_and_notional_can_bind_before_risk (test_account_chronological_integration.ChronologicalIntegrationTests.test_buying_power_and_notional_can_bind_before_risk) ... ok
2026-09-12T19:44:33.2426013Z test_chronology_precedes_rank (test_account_chronological_integration.ChronologicalIntegrationTests.test_chronology_precedes_rank) ... ok
2026-09-12T19:44:33.2438535Z test_exact_time_collision_uses_activation_rank (test_account_chronological_integration.ChronologicalIntegrationTests.test_exact_time_collision_uses_activation_rank) ... ok
2026-09-12T19:44:33.2448470Z test_full_remaining_risk_capacity_is_sized_in_whole_shares (test_account_chronological_integration.ChronologicalIntegrationTests.test_full_remaining_risk_capacity_is_sized_in_whole_shares) ... ok
2026-09-12T19:44:33.2455703Z test_inconsistent_micro_execution_status_fails_closed (test_account_chronological_integration.ChronologicalIntegrationTests.test_inconsistent_micro_execution_status_fails_closed) ... ok
2026-09-12T19:44:33.2477756Z test_input_order_does_not_change_artifact (test_account_chronological_integration.ChronologicalIntegrationTests.test_input_order_does_not_change_artifact) ... ok
2026-09-12T19:44:33.2489590Z test_mismatched_micro_policy_and_other_session_fail_closed (test_account_chronological_integration.ChronologicalIntegrationTests.test_mismatched_micro_policy_and_other_session_fail_closed) ... ok
2026-09-12T19:44:33.2499599Z test_open_outcome_remains_unresolved_and_not_a_backtest (test_account_chronological_integration.ChronologicalIntegrationTests.test_open_outcome_remains_unresolved_and_not_a_backtest) ... ok
2026-09-12T19:44:33.2505731Z test_rejected_or_unavailable_candidate_is_retained_without_events (test_account_chronological_integration.ChronologicalIntegrationTests.test_rejected_or_unavailable_candidate_is_retained_without_events) ... ok
2026-09-12T19:44:33.2519040Z test_same_time_exit_does_not_recycle_capacity_for_entry (test_account_chronological_integration.ChronologicalIntegrationTests.test_same_time_exit_does_not_recycle_capacity_for_entry) ... ok
2026-09-12T19:44:33.2527790Z test_zero_whole_share_capacity_records_no_submission (test_account_chronological_integration.ChronologicalIntegrationTests.test_zero_whole_share_capacity_records_no_submission) ... ok
2026-09-12T19:44:33.2531385Z test_permanent_success_audit_is_sanitized_and_hash_bound (test_account_credential_validation_audit.AccountCredentialValidationAuditTests.test_permanent_success_audit_is_sanitized_and_hash_bound) ... ok
2026-09-12T19:44:33.2534306Z test_contract_binds_exact_frozen_parents_and_two_accounts (test_account_priority_policy.AccountPriorityContractTests.test_contract_binds_exact_frozen_parents_and_two_accounts) ... ok
2026-09-12T19:44:33.2539903Z test_cross_account_priority_cannot_be_silently_enabled (test_account_priority_policy.AccountPriorityContractTests.test_cross_account_priority_cannot_be_silently_enabled) ... ok
2026-09-12T19:44:33.2546758Z test_mechanical_audit_binds_contract_bundle_code_and_documentation (test_account_priority_policy.AccountPriorityContractTests.test_mechanical_audit_binds_contract_bundle_code_and_documentation) ... ok
2026-09-12T19:44:33.2549913Z test_policy_bundle_matches_registered_order (test_account_priority_policy.AccountPriorityContractTests.test_policy_bundle_matches_registered_order) ... ok
2026-09-12T19:44:33.2554242Z test_registered_paper_safe_fraction_cannot_be_retuned (test_account_priority_policy.AccountPriorityContractTests.test_registered_paper_safe_fraction_cannot_be_retuned) ... ok
2026-09-12T19:44:33.2559062Z test_transcript_observations_cannot_set_runtime_risk (test_account_priority_policy.AccountPriorityContractTests.test_transcript_observations_cannot_set_runtime_risk) ... ok
2026-09-12T19:44:33.2561595Z test_main_policy_materializes_existing_paper_safe_fractions (test_account_priority_policy.PaperAccountMaterializationTests.test_main_policy_materializes_existing_paper_safe_fractions) ... ok
2026-09-12T19:44:33.2565819Z test_materialized_policy_composes_with_frozen_ledger (test_account_priority_policy.PaperAccountMaterializationTests.test_materialized_policy_composes_with_frozen_ledger) ... ok
2026-09-12T19:44:33.2568321Z test_parent_fingerprints_are_recomputed_from_current_code (test_account_priority_policy.PaperAccountMaterializationTests.test_parent_fingerprints_are_recomputed_from_current_code) ... ok
2026-09-12T19:44:33.2570522Z test_small_policy_is_separate_and_buying_power_binds_notional (test_account_priority_policy.PaperAccountMaterializationTests.test_small_policy_is_separate_and_buying_power_binds_notional) ... ok
2026-09-12T19:44:33.2572433Z test_unregistered_policy_mutation_fails_closed (test_account_priority_policy.PaperAccountMaterializationTests.test_unregistered_policy_mutation_fails_closed) ... ok
2026-09-12T19:44:33.2574072Z test_cross_account_batch_fails_closed (test_account_priority_policy.ScarceCapitalPriorityTests.test_cross_account_batch_fails_closed) ... ok
2026-09-12T19:44:33.2576007Z test_exact_time_collision_reuses_existing_candidate_ranking (test_account_priority_policy.ScarceCapitalPriorityTests.test_exact_time_collision_reuses_existing_candidate_ranking) ... ok
2026-09-12T19:44:33.2577792Z test_execution_chronology_precedes_candidate_rank (test_account_priority_policy.ScarceCapitalPriorityTests.test_execution_chronology_precedes_candidate_rank) ... ok
2026-09-12T19:44:33.2579613Z test_future_candidate_snapshot_is_rejected (test_account_priority_policy.ScarceCapitalPriorityTests.test_future_candidate_snapshot_is_rejected) ... ok
2026-09-12T19:44:33.2585096Z test_ordered_collision_has_deterministic_ledger_consequence (test_account_priority_policy.ScarceCapitalPriorityTests.test_ordered_collision_has_deterministic_ledger_consequence) ... ok
2026-09-12T19:44:33.2587178Z test_priority_artifact_is_json_safe_and_label_blind (test_account_priority_policy.ScarceCapitalPriorityTests.test_priority_artifact_is_json_safe_and_label_blind) ... ok
2026-09-12T19:44:33.2588878Z test_stable_tie_breakers_are_input_order_independent (test_account_priority_policy.ScarceCapitalPriorityTests.test_stable_tie_breakers_are_input_order_independent) ... ok
2026-09-12T19:44:33.2590518Z test_timezone_naive_execution_fails_closed (test_account_priority_policy.ScarceCapitalPriorityTests.test_timezone_naive_execution_fails_closed) ... ok
2026-09-12T19:44:33.2595227Z test_capture_rejects_start_or_completion_after_deadline (test_account_snapshot_capture.AccountSnapshotCaptureTests.test_capture_rejects_start_or_completion_after_deadline) ... ok
2026-09-12T19:44:33.2597853Z test_capture_rejects_unregistered_or_wrong_local_date (test_account_snapshot_capture.AccountSnapshotCaptureTests.test_capture_rejects_unregistered_or_wrong_local_date) ... ok
2026-09-12T19:44:33.2602835Z test_frozen_capture_contract_binds_accounts_schedule_and_parent (test_account_snapshot_capture.AccountSnapshotCaptureTests.test_frozen_capture_contract_binds_accounts_schedule_and_parent) ... ok
2026-09-12T19:44:33.2604679Z test_live_endpoint_and_provider_error_details_are_rejected (test_account_snapshot_capture.AccountSnapshotCaptureTests.test_live_endpoint_and_provider_error_details_are_rejected) ... ok
2026-09-12T19:44:33.2608694Z test_open_positions_or_orders_fail_closed (test_account_snapshot_capture.AccountSnapshotCaptureTests.test_open_positions_or_orders_fail_closed) ... ok
2026-09-12T19:44:33.2618795Z test_registered_capture_produces_integration_compatible_snapshots (test_account_snapshot_capture.AccountSnapshotCaptureTests.test_registered_capture_produces_integration_compatible_snapshots) ... ok
2026-09-12T19:44:33.2624336Z test_registration_audit_binds_contract_code_workflow_and_tests (test_account_snapshot_capture.AccountSnapshotCaptureTests.test_registration_audit_binds_contract_code_workflow_and_tests) ... ok
2026-09-12T19:44:33.2628583Z test_swapped_equity_and_duplicate_accounts_fail_closed (test_account_snapshot_capture.AccountSnapshotCaptureTests.test_swapped_equity_and_duplicate_accounts_fail_closed) ... ok
2026-09-12T19:44:33.2636198Z test_tampering_breaks_source_snapshot_and_manifest_hashes (test_account_snapshot_capture.AccountSnapshotCaptureTests.test_tampering_breaks_source_snapshot_and_manifest_hashes) ... ok
2026-09-12T19:44:33.2640784Z test_validation_is_clean_distinct_and_secret_safe (test_account_snapshot_capture.AccountSnapshotCaptureTests.test_validation_is_clean_distinct_and_secret_safe) ... ok
2026-09-12T19:44:33.2642605Z test_workflow_is_scoped_to_paper_capture_and_has_manual_fallback (test_account_snapshot_capture.AccountSnapshotCaptureTests.test_workflow_is_scoped_to_paper_capture_and_has_manual_fallback) ... ok
2026-09-12T19:44:33.2650656Z test_bars_rejects_unique_pagination_past_frozen_page_cap (test_alpaca_provider.AlpacaProviderTests.test_bars_rejects_unique_pagination_past_frozen_page_cap) ... ok
2026-09-12T19:44:33.2653663Z test_batched_bars_does_not_swallow_unrelated_provider_error (test_alpaca_provider.AlpacaProviderTests.test_batched_bars_does_not_swallow_unrelated_provider_error) ... ok
2026-09-12T19:44:33.2659873Z test_batched_bars_quarantines_only_named_invalid_symbol_and_retries (test_alpaca_provider.AlpacaProviderTests.test_batched_bars_quarantines_only_named_invalid_symbol_and_retries) ... ok
2026-09-12T19:44:33.2663659Z test_corporate_actions_paginates_grouped_response (test_alpaca_provider.AlpacaProviderTests.test_corporate_actions_paginates_grouped_response) ... ok
2026-09-12T19:44:33.2669013Z test_corporate_actions_rejects_repeated_page_token (test_alpaca_provider.AlpacaProviderTests.test_corporate_actions_rejects_repeated_page_token) ... ok
2026-09-12T19:44:33.2672001Z test_news_exhausts_pagination (test_alpaca_provider.AlpacaProviderTests.test_news_exhausts_pagination) ... ok
2026-09-12T19:44:33.2675507Z test_news_rejects_unbounded_unique_pagination (test_alpaca_provider.AlpacaProviderTests.test_news_rejects_unbounded_unique_pagination) ... ok
2026-09-12T19:44:33.2737615Z test_historical_trades_paginates_and_normalizes (test_alpaca_trades_provider.AlpacaTradesProviderTests.test_historical_trades_paginates_and_normalizes) ... ok
2026-09-12T19:44:33.2739507Z test_naive_bounds_are_rejected (test_alpaca_trades_provider.AlpacaTradesProviderTests.test_naive_bounds_are_rejected) ... ok
2026-09-12T19:44:33.2741503Z test_contract_freezes_features_but_no_trading_rule (test_attention_leadership.AttentionLeadershipTests.test_contract_freezes_features_but_no_trading_rule) ... ok
2026-09-12T19:44:33.2745112Z test_contract_rejects_strategy_gate (test_attention_leadership.AttentionLeadershipTests.test_contract_rejects_strategy_gate) ... ok
2026-09-12T19:44:33.2748415Z test_derives_handoff_persistence_competition_and_change (test_attention_leadership.AttentionLeadershipTests.test_derives_handoff_persistence_competition_and_change) ... ok
2026-09-12T19:44:33.2750414Z test_frozen_validation_audit_is_pinned_and_non_promotional (test_attention_leadership.AttentionLeadershipTests.test_frozen_validation_audit_is_pinned_and_non_promotional) ... ok
2026-09-12T19:44:33.2752365Z test_later_candidate_cannot_change_earlier_features (test_attention_leadership.AttentionLeadershipTests.test_later_candidate_cannot_change_earlier_features) ... ok
2026-09-12T19:44:33.2754596Z test_missing_exact_bar_keeps_causal_rank_but_nulls_bar_deltas (test_attention_leadership.AttentionLeadershipTests.test_missing_exact_bar_keeps_causal_rank_but_nulls_bar_deltas) ... ok
2026-09-12T19:44:33.2756750Z test_missing_rank_state_keeps_leadership_features_unknown (test_attention_leadership.AttentionLeadershipTests.test_missing_rank_state_keeps_leadership_features_unknown) ... ok
2026-09-12T19:44:33.2758281Z test_nonconsecutive_observation_resets_handoff_and_tenure (test_attention_leadership.AttentionLeadershipTests.test_nonconsecutive_observation_resets_handoff_and_tenure) ... ok
2026-09-12T19:44:33.2759872Z test_same_minute_rank_state_disagreement_fails_closed (test_attention_leadership.AttentionLeadershipTests.test_same_minute_rank_state_disagreement_fails_closed) ... ok
2026-09-12T19:44:33.2854362Z test_ranks_ordered_rejection_then_later_high_first (test_audit_benchmark_symbol_candidates.BenchmarkSymbolCandidateAuditTests.test_ranks_ordered_rejection_then_later_high_first) ... ok
2026-09-12T19:44:33.2858545Z test_requires_timezone_aware_bars (test_audit_benchmark_symbol_candidates.BenchmarkSymbolCandidateAuditTests.test_requires_timezone_aware_bars) ... ok
2026-09-12T19:44:33.2860971Z test_error_body_is_not_propagated (test_audit_fmp_universe_capability.FmpUniverseCapabilityAuditTests.test_error_body_is_not_propagated) ... ok
2026-09-12T19:44:33.2863247Z test_missing_active_listing_date_blocks_prototype (test_audit_fmp_universe_capability.FmpUniverseCapabilityAuditTests.test_missing_active_listing_date_blocks_prototype) ... ok
2026-09-12T19:44:33.2866134Z test_schema_probe_never_grants_historical_completeness (test_audit_fmp_universe_capability.FmpUniverseCapabilityAuditTests.test_schema_probe_never_grants_historical_completeness) ... ok
2026-09-12T19:44:33.2867930Z test_summary_exposes_schema_and_ranges_without_raw_rows (test_audit_fmp_universe_capability.FmpUniverseCapabilityAuditTests.test_summary_exposes_schema_and_ranges_without_raw_rows) ... ok
2026-09-12T19:44:33.2869129Z test_error_body_is_not_propagated (test_audit_massive_universe_capability.MassiveUniverseCapabilityAuditTests.test_error_body_is_not_propagated) ... ok
2026-09-12T19:44:33.2870469Z test_missing_exchange_field_blocks_prototype (test_audit_massive_universe_capability.MassiveUniverseCapabilityAuditTests.test_missing_exchange_field_blocks_prototype) ... ok
2026-09-12T19:44:33.2871848Z test_successful_samples_authorize_only_paginated_prototype (test_audit_massive_universe_capability.MassiveUniverseCapabilityAuditTests.test_successful_samples_authorize_only_paginated_prototype) ... ok
2026-09-12T19:44:33.2873277Z test_summary_exposes_counts_and_schema_without_identifiers (test_audit_massive_universe_capability.MassiveUniverseCapabilityAuditTests.test_summary_exposes_counts_and_schema_without_identifiers) ... ok
2026-09-12T19:44:33.5177425Z test_bad_gap_fill_rejected_when_two_r_no_longer_exists (test_backtest.BacktestTests.test_bad_gap_fill_rejected_when_two_r_no_longer_exists) ... ok
2026-09-12T19:44:33.7074753Z test_entry_occurs_after_plan_bar (test_backtest.BacktestTests.test_entry_occurs_after_plan_bar) ... ok
2026-09-12T19:44:33.8187610Z test_future_news_cannot_qualify_earlier_bars (test_backtest.BacktestTests.test_future_news_cannot_qualify_earlier_bars) ... ok
2026-09-12T19:44:34.0084468Z test_same_bar_trigger_and_stop_assumes_adverse_sequence (test_backtest.BacktestTests.test_same_bar_trigger_and_stop_assumes_adverse_sequence) ... ok
2026-09-12T19:44:34.0094745Z test_artl_source_correction_supersedes_historical_scores (test_benchmark_suite.BenchmarkSuiteTests.test_artl_source_correction_supersedes_historical_scores) ... ok
2026-09-12T19:44:34.0102179Z test_boundary_cases_cannot_be_accidentally_scored (test_benchmark_suite.BenchmarkSuiteTests.test_boundary_cases_cannot_be_accidentally_scored) ... ok
2026-09-12T19:44:34.0104961Z test_seed_suite_loads_and_has_balanced_roles (test_benchmark_suite.BenchmarkSuiteTests.test_seed_suite_loads_and_has_balanced_roles) ... ok
2026-09-12T19:44:34.0115617Z test_seed_suite_references_existing_safe_benchmarks (test_benchmark_suite.BenchmarkSuiteTests.test_seed_suite_references_existing_safe_benchmarks) ... ok
2026-09-12T19:44:34.0120326Z test_unsafe_knowledge_policy_is_rejected (test_benchmark_suite.BenchmarkSuiteTests.test_unsafe_knowledge_policy_is_rejected) ... ok
2026-09-12T19:44:34.0130426Z test_adapter_restores_identity_after_parent_failure (test_build_causal_downstream_identity_v07.DownstreamIdentityV07Tests.test_adapter_restores_identity_after_parent_failure) ... ok
2026-09-12T19:44:34.0132525Z test_legacy_failure_is_reproduced_and_scope_restores_parent (test_build_causal_downstream_identity_v07.DownstreamIdentityV07Tests.test_legacy_failure_is_reproduced_and_scope_restores_parent) ... ok
2026-09-12T19:44:34.0147139Z test_news_and_scanner_adapters_preflight_before_parent (test_build_causal_downstream_identity_v07.DownstreamIdentityV07Tests.test_news_and_scanner_adapters_preflight_before_parent) ... ok
2026-09-12T19:44:34.0149494Z test_receipt_is_exact_and_tamper_evident (test_build_causal_downstream_identity_v07.DownstreamIdentityV07Tests.test_receipt_is_exact_and_tamper_evident) ... ok
2026-09-12T19:44:34.0151094Z test_scope_restores_parent_after_exception (test_build_causal_downstream_identity_v07.DownstreamIdentityV07Tests.test_scope_restores_parent_after_exception) ... ok
2026-09-12T19:44:34.0159556Z test_adapter_restores_identity_after_parent_failure (test_build_causal_downstream_identity_v08.DownstreamIdentityV08Tests.test_adapter_restores_identity_after_parent_failure) ... ok
2026-09-12T19:44:34.0161328Z test_legacy_failure_is_reproduced_and_scope_restores_parent (test_build_causal_downstream_identity_v08.DownstreamIdentityV08Tests.test_legacy_failure_is_reproduced_and_scope_restores_parent) ... ok
2026-09-12T19:44:34.0173571Z test_news_and_scanner_adapters_preflight_before_parent (test_build_causal_downstream_identity_v08.DownstreamIdentityV08Tests.test_news_and_scanner_adapters_preflight_before_parent) ... ok
2026-09-12T19:44:34.0175566Z test_receipt_is_exact_and_tamper_evident (test_build_causal_downstream_identity_v08.DownstreamIdentityV08Tests.test_receipt_is_exact_and_tamper_evident) ... ok
2026-09-12T19:44:34.0177078Z test_scope_restores_parent_after_exception (test_build_causal_downstream_identity_v08.DownstreamIdentityV08Tests.test_scope_restores_parent_after_exception) ... ok
2026-09-12T19:44:34.0183758Z test_adapter_restores_identity_after_parent_failure (test_build_causal_downstream_identity_v09.DownstreamIdentityV09Tests.test_adapter_restores_identity_after_parent_failure) ... ok
2026-09-12T19:44:34.0185684Z test_legacy_failure_is_reproduced_and_scope_restores_parent (test_build_causal_downstream_identity_v09.DownstreamIdentityV09Tests.test_legacy_failure_is_reproduced_and_scope_restores_parent) ... ok
2026-09-12T19:44:34.0200166Z test_news_and_scanner_adapters_preflight_before_parent (test_build_causal_downstream_identity_v09.DownstreamIdentityV09Tests.test_news_and_scanner_adapters_preflight_before_parent) ... ok
2026-09-12T19:44:34.0201990Z test_receipt_is_exact_and_tamper_evident (test_build_causal_downstream_identity_v09.DownstreamIdentityV09Tests.test_receipt_is_exact_and_tamper_evident) ... ok
2026-09-12T19:44:34.0203635Z test_scope_restores_parent_after_exception (test_build_causal_downstream_identity_v09.DownstreamIdentityV09Tests.test_scope_restores_parent_after_exception) ... ok
2026-09-12T19:44:34.0205698Z test_evidence_status_does_not_overclaim_acceptance_precision (test_build_causal_float_enrichment.BuildCausalFloatEnrichmentTests.test_evidence_status_does_not_overclaim_acceptance_precision) ... ok
2026-09-12T19:44:34.0207688Z test_future_basis_date_fails_closed (test_build_causal_float_enrichment.BuildCausalFloatEnrichmentTests.test_future_basis_date_fails_closed) ... ok
2026-09-12T19:44:34.0209544Z test_old_basis_window_preserves_calendar_gap_buffer (test_build_causal_float_enrichment.BuildCausalFloatEnrichmentTests.test_old_basis_window_preserves_calendar_gap_buffer) ... ok
2026-09-12T19:44:34.0211226Z test_recent_basis_window_cannot_query_after_trading_date (test_build_causal_float_enrichment.BuildCausalFloatEnrichmentTests.test_recent_basis_window_cannot_query_after_trading_date) ... ok
2026-09-12T19:44:34.0212921Z test_sec_call_preserves_exhausted_provider_error (test_build_causal_float_enrichment.BuildCausalFloatEnrichmentTests.test_sec_call_preserves_exhausted_provider_error) ... ok
2026-09-12T19:44:34.0214251Z test_sec_call_retries_transient_failure (test_build_causal_float_enrichment.BuildCausalFloatEnrichmentTests.test_sec_call_retries_transient_failure) ... ok
2026-09-12T19:44:34.0215725Z test_sec_call_treats_not_found_as_fail_closed_data_absence (test_build_causal_float_enrichment.BuildCausalFloatEnrichmentTests.test_sec_call_treats_not_found_as_fail_closed_data_absence) ... ok
2026-09-12T19:44:34.0217224Z test_sec_payload_must_match_frozen_candidate_cik (test_build_causal_float_enrichment.BuildCausalFloatEnrichmentTests.test_sec_payload_must_match_frozen_candidate_cik) ... ok
2026-09-12T19:44:34.0255538Z test_adapter_restores_parent_and_writes_hashed_diagnostics (test_build_causal_float_enrichment_v05.BuildCausalFloatEnrichmentV05Tests.test_adapter_restores_parent_and_writes_hashed_diagnostics) ... ok
2026-09-12T19:44:34.0271101Z test_diagnostic_output_rejects_symlinked_parent (test_build_causal_float_enrichment_v05.BuildCausalFloatEnrichmentV05Tests.test_diagnostic_output_rejects_symlinked_parent) ... ok
2026-09-12T19:44:34.0273129Z test_diagnostics_tampering_is_rejected (test_build_causal_float_enrichment_v05.BuildCausalFloatEnrichmentV05Tests.test_diagnostics_tampering_is_rejected) ... ok
2026-09-12T19:44:34.0278577Z test_invalid_target_source_is_fatal_not_candidate_contained (test_build_causal_float_enrichment_v05.BuildCausalFloatEnrichmentV05Tests.test_invalid_target_source_is_fatal_not_candidate_contained) ... ok
2026-09-12T19:44:34.0289266Z test_observation_and_final_record_data_errors_are_candidate_contained (test_build_causal_float_enrichment_v05.BuildCausalFloatEnrichmentV05Tests.test_observation_and_final_record_data_errors_are_candidate_contained) ... ok
2026-09-12T19:44:34.0293369Z test_type_error_is_candidate_data_but_transport_error_remains_fatal (test_build_causal_float_enrichment_v05.BuildCausalFloatEnrichmentV05Tests.test_type_error_is_candidate_data_but_transport_error_remains_fatal) ... ok
2026-09-12T19:44:34.0302812Z test_valid_candidate_is_unchanged (test_build_causal_float_enrichment_v05.BuildCausalFloatEnrichmentV05Tests.test_valid_candidate_is_unchanged) ... ok
2026-09-12T19:44:34.0306379Z test_value_error_rejects_only_candidate_without_retaining_message (test_build_causal_float_enrichment_v05.BuildCausalFloatEnrichmentV05Tests.test_value_error_rejects_only_candidate_without_retaining_message) ... ok
2026-09-12T19:44:34.0317592Z test_adapter_preflights_before_parent_and_restores_legacy_function (test_build_causal_float_enrichment_v06.BuildCausalFloatEnrichmentV06Tests.test_adapter_preflights_before_parent_and_restores_legacy_function) ... ok
2026-09-12T19:44:34.0325714Z test_adapter_restores_legacy_function_after_parent_failure (test_build_causal_float_enrichment_v06.BuildCausalFloatEnrichmentV06Tests.test_adapter_restores_legacy_function_after_parent_failure) ... ok
2026-09-12T19:44:34.0328519Z test_authoritative_identity_kinds_are_accepted_without_rewriting (test_build_causal_float_enrichment_v06.BuildCausalFloatEnrichmentV06Tests.test_authoritative_identity_kinds_are_accepted_without_rewriting) ... ok
2026-09-12T19:44:34.0347565Z test_obsolete_or_ambiguous_identity_kind_fails_closed (test_build_causal_float_enrichment_v06.BuildCausalFloatEnrichmentV06Tests.test_obsolete_or_ambiguous_identity_kind_fails_closed) ... ok
2026-09-12T19:44:34.0349902Z test_preflight_tampering_is_rejected (test_build_causal_float_enrichment_v06.BuildCausalFloatEnrichmentV06Tests.test_preflight_tampering_is_rejected) ... ok
2026-09-12T19:44:34.0352309Z test_candidate_previous_close_corroboration_remains_fail_closed (test_build_causal_scanner_snapshot.BuildCausalScannerSnapshotTests.test_candidate_previous_close_corroboration_remains_fail_closed) ... ok
2026-09-12T19:44:34.0355064Z test_candidate_previous_close_is_corroborated_without_rewrite (test_build_causal_scanner_snapshot.BuildCausalScannerSnapshotTests.test_candidate_previous_close_is_corroborated_without_rewrite) ... ok
2026-09-12T19:44:34.0358215Z test_candidate_rank_binding_blocks_mismatch_and_shares_uniform_source (test_build_causal_scanner_snapshot.BuildCausalScannerSnapshotTests.test_candidate_rank_binding_blocks_mismatch_and_shares_uniform_source) ... ok
2026-09-12T19:44:34.0368800Z test_fake_provider_reacquires_all_members_on_causal_bases (test_build_causal_scanner_snapshot.BuildCausalScannerSnapshotTests.test_fake_provider_reacquires_all_members_on_causal_bases) ... ok
2026-09-12T19:44:34.0399823Z test_future_candidate_status_cannot_rewrite_earlier_rank_inputs (test_build_causal_scanner_snapshot.BuildCausalScannerSnapshotTests.test_future_candidate_status_cannot_rewrite_earlier_rank_inputs) ... ok
2026-09-12T19:44:34.0403870Z test_previous_close_rejects_unordered_daily_bars (test_build_causal_scanner_snapshot.BuildCausalScannerSnapshotTests.test_previous_close_rejects_unordered_daily_bars) ... ok
2026-09-12T19:44:34.0415285Z test_provider_failure_is_a_blocker_not_empty_rank_data (test_build_causal_scanner_snapshot.BuildCausalScannerSnapshotTests.test_provider_failure_is_a_blocker_not_empty_rank_data) ... ok
2026-09-12T19:44:34.0422293Z test_reconstruction_requires_exact_candidate_set_and_first_time (test_build_causal_scanner_snapshot.BuildCausalScannerSnapshotTests.test_reconstruction_requires_exact_candidate_set_and_first_time) ... ok
2026-09-12T19:44:34.0437629Z test_root_and_date_lineage_hashes_are_explicitly_enforced (test_build_causal_scanner_snapshot.BuildCausalScannerSnapshotTests.test_root_and_date_lineage_hashes_are_explicitly_enforced) ... ok
2026-09-12T19:44:34.0440135Z test_frozen_rows_are_hash_bound_and_shadow_only (test_build_discretion_shadow_runtime.BuildDiscretionShadowRuntimeTests.test_frozen_rows_are_hash_bound_and_shadow_only) ... ok
2026-09-12T19:44:34.0445268Z test_source_runtime_requires_unlabeled_frozen_all_candidate_replay (test_build_discretion_shadow_runtime.BuildDiscretionShadowRuntimeTests.test_source_runtime_requires_unlabeled_frozen_all_candidate_replay) ... ok
2026-09-12T19:44:34.0465822Z test_bundle_fingerprints_every_audit_component (test_build_identity_resolved_universe.BuildIdentityResolvedUniverseTests.test_bundle_fingerprints_every_audit_component) ... ok
2026-09-12T19:44:34.0468405Z test_date_payload_pins_source_and_remains_non_promotable (test_build_identity_resolved_universe.BuildIdentityResolvedUniverseTests.test_date_payload_pins_source_and_remains_non_promotable) ... ok
2026-09-12T19:44:34.0478205Z test_expected_result_rejects_changed_provider_content (test_build_identity_resolved_universe.BuildIdentityResolvedUniverseTests.test_expected_result_rejects_changed_provider_content) ... ok
2026-09-12T19:44:34.0480900Z test_intermediate_date_pins_provisional_root_without_audit_row (test_build_identity_resolved_universe.BuildIdentityResolvedUniverseTests.test_intermediate_date_pins_provisional_root_without_audit_row) ... ok
2026-09-12T19:44:34.0522676Z test_main_emits_every_panel_date_from_endpoint_audit (test_build_identity_resolved_universe.BuildIdentityResolvedUniverseTests.test_main_emits_every_panel_date_from_endpoint_audit) ... ok
2026-09-12T19:44:34.0525285Z test_panel_resolves_intermediate_date_and_binds_endpoints (test_build_identity_resolved_universe.BuildIdentityResolvedUniverseTests.test_panel_resolves_intermediate_date_and_binds_endpoints) ... ok
2026-09-12T19:44:34.0529482Z test_completed_pagination_still_cannot_promote_universe (test_build_massive_historical_census.MassiveHistoricalCensusBuilderTests.test_completed_pagination_still_cannot_promote_universe) ... ok
2026-09-12T19:44:34.0532059Z test_reconciliation_is_explicitly_current_only (test_build_massive_historical_census.MassiveHistoricalCensusBuilderTests.test_reconciliation_is_explicitly_current_only) ... ok
2026-09-12T19:44:34.0534756Z test_summary_distinguishes_ticker_collision_from_identity_duplicate (test_build_massive_historical_census.MassiveHistoricalCensusBuilderTests.test_summary_distinguishes_ticker_collision_from_identity_duplicate) ... ok
2026-09-12T19:44:34.0537597Z test_summary_preserves_missing_field_counts (test_build_massive_historical_census.MassiveHistoricalCensusBuilderTests.test_summary_preserves_missing_field_counts) ... ok
2026-09-12T19:44:34.0540199Z test_date_manifest_is_complete_relative_only_and_never_promotable (test_build_massive_provisional_universe.BuildMassiveProvisionalUniverseTests.test_date_manifest_is_complete_relative_only_and_never_promotable) ... ok
2026-09-12T19:44:34.0543306Z test_summary_fingerprints_included_membership_and_reasons (test_build_massive_provisional_universe.BuildMassiveProvisionalUniverseTests.test_summary_fingerprints_included_membership_and_reasons) ... ok
2026-09-12T19:44:34.0546915Z test_contract_fails_if_retrospective_labels_are_enabled (test_campaign_portfolio.CampaignPortfolioContractTests.test_contract_fails_if_retrospective_labels_are_enabled) ... ok
2026-09-12T19:44:34.0550225Z test_contract_fails_if_simultaneous_selection_authority_is_added (test_campaign_portfolio.CampaignPortfolioContractTests.test_contract_fails_if_simultaneous_selection_authority_is_added) ... ok
2026-09-12T19:44:34.0552655Z test_contract_fingerprint_is_order_independent (test_campaign_portfolio.CampaignPortfolioContractTests.test_contract_fingerprint_is_order_independent) ... ok
2026-09-12T19:44:34.0555138Z test_contract_preserves_frozen_parents_and_registers_no_account_values (test_campaign_portfolio.CampaignPortfolioContractTests.test_contract_preserves_frozen_parents_and_registers_no_account_values) ... ok
2026-09-12T19:44:34.0560741Z test_mechanical_audit_binds_contract_code_and_documentation (test_campaign_portfolio.CampaignPortfolioContractTests.test_mechanical_audit_binds_contract_code_and_documentation) ... ok
2026-09-12T19:44:34.0568171Z test_add_requires_open_position_and_cannot_average_down (test_campaign_portfolio.CampaignPortfolioLedgerTests.test_add_requires_open_position_and_cannot_average_down) ... ok
2026-09-12T19:44:34.0572800Z test_artifact_records_simultaneous_opportunities_and_is_label_blind (test_campaign_portfolio.CampaignPortfolioLedgerTests.test_artifact_records_simultaneous_opportunities_and_is_label_blind) ... ok
2026-09-12T19:44:34.0578615Z test_buying_power_and_position_count_fail_closed (test_campaign_portfolio.CampaignPortfolioLedgerTests.test_buying_power_and_position_count_fail_closed) ... ok
2026-09-12T19:44:34.0581654Z test_entry_slippage_is_recorded_and_can_fail_a_registered_limit (test_campaign_portfolio.CampaignPortfolioLedgerTests.test_entry_slippage_is_recorded_and_can_fail_a_registered_limit) ... ok
2026-09-12T19:44:34.0584998Z test_entry_updates_position_buying_power_and_open_risk (test_campaign_portfolio.CampaignPortfolioLedgerTests.test_entry_updates_position_buying_power_and_open_risk) ... ok
2026-09-12T19:44:34.0590332Z test_events_must_be_session_bounded_and_causally_ordered (test_campaign_portfolio.CampaignPortfolioLedgerTests.test_events_must_be_session_bounded_and_causally_ordered) ... ok
2026-09-12T19:44:34.0593455Z test_first_campaign_fill_cannot_be_mislabeled_as_an_add (test_campaign_portfolio.CampaignPortfolioLedgerTests.test_first_campaign_fill_cannot_be_mislabeled_as_an_add) ... ok
2026-09-12T19:44:34.0600050Z test_flat_campaign_requires_reentry_role_and_registered_permission (test_campaign_portfolio.CampaignPortfolioLedgerTests.test_flat_campaign_requires_reentry_role_and_registered_permission) ... ok
2026-09-12T19:44:34.0604696Z test_halt_blocks_fills_until_resume (test_campaign_portfolio.CampaignPortfolioLedgerTests.test_halt_blocks_fills_until_resume) ... ok
2026-09-12T19:44:34.0613616Z test_loss_lock_is_terminal_for_entries_but_never_blocks_exits (test_campaign_portfolio.CampaignPortfolioLedgerTests.test_loss_lock_is_terminal_for_entries_but_never_blocks_exits) ... ok
2026-09-12T19:44:34.0617036Z test_malformed_fill_values_reject_without_mutating_position_state (test_campaign_portfolio.CampaignPortfolioLedgerTests.test_malformed_fill_values_reject_without_mutating_position_state) ... ok
2026-09-12T19:44:34.0623253Z test_profit_giveback_lock_uses_ordered_realized_pnl (test_campaign_portfolio.CampaignPortfolioLedgerTests.test_profit_giveback_lock_uses_ordered_realized_pnl) ... ok
2026-09-12T19:44:34.0629407Z test_repeated_plans_share_one_campaign_but_accounts_do_not (test_campaign_portfolio.CampaignPortfolioLedgerTests.test_repeated_plans_share_one_campaign_but_accounts_do_not) ... ok
2026-09-12T19:44:34.0633504Z test_structurally_invalid_event_does_not_advance_ledger_clock (test_campaign_portfolio.CampaignPortfolioLedgerTests.test_structurally_invalid_event_does_not_advance_ledger_clock) ... ok
2026-09-12T19:44:34.0636785Z test_contract_freezes_evidence_envelope_without_semantic_rule (test_catalyst_evidence.CatalystEvidenceTests.test_contract_freezes_evidence_envelope_without_semantic_rule) ... ok
2026-09-12T19:44:34.0640342Z test_contract_rejects_ai_order_authority (test_catalyst_evidence.CatalystEvidenceTests.test_contract_rejects_ai_order_authority) ... ok
2026-09-12T19:44:34.0642634Z test_duplicate_symbol_headline_fails_closed (test_catalyst_evidence.CatalystEvidenceTests.test_duplicate_symbol_headline_fails_closed) ... ok
2026-09-12T19:44:34.0646850Z test_emits_activation_and_event_change_packets_only (test_catalyst_evidence.CatalystEvidenceTests.test_emits_activation_and_event_change_packets_only) ... ok
2026-09-12T19:44:34.0648990Z test_frozen_audit_is_pinned_causal_and_non_promotional (test_catalyst_evidence.CatalystEvidenceTests.test_frozen_audit_is_pinned_causal_and_non_promotional) ... ok
2026-09-12T19:44:34.0651785Z test_packet_hash_and_order_are_input_order_independent (test_catalyst_evidence.CatalystEvidenceTests.test_packet_hash_and_order_are_input_order_independent) ... ok
2026-09-12T19:44:34.0654006Z test_preserves_multi_symbol_scope_without_interpreting_it (test_catalyst_evidence.CatalystEvidenceTests.test_preserves_multi_symbol_scope_without_interpreting_it) ... ok
2026-09-12T19:44:34.0656313Z test_scanner_news_count_mismatch_fails_closed (test_catalyst_evidence.CatalystEvidenceTests.test_scanner_news_count_mismatch_fails_closed) ... ok
2026-09-12T19:44:34.0658412Z test_binds_structured_assessment_to_causal_packet (test_catalyst_interpretation.CatalystInterpretationTests.test_binds_structured_assessment_to_causal_packet) ... ok
2026-09-12T19:44:34.0661145Z test_contract_freezes_protocol_without_score_or_authority (test_catalyst_interpretation.CatalystInterpretationTests.test_contract_freezes_protocol_without_score_or_authority) ... ok
2026-09-12T19:44:34.0664269Z test_contract_rejects_strategy_effect (test_catalyst_interpretation.CatalystInterpretationTests.test_contract_rejects_strategy_effect) ... ok
2026-09-12T19:44:34.0666689Z test_frozen_audit_records_examples_without_promotion (test_catalyst_interpretation.CatalystInterpretationTests.test_frozen_audit_records_examples_without_promotion) ... ok
2026-09-12T19:44:34.0668879Z test_no_event_forces_not_assessable_axes (test_catalyst_interpretation.CatalystInterpretationTests.test_no_event_forces_not_assessable_axes) ... ok
2026-09-12T19:44:34.0670841Z test_packet_hash_tamper_fails_closed (test_catalyst_interpretation.CatalystInterpretationTests.test_packet_hash_tamper_fails_closed) ... ok
2026-09-12T19:44:34.0673204Z test_record_is_independent_of_set_like_input_order (test_catalyst_interpretation.CatalystInterpretationTests.test_record_is_independent_of_set_like_input_order) ... ok
2026-09-12T19:44:34.0675722Z test_rejects_unavailable_headline_reference (test_catalyst_interpretation.CatalystInterpretationTests.test_rejects_unavailable_headline_reference) ... ok
2026-09-12T19:44:34.0677947Z test_title_only_evidence_cannot_claim_materiality (test_catalyst_interpretation.CatalystInterpretationTests.test_title_only_evidence_cannot_claim_materiality) ... ok
2026-09-12T19:44:34.0680189Z test_audit_freezes_protocol_not_semantic_model (test_catalyst_interpretation_v02.CatalystInterpretationV02Tests.test_audit_freezes_protocol_not_semantic_model) ... ok
2026-09-12T19:44:34.0682705Z test_contract_adds_evidenced_axes_without_strategy_authority (test_catalyst_interpretation_v02.CatalystInterpretationV02Tests.test_contract_adds_evidenced_axes_without_strategy_authority) ... ok
2026-09-12T19:44:34.0687182Z test_contract_and_record_tampering_fail_closed (test_catalyst_interpretation_v02.CatalystInterpretationV02Tests.test_contract_and_record_tampering_fail_closed) ... ok
2026-09-12T19:44:34.0689655Z test_definitive_unquantified_title_is_structured_but_not_scored (test_catalyst_interpretation_v02.CatalystInterpretationV02Tests.test_definitive_unquantified_title_is_structured_but_not_scored) ... ok
2026-09-12T19:44:34.0692543Z test_no_event_forces_every_semantic_axis_not_assessable (test_catalyst_interpretation_v02.CatalystInterpretationV02Tests.test_no_event_forces_every_semantic_axis_not_assessable) ... ok
2026-09-12T19:44:34.0695082Z test_offering_withdrawal_is_signal_not_dilution_safety_claim (test_catalyst_interpretation_v02.CatalystInterpretationV02Tests.test_offering_withdrawal_is_signal_not_dilution_safety_claim) ... ok
2026-09-12T19:44:34.0697909Z test_possible_repetition_requires_two_available_headlines (test_catalyst_interpretation_v02.CatalystInterpretationV02Tests.test_possible_repetition_requires_two_available_headlines) ... ok
2026-09-12T19:44:34.0700601Z test_proposal_and_board_authorization_are_distinct_from_execution (test_catalyst_interpretation_v02.CatalystInterpretationV02Tests.test_proposal_and_board_authorization_are_distinct_from_execution) ... ok
2026-09-12T19:44:34.0703401Z test_semantic_claim_without_required_title_observation_fails_closed (test_catalyst_interpretation_v02.CatalystInterpretationV02Tests.test_semantic_claim_without_required_title_observation_fails_closed) ... ok
2026-09-12T19:44:34.0706111Z test_specific_amount_does_not_claim_materiality (test_catalyst_interpretation_v02.CatalystInterpretationV02Tests.test_specific_amount_does_not_claim_materiality) ... ok
2026-09-12T19:44:34.0708357Z test_v01_contract_remains_readable_and_unchanged (test_catalyst_interpretation_v02.CatalystInterpretationV02Tests.test_v01_contract_remains_readable_and_unchanged) ... ok
2026-09-12T19:44:34.0710651Z test_contract_freezes_timing_features_without_quality_or_gate (test_catalyst_timing.CatalystTimingTests.test_contract_freezes_timing_features_without_quality_or_gate) ... ok
2026-09-12T19:44:34.0712848Z test_contract_rejects_strategy_gate (test_catalyst_timing.CatalystTimingTests.test_contract_rejects_strategy_gate) ... ok
2026-09-12T19:44:34.0714435Z test_event_count_cannot_decrease (test_catalyst_timing.CatalystTimingTests.test_event_count_cannot_decrease) ... ok
2026-09-12T19:44:34.0716835Z test_frozen_validation_audit_is_pinned_and_non_promotional (test_catalyst_timing.CatalystTimingTests.test_frozen_validation_audit_is_pinned_and_non_promotional) ... ok
2026-09-12T19:44:34.0718764Z test_future_publication_fails_closed (test_catalyst_timing.CatalystTimingTests.test_future_publication_fails_closed) ... ok
2026-09-12T19:44:34.0720750Z test_news_arrival_after_activation_is_measured_causally (test_catalyst_timing.CatalystTimingTests.test_news_arrival_after_activation_is_measured_causally) ... ok
2026-09-12T19:44:34.0722637Z test_observation_gap_resets_transitions (test_catalyst_timing.CatalystTimingTests.test_observation_gap_resets_transitions) ... ok
2026-09-12T19:44:34.0724542Z test_preexisting_news_is_distinguished_from_post_activation_news (test_catalyst_timing.CatalystTimingTests.test_preexisting_news_is_distinguished_from_post_activation_news) ... ok
2026-09-12T19:44:34.0726838Z test_provider_error_remains_unknown_not_no_news (test_catalyst_timing.CatalystTimingTests.test_provider_error_remains_unknown_not_no_news) ... ok
2026-09-12T19:44:34.0728941Z test_exchange_translation_preserves_every_frozen_member (test_causal_market_discovery.CausalMarketDiscoveryTests.test_exchange_translation_preserves_every_frozen_member) ... ok
2026-09-12T19:44:34.0755677Z test_manifest_is_complete_only_through_market_discovery (test_causal_market_discovery.CausalMarketDiscoveryTests.test_manifest_is_complete_only_through_market_discovery) ... ok
2026-09-12T19:44:34.0758872Z test_manifest_rejects_member_without_required_daily_basis (test_causal_market_discovery.CausalMarketDiscoveryTests.test_manifest_rejects_member_without_required_daily_basis) ... ok
2026-09-12T19:44:34.0761532Z test_strategy_profile_fingerprint_changes_with_policy (test_causal_market_discovery.CausalMarketDiscoveryTests.test_strategy_profile_fingerprint_changes_with_policy) ... ok
2026-09-12T19:44:34.0792573Z test_core_uses_uniform_reacquired_candidate_previous_close (test_causal_scanner_snapshot.CausalScannerSnapshotTests.test_core_uses_uniform_reacquired_candidate_previous_close) ... ok
2026-09-12T19:44:34.0823241Z test_incomplete_rank_fails_closed_and_records_coverage (test_causal_scanner_snapshot.CausalScannerSnapshotTests.test_incomplete_rank_fails_closed_and_records_coverage) ... ok
2026-09-12T19:44:34.0888174Z test_input_tape_excludes_bars_unavailable_before_cutoff (test_causal_scanner_snapshot.CausalScannerSnapshotTests.test_input_tape_excludes_bars_unavailable_before_cutoff) ... ok
2026-09-12T19:44:34.0927051Z test_later_news_changes_disposition_only_at_publication (test_causal_scanner_snapshot.CausalScannerSnapshotTests.test_later_news_changes_disposition_only_at_publication) ... ok
2026-09-12T19:44:34.0962377Z test_market_input_hash_orders_membership_and_prior_closes (test_causal_scanner_snapshot.CausalScannerSnapshotTests.test_market_input_hash_orders_membership_and_prior_closes) ... ok
2026-09-12T19:44:34.1017040Z test_missing_exact_candidate_bar_nulls_all_market_features (test_causal_scanner_snapshot.CausalScannerSnapshotTests.test_missing_exact_candidate_bar_nulls_all_market_features) ... ok
2026-09-12T19:44:34.1047772Z test_normalized_rank_uses_split_gain_but_raw_price (test_causal_scanner_snapshot.CausalScannerSnapshotTests.test_normalized_rank_uses_split_gain_but_raw_price) ... ok
2026-09-12T19:44:34.1092626Z test_rank_includes_higher_gain_noncandidate_and_breaks_ties_by_symbol (test_causal_scanner_snapshot.CausalScannerSnapshotTests.test_rank_includes_higher_gain_noncandidate_and_breaks_ties_by_symbol) ... ok
2026-09-12T19:44:34.1117293Z test_session_frame_and_no_top_n_boundaries_are_enforced (test_causal_scanner_snapshot.CausalScannerSnapshotTests.test_session_frame_and_no_top_n_boundaries_are_enforced) ... ok
2026-09-12T19:44:34.1152270Z test_unknown_float_and_news_provider_error_fail_closed (test_causal_scanner_snapshot.CausalScannerSnapshotTests.test_unknown_float_and_news_provider_error_fail_closed) ... ok
2026-09-12T19:44:34.1306721Z test_validator_rejects_tamper_duplicate_and_missing_disposition (test_causal_scanner_snapshot.CausalScannerSnapshotTests.test_validator_rejects_tamper_duplicate_and_missing_disposition) ... ok
2026-09-12T19:44:34.1509293Z test_artifact_loaders_reject_duplicate_json_keys (test_causal_scanner_snapshot_v03.CausalScannerSnapshotV03Tests.test_artifact_loaders_reject_duplicate_json_keys) ... ok
2026-09-12T19:44:34.1714098Z test_forward_and_reverse_scale_factors_cancel_from_gain_and_rank (test_causal_scanner_snapshot_v03.CausalScannerSnapshotV03Tests.test_forward_and_reverse_scale_factors_cancel_from_gain_and_rank) ... ok
2026-09-12T19:44:34.1955038Z test_normalized_sidecar_and_snapshot_round_trip (test_causal_scanner_snapshot_v03.CausalScannerSnapshotV03Tests.test_normalized_sidecar_and_snapshot_round_trip) ... ok
2026-09-12T19:44:34.1967383Z test_policy_and_source_tape_have_new_versioned_identity (test_causal_scanner_snapshot_v03.CausalScannerSnapshotV03Tests.test_policy_and_source_tape_have_new_versioned_identity) ... ok
2026-09-12T19:44:34.2096803Z test_raw_price_is_separate_from_split_gain_and_rank (test_causal_scanner_snapshot_v03.CausalScannerSnapshotV03Tests.test_raw_price_is_separate_from_split_gain_and_rank) ... ok
2026-09-12T19:44:34.2168464Z test_raw_split_timestamp_mismatch_fails_closed (test_causal_scanner_snapshot_v03.CausalScannerSnapshotV03Tests.test_raw_split_timestamp_mismatch_fails_closed) ... ok
2026-09-12T19:44:34.2344873Z test_rehashed_raw_price_and_normalized_gain_tampering_fail (test_causal_scanner_snapshot_v03.CausalScannerSnapshotV03Tests.test_rehashed_raw_price_and_normalized_gain_tampering_fail) ... ok
2026-09-12T19:44:34.2976135Z test_bad_preflight_never_reads_key (test_census_payload_diagnostic.PayloadDiagnosticTests.test_bad_preflight_never_reads_key) ... ok
2026-09-12T19:44:34.3110599Z test_bad_ref_artifact_or_runtime_never_passes (test_census_payload_diagnostic.PayloadDiagnosticTests.test_bad_ref_artifact_or_runtime_never_passes) ... ok
2026-09-12T19:44:34.3113763Z test_ci_must_match_code_and_succeed_in_every_step (test_census_payload_diagnostic.PayloadDiagnosticTests.test_ci_must_match_code_and_succeed_in_every_step) ... ok
2026-09-12T19:44:34.3116723Z test_dirty_merge_wrong_parent_or_missing_authorization_rejected (test_census_payload_diagnostic.PayloadDiagnosticTests.test_dirty_merge_wrong_parent_or_missing_authorization_rejected) ... ok
2026-09-12T19:44:34.3120741Z test_duplicate_key_body_is_safely_inspectable_but_legacy_rejected (test_census_payload_diagnostic.PayloadDiagnosticTests.test_duplicate_key_body_is_safely_inspectable_but_legacy_rejected) ... ok
2026-09-12T19:44:34.3123230Z test_duplicate_key_overwrite_cannot_hide_escaped_credential (test_census_payload_diagnostic.PayloadDiagnosticTests.test_duplicate_key_overwrite_cannot_hide_escaped_credential) ... ok
2026-09-12T19:44:34.3125961Z test_exact_frozen_parent_request_and_no_runtime_authority (test_census_payload_diagnostic.PayloadDiagnosticTests.test_exact_frozen_parent_request_and_no_runtime_authority) ... ok
2026-09-12T19:44:34.3128314Z test_exact_same_commit_launch_allows_batched_code_commit (test_census_payload_diagnostic.PayloadDiagnosticTests.test_exact_same_commit_launch_allows_batched_code_commit) ... ok
2026-09-12T19:44:34.3130677Z test_expired_and_future_authorization_rejected (test_census_payload_diagnostic.PayloadDiagnosticTests.test_expired_and_future_authorization_rejected) ... ok
2026-09-12T19:44:34.3709535Z test_incomplete_oversize_or_encoded_body_not_retained (test_census_payload_diagnostic.PayloadDiagnosticTests.test_incomplete_oversize_or_encoded_body_not_retained) ... ok
2026-09-12T19:44:34.3844423Z test_missing_credential_records_zero_attempts (test_census_payload_diagnostic.PayloadDiagnosticTests.test_missing_credential_records_zero_attempts) ... ok
2026-09-12T19:44:34.4013178Z test_output_reuse_blocks_second_key_read (test_census_payload_diagnostic.PayloadDiagnosticTests.test_output_reuse_blocks_second_key_read) ... ok
2026-09-12T19:44:34.4073249Z test_preflight_roundtrip_and_immutability (test_census_payload_diagnostic.PayloadDiagnosticTests.test_preflight_roundtrip_and_immutability) ... ok
2026-09-12T19:44:34.4208075Z test_provider_denial_does_not_retry (test_census_payload_diagnostic.PayloadDiagnosticTests.test_provider_denial_does_not_retry) ... ok
2026-09-12T19:44:34.4212232Z test_raw_percent_encoded_and_unicode_escaped_secrets_are_not_retained (test_census_payload_diagnostic.PayloadDiagnosticTests.test_raw_percent_encoded_and_unicode_escaped_secrets_are_not_retained) ... ok
2026-09-12T19:44:34.4359559Z test_rejected_order_body_is_retained_and_identified (test_census_payload_diagnostic.PayloadDiagnosticTests.test_rejected_order_body_is_retained_and_identified) ... ok
2026-09-12T19:44:34.4365022Z test_rerun_dispatch_wrong_sha_branch_workflow_or_repo_rejected (test_census_payload_diagnostic.PayloadDiagnosticTests.test_rerun_dispatch_wrong_sha_branch_workflow_or_repo_rejected) ... ok
2026-09-12T19:44:34.4556785Z test_secret_echo_capture_keeps_only_hash (test_census_payload_diagnostic.PayloadDiagnosticTests.test_secret_echo_capture_keeps_only_hash) ... ok
2026-09-12T19:44:34.4604367Z test_symlink_or_extra_preflight_rejected (test_census_payload_diagnostic.PayloadDiagnosticTests.test_symlink_or_extra_preflight_rejected) ... ok
2026-09-12T19:44:34.4742102Z test_transport_exception_does_not_retry_or_leak (test_census_payload_diagnostic.PayloadDiagnosticTests.test_transport_exception_does_not_retry_or_leak) ... ok
2026-09-12T19:44:34.4748088Z test_unexpected_exception_text_is_never_disclosed (test_census_payload_diagnostic.PayloadDiagnosticTests.test_unexpected_exception_text_is_never_disclosed) ... ok
2026-09-12T19:44:34.4750816Z test_uninspectable_json_not_retained (test_census_payload_diagnostic.PayloadDiagnosticTests.test_uninspectable_json_not_retained) ... ok
2026-09-12T19:44:34.4758091Z test_unknown_field_bad_filter_and_bad_cursor_keep_specific_reason (test_census_payload_diagnostic.PayloadDiagnosticTests.test_unknown_field_bad_filter_and_bad_cursor_keep_specific_reason) ... ok
2026-09-12T19:44:34.4904954Z test_valid_page_retained_once_without_pagination (test_census_payload_diagnostic.PayloadDiagnosticTests.test_valid_page_retained_once_without_pagination) ... ok
2026-09-12T19:44:34.4999071Z test_workflow_waits_same_commit_ci_then_consumes_before_secrets (test_census_payload_diagnostic.PayloadDiagnosticTests.test_workflow_waits_same_commit_ci_then_consumes_before_secrets) ... ok
2026-09-12T19:44:34.5021716Z test_assessment_requires_claim_citation_union_and_bounded_expiry (test_context_assessment.ContextAssessmentTests.test_assessment_requires_claim_citation_union_and_bounded_expiry) ... ok
2026-09-12T19:44:34.5051712Z test_assessment_tamper_fails_content_hash_validation (test_context_assessment.ContextAssessmentTests.test_assessment_tamper_fails_content_hash_validation) ... ok
2026-09-12T19:44:34.5055793Z test_contract_tamper_cannot_enable_strategy_authority (test_context_assessment.ContextAssessmentTests.test_contract_tamper_cannot_enable_strategy_authority) ... ok
2026-09-12T19:44:34.5344382Z test_frozen_daily_chart_record_binds_as_supplemental_evidence (test_context_assessment.ContextAssessmentTests.test_frozen_daily_chart_record_binds_as_supplemental_evidence) ... ok
2026-09-12T19:44:34.5366395Z test_frozen_theme_regime_record_binds_as_supplemental_evidence (test_context_assessment.ContextAssessmentTests.test_frozen_theme_regime_record_binds_as_supplemental_evidence) ... ok
2026-09-12T19:44:34.5382805Z test_missing_domain_forces_abstention (test_context_assessment.ContextAssessmentTests.test_missing_domain_forces_abstention) ... ok
2026-09-12T19:44:34.5388220Z test_protocol_audit_binds_contract_and_freezes_no_model_or_rule (test_context_assessment.ContextAssessmentTests.test_protocol_audit_binds_contract_and_freezes_no_model_or_rule) ... ok
2026-09-12T19:44:34.5390970Z test_protocol_is_preregistered_shadow_only_and_excludes_pilot_fit (test_context_assessment.ContextAssessmentTests.test_protocol_is_preregistered_shadow_only_and_excludes_pilot_fit) ... ok
2026-09-12T19:44:34.5414547Z test_shadow_assessment_cites_facts_and_inferences_and_abstains (test_context_assessment.ContextAssessmentTests.test_shadow_assessment_cites_facts_and_inferences_and_abstains) ... ok
2026-09-12T19:44:34.5424753Z test_snapshot_binds_exact_causal_sources_and_explicit_missing_domains (test_context_assessment.ContextAssessmentTests.test_snapshot_binds_exact_causal_sources_and_explicit_missing_domains) ... ok
2026-09-12T19:44:34.5427419Z test_snapshot_rejects_attention_scanner_lineage_mismatch (test_context_assessment.ContextAssessmentTests.test_snapshot_rejects_attention_scanner_lineage_mismatch) ... ok
2026-09-12T19:44:34.5432707Z test_snapshot_rejects_future_headline_even_after_self_rehash (test_context_assessment.ContextAssessmentTests.test_snapshot_rejects_future_headline_even_after_self_rehash) ... ok
2026-09-12T19:44:34.5446954Z test_snapshot_rejects_future_or_retrospective_evidence (test_context_assessment.ContextAssessmentTests.test_snapshot_rejects_future_or_retrospective_evidence) ... ok
2026-09-12T19:44:34.5458059Z test_snapshot_tamper_fails_content_hash_validation (test_context_assessment.ContextAssessmentTests.test_snapshot_tamper_fails_content_hash_validation) ... ok
2026-09-12T19:44:34.5473518Z test_value_specific_claim_requires_issuer_history (test_context_assessment.ContextAssessmentTests.test_value_specific_claim_requires_issuer_history) ... ok
2026-09-12T19:44:34.5514128Z test_account_action_groups_are_separate_and_descriptive (test_context_heldout_comparison.ContextHeldoutComparisonTests.test_account_action_groups_are_separate_and_descriptive) ... ok
2026-09-12T19:44:34.5553019Z test_activation_is_the_only_action_anchor_and_not_claimed_trade_time (test_context_heldout_comparison.ContextHeldoutComparisonTests.test_activation_is_the_only_action_anchor_and_not_claimed_trade_time) ... ok
2026-09-12T19:44:34.5590748Z test_candidate_acquisition_is_a_separate_gate (test_context_heldout_comparison.ContextHeldoutComparisonTests.test_candidate_acquisition_is_a_separate_gate) ... ok
2026-09-12T19:44:34.5628702Z test_deterministic_coverage_reports_missing_domains_without_imputation (test_context_heldout_comparison.ContextHeldoutComparisonTests.test_deterministic_coverage_reports_missing_domains_without_imputation) ... ok
2026-09-12T19:44:34.5666377Z test_every_frozen_semantic_record_is_bound_to_its_exact_snapshot (test_context_heldout_comparison.ContextHeldoutComparisonTests.test_every_frozen_semantic_record_is_bound_to_its_exact_snapshot) ... ok
2026-09-12T19:44:34.5703229Z test_no_score_threshold_or_policy_output_exists (test_context_heldout_comparison.ContextHeldoutComparisonTests.test_no_score_threshold_or_policy_output_exists) ... ok
2026-09-12T19:44:34.5740962Z test_off_candidate_actions_do_not_claim_context_components (test_context_heldout_comparison.ContextHeldoutComparisonTests.test_off_candidate_actions_do_not_claim_context_components) ... ok
2026-09-12T19:44:34.5780971Z test_result_is_bound_to_all_three_frozen_parents (test_context_heldout_comparison.ContextHeldoutComparisonTests.test_result_is_bound_to_all_three_frozen_parents) ... ok
2026-09-12T19:44:34.5883991Z test_self_rehashed_action_coverage_tamper_fails (test_context_heldout_comparison.ContextHeldoutComparisonTests.test_self_rehashed_action_coverage_tamper_fails) ... ok
2026-09-12T19:44:34.5974660Z test_self_rehashed_parent_tamper_fails (test_context_heldout_comparison.ContextHeldoutComparisonTests.test_self_rehashed_parent_tamper_fails) ... ok
2026-09-12T19:44:34.6076615Z test_self_rehashed_semantic_value_tamper_fails (test_context_heldout_comparison.ContextHeldoutComparisonTests.test_self_rehashed_semantic_value_tamper_fails) ... ok
2026-09-12T19:44:34.6114119Z test_semantic_abstention_and_confidence_remain_component_scoped (test_context_heldout_comparison.ContextHeldoutComparisonTests.test_semantic_abstention_and_confidence_remain_component_scoped) ... ok
2026-09-12T19:44:34.6353748Z test_account_scope_is_preserved_on_same_symbol (test_context_heldout_labels.ContextHeldoutLabelTests.test_account_scope_is_preserved_on_same_symbol) ... ok
2026-09-12T19:44:34.6591101Z test_all_eight_files_are_inventoried_but_raw_archive_is_not_committed (test_context_heldout_labels.ContextHeldoutLabelTests.test_all_eight_files_are_inventoried_but_raw_archive_is_not_committed) ... ok
2026-09-12T19:44:34.6824892Z test_labels_bind_exact_frozen_runtime_semantic_tree_and_candidates (test_context_heldout_labels.ContextHeldoutLabelTests.test_labels_bind_exact_frozen_runtime_semantic_tree_and_candidates) ... ok
2026-09-12T19:44:34.7073965Z test_labels_cannot_enable_strategy_authority (test_context_heldout_labels.ContextHeldoutLabelTests.test_labels_cannot_enable_strategy_authority) ... ok
2026-09-12T19:44:34.7328036Z test_no_trade_session_cannot_enable_skip_inference (test_context_heldout_labels.ContextHeldoutLabelTests.test_no_trade_session_cannot_enable_skip_inference) ... ok
2026-09-12T19:44:34.7567223Z test_off_candidate_actions_and_transcription_corrections_are_retained (test_context_heldout_labels.ContextHeldoutLabelTests.test_off_candidate_actions_and_transcription_corrections_are_retained) ... ok
2026-09-12T19:44:34.7804384Z test_publication_date_is_not_silently_used_as_trading_date (test_context_heldout_labels.ContextHeldoutLabelTests.test_publication_date_is_not_silently_used_as_trading_date) ... ok
2026-09-12T19:44:34.8161511Z test_self_rehashed_candidate_tamper_fails_against_semantic_parent (test_context_heldout_labels.ContextHeldoutLabelTests.test_self_rehashed_candidate_tamper_fails_against_semantic_parent) ... ok
2026-09-12T19:44:34.8401052Z test_sparse_counts_keep_unmentioned_candidates_unknown (test_context_heldout_labels.ContextHeldoutLabelTests.test_sparse_counts_keep_unmentioned_candidates_unknown) ... ok
2026-09-12T19:44:34.8404723Z test_dates_are_next_ten_calendar_only_sessions (test_context_heldout_panel.ContextHeldoutPanelTests.test_dates_are_next_ten_calendar_only_sessions) ... ok
2026-09-12T19:44:34.8412670Z test_dates_cannot_be_replaced_after_registration (test_context_heldout_panel.ContextHeldoutPanelTests.test_dates_cannot_be_replaced_after_registration) ... ok
2026-09-12T19:44:34.8421486Z test_missing_source_date_cannot_be_substituted_or_called_skip (test_context_heldout_panel.ContextHeldoutPanelTests.test_missing_source_date_cannot_be_substituted_or_called_skip) ... ok
2026-09-12T19:44:34.8426409Z test_registration_audit_binds_exact_contract (test_context_heldout_panel.ContextHeldoutPanelTests.test_registration_audit_binds_exact_contract) ... ok
2026-09-12T19:44:34.8429896Z test_registration_has_no_runtime_or_semantic_result (test_context_heldout_panel.ContextHeldoutPanelTests.test_registration_has_no_runtime_or_semantic_result) ... ok
2026-09-12T19:44:34.8433133Z test_reviewed_pilot_is_excluded_from_fit_and_evaluation (test_context_heldout_panel.ContextHeldoutPanelTests.test_reviewed_pilot_is_excluded_from_fit_and_evaluation) ... ok
2026-09-12T19:44:34.8444373Z test_source_or_behavior_information_cannot_enter_registration (test_context_heldout_panel.ContextHeldoutPanelTests.test_source_or_behavior_information_cannot_enter_registration) ... ok
2026-09-12T19:44:34.8608356Z test_daily_runtime_builds_activation_record_and_preserves_unavailable (test_context_runtime.ContextRuntimeTests.test_daily_runtime_builds_activation_record_and_preserves_unavailable) ... ok
2026-09-12T19:44:34.8638253Z test_daily_runtime_keeps_invalid_non_null_price_fail_closed (test_context_runtime.ContextRuntimeTests.test_daily_runtime_keeps_invalid_non_null_price_fail_closed) ... ok
2026-09-12T19:44:34.8650979Z test_daily_runtime_preserves_null_decision_price_as_unavailable (test_context_runtime.ContextRuntimeTests.test_daily_runtime_preserves_null_decision_price_as_unavailable) ... ok
2026-09-12T19:44:34.8686790Z test_final_market_manifest_path_loads_and_binds_frozen_registration (test_context_runtime.ContextRuntimeTests.test_final_market_manifest_path_loads_and_binds_frozen_registration) ... ok
2026-09-12T19:44:34.8689581Z test_first_runtime_failure_is_permanent_and_not_promotable (test_context_runtime.ContextRuntimeTests.test_first_runtime_failure_is_permanent_and_not_promotable) ... ok
2026-09-12T19:44:34.8697511Z test_generic_date_and_root_payloads_preserve_missing_records (test_context_runtime.ContextRuntimeTests.test_generic_date_and_root_payloads_preserve_missing_records) ... ok
2026-09-12T19:44:34.8701052Z test_market_manifest_is_hash_bound_label_blind_and_all_candidate (test_context_runtime.ContextRuntimeTests.test_market_manifest_is_hash_bound_label_blind_and_all_candidate) ... ok
2026-09-12T19:44:34.8708607Z test_prior_runtime_root_accepts_direct_or_named_artifact_layout_only (test_context_runtime.ContextRuntimeTests.test_prior_runtime_root_accepts_direct_or_named_artifact_layout_only) ... ok
2026-09-12T19:44:34.8711353Z test_provider_pipeline_uses_only_registered_dates_and_endpoint_identity_gate (test_context_runtime.ContextRuntimeTests.test_provider_pipeline_uses_only_registered_dates_and_endpoint_identity_gate) ... ok
2026-09-12T19:44:34.8714962Z test_run_32204337846_failures_are_permanent_and_not_promotable (test_context_runtime.ContextRuntimeTests.test_run_32204337846_failures_are_permanent_and_not_promotable) ... ok
2026-09-12T19:44:34.8718057Z test_run_32243689589_failure_is_permanent_and_not_promotable (test_context_runtime.ContextRuntimeTests.test_run_32243689589_failure_is_permanent_and_not_promotable) ... ok
2026-09-12T19:44:34.8722346Z test_run_32260356870_success_is_permanent_verified_and_not_promotable (test_context_runtime.ContextRuntimeTests.test_run_32260356870_success_is_permanent_verified_and_not_promotable) ... ok
2026-09-12T19:44:34.8729251Z test_runtime_request_hashes_the_exact_frozen_contract_files (test_context_runtime.ContextRuntimeTests.test_runtime_request_hashes_the_exact_frozen_contract_files) ... ok
2026-09-12T19:44:34.8732241Z test_runtime_request_is_fixed_label_blind_and_not_promotable (test_context_runtime.ContextRuntimeTests.test_runtime_request_is_fixed_label_blind_and_not_promotable) ... ok
2026-09-12T19:44:34.8734693Z test_workflow_uses_registered_builders_and_no_transcript_archive (test_context_runtime.ContextRuntimeTests.test_workflow_uses_registered_builders_and_no_transcript_archive) ... ok
2026-09-12T19:44:34.8736917Z test_builder_has_no_uploaded_transcript_or_recap_source_path (test_context_semantic_shadow.ContextSemanticShadowTests.test_builder_has_no_uploaded_transcript_or_recap_source_path) ... ok
2026-09-12T19:44:34.8738492Z test_frozen_files_have_stable_file_hashes (test_context_semantic_shadow.ContextSemanticShadowTests.test_frozen_files_have_stable_file_hashes) ... ok
2026-09-12T19:44:34.9476512Z test_frozen_semantic_artifact_recomputes_and_preserves_boundaries (test_context_semantic_shadow.ContextSemanticShadowTests.test_frozen_semantic_artifact_recomputes_and_preserves_boundaries) ... ok
2026-09-12T19:44:34.9479904Z test_manifest_tamper_cannot_enable_promotion (test_context_semantic_shadow.ContextSemanticShadowTests.test_manifest_tamper_cannot_enable_promotion) ... ok
2026-09-12T19:44:34.9481826Z test_permanent_audit_binds_frozen_artifact_and_allows_labels_only_after_freeze (test_context_semantic_shadow.ContextSemanticShadowTests.test_permanent_audit_binds_frozen_artifact_and_allows_labels_only_after_freeze) ... ok
2026-09-12T19:44:34.9484395Z test_rubric_is_frozen_label_blind_and_transparent_about_generation (test_context_semantic_shadow.ContextSemanticShadowTests.test_rubric_is_frozen_label_blind_and_transparent_about_generation) ... ok
2026-09-12T19:44:34.9489003Z test_rubric_tamper_cannot_add_authority_or_change_parent (test_context_semantic_shadow.ContextSemanticShadowTests.test_rubric_tamper_cannot_add_authority_or_change_parent) ... ok
2026-09-12T19:44:34.9499237Z test_as_of_quarantines_future_and_unknown_dates (test_corpus.CorpusTests.test_as_of_quarantines_future_and_unknown_dates) ... ok
2026-09-12T19:44:34.9520221Z test_audit_detects_duplicate_ids (test_corpus.CorpusTests.test_audit_detects_duplicate_ids) ... ok
2026-09-12T19:44:34.9521438Z test_normalizes_html_and_whitespace (test_corpus.CorpusTests.test_normalizes_html_and_whitespace) ... ok
2026-09-12T19:44:34.9522218Z test_parse_publication_date (test_corpus.CorpusTests.test_parse_publication_date) ... ok
2026-09-12T19:44:34.9853734Z test_adapter_requires_frozen_artifact_hash_and_has_no_authority (test_daily_chart_context.DailyChartContextTests.test_adapter_requires_frozen_artifact_hash_and_has_no_authority) ... ok
2026-09-12T19:44:34.9941137Z test_builder_rejects_current_session_and_naive_source_timestamps (test_daily_chart_context.DailyChartContextTests.test_builder_rejects_current_session_and_naive_source_timestamps) ... ok
2026-09-12T19:44:35.0099239Z test_builder_uses_only_prior_completed_sessions_and_exact_formulas (test_daily_chart_context.DailyChartContextTests.test_builder_uses_only_prior_completed_sessions_and_exact_formulas) ... ok
2026-09-12T19:44:35.0101433Z test_contract_freezes_causal_sources_but_no_chart_threshold (test_daily_chart_context.DailyChartContextTests.test_contract_freezes_causal_sources_but_no_chart_threshold) ... ok
2026-09-12T19:44:35.0223699Z test_identity_window_must_cover_every_included_bar_and_decision (test_daily_chart_context.DailyChartContextTests.test_identity_window_must_cover_every_included_bar_and_decision) ... ok
2026-09-12T19:44:35.0273102Z test_partial_history_is_explicit_and_does_not_invent_features (test_daily_chart_context.DailyChartContextTests.test_partial_history_is_explicit_and_does_not_invent_features) ... ok
2026-09-12T19:44:35.0277013Z test_protocol_audit_binds_exact_contract_without_promotion (test_daily_chart_context.DailyChartContextTests.test_protocol_audit_binds_exact_contract_without_promotion) ... ok
2026-09-12T19:44:35.0533417Z test_tamper_fails_hash_and_deterministic_reconstruction (test_daily_chart_context.DailyChartContextTests.test_tamper_fails_hash_and_deterministic_reconstruction) ... ok
2026-09-12T19:44:35.0558786Z test_aggregate_budget_rejection_makes_zero_timeseries_calls (test_databento_behavioral_cohort_execution_v01.DatabentoBehavioralCohortExecutionV01Tests.test_aggregate_budget_rejection_makes_zero_timeseries_calls) ... ok
2026-09-12T19:44:35.0897388Z test_all_quotes_precede_exact_five_downloads_and_report_is_sanitized (test_databento_behavioral_cohort_execution_v01.DatabentoBehavioralCohortExecutionV01Tests.test_all_quotes_precede_exact_five_downloads_and_report_is_sanitized) ... ok
2026-09-12T19:44:35.0899933Z test_authorization_drift_fails_closed (test_databento_behavioral_cohort_execution_v01.DatabentoBehavioralCohortExecutionV01Tests.test_authorization_drift_fails_closed) ... ok
2026-09-12T19:44:35.0901888Z test_checkpoint_inside_atomic_event_fails_closed (test_databento_behavioral_cohort_execution_v01.DatabentoBehavioralCohortExecutionV01Tests.test_checkpoint_inside_atomic_event_fails_closed) ... ok
2026-09-12T19:44:35.0904096Z test_cohort_is_exact_hash_bound_and_harness_is_unarmed (test_databento_behavioral_cohort_execution_v01.DatabentoBehavioralCohortExecutionV01Tests.test_cohort_is_exact_hash_bound_and_harness_is_unarmed) ... ok
2026-09-12T19:44:35.0922227Z test_first_provider_failure_stops_without_retry (test_databento_behavioral_cohort_execution_v01.DatabentoBehavioralCohortExecutionV01Tests.test_first_provider_failure_stops_without_retry) ... ok
2026-09-12T19:44:35.0928725Z test_harness_registration_audit_binds_unarmed_files (test_databento_behavioral_cohort_execution_v01.DatabentoBehavioralCohortExecutionV01Tests.test_harness_registration_audit_binds_unarmed_files) ... ok
2026-09-12T19:44:35.0930166Z test_registration_does_not_contain_execution_file (test_databento_behavioral_cohort_execution_v01.DatabentoBehavioralCohortExecutionV01Tests.test_registration_does_not_contain_execution_file) ... ok
2026-09-12T19:44:35.0934105Z test_safe_failure_audit_is_hash_bound_and_records_no_retry (test_databento_behavioral_cohort_execution_v01.DatabentoBehavioralCohortExecutionV01Tests.test_safe_failure_audit_is_hash_bound_and_records_no_retry) ... ok
2026-09-12T19:44:35.0936365Z test_workflow_is_authorization_only_first_attempt_and_pinned (test_databento_behavioral_cohort_execution_v01.DatabentoBehavioralCohortExecutionV01Tests.test_workflow_is_authorization_only_first_attempt_and_pinned) ... ok
2026-09-12T19:44:35.0989191Z test_budget_rejection_makes_zero_timeseries_calls (test_databento_behavioral_cohort_execution_v02.DatabentoBehavioralCohortExecutionV02Tests.test_budget_rejection_makes_zero_timeseries_calls) ... ok
2026-09-12T19:44:35.0992014Z test_consumed_v01_authorization_cannot_validate_as_v02 (test_databento_behavioral_cohort_execution_v02.DatabentoBehavioralCohortExecutionV02Tests.test_consumed_v01_authorization_cannot_validate_as_v02) ... ok
2026-09-12T19:44:35.0997532Z test_contract_and_authorization_drift_fail_closed (test_databento_behavioral_cohort_execution_v02.DatabentoBehavioralCohortExecutionV02Tests.test_contract_and_authorization_drift_fail_closed) ... ok
2026-09-12T19:44:35.1000430Z test_contract_binds_safe_failure_and_exact_dataframe_repair (test_databento_behavioral_cohort_execution_v02.DatabentoBehavioralCohortExecutionV02Tests.test_contract_binds_safe_failure_and_exact_dataframe_repair) ... ok
2026-09-12T19:44:35.1008702Z test_contract_is_hash_bound_unarmed_and_future_authorization_is_valid (test_databento_behavioral_cohort_execution_v02.DatabentoBehavioralCohortExecutionV02Tests.test_contract_is_hash_bound_unarmed_and_future_authorization_is_valid) ... ok
2026-09-12T19:44:35.1043661Z test_first_provider_failure_stops_without_retry (test_databento_behavioral_cohort_execution_v02.DatabentoBehavioralCohortExecutionV02Tests.test_first_provider_failure_stops_without_retry) ... ok
2026-09-12T19:44:35.1050956Z test_registration_audit_binds_unarmed_v02_files (test_databento_behavioral_cohort_execution_v02.DatabentoBehavioralCohortExecutionV02Tests.test_registration_audit_binds_unarmed_v02_files) ... ok
2026-09-12T19:44:35.1401332Z test_repaired_success_delegates_exactly_and_versions_report (test_databento_behavioral_cohort_execution_v02.DatabentoBehavioralCohortExecutionV02Tests.test_repaired_success_delegates_exactly_and_versions_report) ... ok
2026-09-12T19:44:35.1403795Z test_workflow_is_v02_authorization_only_first_attempt_and_pinned (test_databento_behavioral_cohort_execution_v02.DatabentoBehavioralCohortExecutionV02Tests.test_workflow_is_v02_authorization_only_first_attempt_and_pinned) ... ok
2026-09-12T19:44:35.1407794Z test_permanent_success_audit_binds_consumed_first_attempt (test_databento_behavioral_cohort_v02_success_audit.DatabentoBehavioralCohortV02SuccessAuditTests.test_permanent_success_audit_binds_consumed_first_attempt) ... ok
2026-09-12T19:44:35.1410576Z test_sanitization_and_causality_guards_remained_closed (test_databento_behavioral_cohort_v02_success_audit.DatabentoBehavioralCohortV02SuccessAuditTests.test_sanitization_and_causality_guards_remained_closed) ... ok
2026-09-12T19:44:35.1412582Z test_success_is_complete_exact_and_not_a_policy_promotion (test_databento_behavioral_cohort_v02_success_audit.DatabentoBehavioralCohortV02SuccessAuditTests.test_success_is_complete_exact_and_not_a_policy_promotion) ... ok
2026-09-12T19:44:35.1420258Z test_activation_readiness_audit_binds_corrected_test_harness (test_databento_feature_coverage_v01.DatabentoFeatureCoverageV01Tests.test_activation_readiness_audit_binds_corrected_test_harness) ... ok
2026-09-12T19:44:35.1428368Z test_aggregate_budget_rejection_makes_zero_timeseries_calls (test_databento_feature_coverage_v01.DatabentoFeatureCoverageV01Tests.test_aggregate_budget_rejection_makes_zero_timeseries_calls) ... ok
2026-09-12T19:44:35.1430184Z test_authorization_overclaim_fails_closed (test_databento_feature_coverage_v01.DatabentoFeatureCoverageV01Tests.test_authorization_overclaim_fails_closed) ... ok
2026-09-12T19:44:35.1433601Z test_contract_is_hash_bound_to_verified_parent_and_unarmed (test_databento_feature_coverage_v01.DatabentoFeatureCoverageV01Tests.test_contract_is_hash_bound_to_verified_parent_and_unarmed) ... ok
2026-09-12T19:44:35.1471166Z test_first_provider_failure_stops_without_retry (test_databento_feature_coverage_v01.DatabentoFeatureCoverageV01Tests.test_first_provider_failure_stops_without_retry) ... ok
2026-09-12T19:44:35.1473535Z test_fixed_remaining_case_order_excludes_only_verified_intj (test_databento_feature_coverage_v01.DatabentoFeatureCoverageV01Tests.test_fixed_remaining_case_order_excludes_only_verified_intj) ... ok
2026-09-12T19:44:35.1475260Z test_frozen_repair_and_feature_engine_hashes_are_unchanged (test_databento_feature_coverage_v01.DatabentoFeatureCoverageV01Tests.test_frozen_repair_and_feature_engine_hashes_are_unchanged) ... ok
2026-09-12T19:44:35.1514279Z test_generalized_case_extractor_is_identical_on_frozen_intj_fixture (test_databento_feature_coverage_v01.DatabentoFeatureCoverageV01Tests.test_generalized_case_extractor_is_identical_on_frozen_intj_fixture) ... ok
2026-09-12T19:44:35.1521160Z test_registration_audit_binds_unarmed_bundle (test_databento_feature_coverage_v01.DatabentoFeatureCoverageV01Tests.test_registration_audit_binds_unarmed_bundle) ... ok
2026-09-12T19:44:35.1531327Z test_runner_rejects_absent_authorization_before_sdk_import (test_databento_feature_coverage_v01.DatabentoFeatureCoverageV01Tests.test_runner_rejects_absent_authorization_before_sdk_import) ... ok
2026-09-12T19:44:35.1610228Z test_three_case_replay_is_exact_threshold_free_and_sanitized (test_databento_feature_coverage_v01.DatabentoFeatureCoverageV01Tests.test_three_case_replay_is_exact_threshold_free_and_sanitized) ... ok
2026-09-12T19:44:35.1612640Z test_workflow_is_disjoint_from_unarmed_bundle (test_databento_feature_coverage_v01.DatabentoFeatureCoverageV01Tests.test_workflow_is_disjoint_from_unarmed_bundle) ... ok
2026-09-12T19:44:35.1633895Z test_aggregate_budget_rejection_makes_zero_timeseries_calls (test_databento_feature_coverage_v02.DatabentoFeatureCoverageV02Tests.test_aggregate_budget_rejection_makes_zero_timeseries_calls) ... ok
2026-09-12T19:44:35.1636219Z test_authorization_overclaim_fails_closed (test_databento_feature_coverage_v02.DatabentoFeatureCoverageV02Tests.test_authorization_overclaim_fails_closed) ... ok
2026-09-12T19:44:35.1679463Z test_contract_and_reports_exclude_retrospective_authority_inputs (test_databento_feature_coverage_v02.DatabentoFeatureCoverageV02Tests.test_contract_and_reports_exclude_retrospective_authority_inputs) ... ok
2026-09-12T19:44:35.1682047Z test_contract_is_hash_bound_to_verified_parents_and_unarmed (test_databento_feature_coverage_v02.DatabentoFeatureCoverageV02Tests.test_contract_is_hash_bound_to_verified_parents_and_unarmed) ... ok
2026-09-12T19:44:35.1684440Z test_exact_amc_gmm_order_caps_and_prior_quote_evidence_are_frozen (test_databento_feature_coverage_v02.DatabentoFeatureCoverageV02Tests.test_exact_amc_gmm_order_caps_and_prior_quote_evidence_are_frozen) ... ok
2026-09-12T19:44:35.1693943Z test_first_provider_failure_stops_without_retry (test_databento_feature_coverage_v02.DatabentoFeatureCoverageV02Tests.test_first_provider_failure_stops_without_retry) ... ok
2026-09-12T19:44:35.1695985Z test_frozen_repair_and_feature_engine_hashes_are_unchanged (test_databento_feature_coverage_v02.DatabentoFeatureCoverageV02Tests.test_frozen_repair_and_feature_engine_hashes_are_unchanged) ... ok
2026-09-12T19:44:35.1710634Z test_price_mismatch_replays_under_registered_repair_without_thresholds (test_databento_feature_coverage_v02.DatabentoFeatureCoverageV02Tests.test_price_mismatch_replays_under_registered_repair_without_thresholds) ... ok
2026-09-12T19:44:35.1717742Z test_registration_audit_binds_unarmed_bundle (test_databento_feature_coverage_v02.DatabentoFeatureCoverageV02Tests.test_registration_audit_binds_unarmed_bundle) ... ok
2026-09-12T19:44:35.1726709Z test_runner_rejects_absent_authorization_before_sdk_import (test_databento_feature_coverage_v02.DatabentoFeatureCoverageV02Tests.test_runner_rejects_absent_authorization_before_sdk_import) ... ok
2026-09-12T19:44:35.1753418Z test_second_provider_failure_preserves_amc_and_stops_without_retry (test_databento_feature_coverage_v02.DatabentoFeatureCoverageV02Tests.test_second_provider_failure_preserves_amc_and_stops_without_retry) ... ok
2026-09-12T19:44:35.1794639Z test_two_request_replay_is_ordered_exact_and_sanitized (test_databento_feature_coverage_v02.DatabentoFeatureCoverageV02Tests.test_two_request_replay_is_ordered_exact_and_sanitized) ... ok
2026-09-12T19:44:35.1797866Z test_workflow_is_disjoint_parent_bound_and_first_attempt_only (test_databento_feature_coverage_v02.DatabentoFeatureCoverageV02Tests.test_workflow_is_disjoint_parent_bound_and_first_attempt_only) ... ok
2026-09-12T19:44:35.1801378Z test_permanent_success_audit_binds_verified_four_case_coverage (test_databento_feature_coverage_v02_success_audit.DatabentoFeatureCoverageV02SuccessAuditTests.test_permanent_success_audit_binds_verified_four_case_coverage) ... ok
2026-09-12T19:44:35.1915972Z test_all_four_synthetic_streams_pass_and_delete_raw_files (test_databento_feature_diagnostic_v01.DatabentoFeatureDiagnosticV01Tests.test_all_four_synthetic_streams_pass_and_delete_raw_files) ... ok
2026-09-12T19:44:35.1918196Z test_atomic_group_failures_are_closed (test_databento_feature_diagnostic_v01.DatabentoFeatureDiagnosticV01Tests.test_atomic_group_failures_are_closed) ... ok
2026-09-12T19:44:35.1920793Z test_contract_is_hash_bound_and_unarmed (test_databento_feature_diagnostic_v01.DatabentoFeatureDiagnosticV01Tests.test_contract_is_hash_bound_and_unarmed) ... ok
2026-09-12T19:44:35.1923333Z test_exact_four_mbo_requests_and_ceilings_are_frozen (test_databento_feature_diagnostic_v01.DatabentoFeatureDiagnosticV01Tests.test_exact_four_mbo_requests_and_ceilings_are_frozen) ... ok
2026-09-12T19:44:35.1935568Z test_preflight_budget_failure_makes_zero_timeseries_calls (test_databento_feature_diagnostic_v01.DatabentoFeatureDiagnosticV01Tests.test_preflight_budget_failure_makes_zero_timeseries_calls) ... ok
2026-09-12T19:44:35.1980196Z test_provider_or_parser_failure_is_sanitized_without_retry (test_databento_feature_diagnostic_v01.DatabentoFeatureDiagnosticV01Tests.test_provider_or_parser_failure_is_sanitized_without_retry) ... ok
2026-09-12T19:44:35.1985614Z test_registration_audit_binds_the_inert_bundle (test_databento_feature_diagnostic_v01.DatabentoFeatureDiagnosticV01Tests.test_registration_audit_binds_the_inert_bundle) ... ok
2026-09-12T19:44:35.1989166Z test_separate_execution_child_is_hash_bound_to_published_parent (test_databento_feature_diagnostic_v01.DatabentoFeatureDiagnosticV01Tests.test_separate_execution_child_is_hash_bound_to_published_parent) ... ok
2026-09-12T19:44:35.2029001Z test_threshold_free_feature_extraction_is_deterministic (test_databento_feature_diagnostic_v01.DatabentoFeatureDiagnosticV01Tests.test_threshold_free_feature_extraction_is_deterministic) ... ok
2026-09-12T19:44:35.2036515Z test_unavailable_report_and_sanitization_boundary (test_databento_feature_diagnostic_v01.DatabentoFeatureDiagnosticV01Tests.test_unavailable_report_and_sanitization_boundary) ... ok
2026-09-12T19:44:35.2039102Z test_workflow_is_one_shot_after_separate_exact_authorization (test_databento_feature_diagnostic_v01.DatabentoFeatureDiagnosticV01Tests.test_workflow_is_one_shot_after_separate_exact_authorization) ... ok
2026-09-12T19:44:35.2042075Z test_xnas_trade_fill_cancel_is_ordered_and_classified (test_databento_feature_diagnostic_v01.DatabentoFeatureDiagnosticV01Tests.test_xnas_trade_fill_cancel_is_ordered_and_classified) ... ok
2026-09-12T19:44:35.2050754Z test_atomic_group_boundary_and_timestamp_failures_are_classified (test_databento_feature_diagnostic_v02.DatabentoFeatureDiagnosticV02Tests.test_atomic_group_boundary_and_timestamp_failures_are_classified) ... ok
2026-09-12T19:44:35.2053564Z test_child_remains_unarmed_and_workflow_only_awaits_future_authorization (test_databento_feature_diagnostic_v02.DatabentoFeatureDiagnosticV02Tests.test_child_remains_unarmed_and_workflow_only_awaits_future_authorization) ... ok
2026-09-12T19:44:35.2057283Z test_failure_audit_contract_and_frozen_sources_are_hash_bound (test_databento_feature_diagnostic_v02.DatabentoFeatureDiagnosticV02Tests.test_failure_audit_contract_and_frozen_sources_are_hash_bound) ... ok
2026-09-12T19:44:35.2063533Z test_feature_snapshot_failure_is_classified_without_exception_text (test_databento_feature_diagnostic_v02.DatabentoFeatureDiagnosticV02Tests.test_feature_snapshot_failure_is_classified_without_exception_text) ... ok
2026-09-12T19:44:35.2066775Z test_fill_cancel_and_normalization_failures_have_specific_codes (test_databento_feature_diagnostic_v02.DatabentoFeatureDiagnosticV02Tests.test_fill_cancel_and_normalization_failures_have_specific_codes) ... ok
2026-09-12T19:44:35.2090073Z test_preflight_query_or_budget_failure_makes_zero_timeseries_calls (test_databento_feature_diagnostic_v02.DatabentoFeatureDiagnosticV02Tests.test_preflight_query_or_budget_failure_makes_zero_timeseries_calls) ... ok
2026-09-12T19:44:35.2157441Z test_provider_file_metadata_iteration_and_replay_failures_are_one_shot (test_databento_feature_diagnostic_v02.DatabentoFeatureDiagnosticV02Tests.test_provider_file_metadata_iteration_and_replay_failures_are_one_shot) ... ok
2026-09-12T19:44:35.2164768Z test_registration_audit_binds_final_unarmed_bundle_when_present (test_databento_feature_diagnostic_v02.DatabentoFeatureDiagnosticV02Tests.test_registration_audit_binds_final_unarmed_bundle_when_present) ... ok
2026-09-12T19:44:35.2181220Z test_report_validator_rejects_unknown_codes_fields_messages_and_hashes (test_databento_feature_diagnostic_v02.DatabentoFeatureDiagnosticV02Tests.test_report_validator_rejects_unknown_codes_fields_messages_and_hashes) ... ok
2026-09-12T19:44:35.2304989Z test_runner_early_gates_never_import_sdk_or_construct_client (test_databento_feature_diagnostic_v02.DatabentoFeatureDiagnosticV02Tests.test_runner_early_gates_never_import_sdk_or_construct_client) ... ok
2026-09-12T19:44:35.2308847Z test_safe_failure_object_is_closed_and_non_reconstructive (test_databento_feature_diagnostic_v02.DatabentoFeatureDiagnosticV02Tests.test_safe_failure_object_is_closed_and_non_reconstructive) ... ok
2026-09-12T19:44:35.2387062Z test_success_is_deterministic_and_exactly_matches_frozen_v01_metrics (test_databento_feature_diagnostic_v02.DatabentoFeatureDiagnosticV02Tests.test_success_is_deterministic_and_exactly_matches_frozen_v01_metrics) ... ok
2026-09-12T19:44:35.2430367Z test_successful_gate_is_one_shot_and_deletes_raw_placeholder (test_databento_feature_diagnostic_v02.DatabentoFeatureDiagnosticV02Tests.test_successful_gate_is_one_shot_and_deletes_raw_placeholder) ... ok
2026-09-12T19:44:35.2440626Z test_activation_readiness_audit_binds_corrected_test_harness (test_databento_feature_diagnostic_v03.DatabentoFeatureDiagnosticV03Tests.test_activation_readiness_audit_binds_corrected_test_harness) ... ok
2026-09-12T19:44:35.2443122Z test_authorization_validation_is_strict (test_databento_feature_diagnostic_v03.DatabentoFeatureDiagnosticV03Tests.test_authorization_validation_is_strict) ... ok
2026-09-12T19:44:35.2446088Z test_contract_and_parent_failure_are_hash_bound_and_unarmed (test_databento_feature_diagnostic_v03.DatabentoFeatureDiagnosticV03Tests.test_contract_and_parent_failure_are_hash_bound_and_unarmed) ... ok
2026-09-12T19:44:35.2448906Z test_fill_cancel_match_is_sequence_scoped (test_databento_feature_diagnostic_v03.DatabentoFeatureDiagnosticV03Tests.test_fill_cancel_match_is_sequence_scoped) ... ok
2026-09-12T19:44:35.2451700Z test_frozen_parent_sources_and_feature_engine_are_unchanged (test_databento_feature_diagnostic_v03.DatabentoFeatureDiagnosticV03Tests.test_frozen_parent_sources_and_feature_engine_are_unchanged) ... ok
2026-09-12T19:44:35.2489760Z test_frozen_valid_fixture_preserves_all_parent_metrics (test_databento_feature_diagnostic_v03.DatabentoFeatureDiagnosticV03Tests.test_frozen_valid_fixture_preserves_all_parent_metrics) ... ok
2026-09-12T19:44:35.2492884Z test_incomplete_scope_fails_closed_even_when_another_scope_completes (test_databento_feature_diagnostic_v03.DatabentoFeatureDiagnosticV03Tests.test_incomplete_scope_fails_closed_even_when_another_scope_completes) ... ok
2026-09-12T19:44:35.2505097Z test_interleaved_scope_feature_engines_do_not_cross_contaminate (test_databento_feature_diagnostic_v03.DatabentoFeatureDiagnosticV03Tests.test_interleaved_scope_feature_engines_do_not_cross_contaminate) ... ok
2026-09-12T19:44:35.2507761Z test_interleaved_scopes_close_independently (test_databento_feature_diagnostic_v03.DatabentoFeatureDiagnosticV03Tests.test_interleaved_scopes_close_independently) ... ok
2026-09-12T19:44:35.2514673Z test_mixed_sequence_repair_replays_without_thresholds (test_databento_feature_diagnostic_v03.DatabentoFeatureDiagnosticV03Tests.test_mixed_sequence_repair_replays_without_thresholds) ... ok
2026-09-12T19:44:35.2529976Z test_preflight_budget_failure_makes_zero_timeseries_calls (test_databento_feature_diagnostic_v03.DatabentoFeatureDiagnosticV03Tests.test_preflight_budget_failure_makes_zero_timeseries_calls) ... ok
2026-09-12T19:44:35.2540394Z test_provider_failure_is_sanitized_without_retry (test_databento_feature_diagnostic_v03.DatabentoFeatureDiagnosticV03Tests.test_provider_failure_is_sanitized_without_retry) ... ok
2026-09-12T19:44:35.2547786Z test_registration_audit_binds_the_unarmed_repair_bundle (test_databento_feature_diagnostic_v03.DatabentoFeatureDiagnosticV03Tests.test_registration_audit_binds_the_unarmed_repair_bundle) ... ok
2026-09-12T19:44:35.2576860Z test_report_validator_rejects_raw_values_and_unlisted_failure_phase (test_databento_feature_diagnostic_v03.DatabentoFeatureDiagnosticV03Tests.test_report_validator_rejects_raw_values_and_unlisted_failure_phase) ... ok
2026-09-12T19:44:35.2586949Z test_runner_requires_future_authorization_before_provider_import (test_databento_feature_diagnostic_v03.DatabentoFeatureDiagnosticV03Tests.test_runner_requires_future_authorization_before_provider_import) ... ok
2026-09-12T19:44:35.2589702Z test_sequence_change_before_f_last_is_one_instrument_event (test_databento_feature_diagnostic_v03.DatabentoFeatureDiagnosticV03Tests.test_sequence_change_before_f_last_is_one_instrument_event) ... ok
2026-09-12T19:44:35.2610508Z test_synthetic_success_is_one_request_and_cleans_raw_file (test_databento_feature_diagnostic_v03.DatabentoFeatureDiagnosticV03Tests.test_synthetic_success_is_one_request_and_cleans_raw_file) ... ok
2026-09-12T19:44:35.2616906Z test_unarmed_bundle_does_not_import_databento (test_databento_feature_diagnostic_v03.DatabentoFeatureDiagnosticV03Tests.test_unarmed_bundle_does_not_import_databento) ... ok
2026-09-12T19:44:35.2619427Z test_workflow_is_disjoint_from_unarmed_bundle_and_one_shot (test_databento_feature_diagnostic_v03.DatabentoFeatureDiagnosticV03Tests.test_workflow_is_disjoint_from_unarmed_bundle_and_one_shot) ... ok
2026-09-12T19:44:35.2626758Z test_authorization_overclaim_and_bad_parent_fail_closed (test_databento_fill_cancel_classifier_v01.DatabentoFillCancelClassifierV01Tests.test_authorization_overclaim_and_bad_parent_fail_closed) ... ok
2026-09-12T19:44:35.2633024Z test_budget_rejection_makes_zero_timeseries_calls (test_databento_fill_cancel_classifier_v01.DatabentoFillCancelClassifierV01Tests.test_budget_rejection_makes_zero_timeseries_calls) ... ok
2026-09-12T19:44:35.2635538Z test_contract_and_parent_are_hash_bound_and_unarmed (test_databento_fill_cancel_classifier_v01.DatabentoFillCancelClassifierV01Tests.test_contract_and_parent_are_hash_bound_and_unarmed) ... ok
2026-09-12T19:44:35.2638202Z test_exact_fill_cancel_pair_matches_all_projections (test_databento_fill_cancel_classifier_v01.DatabentoFillCancelClassifierV01Tests.test_exact_fill_cancel_pair_matches_all_projections) ... ok
2026-09-12T19:44:35.2640894Z test_fill_without_cancel_and_fill_last_are_counted (test_databento_fill_cancel_classifier_v01.DatabentoFillCancelClassifierV01Tests.test_fill_without_cancel_and_fill_last_are_counted) ... ok
2026-09-12T19:44:35.2643532Z test_interleaved_instrument_events_remain_separate (test_databento_fill_cancel_classifier_v01.DatabentoFillCancelClassifierV01Tests.test_interleaved_instrument_events_remain_separate) ... ok
2026-09-12T19:44:35.2653135Z test_one_shot_gate_requotes_downloads_once_and_sanitizes (test_databento_fill_cancel_classifier_v01.DatabentoFillCancelClassifierV01Tests.test_one_shot_gate_requotes_downloads_once_and_sanitizes) ... ok
2026-09-12T19:44:35.2656009Z test_order_mismatch_does_not_false_match_any_projection (test_databento_fill_cancel_classifier_v01.DatabentoFillCancelClassifierV01Tests.test_order_mismatch_does_not_false_match_any_projection) ... ok
2026-09-12T19:44:35.2659144Z test_output_is_aggregate_only_and_source_has_no_provider_client (test_databento_fill_cancel_classifier_v01.DatabentoFillCancelClassifierV01Tests.test_output_is_aggregate_only_and_source_has_no_provider_client) ... ok
2026-09-12T19:44:35.2680378Z test_provider_failure_is_classified_without_retry_or_message (test_databento_fill_cancel_classifier_v01.DatabentoFillCancelClassifierV01Tests.test_provider_failure_is_classified_without_retry_or_message) ... ok
2026-09-12T19:44:35.2682408Z test_runner_rejects_absent_authorization_before_sdk_import (test_databento_fill_cancel_classifier_v01.DatabentoFillCancelClassifierV01Tests.test_runner_rejects_absent_authorization_before_sdk_import) ... ok
2026-09-12T19:44:35.2683875Z test_sequence_mismatch_isolated_by_registered_projection (test_databento_fill_cancel_classifier_v01.DatabentoFillCancelClassifierV01Tests.test_sequence_mismatch_isolated_by_registered_projection) ... ok
2026-09-12T19:44:35.2685250Z test_size_mismatch_isolated_by_registered_projection (test_databento_fill_cancel_classifier_v01.DatabentoFillCancelClassifierV01Tests.test_size_mismatch_isolated_by_registered_projection) ... ok
2026-09-12T19:44:35.2686887Z test_workflow_is_unarmed_and_parent_bound (test_databento_fill_cancel_classifier_v01.DatabentoFillCancelClassifierV01Tests.test_workflow_is_unarmed_and_parent_bound) ... ok
2026-09-12T19:44:35.2688652Z test_exact_match_is_identical_to_frozen_v03_translation (test_databento_fill_cancel_repair_v01.DatabentoFillCancelRepairV01Tests.test_exact_match_is_identical_to_frozen_v03_translation) ... ok
2026-09-12T19:44:35.2690213Z test_multiple_coarse_matches_preserve_multiset_counts (test_databento_fill_cancel_repair_v01.DatabentoFillCancelRepairV01Tests.test_multiple_coarse_matches_preserve_multiset_counts) ... ok
2026-09-12T19:44:35.2692600Z test_multiset_pairing_prefers_exact_then_stable_coarse_match (test_databento_fill_cancel_repair_v01.DatabentoFillCancelRepairV01Tests.test_multiset_pairing_prefers_exact_then_stable_coarse_match) ... ok
2026-09-12T19:44:35.2694142Z test_order_id_or_side_mismatch_fails_closed (test_databento_fill_cancel_repair_v01.DatabentoFillCancelRepairV01Tests.test_order_id_or_side_mismatch_fails_closed) ... ok
2026-09-12T19:44:35.2697198Z test_price_only_exception_uses_cancel_payload_for_removal (test_databento_fill_cancel_repair_v01.DatabentoFillCancelRepairV01Tests.test_price_only_exception_uses_cancel_payload_for_removal) ... ok
2026-09-12T19:44:35.2701741Z test_registration_is_unarmed_and_provider_free (test_databento_fill_cancel_repair_v01.DatabentoFillCancelRepairV01Tests.test_registration_is_unarmed_and_provider_free) ... ok
2026-09-12T19:44:35.2703904Z test_sequence_and_size_differences_are_coarse_only_matches (test_databento_fill_cancel_repair_v01.DatabentoFillCancelRepairV01Tests.test_sequence_and_size_differences_are_coarse_only_matches) ... ok
2026-09-12T19:44:35.2705259Z test_success_audit_and_repair_contract_are_hash_bound (test_databento_fill_cancel_repair_v01.DatabentoFillCancelRepairV01Tests.test_success_audit_and_repair_contract_are_hash_bound) ... ok
2026-09-12T19:44:35.2719218Z test_authorization_overclaim_fails_closed (test_databento_fill_cancel_repaired_feature_v01.DatabentoFillCancelRepairedFeatureV01Tests.test_authorization_overclaim_fails_closed) ... ok
2026-09-12T19:44:35.2729995Z test_budget_rejection_makes_zero_timeseries_calls (test_databento_fill_cancel_repaired_feature_v01.DatabentoFillCancelRepairedFeatureV01Tests.test_budget_rejection_makes_zero_timeseries_calls) ... ok
2026-09-12T19:44:35.2733312Z test_contract_is_hash_bound_to_published_repair_and_unarmed (test_databento_fill_cancel_repaired_feature_v01.DatabentoFillCancelRepairedFeatureV01Tests.test_contract_is_hash_bound_to_published_repair_and_unarmed) ... ok
2026-09-12T19:44:35.2735857Z test_exact_eqpt_request_and_caps_are_frozen (test_databento_fill_cancel_repaired_feature_v01.DatabentoFillCancelRepairedFeatureV01Tests.test_exact_eqpt_request_and_caps_are_frozen) ... ok
2026-09-12T19:44:35.2737549Z test_frozen_repair_and_feature_engine_hashes_are_unchanged (test_databento_fill_cancel_repaired_feature_v01.DatabentoFillCancelRepairedFeatureV01Tests.test_frozen_repair_and_feature_engine_hashes_are_unchanged) ... ok
2026-09-12T19:44:35.2764955Z test_one_request_replay_is_exact_threshold_free_and_sanitized (test_databento_fill_cancel_repaired_feature_v01.DatabentoFillCancelRepairedFeatureV01Tests.test_one_request_replay_is_exact_threshold_free_and_sanitized) ... ok
2026-09-12T19:44:35.2779293Z test_price_mismatch_fails_old_identity_but_replays_under_repair (test_databento_fill_cancel_repaired_feature_v01.DatabentoFillCancelRepairedFeatureV01Tests.test_price_mismatch_fails_old_identity_but_replays_under_repair) ... ok
2026-09-12T19:44:35.2792198Z test_provider_failure_stops_without_retry (test_databento_fill_cancel_repaired_feature_v01.DatabentoFillCancelRepairedFeatureV01Tests.test_provider_failure_stops_without_retry) ... ok
2026-09-12T19:44:35.2796849Z test_registration_audit_binds_unarmed_bundle (test_databento_fill_cancel_repaired_feature_v01.DatabentoFillCancelRepairedFeatureV01Tests.test_registration_audit_binds_unarmed_bundle) ... ok
2026-09-12T19:44:35.2805200Z test_runner_rejects_absent_authorization_before_sdk_import (test_databento_fill_cancel_repaired_feature_v01.DatabentoFillCancelRepairedFeatureV01Tests.test_runner_rejects_absent_authorization_before_sdk_import) ... ok
2026-09-12T19:44:35.2808308Z test_success_audit_is_sanitized_hash_bound_and_non_promotional (test_databento_fill_cancel_repaired_feature_v01.DatabentoFillCancelRepairedFeatureV01Tests.test_success_audit_is_sanitized_hash_bound_and_non_promotional) ... ok
2026-09-12T19:44:35.2810070Z test_workflow_is_disjoint_from_unarmed_bundle (test_databento_fill_cancel_repaired_feature_v01.DatabentoFillCancelRepairedFeatureV01Tests.test_workflow_is_disjoint_from_unarmed_bundle) ... ok
2026-09-12T19:44:35.2821065Z test_contract_is_hash_bound_and_download_surface_is_disabled (test_databento_quote.DatabentoQuoteTests.test_contract_is_hash_bound_and_download_surface_is_disabled) ... ok
2026-09-12T19:44:35.2833791Z test_metadata_only_quote_passes_and_is_sanitized (test_databento_quote.DatabentoQuoteTests.test_metadata_only_quote_passes_and_is_sanitized) ... ok
2026-09-12T19:44:35.2849867Z test_quote_over_ceiling_and_unresolved_symbol_fail_closed (test_databento_quote.DatabentoQuoteTests.test_quote_over_ceiling_and_unresolved_symbol_fail_closed) ... ok
2026-09-12T19:44:35.2854894Z test_registration_audit_binds_metadata_only_child (test_databento_quote.DatabentoQuoteTests.test_registration_audit_binds_metadata_only_child) ... ok
2026-09-12T19:44:35.2859699Z test_twenty_requests_are_exact_and_ten_minute_aligned (test_databento_quote.DatabentoQuoteTests.test_twenty_requests_are_exact_and_ten_minute_aligned) ... ok
2026-09-12T19:44:35.2861824Z test_unavailable_report_preserves_failure_without_authority (test_databento_quote.DatabentoQuoteTests.test_unavailable_report_preserves_failure_without_authority) ... ok
2026-09-12T19:44:35.2863512Z test_workflow_pins_sdk_scopes_secret_and_has_no_download_command (test_databento_quote.DatabentoQuoteTests.test_workflow_pins_sdk_scopes_secret_and_has_no_download_command) ... ok
2026-09-12T19:44:35.2907921Z test_all_three_cases_pass_the_unchanged_exact_replay (test_databento_replication_v03.DatabentoReplicationV03Tests.test_all_three_cases_pass_the_unchanged_exact_replay) ... ok
2026-09-12T19:44:35.2946695Z test_completed_mismatch_does_not_truncate_registered_cohort (test_databento_replication_v03.DatabentoReplicationV03Tests.test_completed_mismatch_does_not_truncate_registered_cohort) ... ok
2026-09-12T19:44:35.2948802Z test_exact_six_request_surface_and_ceilings_are_frozen (test_databento_replication_v03.DatabentoReplicationV03Tests.test_exact_six_request_surface_and_ceilings_are_frozen) ... ok
2026-09-12T19:44:35.2953609Z test_parent_success_contract_and_engine_are_hash_bound (test_databento_replication_v03.DatabentoReplicationV03Tests.test_parent_success_contract_and_engine_are_hash_bound) ... ok
2026-09-12T19:44:35.2967266Z test_preflight_cost_or_size_failure_makes_zero_timeseries_calls (test_databento_replication_v03.DatabentoReplicationV03Tests.test_preflight_cost_or_size_failure_makes_zero_timeseries_calls) ... ok
2026-09-12T19:44:35.2992662Z test_provider_or_parser_failure_is_sanitized_without_retry (test_databento_replication_v03.DatabentoReplicationV03Tests.test_provider_or_parser_failure_is_sanitized_without_retry) ... ok
2026-09-12T19:44:35.2999203Z test_registration_audit_binds_the_exact_v03_bundle (test_databento_replication_v03.DatabentoReplicationV03Tests.test_registration_audit_binds_the_exact_v03_bundle) ... ok
2026-09-12T19:44:35.3006510Z test_unavailable_report_has_no_market_data_or_runtime_authority (test_databento_replication_v03.DatabentoReplicationV03Tests.test_unavailable_report_has_no_market_data_or_runtime_authority) ... ok
2026-09-12T19:44:35.3008588Z test_workflow_is_one_shot_bounded_and_sanitized (test_databento_replication_v03.DatabentoReplicationV03Tests.test_workflow_is_one_shot_bounded_and_sanitized) ... ok
2026-09-12T19:44:35.3022967Z test_contract_is_hash_bound_and_authority_is_exact (test_databento_smoke.DatabentoSmokeTests.test_contract_is_hash_bound_and_authority_is_exact) ... ok
2026-09-12T19:44:35.3040414Z test_parser_failure_is_sanitized_and_raw_file_is_removed (test_databento_smoke.DatabentoSmokeTests.test_parser_failure_is_sanitized_and_raw_file_is_removed) ... ok
2026-09-12T19:44:35.3052951Z test_preflight_over_cost_ceiling_makes_zero_timeseries_calls (test_databento_smoke.DatabentoSmokeTests.test_preflight_over_cost_ceiling_makes_zero_timeseries_calls) ... ok
2026-09-12T19:44:35.3065092Z test_preflight_over_size_ceiling_makes_zero_timeseries_calls (test_databento_smoke.DatabentoSmokeTests.test_preflight_over_size_ceiling_makes_zero_timeseries_calls) ... ok
2026-09-12T19:44:35.3092413Z test_provider_failure_stops_without_retry_and_cleans_partial_file (test_databento_smoke.DatabentoSmokeTests.test_provider_failure_stops_without_retry_and_cleans_partial_file) ... ok
2026-09-12T19:44:35.3168236Z test_reference_mismatch_fails_g2_after_all_schemas_finish (test_databento_smoke.DatabentoSmokeTests.test_reference_mismatch_fails_g2_after_all_schemas_finish) ... ok
2026-09-12T19:44:35.3175032Z test_registration_audit_binds_the_exact_acquisition_bundle (test_databento_smoke.DatabentoSmokeTests.test_registration_audit_binds_the_exact_acquisition_bundle) ... ok
2026-09-12T19:44:35.3261049Z test_twenty_exact_ephemeral_downloads_pass_and_are_sanitized (test_databento_smoke.DatabentoSmokeTests.test_twenty_exact_ephemeral_downloads_pass_and_are_sanitized) ... ok
2026-09-12T19:44:35.3267302Z test_unavailable_report_has_no_market_data_authority (test_databento_smoke.DatabentoSmokeTests.test_unavailable_report_has_no_market_data_authority) ... ok
2026-09-12T19:44:35.3269266Z test_verified_quote_audit_is_hash_bound (test_databento_smoke.DatabentoSmokeTests.test_verified_quote_audit_is_hash_bound) ... ok
2026-09-12T19:44:35.3271342Z test_workflow_is_one_shot_and_uploads_only_sanitized_json (test_databento_smoke.DatabentoSmokeTests.test_workflow_is_one_shot_and_uploads_only_sanitized_json) ... ok
2026-09-12T19:44:35.3307681Z test_invalid_or_late_first_clear_fails_g1 (test_databento_smoke_v02.DatabentoSmokeV02Tests.test_invalid_or_late_first_clear_fails_g1) ... ok
2026-09-12T19:44:35.3325975Z test_later_clear_resets_both_books_before_comparison_resumes (test_databento_smoke_v02.DatabentoSmokeV02Tests.test_later_clear_resets_both_books_before_comparison_resumes) ... ok
2026-09-12T19:44:35.3330182Z test_parent_failure_and_v02_contract_are_hash_bound (test_databento_smoke_v02.DatabentoSmokeV02Tests.test_parent_failure_and_v02_contract_are_hash_bound) ... ok
2026-09-12T19:44:35.3338909Z test_preflight_cost_or_size_failure_makes_zero_timeseries_calls (test_databento_smoke_v02.DatabentoSmokeV02Tests.test_preflight_cost_or_size_failure_makes_zero_timeseries_calls) ... ok
2026-09-12T19:44:35.3359672Z test_provider_or_parser_failure_is_sanitized_without_retry (test_databento_smoke_v02.DatabentoSmokeV02Tests.test_provider_or_parser_failure_is_sanitized_without_retry) ... ok
2026-09-12T19:44:35.3375794Z test_reference_mismatch_fails_g2_after_both_downloads (test_databento_smoke_v02.DatabentoSmokeV02Tests.test_reference_mismatch_fails_g2_after_both_downloads) ... ok
2026-09-12T19:44:35.3381266Z test_registration_audit_binds_the_exact_v02_bundle (test_databento_smoke_v02.DatabentoSmokeV02Tests.test_registration_audit_binds_the_exact_v02_bundle) ... ok
2026-09-12T19:44:35.3398028Z test_snapshot_initialization_remains_supported (test_databento_smoke_v02.DatabentoSmokeV02Tests.test_snapshot_initialization_remains_supported) ... ok
2026-09-12T19:44:35.3403537Z test_unavailable_report_has_no_market_data_or_runtime_authority (test_databento_smoke_v02.DatabentoSmokeV02Tests.test_unavailable_report_has_no_market_data_or_runtime_authority) ... ok
2026-09-12T19:44:35.3420028Z test_unflagged_session_clear_passes_exact_replay (test_databento_smoke_v02.DatabentoSmokeV02Tests.test_unflagged_session_clear_passes_exact_replay) ... ok
2026-09-12T19:44:35.3422110Z test_workflow_is_one_shot_and_uploads_only_sanitized_json (test_databento_smoke_v02.DatabentoSmokeV02Tests.test_workflow_is_one_shot_and_uploads_only_sanitized_json) ... ok
2026-09-12T19:44:35.3440648Z test_canonical_fingerprint_is_order_independent (test_discretion_context.DiscretionContextTests.test_canonical_fingerprint_is_order_independent) ... ok
2026-09-12T19:44:35.3459348Z test_contextual_ai_must_remain_shadow_only (test_discretion_context.DiscretionContextTests.test_contextual_ai_must_remain_shadow_only) ... ok
2026-09-12T19:44:35.3476791Z test_frozen_contract_inventories_the_full_decision_chain (test_discretion_context.DiscretionContextTests.test_frozen_contract_inventories_the_full_decision_chain) ... ok
2026-09-12T19:44:35.3496380Z test_incomplete_context_cannot_be_enabled_as_a_strategy_gate (test_discretion_context.DiscretionContextTests.test_incomplete_context_cannot_be_enabled_as_a_strategy_gate) ... ok
2026-09-12T19:44:35.3514958Z test_retrospective_behavior_cannot_enter_runtime_inputs (test_discretion_context.DiscretionContextTests.test_retrospective_behavior_cannot_enter_runtime_inputs) ... ok
2026-09-12T19:44:35.3546061Z test_unknown_rule_link_fails_closed (test_discretion_context.DiscretionContextTests.test_unknown_rule_link_fails_closed) ... ok
2026-09-12T19:44:35.3549116Z test_artl_source_correction_separates_trade_label_from_catalyst_context (test_discretion_decision_context.DiscretionDecisionContextTests.test_artl_source_correction_separates_trade_label_from_catalyst_context) ... ok
2026-09-12T19:44:35.3551442Z test_dsy_context_preserves_theme_attention_and_cushion_without_runtime_use (test_discretion_decision_context.DiscretionDecisionContextTests.test_dsy_context_preserves_theme_attention_and_cushion_without_runtime_use) ... ok
2026-09-12T19:44:35.3554056Z test_vrax_context_preserves_comparison_skip_and_risk_reassessment (test_discretion_decision_context.DiscretionDecisionContextTests.test_vrax_context_preserves_comparison_skip_and_risk_reassessment) ... ok
2026-09-12T19:44:35.3556334Z test_zevai_context_captures_regime_catalyst_comparison_and_attention_split (test_discretion_decision_context.DiscretionDecisionContextTests.test_zevai_context_captures_regime_catalyst_comparison_and_attention_split) ... ok
2026-09-12T19:44:35.3582860Z test_artl_correction_and_zevai_catalyst_evidence_are_bound (test_discretion_evidence.DiscretionEvidenceTests.test_artl_correction_and_zevai_catalyst_evidence_are_bound) ... ok
2026-09-12T19:44:35.3616328Z test_benchmark_identity_and_evidence_paths_are_verified (test_discretion_evidence.DiscretionEvidenceTests.test_benchmark_identity_and_evidence_paths_are_verified) ... ok
2026-09-12T19:44:35.3647140Z test_claimed_complete_alternative_set_is_rejected (test_discretion_evidence.DiscretionEvidenceTests.test_claimed_complete_alternative_set_is_rejected) ... ok
2026-09-12T19:44:35.3678090Z test_context_domain_order_is_bound_to_contract (test_discretion_evidence.DiscretionEvidenceTests.test_context_domain_order_is_bound_to_contract) ... ok
2026-09-12T19:44:35.3707424Z test_frozen_audit_uses_all_context_domains_and_ten_benchmarks (test_discretion_evidence.DiscretionEvidenceTests.test_frozen_audit_uses_all_context_domains_and_ten_benchmarks) ... ok
2026-09-12T19:44:35.3738208Z test_runtime_or_policy_use_fails_closed (test_discretion_evidence.DiscretionEvidenceTests.test_runtime_or_policy_use_fails_closed) ... ok
2026-09-12T19:44:35.3749897Z test_first_fills_remain_descriptive_not_targets (test_discretion_heldout_comparison.DiscretionHeldoutComparisonTests.test_first_fills_remain_descriptive_not_targets) ... ok
2026-09-12T19:44:35.3760313Z test_micro_contingencies_are_account_scoped (test_discretion_heldout_comparison.DiscretionHeldoutComparisonTests.test_micro_contingencies_are_account_scoped) ... ok
2026-09-12T19:44:35.3770938Z test_off_candidate_participations_do_not_claim_runtime_features (test_discretion_heldout_comparison.DiscretionHeldoutComparisonTests.test_off_candidate_participations_do_not_claim_runtime_features) ... ok
2026-09-12T19:44:35.3785891Z test_result_is_bound_to_frozen_labels_and_components (test_discretion_heldout_comparison.DiscretionHeldoutComparisonTests.test_result_is_bound_to_frozen_labels_and_components) ... ok
2026-09-12T19:44:35.3796392Z test_scanner_acquisition_reports_known_misses_without_scoring (test_discretion_heldout_comparison.DiscretionHeldoutComparisonTests.test_scanner_acquisition_reports_known_misses_without_scoring) ... ok
2026-09-12T19:44:35.3823459Z test_self_rehashed_aggregate_tamper_fails (test_discretion_heldout_comparison.DiscretionHeldoutComparisonTests.test_self_rehashed_aggregate_tamper_fails) ... ok
2026-09-12T19:44:35.3849236Z test_self_rehashed_relation_tamper_fails (test_discretion_heldout_comparison.DiscretionHeldoutComparisonTests.test_self_rehashed_relation_tamper_fails) ... ok
2026-09-12T19:44:35.3874871Z test_self_rehashed_trade_completion_tamper_fails (test_discretion_heldout_comparison.DiscretionHeldoutComparisonTests.test_self_rehashed_trade_completion_tamper_fails) ... ok
2026-09-12T19:44:35.3885935Z test_unclear_actions_are_not_forced_into_trade_skip_contingencies (test_discretion_heldout_comparison.DiscretionHeldoutComparisonTests.test_unclear_actions_are_not_forced_into_trade_skip_contingencies) ... ok
2026-09-12T19:44:35.3905570Z test_account_scoped_counts_are_conservative (test_discretion_heldout_labels.DiscretionHeldoutLabelTests.test_account_scoped_counts_are_conservative) ... ok
2026-09-12T19:44:35.3922616Z test_all_candidates_are_bound_to_frozen_runtime (test_discretion_heldout_labels.DiscretionHeldoutLabelTests.test_all_candidates_are_bound_to_frozen_runtime) ... ok
2026-09-12T19:44:35.3956260Z test_no_trade_session_cannot_enable_skip_inference (test_discretion_heldout_labels.DiscretionHeldoutLabelTests.test_no_trade_session_cannot_enable_skip_inference) ... ok
2026-09-12T19:44:35.3973173Z test_off_candidate_trades_and_ticker_corrections_are_retained (test_discretion_heldout_labels.DiscretionHeldoutLabelTests.test_off_candidate_trades_and_ticker_corrections_are_retained) ... ok
2026-09-12T19:44:35.4009966Z test_participation_requires_completed_trade (test_discretion_heldout_labels.DiscretionHeldoutLabelTests.test_participation_requires_completed_trade) ... ok
2026-09-12T19:44:35.4046791Z test_self_rehashed_runtime_candidate_tamper_fails_against_audit (test_discretion_heldout_labels.DiscretionHeldoutLabelTests.test_self_rehashed_runtime_candidate_tamper_fails_against_audit) ... ok
2026-09-12T19:44:35.4063720Z test_sparse_labels_expand_unknown_without_inferred_skips (test_discretion_heldout_labels.DiscretionHeldoutLabelTests.test_sparse_labels_expand_unknown_without_inferred_skips) ... ok
2026-09-12T19:44:35.4080695Z test_unfilled_small_account_order_is_not_participation (test_discretion_heldout_labels.DiscretionHeldoutLabelTests.test_unfilled_small_account_order_is_not_participation) ... ok
2026-09-12T19:44:35.4090049Z test_a_known_trade_or_fill_label_cannot_enter_registration (test_discretion_heldout_panel.DiscretionHeldoutPanelTests.test_a_known_trade_or_fill_label_cannot_enter_registration) ... ok
2026-09-12T19:44:35.4095923Z test_account_scopes_must_remain_separate (test_discretion_heldout_panel.DiscretionHeldoutPanelTests.test_account_scopes_must_remain_separate) ... ok
2026-09-12T19:44:35.4099648Z test_fingerprint_is_stable_across_mapping_order (test_discretion_heldout_panel.DiscretionHeldoutPanelTests.test_fingerprint_is_stable_across_mapping_order) ... ok
2026-09-12T19:44:35.4105753Z test_fixed_dates_cannot_be_swapped_after_source_review (test_discretion_heldout_panel.DiscretionHeldoutPanelTests.test_fixed_dates_cannot_be_swapped_after_source_review) ... ok
2026-09-12T19:44:35.4113290Z test_panel_cannot_be_used_to_fit_or_promote_a_rule (test_discretion_heldout_panel.DiscretionHeldoutPanelTests.test_panel_cannot_be_used_to_fit_or_promote_a_rule) ... ok
2026-09-12T19:44:35.4118684Z test_registration_audit_binds_the_exact_contract (test_discretion_heldout_panel.DiscretionHeldoutPanelTests.test_registration_audit_binds_the_exact_contract) ... ok
2026-09-12T19:44:35.4122216Z test_registration_is_chronological_unlabeled_and_disjoint (test_discretion_heldout_panel.DiscretionHeldoutPanelTests.test_registration_is_chronological_unlabeled_and_disjoint) ... ok
2026-09-12T19:44:35.4131176Z test_unknown_or_missing_source_cannot_be_relabeled_as_skip (test_discretion_heldout_panel.DiscretionHeldoutPanelTests.test_unknown_or_missing_source_cannot_be_relabeled_as_skip) ... ok
2026-09-12T19:44:35.4137136Z test_all_dates_full_scheduled_sessions (test_early_pullback_capture_plan_v01.CapturePlanTests.test_all_dates_full_scheduled_sessions) ... ok
2026-09-12T19:44:35.4145020Z test_bad_receipts_and_after_terminal_rejected (test_early_pullback_capture_plan_v01.CapturePlanTests.test_bad_receipts_and_after_terminal_rejected) ... ok
2026-09-12T19:44:35.4149760Z test_cursor_cycle_rejected (test_early_pullback_capture_plan_v01.CapturePlanTests.test_cursor_cycle_rejected) ... ok
2026-09-12T19:44:35.4154298Z test_cursor_request_binds_parent_response_and_date (test_early_pullback_capture_plan_v01.CapturePlanTests.test_cursor_request_binds_parent_response_and_date) ... ok
2026-09-12T19:44:35.4159398Z test_dst_changes_utc_not_local_hours (test_early_pullback_capture_plan_v01.CapturePlanTests.test_dst_changes_utc_not_local_hours) ... ok
2026-09-12T19:44:35.4164385Z test_empty_census_is_not_zero_opportunities (test_early_pullback_capture_plan_v01.CapturePlanTests.test_empty_census_is_not_zero_opportunities) ... ok
2026-09-12T19:44:35.4167401Z test_empty_nonterminal_page_does_not_imply_exhaustion (test_early_pullback_capture_plan_v01.CapturePlanTests.test_empty_nonterminal_page_does_not_imply_exhaustion) ... ok
2026-09-12T19:44:35.4168984Z test_first_page_exact_filters (test_early_pullback_capture_plan_v01.CapturePlanTests.test_first_page_exact_filters) ... ok
2026-09-12T19:44:35.9210623Z test_frozen_parent_and_registration (test_early_pullback_capture_plan_v01.CapturePlanTests.test_frozen_parent_and_registration) ... ok
2026-09-12T19:44:35.9212561Z test_graph_is_topological_and_all_unresolved_nodes_remain (test_early_pullback_capture_plan_v01.CapturePlanTests.test_graph_is_topological_and_all_unresolved_nodes_remain) ... ok
2026-09-12T19:44:35.9227153Z test_initial_requests_and_ceiling_not_expected_count (test_early_pullback_capture_plan_v01.CapturePlanTests.test_initial_requests_and_ceiling_not_expected_count) ... ok
2026-09-12T19:44:35.9248540Z test_injection_and_route_substitution_rejected (test_early_pullback_capture_plan_v01.CapturePlanTests.test_injection_and_route_substitution_rejected) ... ok
2026-09-12T19:44:35.9262679Z test_no_capture_cost_or_financial_authority (test_early_pullback_capture_plan_v01.CapturePlanTests.test_no_capture_cost_or_financial_authority) ... ok
2026-09-12T19:44:35.9264389Z test_no_replacement_dates_or_bool_page (test_early_pullback_capture_plan_v01.CapturePlanTests.test_no_replacement_dates_or_bool_page) ... ok
2026-09-12T19:44:35.9266843Z test_official_sources_agree_and_keep_provenance_limits (test_early_pullback_capture_plan_v01.CapturePlanTests.test_official_sources_agree_and_keep_provenance_limits) ... ok
2026-09-12T19:44:35.9269320Z test_optional_root_parameters_must_match (test_early_pullback_capture_plan_v01.CapturePlanTests.test_optional_root_parameters_must_match) ... ok
2026-09-12T19:44:35.9405798Z test_page_21_blocked_without_truncating_to_success (test_early_pullback_capture_plan_v01.CapturePlanTests.test_page_21_blocked_without_truncating_to_success) ... ok
2026-09-12T19:44:35.9418014Z test_page_chain_tampering_rejected (test_early_pullback_capture_plan_v01.CapturePlanTests.test_page_chain_tampering_rejected) ... ok
2026-09-12T19:44:35.9454407Z test_planning_is_pure_and_deterministic (test_early_pullback_capture_plan_v01.CapturePlanTests.test_planning_is_pure_and_deterministic) ... ok
2026-09-12T19:44:42.4694021Z test_real_cli_normal_optimized_and_no_overwrite (test_early_pullback_capture_plan_v01.CapturePlanTests.test_real_cli_normal_optimized_and_no_overwrite) ... ok
2026-09-12T19:44:42.4701083Z test_rehashed_calendar_changes_rejected (test_early_pullback_capture_plan_v01.CapturePlanTests.test_rehashed_calendar_changes_rejected) ... ok
2026-09-12T19:44:42.4833343Z test_terminal_last_page_20_is_accepted (test_early_pullback_capture_plan_v01.CapturePlanTests.test_terminal_last_page_20_is_accepted) ... ok
2026-09-12T19:44:43.1537769Z test_actual_runtime_must_match_frozen_runtime (test_early_pullback_census_hosted_v01.HostedCensusTests.test_actual_runtime_must_match_frozen_runtime) ... ok
2026-09-12T19:44:43.1683379Z test_artifact_id_run_branch_expiry_size_digest_and_name_required (test_early_pullback_census_hosted_v01.HostedCensusTests.test_artifact_id_run_branch_expiry_size_digest_and_name_required) ... ok
2026-09-12T19:44:43.1792523Z test_bad_preflight_never_reads_credential_or_starts_transport (test_early_pullback_census_hosted_v01.HostedCensusTests.test_bad_preflight_never_reads_credential_or_starts_transport) ... ok
2026-09-12T19:44:43.1905735Z test_bad_runtime_never_reads_credential (test_early_pullback_census_hosted_v01.HostedCensusTests.test_bad_runtime_never_reads_credential) ... ok
2026-09-12T19:44:43.2021537Z test_changed_parent_tree_extra_file_merge_and_dirty_checkout_rejected (test_early_pullback_census_hosted_v01.HostedCensusTests.test_changed_parent_tree_extra_file_merge_and_dirty_checkout_rejected) ... ok
2026-09-12T19:44:44.1433996Z test_cli_has_provider_free_registration_validation (test_early_pullback_census_hosted_v01.HostedCensusTests.test_cli_has_provider_free_registration_validation) ... ok
2026-09-12T19:44:44.1646904Z test_cost_upgrade_date_route_and_entitlement_proof_changes_rejected (test_early_pullback_census_hosted_v01.HostedCensusTests.test_cost_upgrade_date_route_and_entitlement_proof_changes_rejected) ... ok
2026-09-12T19:44:44.1689040Z test_exact_first_attempt_execution_is_valid (test_early_pullback_census_hosted_v01.HostedCensusTests.test_exact_first_attempt_execution_is_valid) ... ok
2026-09-12T19:44:44.1718046Z test_exact_parent_ci_and_all_steps_required (test_early_pullback_census_hosted_v01.HostedCensusTests.test_exact_parent_ci_and_all_steps_required) ... ok
2026-09-12T19:44:44.1796435Z test_expired_future_overlong_naive_approval_rejected (test_early_pullback_census_hosted_v01.HostedCensusTests.test_expired_future_overlong_naive_approval_rejected) ... ok
2026-09-12T19:44:44.1824709Z test_frozen_registration_and_ancestors_unchanged (test_early_pullback_census_hosted_v01.HostedCensusTests.test_frozen_registration_and_ancestors_unchanged) ... ok
2026-09-12T19:44:44.2969910Z test_full_synthetic_launch_keeps_all_origin_runtime_gates_closed (test_early_pullback_census_hosted_v01.HostedCensusTests.test_full_synthetic_launch_keeps_all_origin_runtime_gates_closed) ... ok
2026-09-12T19:44:44.3001891Z test_green_workflow_cannot_hide_failed_skipped_or_missing_ci_steps (test_early_pullback_census_hosted_v01.HostedCensusTests.test_green_workflow_cannot_hide_failed_skipped_or_missing_ci_steps) ... ok
2026-09-12T19:44:44.3101971Z test_live_ref_drift_or_tag_object_rejected (test_early_pullback_census_hosted_v01.HostedCensusTests.test_live_ref_drift_or_tag_object_rejected) ... ok
2026-09-12T19:44:44.3249981Z test_missing_credential_retains_launch_failure_without_request (test_early_pullback_census_hosted_v01.HostedCensusTests.test_missing_credential_retains_launch_failure_without_request) ... ok
2026-09-12T19:44:44.3304853Z test_missing_or_placeholder_approval_and_entitlement_rejected (test_early_pullback_census_hosted_v01.HostedCensusTests.test_missing_or_placeholder_approval_and_entitlement_rejected) ... ok
2026-09-12T19:44:44.4395755Z test_output_reuse_blocked_before_second_credential_read (test_early_pullback_census_hosted_v01.HostedCensusTests.test_output_reuse_blocked_before_second_credential_read) ... ok
2026-09-12T19:44:44.4475754Z test_preflight_byte_tampering_missing_extra_and_wrong_pin_rejected (test_early_pullback_census_hosted_v01.HostedCensusTests.test_preflight_byte_tampering_missing_extra_and_wrong_pin_rejected) ... ok
2026-09-12T19:44:44.4564688Z test_preflight_roundtrip_exact_artifact_and_runtime (test_early_pullback_census_hosted_v01.HostedCensusTests.test_preflight_roundtrip_exact_artifact_and_runtime) ... ok
2026-09-12T19:44:44.4639051Z test_preparation_cannot_reuse_directory (test_early_pullback_census_hosted_v01.HostedCensusTests.test_preparation_cannot_reuse_directory) ... ok
2026-09-12T19:44:44.4692288Z test_preparation_rejects_bad_ci_before_creating_marker (test_early_pullback_census_hosted_v01.HostedCensusTests.test_preparation_rejects_bad_ci_before_creating_marker) ... ok
2026-09-12T19:44:44.4929151Z test_provider_failure_is_retained_without_retry (test_early_pullback_census_hosted_v01.HostedCensusTests.test_provider_failure_is_retained_without_retry) ... ok
2026-09-12T19:44:44.5014256Z test_rehashed_preflight_cannot_change_runtime_or_approval (test_early_pullback_census_hosted_v01.HostedCensusTests.test_rehashed_preflight_cannot_change_runtime_or_approval) ... ok
2026-09-12T19:44:44.5143437Z test_rerun_dispatch_wrong_branch_repo_or_workflow_rejected (test_early_pullback_census_hosted_v01.HostedCensusTests.test_rerun_dispatch_wrong_branch_repo_or_workflow_rejected) ... ok
2026-09-12T19:44:44.5245165Z test_rerun_never_reads_credential (test_early_pullback_census_hosted_v01.HostedCensusTests.test_rerun_never_reads_credential) ... ok
2026-09-12T19:44:44.5289204Z test_resealed_execution_scope_change_rejected (test_early_pullback_census_hosted_v01.HostedCensusTests.test_resealed_execution_scope_change_rejected) ... ok
2026-09-12T19:44:44.5367652Z test_symlink_and_oversize_preflight_rejected_before_read (test_early_pullback_census_hosted_v01.HostedCensusTests.test_symlink_and_oversize_preflight_rejected_before_read) ... ok
2026-09-12T19:44:44.5490920Z test_workflow_actions_pinned_and_no_credential_checkout_persistence (test_early_pullback_census_hosted_v01.HostedCensusTests.test_workflow_actions_pinned_and_no_credential_checkout_persistence) ... ok
2026-09-12T19:44:44.5611549Z test_workflow_consumes_atomically_before_upload_and_secrets (test_early_pullback_census_hosted_v01.HostedCensusTests.test_workflow_consumes_atomically_before_upload_and_secrets) ... ok
2026-09-12T19:44:44.5731287Z test_workflow_only_separate_execution_path_can_trigger (test_early_pullback_census_hosted_v01.HostedCensusTests.test_workflow_only_separate_execution_path_can_trigger) ... ok
2026-09-12T19:44:45.6011103Z test_actual_runtime_must_match_frozen_runtime (test_early_pullback_census_hosted_v02.HostedCensusV02Tests.test_actual_runtime_must_match_frozen_runtime) ... ok
2026-09-12T19:44:45.6188403Z test_artifact_id_run_branch_expiry_size_digest_and_name_required (test_early_pullback_census_hosted_v02.HostedCensusV02Tests.test_artifact_id_run_branch_expiry_size_digest_and_name_required) ... ok
2026-09-12T19:44:45.6361796Z test_bad_preflight_never_reads_credential_or_starts_transport (test_early_pullback_census_hosted_v02.HostedCensusV02Tests.test_bad_preflight_never_reads_credential_or_starts_transport) ... ok
2026-09-12T19:44:45.6534451Z test_bad_runtime_never_reads_credential (test_early_pullback_census_hosted_v02.HostedCensusV02Tests.test_bad_runtime_never_reads_credential) ... ok
2026-09-12T19:44:45.6848509Z test_changed_parent_tree_extra_file_merge_and_dirty_checkout_rejected (test_early_pullback_census_hosted_v02.HostedCensusV02Tests.test_changed_parent_tree_extra_file_merge_and_dirty_checkout_rejected) ... ok
2026-09-12T19:44:46.9858600Z test_cli_has_provider_free_registration_validation (test_early_pullback_census_hosted_v02.HostedCensusV02Tests.test_cli_has_provider_free_registration_validation) ... ok
2026-09-12T19:44:47.0394651Z test_cost_upgrade_date_route_and_entitlement_proof_changes_rejected (test_early_pullback_census_hosted_v02.HostedCensusV02Tests.test_cost_upgrade_date_route_and_entitlement_proof_changes_rejected) ... ok
2026-09-12T19:44:47.0505636Z test_exact_first_attempt_execution_is_valid (test_early_pullback_census_hosted_v02.HostedCensusV02Tests.test_exact_first_attempt_execution_is_valid) ... ok
2026-09-12T19:44:47.0575934Z test_exact_parent_ci_and_all_steps_required (test_early_pullback_census_hosted_v02.HostedCensusV02Tests.test_exact_parent_ci_and_all_steps_required) ... ok
2026-09-12T19:44:47.0753304Z test_expired_future_overlong_naive_approval_rejected (test_early_pullback_census_hosted_v02.HostedCensusV02Tests.test_expired_future_overlong_naive_approval_rejected) ... ok
2026-09-12T19:44:47.0821469Z test_frozen_registration_and_ancestors_unchanged (test_early_pullback_census_hosted_v02.HostedCensusV02Tests.test_frozen_registration_and_ancestors_unchanged) ... ok
2026-09-12T19:44:47.2019799Z test_full_synthetic_launch_keeps_all_origin_runtime_gates_closed (test_early_pullback_census_hosted_v02.HostedCensusV02Tests.test_full_synthetic_launch_keeps_all_origin_runtime_gates_closed) ... ok
2026-09-12T19:44:47.2092397Z test_green_workflow_cannot_hide_failed_skipped_or_missing_ci_steps (test_early_pullback_census_hosted_v02.HostedCensusV02Tests.test_green_workflow_cannot_hide_failed_skipped_or_missing_ci_steps) ... ok
2026-09-12T19:44:47.2232280Z test_live_ref_drift_or_tag_object_rejected (test_early_pullback_census_hosted_v02.HostedCensusV02Tests.test_live_ref_drift_or_tag_object_rejected) ... ok
2026-09-12T19:44:47.2443499Z test_missing_credential_retains_launch_failure_without_request (test_early_pullback_census_hosted_v02.HostedCensusV02Tests.test_missing_credential_retains_launch_failure_without_request) ... ok
2026-09-12T19:44:47.2640288Z test_missing_or_placeholder_approval_and_entitlement_rejected (test_early_pullback_census_hosted_v02.HostedCensusV02Tests.test_missing_or_placeholder_approval_and_entitlement_rejected) ... ok
2026-09-12T19:44:47.3812698Z test_output_reuse_blocked_before_second_credential_read (test_early_pullback_census_hosted_v02.HostedCensusV02Tests.test_output_reuse_blocked_before_second_credential_read) ... ok
2026-09-12T19:44:47.7404067Z test_owner_message_records_uncertainty_without_credit_provider_inference (test_early_pullback_census_hosted_v02.HostedCensusV02Tests.test_owner_message_records_uncertainty_without_credit_provider_inference) ... ok
2026-09-12T19:44:47.7526267Z test_preflight_byte_tampering_missing_extra_and_wrong_pin_rejected (test_early_pullback_census_hosted_v02.HostedCensusV02Tests.test_preflight_byte_tampering_missing_extra_and_wrong_pin_rejected) ... ok
2026-09-12T19:44:47.7650847Z test_preflight_roundtrip_exact_artifact_and_runtime (test_early_pullback_census_hosted_v02.HostedCensusV02Tests.test_preflight_roundtrip_exact_artifact_and_runtime) ... ok
2026-09-12T19:44:47.7763488Z test_preparation_cannot_reuse_directory (test_early_pullback_census_hosted_v02.HostedCensusV02Tests.test_preparation_cannot_reuse_directory) ... ok
2026-09-12T19:44:47.7854622Z test_preparation_rejects_bad_ci_before_creating_marker (test_early_pullback_census_hosted_v02.HostedCensusV02Tests.test_preparation_rejects_bad_ci_before_creating_marker) ... ok
2026-09-12T19:44:47.8149790Z test_provider_failure_is_retained_without_retry (test_early_pullback_census_hosted_v02.HostedCensusV02Tests.test_provider_failure_is_retained_without_retry) ... ok
2026-09-12T19:44:47.8277529Z test_rehashed_preflight_cannot_change_runtime_or_approval (test_early_pullback_census_hosted_v02.HostedCensusV02Tests.test_rehashed_preflight_cannot_change_runtime_or_approval) ... ok
2026-09-12T19:44:47.8627536Z test_rerun_dispatch_wrong_branch_repo_or_workflow_rejected (test_early_pullback_census_hosted_v02.HostedCensusV02Tests.test_rerun_dispatch_wrong_branch_repo_or_workflow_rejected) ... ok
2026-09-12T19:44:47.8797428Z test_rerun_never_reads_credential (test_early_pullback_census_hosted_v02.HostedCensusV02Tests.test_rerun_never_reads_credential) ... ok
2026-09-12T19:44:47.8907090Z test_resealed_execution_scope_change_rejected (test_early_pullback_census_hosted_v02.HostedCensusV02Tests.test_resealed_execution_scope_change_rejected) ... ok
2026-09-12T19:44:47.9168869Z test_source_hashes_and_expected_zero_cost_are_exact (test_early_pullback_census_hosted_v02.HostedCensusV02Tests.test_source_hashes_and_expected_zero_cost_are_exact) ... ok
2026-09-12T19:44:47.9277017Z test_stale_public_pricing_is_rejected_even_with_fresh_approval (test_early_pullback_census_hosted_v02.HostedCensusV02Tests.test_stale_public_pricing_is_rejected_even_with_fresh_approval) ... ok
2026-09-12T19:44:47.9393573Z test_symlink_and_oversize_preflight_rejected_before_read (test_early_pullback_census_hosted_v02.HostedCensusV02Tests.test_symlink_and_oversize_preflight_rejected_before_read) ... ok
2026-09-12T19:44:47.9846793Z test_truthful_approval_rejects_invented_entitlement_balance_and_billing_guarantee (test_early_pullback_census_hosted_v02.HostedCensusV02Tests.test_truthful_approval_rejects_invented_entitlement_balance_and_billing_guarantee) ... ok
2026-09-12T19:44:48.0010490Z test_workflow_actions_pinned_and_no_credential_checkout_persistence (test_early_pullback_census_hosted_v02.HostedCensusV02Tests.test_workflow_actions_pinned_and_no_credential_checkout_persistence) ... ok
2026-09-12T19:44:48.0174653Z test_workflow_consumes_atomically_before_upload_and_secrets (test_early_pullback_census_hosted_v02.HostedCensusV02Tests.test_workflow_consumes_atomically_before_upload_and_secrets) ... ok
2026-09-12T19:44:48.0337044Z test_workflow_only_separate_execution_path_can_trigger (test_early_pullback_census_hosted_v02.HostedCensusV02Tests.test_workflow_only_separate_execution_path_can_trigger) ... ok
2026-09-12T19:44:48.1421478Z test_archive_inner_hash_detects_changed_raw_bytes (test_early_pullback_census_v01.CensusTests.test_archive_inner_hash_detects_changed_raw_bytes) ... ok
2026-09-12T19:44:48.3281431Z test_archive_missing_extra_and_partial_evidence_cannot_pass (test_early_pullback_census_v01.CensusTests.test_archive_missing_extra_and_partial_evidence_cannot_pass) ... ok
2026-09-12T19:44:48.4373301Z test_archive_outer_and_inventory_pins_are_required (test_early_pullback_census_v01.CensusTests.test_archive_outer_and_inventory_pins_are_required) ... ok
2026-09-12T19:44:48.5434890Z test_archive_unsafe_duplicate_and_special_members_rejected (test_early_pullback_census_v01.CensusTests.test_archive_unsafe_duplicate_and_special_members_rejected) ... ok
2026-09-12T19:44:48.6176240Z test_bad_http_encoding_incomplete_and_oversize_stop_without_retry (test_early_pullback_census_v01.CensusTests.test_bad_http_encoding_incomplete_and_oversize_stop_without_retry) ... ok
2026-09-12T19:44:49.5459642Z test_cli_offline_validation_and_no_capture_mode (test_early_pullback_census_v01.CensusTests.test_cli_offline_validation_and_no_capture_mode) ... ok
2026-09-12T19:44:49.6714441Z test_complete_31_request_capture_and_independent_byte_replay (test_early_pullback_census_v01.CensusTests.test_complete_31_request_capture_and_independent_byte_replay) ... ok
2026-09-12T19:44:49.6796544Z test_current_type_dictionary_rejects_empty_duplicate_or_paginated (test_early_pullback_census_v01.CensusTests.test_current_type_dictionary_rejects_empty_duplicate_or_paginated) ... ok
2026-09-12T19:44:49.6894451Z test_duplicate_membership_within_or_across_pages_rejected (test_early_pullback_census_v01.CensusTests.test_duplicate_membership_within_or_across_pages_rejected) ... ok
2026-09-12T19:44:49.7032765Z test_empty_complete_census_is_failure_not_zero_opportunities (test_early_pullback_census_v01.CensusTests.test_empty_complete_census_is_failure_not_zero_opportunities) ... ok
2026-09-12T19:44:49.9714374Z test_empty_intermediate_or_terminal_after_members_can_complete (test_early_pullback_census_v01.CensusTests.test_empty_intermediate_or_terminal_after_members_can_complete) ... ok
2026-09-12T19:44:50.2801941Z test_frozen_parent_and_registration (test_early_pullback_census_v01.CensusTests.test_frozen_parent_and_registration) ... ok
2026-09-12T19:44:50.3878726Z test_independently_pinned_contract_must_match (test_early_pullback_census_v01.CensusTests.test_independently_pinned_contract_must_match) ... ok
2026-09-12T19:44:50.4837564Z test_intent_persisted_before_transport_and_no_credential_files (test_early_pullback_census_v01.CensusTests.test_intent_persisted_before_transport_and_no_credential_files) ... ok
2026-09-12T19:44:50.4909596Z test_interruption_preserves_pending_intent_and_failure_inventory (test_early_pullback_census_v01.CensusTests.test_interruption_preserves_pending_intent_and_failure_inventory) ... ok
2026-09-12T19:44:50.5136069Z test_literal_encoded_and_json_escaped_credential_echo_never_retained (test_early_pullback_census_v01.CensusTests.test_literal_encoded_and_json_escaped_credential_echo_never_retained) ... ok
2026-09-12T19:44:50.5238621Z test_no_early_request_when_sleeper_fails_to_advance_clock (test_early_pullback_census_v01.CensusTests.test_no_early_request_when_sleeper_fails_to_advance_clock) ... ok
2026-09-12T19:44:50.6090210Z test_no_restart_output_reuse_or_implicit_transport (test_early_pullback_census_v01.CensusTests.test_no_restart_output_reuse_or_implicit_transport) ... ok
2026-09-12T19:44:50.6096796Z test_output_symlink_and_metadata_overflow_rejected (test_early_pullback_census_v01.CensusTests.test_output_symlink_and_metadata_overflow_rejected) ... ok
2026-09-12T19:44:50.6162029Z test_page_and_cross_page_order_regression_rejected (test_early_pullback_census_v01.CensusTests.test_page_and_cross_page_order_regression_rejected) ... ok
2026-09-12T19:44:50.6263906Z test_payload_limit_stops_and_retains_failure_metadata (test_early_pullback_census_v01.CensusTests.test_payload_limit_stops_and_retains_failure_metadata) ... ok
2026-09-12T19:44:50.6269443Z test_request_mutations_fail_before_transport (test_early_pullback_census_v01.CensusTests.test_request_mutations_fail_before_transport) ... ok
2026-09-12T19:44:50.7287322Z test_required_page_21_fails_without_next_request (test_early_pullback_census_v01.CensusTests.test_required_page_21_fails_without_next_request) ... ok
2026-09-12T19:44:50.8904787Z test_resealed_normalization_report_and_pacing_forgery_rejected (test_early_pullback_census_v01.CensusTests.test_resealed_normalization_report_and_pacing_forgery_rejected) ... ok
2026-09-12T19:44:50.8939331Z test_schema_rejects_labels_coercion_nonfinite_and_duplicate_json (test_early_pullback_census_v01.CensusTests.test_schema_rejects_labels_coercion_nonfinite_and_duplicate_json) ... ok
2026-09-12T19:44:50.8987807Z test_ticker_collisions_missing_identity_and_unknown_types_retained (test_early_pullback_census_v01.CensusTests.test_ticker_collisions_missing_identity_and_unknown_types_retained) ... ok
2026-09-12T19:44:50.9079404Z test_transport_exception_sanitized_and_not_retried (test_early_pullback_census_v01.CensusTests.test_transport_exception_sanitized_and_not_retried) ... ok
2026-09-12T19:44:53.6766903Z test_twentieth_terminal_page_and_601_attempt_ceiling (test_early_pullback_census_v01.CensusTests.test_twentieth_terminal_page_and_601_attempt_ceiling) ... ok
2026-09-12T19:44:53.8751264Z test_two_pages_all_dates_are_exhausted (test_early_pullback_census_v01.CensusTests.test_two_pages_all_dates_are_exhausted) ... ok
2026-09-12T19:44:53.8863105Z test_unicode_escaped_credential_in_unprojected_metadata_not_retained (test_early_pullback_census_v01.CensusTests.test_unicode_escaped_credential_in_unprojected_metadata_not_retained) ... ok
2026-09-12T19:44:53.8892526Z test_content_length_mismatch_marks_incomplete (test_early_pullback_census_v01.HTTPTests.test_content_length_mismatch_marks_incomplete) ... ok
2026-09-12T19:44:53.8920928Z test_fixed_host_exact_get_identity_encoding_and_close (test_early_pullback_census_v01.HTTPTests.test_fixed_host_exact_get_identity_encoding_and_close) ... ok
2026-09-12T19:44:53.8947296Z test_invalid_request_never_constructs_connection (test_early_pullback_census_v01.HTTPTests.test_invalid_request_never_constructs_connection) ... ok
2026-09-12T19:44:53.9025846Z test_read_error_preserves_partial_failure_and_closes (test_early_pullback_census_v01.HTTPTests.test_read_error_preserves_partial_failure_and_closes) ... ok
2026-09-12T19:44:53.9052667Z test_redirect_is_returned_without_following (test_early_pullback_census_v01.HTTPTests.test_redirect_is_returned_without_following) ... ok
2026-09-12T19:44:53.9079807Z test_transport_stops_at_oversize_sentinel (test_early_pullback_census_v01.HTTPTests.test_transport_stops_at_oversize_sentinel) ... ok
2026-09-12T19:44:54.3143304Z test_all_allowed_control_and_child_preserve_parent_account_state_and_events (test_early_pullback_paired_adapter_v01.PairedMechanicsTests.test_all_allowed_control_and_child_preserve_parent_account_state_and_events) ... ok
2026-09-12T19:44:56.2214403Z test_all_twelve_original_fixture_paths_have_independent_thirty_session_arms (test_early_pullback_paired_adapter_v01.PairedMechanicsTests.test_all_twelve_original_fixture_paths_have_independent_thirty_session_arms) ... ok
2026-09-12T19:44:57.8560822Z test_both_accounts_and_execution_scenarios_preserve_parent_fills_and_fees (test_early_pullback_paired_adapter_v01.PairedMechanicsTests.test_both_accounts_and_execution_scenarios_preserve_parent_fills_and_fees) ... ok
2026-09-12T19:44:57.8742306Z test_changed_new_catalogue_and_non_synthetic_mode_fail_closed (test_early_pullback_paired_adapter_v01.PairedMechanicsTests.test_changed_new_catalogue_and_non_synthetic_mode_fail_closed) ... ok
2026-09-12T19:44:58.2822518Z test_each_arm_carries_own_cash_and_own_previous_close (test_early_pullback_paired_adapter_v01.PairedMechanicsTests.test_each_arm_carries_own_cash_and_own_previous_close) ... ok
2026-09-12T19:44:58.8764484Z test_input_immutability_and_recomputed_result_rejects_cash_tampering (test_early_pullback_paired_adapter_v01.PairedMechanicsTests.test_input_immutability_and_recomputed_result_rejects_cash_tampering) ... ok
2026-09-12T19:44:59.0711728Z test_late_withhold_creates_no_order_campaign_fee_or_position (test_early_pullback_paired_adapter_v01.PairedMechanicsTests.test_late_withhold_creates_no_order_campaign_fee_or_position) ... ok
2026-09-12T19:44:59.2222883Z test_missing_and_extra_source_cannot_be_a_withhold (test_early_pullback_paired_adapter_v01.PairedMechanicsTests.test_missing_and_extra_source_cannot_be_a_withhold) ... ok
2026-09-12T19:44:59.4166074Z test_open_position_and_blocked_carry_are_independent_between_arms (test_early_pullback_paired_adapter_v01.PairedMechanicsTests.test_open_position_and_blocked_carry_are_independent_between_arms) ... ok
2026-09-12T19:44:59.5897648Z test_trailing_stream_error_is_not_erased_for_withheld_opportunity (test_early_pullback_paired_adapter_v01.PairedMechanicsTests.test_trailing_stream_error_is_not_erased_for_withheld_opportunity) ... ok
2026-09-12T19:44:59.6205147Z test_unavailable_reference_retained_and_not_strategy_withheld (test_early_pullback_paired_adapter_v01.PairedMechanicsTests.test_unavailable_reference_retained_and_not_strategy_withheld) ... ok
2026-09-12T19:44:59.9689536Z test_withholding_releases_capacity_for_other_symbol_in_same_session (test_early_pullback_paired_adapter_v01.PairedMechanicsTests.test_withholding_releases_capacity_for_other_symbol_in_same_session) ... ok
2026-09-12T19:44:59.9710033Z test_bounded_plan_has_exact_fixed_dates_four_unarmed_calls_no_cost_guess (test_early_pullback_paired_adapter_v01.RegistrationTests.test_bounded_plan_has_exact_fixed_dates_four_unarmed_calls_no_cost_guess) ... ok
2026-09-12T19:45:00.0913195Z test_frozen_registration_and_original_selection_unchanged (test_early_pullback_paired_adapter_v01.RegistrationTests.test_frozen_registration_and_original_selection_unchanged) ... ok
2026-09-12T19:45:00.1946401Z test_earlier_crossing_cannot_be_hidden_by_later_decision (test_early_pullback_paired_adapter_v01.TriggerBindingTests.test_earlier_crossing_cannot_be_hidden_by_later_decision) ... ok
2026-09-12T19:45:00.5986047Z test_forged_plan_or_prefix_rejected_even_with_rehashed_source (test_early_pullback_paired_adapter_v01.TriggerBindingTests.test_forged_plan_or_prefix_rejected_even_with_rehashed_source) ... ok
2026-09-12T19:45:00.7082821Z test_future_trade_or_uncompleted_minute_rejected (test_early_pullback_paired_adapter_v01.TriggerBindingTests.test_future_trade_or_uncompleted_minute_rejected) ... ok
2026-09-12T19:45:00.7613425Z test_independent_source_and_decision_pins_required (test_early_pullback_paired_adapter_v01.TriggerBindingTests.test_independent_source_and_decision_pins_required) ... ok
2026-09-12T19:45:00.9747538Z test_labels_and_extra_market_columns_rejected (test_early_pullback_paired_adapter_v01.TriggerBindingTests.test_labels_and_extra_market_columns_rejected) ... ok
2026-09-12T19:45:01.2903690Z test_original_plans_prefixes_and_ordinals_reproduce (test_early_pullback_paired_adapter_v01.TriggerBindingTests.test_original_plans_prefixes_and_ordinals_reproduce) ... ok
2026-09-12T19:45:01.4003696Z test_prior_session_warmup_and_clock_order_enforced (test_early_pullback_paired_adapter_v01.TriggerBindingTests.test_prior_session_warmup_and_clock_order_enforced) ... ok
2026-09-12T19:45:01.5026945Z test_same_timestamp_trade_order_binds_original_prefix (test_early_pullback_paired_adapter_v01.TriggerBindingTests.test_same_timestamp_trade_order_binds_original_prefix) ... ok
2026-09-12T19:45:01.6033112Z test_source_normalization_change_breaks_original_prefix (test_early_pullback_paired_adapter_v01.TriggerBindingTests.test_source_normalization_change_breaks_original_prefix) ... ok
2026-09-12T19:45:01.7160325Z test_wrong_activation_or_profiles_rejected (test_early_pullback_paired_adapter_v01.TriggerBindingTests.test_wrong_activation_or_profiles_rejected) ... ok
2026-09-12T19:45:01.7162641Z test_dated_2026_schedule_and_original_guard (test_early_pullback_panel_accounts_v01.FeeContextTests.test_dated_2026_schedule_and_original_guard) ... ok
2026-09-12T19:45:01.7200789Z test_same_fee_arithmetic_capping_and_daily_increment_on_new_dates (test_early_pullback_panel_accounts_v01.FeeContextTests.test_same_fee_arithmetic_capping_and_daily_increment_on_new_dates) ... ok
2026-09-12T19:45:01.7651216Z test_context_ports_preserve_every_frozen_mechanical_statement (test_early_pullback_panel_accounts_v01.MechanicalParityTests.test_context_ports_preserve_every_frozen_mechanical_statement) ... ok
2026-09-12T19:45:01.7654557Z test_final_management_and_account_methods_are_inherited_unchanged (test_early_pullback_panel_accounts_v01.MechanicalParityTests.test_final_management_and_account_methods_are_inherited_unchanged) ... ok
2026-09-12T19:45:07.0797902Z test_all_24_paths_run_720_real_new_date_slots_seed_once (test_early_pullback_panel_accounts_v01.PanelAccountTests.test_all_24_paths_run_720_real_new_date_slots_seed_once) ... ok
2026-09-12T19:45:07.2238051Z test_ancestor_date_guards_and_old_entry_points_stay_frozen (test_early_pullback_panel_accounts_v01.PanelAccountTests.test_ancestor_date_guards_and_old_entry_points_stay_frozen) ... ok
2026-09-12T19:45:07.2240437Z test_both_arms_have_identical_economics_when_gate_admits (test_early_pullback_panel_accounts_v01.PanelAccountTests.test_both_arms_have_identical_economics_when_gate_admits) ... ok
2026-09-12T19:45:07.2242377Z test_evaluation_provider_and_brokerage_gates_remain_closed (test_early_pullback_panel_accounts_v01.PanelAccountTests.test_evaluation_provider_and_brokerage_gates_remain_closed) ... ok
2026-09-12T19:45:09.7317624Z test_full_replay_is_reproducible (test_early_pullback_panel_accounts_v01.PanelAccountTests.test_full_replay_is_reproducible) ... ok
2026-09-12T19:45:09.8069275Z test_independent_inventory_and_result_commitments_required (test_early_pullback_panel_accounts_v01.PanelAccountTests.test_independent_inventory_and_result_commitments_required) ... ok
2026-09-12T19:45:09.8072512Z test_label_inside_carried_state_is_rejected (test_early_pullback_panel_accounts_v01.PanelAccountTests.test_label_inside_carried_state_is_rejected) ... ok
2026-09-12T19:45:10.5669474Z test_late_stream_corruption_retains_known_state_and_blocks_next_day (test_early_pullback_panel_accounts_v01.PanelAccountTests.test_late_stream_corruption_retains_known_state_and_blocks_next_day) ... ok
2026-09-12T19:45:14.1636522Z test_late_withhold_cannot_hide_invalid_entry_or_exit_sources (test_early_pullback_panel_accounts_v01.PanelAccountTests.test_late_withhold_cannot_hide_invalid_entry_or_exit_sources) ... ok
2026-09-12T19:45:16.6947350Z test_missing_extra_or_mutated_inventory_cannot_filter_plans (test_early_pullback_panel_accounts_v01.PanelAccountTests.test_missing_extra_or_mutated_inventory_cannot_filter_plans) ... ok
2026-09-12T19:45:21.1197536Z test_new_dates_across_dst_and_last_date_execute_and_carry (test_early_pullback_panel_accounts_v01.PanelAccountTests.test_new_dates_across_dst_and_last_date_execute_and_carry) ... ok
2026-09-12T19:45:24.0484685Z test_no_fresh_quote_at_stress_arrival_means_no_fill_or_fee (test_early_pullback_panel_accounts_v01.PanelAccountTests.test_no_fresh_quote_at_stress_arrival_means_no_fill_or_fee) ... ok
2026-09-12T19:45:24.0486954Z test_original_causal_candidate_projection_and_new_opportunity_identity (test_early_pullback_panel_accounts_v01.PanelAccountTests.test_original_causal_candidate_projection_and_new_opportunity_identity) ... ok
2026-09-12T19:45:24.0498055Z test_previous_close_requires_same_arm_cell_and_immediate_date (test_early_pullback_panel_accounts_v01.PanelAccountTests.test_previous_close_requires_same_arm_cell_and_immediate_date) ... ok
2026-09-12T19:45:24.0507638Z test_slot_changes_cannot_reseed_move_dates_or_alias_arms (test_early_pullback_panel_accounts_v01.PanelAccountTests.test_slot_changes_cannot_reseed_move_dates_or_alias_arms) ... ok
2026-09-12T19:45:27.3687743Z test_small_profile_executes_with_own_seed_on_qualifying_price (test_early_pullback_panel_accounts_v01.PanelAccountTests.test_small_profile_executes_with_own_seed_on_qualifying_price) ... ok
2026-09-12T19:45:30.6332067Z test_unavailable_early_plans_preserved_late_gate_changes_only_child (test_early_pullback_panel_accounts_v01.PanelAccountTests.test_unavailable_early_plans_preserved_late_gate_changes_only_child) ... ok
2026-09-12T19:45:33.6533125Z test_unresolved_position_carries_without_invented_liquidation_or_reset (test_early_pullback_panel_accounts_v01.PanelAccountTests.test_unresolved_position_carries_without_invented_liquidation_or_reset) ... ok
2026-09-12T19:45:33.8210638Z test_registration_and_exact_unarmed_four_call_preparation (test_early_pullback_panel_accounts_v01.RegistrationTests.test_registration_and_exact_unarmed_four_call_preparation) ... ok
2026-09-12T19:45:35.5579138Z test_archive_and_manifest_external_pins_required (test_early_pullback_panel_sources_v01.ArchiveTests.test_archive_and_manifest_external_pins_required) ... ok
2026-09-12T19:45:37.7357483Z test_byte_verified_full_panel_retains_all_dates_and_same_arm_source_union (test_early_pullback_panel_sources_v01.ArchiveTests.test_byte_verified_full_panel_retains_all_dates_and_same_arm_source_union) ... ok
2026-09-12T19:45:41.2326418Z test_duplicate_json_key_and_mutated_manifest_rejected (test_early_pullback_panel_sources_v01.ArchiveTests.test_duplicate_json_key_and_mutated_manifest_rejected) ... ok
2026-09-12T19:45:42.9896400Z test_member_tamper_rejected_even_with_new_outer_archive_hash (test_early_pullback_panel_sources_v01.ArchiveTests.test_member_tamper_rejected_even_with_new_outer_archive_hash) ... ok
2026-09-12T19:45:51.7178583Z test_missing_date_extra_file_duplicate_and_symlink_rejected (test_early_pullback_panel_sources_v01.ArchiveTests.test_missing_date_extra_file_duplicate_and_symlink_rejected) ... ok
2026-09-12T19:45:55.3047443Z test_wrong_day_content_and_altered_catalogue_rejected (test_early_pullback_panel_sources_v01.ArchiveTests.test_wrong_day_content_and_altered_catalogue_rejected) ... ok
2026-09-12T19:45:55.3324335Z test_dst_conversion_preserves_full_new_york_session (test_early_pullback_panel_sources_v01.CatalogueTests.test_dst_conversion_preserves_full_new_york_session) ... ok
2026-09-12T19:45:55.3562233Z test_exact_24_paths_720_new_date_slots_and_once_only_seeds (test_early_pullback_panel_sources_v01.CatalogueTests.test_exact_24_paths_720_new_date_slots_and_once_only_seeds) ... ok
2026-09-12T19:45:55.4353328Z test_external_pin_and_catalogue_tamper_rejected (test_early_pullback_panel_sources_v01.CatalogueTests.test_external_pin_and_catalogue_tamper_rejected) ... ok
2026-09-12T19:45:55.4562147Z test_missing_replaced_reordered_half_day_or_naive_calendar_rejected (test_early_pullback_panel_sources_v01.CatalogueTests.test_missing_replaced_reordered_half_day_or_naive_calendar_rejected) ... ok
2026-09-12T19:45:55.4792160Z test_original_date_guard_unchanged_and_rejects_new_slots (test_early_pullback_panel_sources_v01.CatalogueTests.test_original_date_guard_unchanged_and_rejects_new_slots) ... ok
2026-09-12T19:45:56.3556147Z test_active_source_reconstruction_crosses_dst_and_last_panel_date (test_early_pullback_panel_sources_v01.DaySourceTests.test_active_source_reconstruction_crosses_dst_and_last_panel_date) ... ok
2026-09-12T19:45:56.5281030Z test_dropped_census_rank_or_candidate_source_rejected (test_early_pullback_panel_sources_v01.DaySourceTests.test_dropped_census_rank_or_candidate_source_rejected) ... ok
2026-09-12T19:45:56.9515229Z test_factor_tamper_inconsistent_basis_and_raw_bridge_rejected (test_early_pullback_panel_sources_v01.DaySourceTests.test_factor_tamper_inconsistent_basis_and_raw_bridge_rejected) ... ok
2026-09-12T19:45:57.4852463Z test_future_news_does_not_change_earlier_activation_or_prefix (test_early_pullback_panel_sources_v01.DaySourceTests.test_future_news_does_not_change_earlier_activation_or_prefix) ... ok
2026-09-12T19:45:57.7772973Z test_input_immutability_and_unverified_provenance_not_overclaimed (test_early_pullback_panel_sources_v01.DaySourceTests.test_input_immutability_and_unverified_provenance_not_overclaimed) ... ok
2026-09-12T19:45:58.1173472Z test_labels_extra_market_columns_and_real_symbol_rejected (test_early_pullback_panel_sources_v01.DaySourceTests.test_labels_extra_market_columns_and_real_symbol_rejected) ... ok
2026-09-12T19:45:58.6476877Z test_later_trade_never_enters_earlier_source_prefix (test_early_pullback_panel_sources_v01.DaySourceTests.test_later_trade_never_enters_earlier_source_prefix) ... ok
2026-09-12T19:45:58.8117739Z test_missing_micro_cannot_be_no_trigger_or_filter_opportunity (test_early_pullback_panel_sources_v01.DaySourceTests.test_missing_micro_cannot_be_no_trigger_or_filter_opportunity) ... ok
2026-09-12T19:45:58.9262316Z test_new_dates_and_synthetic_scope_are_not_caller_selectable (test_early_pullback_panel_sources_v01.DaySourceTests.test_new_dates_and_synthetic_scope_are_not_caller_selectable) ... ok
2026-09-12T19:45:59.0922367Z test_parent_profile_grouping_agrees_except_child_identity (test_early_pullback_panel_sources_v01.DaySourceTests.test_parent_profile_grouping_agrees_except_child_identity) ... ok
2026-09-12T19:46:00.0895994Z test_scanner_normalization_original_micro_and_first_two_reproduce (test_early_pullback_panel_sources_v01.DaySourceTests.test_scanner_normalization_original_micro_and_first_two_reproduce) ... ok
2026-09-12T19:46:00.6733950Z test_tied_receive_order_and_source_pin_preserved (test_early_pullback_panel_sources_v01.DaySourceTests.test_tied_receive_order_and_source_pin_preserved) ... ok
2026-09-12T19:46:00.9207410Z test_verified_no_candidate_and_verified_empty_trade_tape_are_distinct (test_early_pullback_panel_sources_v01.DaySourceTests.test_verified_no_candidate_and_verified_empty_trade_tape_are_distinct) ... ok
2026-09-12T19:46:01.4446371Z test_warmup_session_clock_and_noncausal_support_rejected (test_early_pullback_panel_sources_v01.DaySourceTests.test_warmup_session_clock_and_noncausal_support_rejected) ... ok
2026-09-12T19:46:01.7076666Z test_registration_binds_unchanged_parent_and_closed_authority (test_early_pullback_panel_sources_v01.RegistrationTests.test_registration_binds_unchanged_parent_and_closed_authority) ... ok
2026-09-12T19:46:01.9354215Z test_alpaca_next_page_fails_without_following (test_early_pullback_provider_check_v01.ProviderCheckTests.test_alpaca_next_page_fails_without_following) ... ok
2026-09-12T19:46:01.9580079Z test_archive_external_pins_and_changed_bytes_rejected (test_early_pullback_provider_check_v01.ProviderCheckTests.test_archive_external_pins_and_changed_bytes_rejected) ... ok
2026-09-12T19:46:01.9752646Z test_complete_probe_and_independent_artifact_check (test_early_pullback_provider_check_v01.ProviderCheckTests.test_complete_probe_and_independent_artifact_check) ... ok
2026-09-12T19:46:01.9757577Z test_consumption_from_other_run_rejected (test_early_pullback_provider_check_v01.ProviderCheckTests.test_consumption_from_other_run_rejected) ... ok
2026-09-12T19:46:01.9763978Z test_daily_dates_handle_dst_and_missing_date_without_replacement (test_early_pullback_provider_check_v01.ProviderCheckTests.test_daily_dates_handle_dst_and_missing_date_without_replacement) ... ok
2026-09-12T19:46:01.9767127Z test_duplicate_json_and_nonfinite_json_rejected (test_early_pullback_provider_check_v01.ProviderCheckTests.test_duplicate_json_and_nonfinite_json_rejected) ... ok
2026-09-12T19:46:01.9777181Z test_execution_wrong_event_attempt_checkout_and_extra_files_rejected (test_early_pullback_provider_check_v01.ProviderCheckTests.test_execution_wrong_event_attempt_checkout_and_extra_files_rejected) ... ok
2026-09-12T19:46:01.9913967Z test_extra_raw_fields_and_forged_conclusion_rejected (test_early_pullback_provider_check_v01.ProviderCheckTests.test_extra_raw_fields_and_forged_conclusion_rejected) ... ok
2026-09-12T19:46:02.0068542Z test_fresh_process_cannot_reuse_output (test_early_pullback_provider_check_v01.ProviderCheckTests.test_fresh_process_cannot_reuse_output) ... ok
2026-09-12T19:46:02.0074353Z test_frozen_requests_and_parent_unchanged (test_early_pullback_provider_check_v01.ProviderCheckTests.test_frozen_requests_and_parent_unchanged) ... ok
2026-09-12T19:46:02.0248462Z test_http_failure_preserved_and_other_requests_attempted_once (test_early_pullback_provider_check_v01.ProviderCheckTests.test_http_failure_preserved_and_other_requests_attempted_once) ... ok
2026-09-12T19:46:02.0311063Z test_in_memory_retries_and_out_of_order_attempts_rejected (test_early_pullback_provider_check_v01.ProviderCheckTests.test_in_memory_retries_and_out_of_order_attempts_rejected) ... ok
2026-09-12T19:46:02.0443633Z test_intent_is_written_before_each_network_attempt (test_early_pullback_provider_check_v01.ProviderCheckTests.test_intent_is_written_before_each_network_attempt) ... ok
2026-09-12T19:46:02.0509182Z test_interruption_preserves_consumed_intent_without_invented_response (test_early_pullback_provider_check_v01.ProviderCheckTests.test_interruption_preserves_consumed_intent_without_invented_response) ... ok
2026-09-12T19:46:02.0520818Z test_invalid_daily_clock_order_and_duplicate_rejected (test_early_pullback_provider_check_v01.ProviderCheckTests.test_invalid_daily_clock_order_and_duplicate_rejected) ... ok
2026-09-12T19:46:02.0529029Z test_membership_row_filter_or_provider_status_mismatch_fails (test_early_pullback_provider_check_v01.ProviderCheckTests.test_membership_row_filter_or_provider_status_mismatch_fails) ... ok
2026-09-12T19:46:02.0535943Z test_missing_credentials_fail_before_output_or_network (test_early_pullback_provider_check_v01.ProviderCheckTests.test_missing_credentials_fail_before_output_or_network) ... ok
2026-09-12T19:46:02.0680722Z test_no_secret_price_ticker_company_or_next_url_retained (test_early_pullback_provider_check_v01.ProviderCheckTests.test_no_secret_price_ticker_company_or_next_url_retained) ... ok
2026-09-12T19:46:02.0864031Z test_non_json_response_is_retained_as_failure (test_early_pullback_provider_check_v01.ProviderCheckTests.test_non_json_response_is_retained_as_failure) ... ok
2026-09-12T19:46:02.0867487Z test_only_successful_exact_code_ci_permits_consumption (test_early_pullback_provider_check_v01.ProviderCheckTests.test_only_successful_exact_code_ci_permits_consumption) ... ok
2026-09-12T19:46:02.0997551Z test_oversized_body_reads_only_one_bounded_prefix (test_early_pullback_provider_check_v01.ProviderCheckTests.test_oversized_body_reads_only_one_bounded_prefix) ... ok
2026-09-12T19:46:02.1130295Z test_polygon_route_chosen_before_attempts_without_runtime_fallback (test_early_pullback_provider_check_v01.ProviderCheckTests.test_polygon_route_chosen_before_attempts_without_runtime_fallback) ... ok
2026-09-12T19:46:02.1132209Z test_redirect_handler_refuses_new_request (test_early_pullback_provider_check_v01.ProviderCheckTests.test_redirect_handler_refuses_new_request) ... ok
2026-09-12T19:46:02.1286420Z test_requests_match_exact_parameters_with_no_pagination (test_early_pullback_provider_check_v01.ProviderCheckTests.test_requests_match_exact_parameters_with_no_pagination) ... ok
2026-09-12T19:46:02.1421569Z test_response_digest_is_raw_bytes_not_projected_values (test_early_pullback_provider_check_v01.ProviderCheckTests.test_response_digest_is_raw_bytes_not_projected_values) ... ok
2026-09-12T19:46:02.1552796Z test_run_cannot_repeat_after_completion (test_early_pullback_provider_check_v01.ProviderCheckTests.test_run_cannot_repeat_after_completion) ... ok
2026-09-12T19:46:02.1556851Z test_schema_subset_and_exclusive_end_enforced (test_early_pullback_provider_check_v01.ProviderCheckTests.test_schema_subset_and_exclusive_end_enforced) ... ok
2026-09-12T19:46:02.1685697Z test_transport_exception_text_never_retained (test_early_pullback_provider_check_v01.ProviderCheckTests.test_transport_exception_text_never_retained) ... ok
2026-09-12T19:46:02.1813977Z test_unexpected_content_encoding_rejected_without_read (test_early_pullback_provider_check_v01.ProviderCheckTests.test_unexpected_content_encoding_rejected_without_read) ... ok
2026-09-12T19:46:02.1908437Z test_workflow_consumes_before_separate_read_only_provider_job (test_early_pullback_provider_check_v01.ProviderCheckTests.test_workflow_consumes_before_separate_read_only_provider_job) ... ok
2026-09-12T19:46:02.2081938Z test_wrong_external_execution_identity_rejected (test_early_pullback_provider_check_v01.ProviderCheckTests.test_wrong_external_execution_identity_rejected) ... ok
2026-09-12T19:46:02.2152691Z test_decision_cannot_use_incomplete_or_expired_bar (test_early_pullback_selection_v01.CausalEarlyPullbackTests.test_decision_cannot_use_incomplete_or_expired_bar) ... ok
2026-09-12T19:46:02.2168349Z test_empty_prefix_fails (test_early_pullback_selection_v01.CausalEarlyPullbackTests.test_empty_prefix_fails) ... ok
2026-09-12T19:46:02.2193424Z test_equal_running_high_does_not_confirm_resumption (test_early_pullback_selection_v01.CausalEarlyPullbackTests.test_equal_running_high_does_not_confirm_resumption) ... ok
2026-09-12T19:46:02.2256600Z test_first_and_second_selected_third_withheld (test_early_pullback_selection_v01.CausalEarlyPullbackTests.test_first_and_second_selected_third_withheld) ... ok
2026-09-12T19:46:02.2269049Z test_future_prefix_is_rejected_not_silently_sliced (test_early_pullback_selection_v01.CausalEarlyPullbackTests.test_future_prefix_is_rejected_not_silently_sliced) ... ok
2026-09-12T19:46:02.2318751Z test_input_not_mutated_and_prefix_identity_changes_with_market_evidence (test_early_pullback_selection_v01.CausalEarlyPullbackTests.test_input_not_mutated_and_prefix_identity_changes_with_market_evidence) ... ok
2026-09-12T19:46:02.2384466Z test_invalid_indices_fail (test_early_pullback_selection_v01.CausalEarlyPullbackTests.test_invalid_indices_fail) ... ok
2026-09-12T19:46:02.2514304Z test_invalid_market_values_fail (test_early_pullback_selection_v01.CausalEarlyPullbackTests.test_invalid_market_values_fail) ... ok
2026-09-12T19:46:02.2558740Z test_naive_or_missing_clock_fails (test_early_pullback_selection_v01.CausalEarlyPullbackTests.test_naive_or_missing_clock_fails) ... ok
2026-09-12T19:46:02.2630654Z test_prefix_only_no_fill_or_label_inputs (test_early_pullback_selection_v01.CausalEarlyPullbackTests.test_prefix_only_no_fill_or_label_inputs) ... ok
2026-09-12T19:46:02.2642264Z test_prequalification_prefix_fails (test_early_pullback_selection_v01.CausalEarlyPullbackTests.test_prequalification_prefix_fails) ... ok
2026-09-12T19:46:02.2663949Z test_qualification_anchor_is_not_first_entry (test_early_pullback_selection_v01.CausalEarlyPullbackTests.test_qualification_anchor_is_not_first_entry) ... ok
2026-09-12T19:46:02.2781722Z test_timestamp_resolution_does_not_change_decision (test_early_pullback_selection_v01.CausalEarlyPullbackTests.test_timestamp_resolution_does_not_change_decision) ... ok
2026-09-12T19:46:02.2835516Z test_withheld_prefix_does_not_reset_on_next_bar (test_early_pullback_selection_v01.CausalEarlyPullbackTests.test_withheld_prefix_does_not_reset_on_next_bar) ... ok
2026-09-12T19:46:02.2840390Z test_date_only_inventory_includes_path_and_nested_archives (test_early_pullback_selection_v01.PanelSelectionTests.test_date_only_inventory_includes_path_and_nested_archives) ... ok
2026-09-12T19:46:02.2842775Z test_duplicate_exclusions_fail_even_if_rehashed (test_early_pullback_selection_v01.PanelSelectionTests.test_duplicate_exclusions_fail_even_if_rehashed) ... ok
2026-09-12T19:46:02.2845128Z test_empty_duplicate_or_corrupt_inventory_fails (test_early_pullback_selection_v01.PanelSelectionTests.test_empty_duplicate_or_corrupt_inventory_fails) ... ok
2026-09-12T19:46:02.2868794Z test_exhausted_panel_fails_without_relaxing_exclusions (test_early_pullback_selection_v01.PanelSelectionTests.test_exhausted_panel_fails_without_relaxing_exclusions) ... ok
2026-09-12T19:46:02.2871262Z test_inventory_order_irrelevant_and_bytes_bound (test_early_pullback_selection_v01.PanelSelectionTests.test_inventory_order_irrelevant_and_bytes_bound) ... ok
2026-09-12T19:46:02.2884143Z test_selection_deterministic_full_block_no_excluded_date (test_early_pullback_selection_v01.PanelSelectionTests.test_selection_deterministic_full_block_no_excluded_date) ... ok
2026-09-12T19:46:02.2887159Z test_tampered_exclusion_hash_and_parent_fail (test_early_pullback_selection_v01.PanelSelectionTests.test_tampered_exclusion_hash_and_parent_fail) ... ok
2026-09-12T19:46:02.2904014Z test_all_authority_closed_and_both_complete_arms_required (test_early_pullback_selection_v01.SavedRegistrationTests.test_all_authority_closed_and_both_complete_arms_required) ... ok
2026-09-12T19:46:02.2922814Z test_old_baseline_and_prior_exclusions_cannot_be_holdout (test_early_pullback_selection_v01.SavedRegistrationTests.test_old_baseline_and_prior_exclusions_cannot_be_holdout) ... ok
2026-09-12T19:46:02.2937942Z test_registration_and_implementation_bindings (test_early_pullback_selection_v01.SavedRegistrationTests.test_registration_and_implementation_bindings) ... ok
2026-09-12T19:46:02.2961183Z test_saved_panel_reproduces_and_no_claim_of_fresh_external_exposure (test_early_pullback_selection_v01.SavedRegistrationTests.test_saved_panel_reproduces_and_no_claim_of_fresh_external_exposure) ... ok
2026-09-12T19:46:02.2963292Z test_fee_types_aggregate_daily_then_round_up_separately (test_execution_realism.EquityFeeTests.test_fee_types_aggregate_daily_then_round_up_separately) ... ok
2026-09-12T19:46:02.2965048Z test_taf_cap_is_per_sell_trade_before_daily_aggregation (test_execution_realism.EquityFeeTests.test_taf_cap_is_per_sell_trade_before_daily_aggregation) ... ok
2026-09-12T19:46:02.2967157Z test_fresh_arrival_quote_fills_buy_at_ask_and_records_spread (test_execution_realism.MarketableLimitExecutionTests.test_fresh_arrival_quote_fills_buy_at_ask_and_records_spread) ... ok
2026-09-12T19:46:02.2970144Z test_invalid_book_or_out_of_order_stream_fails_closed (test_execution_realism.MarketableLimitExecutionTests.test_invalid_book_or_out_of_order_stream_fails_closed) ... ok
2026-09-12T19:46:02.2972723Z test_non_marketable_limit_cancels_and_halt_can_resume_before_ack (test_execution_realism.MarketableLimitExecutionTests.test_non_marketable_limit_cancels_and_halt_can_resume_before_ack) ... ok
2026-09-12T19:46:02.2976080Z test_partial_fill_haircuts_first_state_once_and_cancels_remainder (test_execution_realism.MarketableLimitExecutionTests.test_partial_fill_haircuts_first_state_once_and_cancels_remainder) ... ok
2026-09-12T19:46:02.2978618Z test_sell_crosses_bid_and_limit_offset_is_directional (test_execution_realism.MarketableLimitExecutionTests.test_sell_crosses_bid_and_limit_offset_is_directional) ... ok
2026-09-12T19:46:02.2981140Z test_stale_quote_fails_unavailable_instead_of_inventing_fill (test_execution_realism.MarketableLimitExecutionTests.test_stale_quote_fails_unavailable_instead_of_inventing_fill) ... ok
2026-09-12T19:46:02.2983777Z test_contract_is_hash_bound_source_selected_and_non_authoritative (test_execution_realism.ProspectiveExecutionContractTests.test_contract_is_hash_bound_source_selected_and_non_authoritative) ... ok
2026-09-12T19:46:02.2987611Z test_contract_mutation_fails_closed (test_execution_realism.ProspectiveExecutionContractTests.test_contract_mutation_fails_closed) ... ok
2026-09-12T19:46:02.2990047Z test_fixed_scenarios_are_conservative_and_stress_not_candidates (test_execution_realism.ProspectiveExecutionContractTests.test_fixed_scenarios_are_conservative_and_stress_not_candidates) ... ok
2026-09-12T19:46:02.2993404Z test_registration_audit_binds_child_without_runtime_authority (test_execution_realism.ProspectiveExecutionContractTests.test_registration_audit_binds_child_without_runtime_authority) ... ok
2026-09-12T19:46:02.3014696Z test_invalid_manual_pass_bound_is_rejected (test_finalize_sec_float_join.FinalizeSecFloatJoinTests.test_invalid_manual_pass_bound_is_rejected) ... ok
2026-09-12T19:46:02.3104522Z test_manual_bounds_produce_deterministic_pass_fail_and_unknown (test_finalize_sec_float_join.FinalizeSecFloatJoinTests.test_manual_bounds_produce_deterministic_pass_fail_and_unknown) ... ok
2026-09-12T19:46:02.3107047Z test_activation_row_must_be_exact_and_complete (test_historical_account_diagnostic.CandidateProjectionTests.test_activation_row_must_be_exact_and_complete) ... ok
2026-09-12T19:46:02.3109418Z test_profiles_are_reapplied_to_same_causal_activation (test_historical_account_diagnostic.CandidateProjectionTests.test_profiles_are_reapplied_to_same_causal_activation) ... ok
2026-09-12T19:46:02.3111749Z test_provider_relative_no_news_exception_remains_narrow (test_historical_account_diagnostic.CandidateProjectionTests.test_provider_relative_no_news_exception_remains_narrow) ... ok
2026-09-12T19:46:02.3114566Z test_runtime_parser_preserves_frozen_plan_and_outcome (test_historical_account_diagnostic.HistoricalCompositionTests.test_runtime_parser_preserves_frozen_plan_and_outcome) ... ok
2026-09-12T19:46:02.3117362Z test_separate_historical_snapshot_does_not_weaken_prospective_guard (test_historical_account_diagnostic.HistoricalCompositionTests.test_separate_historical_snapshot_does_not_weaken_prospective_guard) ... ok
2026-09-12T19:46:02.3130024Z test_unchanged_engine_sizes_and_applies_historical_events (test_historical_account_diagnostic.HistoricalCompositionTests.test_unchanged_engine_sizes_and_applies_historical_events) ... ok
2026-09-12T19:46:02.3133122Z test_contract_is_retrospective_non_promotable_and_separate (test_historical_account_diagnostic.HistoricalDiagnosticContractTests.test_contract_is_retrospective_non_promotable_and_separate) ... ok
2026-09-12T19:46:02.3139358Z test_contract_mutations_fail_closed (test_historical_account_diagnostic.HistoricalDiagnosticContractTests.test_contract_mutations_fail_closed) ... ok
2026-09-12T19:46:02.3148973Z test_mechanical_audit_binds_deliverables (test_historical_account_diagnostic.HistoricalDiagnosticContractTests.test_mechanical_audit_binds_deliverables) ... ok
2026-09-12T19:46:02.3151092Z test_asset_master_fingerprint_is_order_independent (test_historical_data.HistoricalDataTests.test_asset_master_fingerprint_is_order_independent) ... ok
2026-09-12T19:46:02.3153187Z test_asset_master_status_counts_preserve_inactive_members (test_historical_data.HistoricalDataTests.test_asset_master_status_counts_preserve_inactive_members) ... ok
2026-09-12T19:46:02.3176484Z test_daily_scan_basis_is_unchanged_without_split (test_historical_data.HistoricalDataTests.test_daily_scan_basis_is_unchanged_without_split) ... ok
2026-09-12T19:46:02.3211746Z test_daily_scan_basis_normalizes_same_day_reverse_split (test_historical_data.HistoricalDataTests.test_daily_scan_basis_normalizes_same_day_reverse_split) ... ok
2026-09-12T19:46:02.3763909Z test_discovery_audit_accounts_for_complete_candidate_path (test_historical_data.HistoricalDataTests.test_discovery_audit_accounts_for_complete_candidate_path) ... ok
2026-09-12T19:46:02.4286767Z test_discovery_bounds_daily_bar_requests_to_explicit_causal_end (test_historical_data.HistoricalDataTests.test_discovery_bounds_daily_bar_requests_to_explicit_causal_end) ... ok
2026-09-12T19:46:02.4289202Z test_discovery_disposition_fails_closed_at_first_missing_stage (test_historical_data.HistoricalDataTests.test_discovery_disposition_fails_closed_at_first_missing_stage) ... ok
2026-09-12T19:46:02.4335213Z test_discovery_rejects_naive_daily_bar_end (test_historical_data.HistoricalDataTests.test_discovery_rejects_naive_daily_bar_end) ... ok
2026-09-12T19:46:02.4349662Z test_scan_cutoff_is_applied_when_one_minute_bar_is_available (test_historical_data.HistoricalDataTests.test_scan_cutoff_is_applied_when_one_minute_bar_is_available) ... ok
2026-09-12T19:46:02.4389847Z test_split_consistent_basis_cancels_future_adjustment_factor (test_historical_data.HistoricalDataTests.test_split_consistent_basis_cancels_future_adjustment_factor) ... ok
2026-09-12T19:46:02.4396280Z test_basis_observation_never_uses_a_forward_price (test_historical_float.HistoricalFloatTests.test_basis_observation_never_uses_a_forward_price) ... ok
2026-09-12T19:46:02.4398449Z test_evidence_selection_excludes_disclosure_after_qualification (test_historical_float.HistoricalFloatTests.test_evidence_selection_excludes_disclosure_after_qualification) ... ok
2026-09-12T19:46:02.4417021Z test_float_loader_verifies_source_counts_and_record_hash (test_historical_float.HistoricalFloatTests.test_float_loader_verifies_source_counts_and_record_hash) ... ok
2026-09-12T19:46:02.4422105Z test_float_record_contract_rejects_tampered_future_evidence (test_historical_float.HistoricalFloatTests.test_float_record_contract_rejects_tampered_future_evidence) ... ok
2026-09-12T19:46:02.4424318Z test_latest_measure_date_wins_over_later_old_amendment (test_historical_float.HistoricalFloatTests.test_latest_measure_date_wins_over_later_old_amendment) ... ok
2026-09-12T19:46:02.4427153Z test_legacy_float_estimate_does_not_invent_a_missing_bar_start (test_historical_float.HistoricalFloatTests.test_legacy_float_estimate_does_not_invent_a_missing_bar_start) ... ok
2026-09-12T19:46:02.4431118Z test_selected_evidence_produces_split_normalized_bound (test_historical_float.HistoricalFloatTests.test_selected_evidence_produces_split_normalized_bound) ... ok
2026-09-12T19:46:02.4436828Z test_final_preflight_preserves_full_authoritative_census (test_historical_float_identity_v11.HistoricalFloatIdentityV11Tests.test_final_preflight_preserves_full_authoritative_census) ... ok
2026-09-12T19:46:02.4441570Z test_final_summarizer_is_the_only_protected_loader (test_historical_float_identity_v11.HistoricalFloatIdentityV11Tests.test_final_summarizer_is_the_only_protected_loader) ... ok
2026-09-12T19:46:02.4446467Z test_final_summarizer_restores_identity_after_failure (test_historical_float_identity_v11.HistoricalFloatIdentityV11Tests.test_final_summarizer_restores_identity_after_failure) ... ok
2026-09-12T19:46:02.4449025Z test_legacy_failure_is_reproduced_and_scope_restores_parent (test_historical_float_identity_v11.HistoricalFloatIdentityV11Tests.test_legacy_failure_is_reproduced_and_scope_restores_parent) ... ok
2026-09-12T19:46:02.4451414Z test_scope_restores_parent_after_exception (test_historical_float_identity_v11.HistoricalFloatIdentityV11Tests.test_scope_restores_parent_after_exception) ... ok
2026-09-12T19:46:02.4453527Z test_builder_daily_window_stops_after_measure_basis (test_historical_float_v04.HistoricalFloatV04Tests.test_builder_daily_window_stops_after_measure_basis) ... ok
2026-09-12T19:46:02.4528264Z test_date_and_root_loaders_reject_file_tampering (test_historical_float_v04.HistoricalFloatV04Tests.test_date_and_root_loaders_reject_file_tampering) ... ok
2026-09-12T19:46:02.4536204Z test_exact_qualification_minute_target_pair_is_required (test_historical_float_v04.HistoricalFloatV04Tests.test_exact_qualification_minute_target_pair_is_required) ... ok
2026-09-12T19:46:02.4548171Z test_forward_split_before_target_multiplies_shares (test_historical_float_v04.HistoricalFloatV04Tests.test_forward_split_before_target_multiplies_shares) ... ok
2026-09-12T19:46:02.4550164Z test_legacy_v01_contract_is_unchanged (test_historical_float_v04.HistoricalFloatV04Tests.test_legacy_v01_contract_is_unchanged) ... ok
2026-09-12T19:46:02.4563949Z test_malformed_or_misaligned_raw_split_pair_fails_closed (test_historical_float_v04.HistoricalFloatV04Tests.test_malformed_or_misaligned_raw_split_pair_fails_closed) ... ok
2026-09-12T19:46:02.4573943Z test_measure_frames_do_not_retreat_to_an_older_common_session (test_historical_float_v04.HistoricalFloatV04Tests.test_measure_frames_do_not_retreat_to_an_older_common_session) ... ok
2026-09-12T19:46:02.4576541Z test_no_selected_sec_evidence_makes_no_alpaca_basis_call (test_historical_float_v04.HistoricalFloatV04Tests.test_no_selected_sec_evidence_makes_no_alpaca_basis_call) ... ok
2026-09-12T19:46:02.4589467Z test_nonfinite_public_float_and_nonintegral_shares_are_rejected (test_historical_float_v04.HistoricalFloatV04Tests.test_nonfinite_public_float_and_nonintegral_shares_are_rejected) ... ok
2026-09-12T19:46:02.4600736Z test_post_target_split_factor_cancels (test_historical_float_v04.HistoricalFloatV04Tests.test_post_target_split_factor_cancels) ... ok
2026-09-12T19:46:02.4612692Z test_public_float_uses_raw_measure_price_then_target_factor (test_historical_float_v04.HistoricalFloatV04Tests.test_public_float_uses_raw_measure_price_then_target_factor) ... ok
2026-09-12T19:46:02.4635935Z test_record_validation_recomputes_factor_decision_and_lineage (test_historical_float_v04.HistoricalFloatV04Tests.test_record_validation_recomputes_factor_decision_and_lineage) ... ok
2026-09-12T19:46:02.4647400Z test_reverse_split_before_target_divides_shares (test_historical_float_v04.HistoricalFloatV04Tests.test_reverse_split_before_target_divides_shares) ... ok
2026-09-12T19:46:02.4666951Z test_target_basis_payload_round_trip_and_tampering (test_historical_float_v04.HistoricalFloatV04Tests.test_target_basis_payload_round_trip_and_tampering) ... ok
2026-09-12T19:46:02.4680097Z test_threshold_rounding_is_exact_and_conservative (test_historical_float_v04.HistoricalFloatV04Tests.test_threshold_rounding_is_exact_and_conservative) ... ok
2026-09-12T19:46:02.4712477Z test_alias_validation_requires_matching_bars_in_both_directions (test_historical_identity_audit.HistoricalIdentityAuditTests.test_alias_validation_requires_matching_bars_in_both_directions) ... ok
2026-09-12T19:46:02.4715111Z test_failed_alias_inside_later_lookback_remains_unresolved (test_historical_identity_audit.HistoricalIdentityAuditTests.test_failed_alias_inside_later_lookback_remains_unresolved) ... ok
2026-09-12T19:46:02.4717921Z test_failed_full_gap_alias_is_safe_when_change_precedes_lookback (test_historical_identity_audit.HistoricalIdentityAuditTests.test_failed_full_gap_alias_is_safe_when_change_precedes_lookback) ... ok
2026-09-12T19:46:02.4720410Z test_recursive_symbol_extraction_and_relevance_filter (test_historical_identity_audit.HistoricalIdentityAuditTests.test_recursive_symbol_extraction_and_relevance_filter) ... ok
2026-09-12T19:46:02.4722686Z test_as_of_projection_is_inclusive_and_requires_aware_time (test_historical_news.HistoricalNewsTests.test_as_of_projection_is_inclusive_and_requires_aware_time) ... ok
2026-09-12T19:46:02.4745797Z test_loader_checks_hashes_coverage_and_as_of_projection (test_historical_news.HistoricalNewsTests.test_loader_checks_hashes_coverage_and_as_of_projection) ... ok
2026-09-12T19:46:02.4748169Z test_post_only_event_stays_on_tape_but_not_in_status (test_historical_news.HistoricalNewsTests.test_post_only_event_stays_on_tape_but_not_in_status) ... ok
2026-09-12T19:46:02.4752445Z test_prior_session_comes_from_market_calendar_proxy (test_historical_news.HistoricalNewsTests.test_prior_session_comes_from_market_calendar_proxy) ... ok
2026-09-12T19:46:02.4754405Z test_provider_failure_is_unknown_not_no_news (test_historical_news.HistoricalNewsTests.test_provider_failure_is_unknown_not_no_news) ... ok
2026-09-12T19:46:02.4756545Z test_v0_2_preserves_v0_1_provenance_and_hardens_boundary (test_historical_news.HistoricalNewsTests.test_v0_2_preserves_v0_1_provenance_and_hardens_boundary) ... ok
2026-09-12T19:46:02.4758612Z test_validator_rejects_ambiguous_full_window_status_field (test_historical_news.HistoricalNewsTests.test_validator_rejects_ambiguous_full_window_status_field) ... ok
2026-09-12T19:46:02.5860184Z test_low_price_small_account_candidate_is_retained_by_union (test_historical_profile_union_v01.HistoricalProfileUnionV01Tests.test_low_price_small_account_candidate_is_retained_by_union) ... ok
2026-09-12T19:46:02.5868581Z test_union_is_exactly_derived_without_mutating_strategy_profiles (test_historical_profile_union_v01.HistoricalProfileUnionV01Tests.test_union_is_exactly_derived_without_mutating_strategy_profiles) ... ok
2026-09-12T19:46:02.5878366Z test_union_proves_coverage_of_both_frozen_profiles (test_historical_profile_union_v01.HistoricalProfileUnionV01Tests.test_union_proves_coverage_of_both_frozen_profiles) ... ok
2026-09-12T19:46:02.5890930Z test_union_rejects_changed_parent_or_changed_union (test_historical_profile_union_v01.HistoricalProfileUnionV01Tests.test_union_rejects_changed_parent_or_changed_union) ... ok
2026-09-12T19:46:02.5898556Z test_v04_mode_is_fixed_before_any_provider_or_file_access (test_historical_profile_union_v01.HistoricalProfileUnionV01Tests.test_v04_mode_is_fixed_before_any_provider_or_file_access) ... ok
2026-09-12T19:46:02.5900926Z test_clean_common_equity_with_complete_bars_is_included (test_historical_universe.HistoricalUniverseTests.test_clean_common_equity_with_complete_bars_is_included) ... ok
2026-09-12T19:46:02.5904539Z test_collision_selects_one_clean_identity_but_not_two (test_historical_universe.HistoricalUniverseTests.test_collision_selects_one_clean_identity_but_not_two) ... ok
2026-09-12T19:46:02.5911200Z test_market_data_failure_reasons_are_structural_and_deterministic (test_historical_universe.HistoricalUniverseTests.test_market_data_failure_reasons_are_structural_and_deterministic) ... ok
2026-09-12T19:46:02.5913642Z test_missing_coverage_and_disallowed_exchange_fail_closed (test_historical_universe.HistoricalUniverseTests.test_missing_coverage_and_disallowed_exchange_fail_closed) ... ok
2026-09-12T19:46:02.5916214Z test_policy_manifest_is_stable_and_non_promotable_by_status (test_historical_universe.HistoricalUniverseTests.test_policy_manifest_is_stable_and_non_promotable_by_status) ... ok
2026-09-12T19:46:02.5918356Z test_type_name_conflict_and_units_fail_closed (test_historical_universe.HistoricalUniverseTests.test_type_name_conflict_and_units_fail_closed) ... ok
2026-09-12T19:46:02.5922251Z test_bridge_fingerprint_is_input_order_independent (test_identity_continuity.IdentityContinuityTests.test_bridge_fingerprint_is_input_order_independent) ... ok
2026-09-12T19:46:02.5924462Z test_different_nonblank_figis_are_not_collapsed_by_cik (test_identity_continuity.IdentityContinuityTests.test_different_nonblank_figis_are_not_collapsed_by_cik) ... ok
2026-09-12T19:46:02.5927035Z test_figi_primary_cik_fallback_and_symbol_reuse_are_explicit (test_identity_continuity.IdentityContinuityTests.test_figi_primary_cik_fallback_and_symbol_reuse_are_explicit) ... ok
2026-09-12T19:46:02.5929178Z test_nonunique_cik_without_figi_is_quarantined (test_identity_continuity.IdentityContinuityTests.test_nonunique_cik_without_figi_is_quarantined) ... ok
2026-09-12T19:46:02.5931042Z test_single_date_status_uses_the_same_frozen_rule (test_identity_continuity.IdentityContinuityTests.test_single_date_status_uses_the_same_frozen_rule) ... ok
2026-09-12T19:46:02.5944588Z test_loader_verifies_complete_bundle_before_returning_rows (test_identity_resolved_universe.IdentityResolvedUniverseTests.test_loader_verifies_complete_bundle_before_returning_rows) ... ok
2026-09-12T19:46:02.5947302Z test_policy_is_fingerprinted_and_non_promotable (test_identity_resolved_universe.IdentityResolvedUniverseTests.test_policy_is_fingerprinted_and_non_promotable) ... ok
2026-09-12T19:46:02.5949747Z test_provisional_membership_fingerprint_is_order_invariant (test_identity_resolved_universe.IdentityResolvedUniverseTests.test_provisional_membership_fingerprint_is_order_invariant) ... ok
2026-09-12T19:46:02.5952367Z test_resolution_removes_only_quarantine_and_attaches_identity (test_identity_resolved_universe.IdentityResolvedUniverseTests.test_resolution_removes_only_quarantine_and_attaches_identity) ... ok
2026-09-12T19:46:02.5954728Z test_statuses_must_cover_every_provisional_ticker (test_identity_resolved_universe.IdentityResolvedUniverseTests.test_statuses_must_cover_every_provisional_ticker) ... ok
2026-09-12T19:46:02.5957154Z test_unique_cik_fallback_requires_missing_figi (test_identity_resolved_universe.IdentityResolvedUniverseTests.test_unique_cik_fallback_requires_missing_figi) ... ok
2026-09-12T19:46:02.6022436Z test_completed_bar_support_is_timestamped_when_bar_closes (test_indicators.IndicatorTests.test_completed_bar_support_is_timestamped_when_bar_closes) ... ok
2026-09-12T19:46:02.6049346Z test_completed_bar_support_requires_timezone_aware_bars (test_indicators.IndicatorTests.test_completed_bar_support_requires_timezone_aware_bars) ... ok
2026-09-12T19:46:02.6099077Z test_ema_warmup_requires_timezone_aware_bars (test_indicators.IndicatorTests.test_ema_warmup_requires_timezone_aware_bars) ... ok
2026-09-12T19:46:02.6263506Z test_ema_warmup_uses_only_bars_before_session_start (test_indicators.IndicatorTests.test_ema_warmup_uses_only_bars_before_session_start) ... ok
2026-09-12T19:46:02.6403304Z test_prior_bars_warm_ema_without_changing_session_vwap (test_indicators.IndicatorTests.test_prior_bars_warm_ema_without_changing_session_vwap) ... ok
2026-09-12T19:46:02.6418578Z test_standard_macd_is_positive_on_strong_rise (test_indicators.IndicatorTests.test_standard_macd_is_positive_on_strong_rise) ... ok
2026-09-12T19:46:02.6424272Z test_upper_wick_fraction (test_indicators.IndicatorTests.test_upper_wick_fraction) ... ok
2026-09-12T19:46:02.6482441Z test_vwap_is_causal (test_indicators.IndicatorTests.test_vwap_is_causal) ... ok
2026-09-12T19:46:02.6485838Z test_company_names_do_not_trigger_broad_keyword_false_positives (test_instrument_metadata.InstrumentMetadataTests.test_company_names_do_not_trigger_broad_keyword_false_positives) ... ok
2026-09-12T19:46:02.6488196Z test_explicit_preferred_debt_and_rights_fail_closed (test_instrument_metadata.InstrumentMetadataTests.test_explicit_preferred_debt_and_rights_fail_closed) ... ok
2026-09-12T19:46:02.6490842Z test_manifest_is_deterministic_and_explicitly_not_eligibility (test_instrument_metadata.InstrumentMetadataTests.test_manifest_is_deterministic_and_explicitly_not_eligibility) ... ok
2026-09-12T19:46:02.6493018Z test_non_common_provider_type_stays_outside_common_family (test_instrument_metadata.InstrumentMetadataTests.test_non_common_provider_type_stays_outside_common_family) ... ok
2026-09-12T19:46:02.6495586Z test_plain_depositary_structure_is_reviewed_but_american_adr_is_not (test_instrument_metadata.InstrumentMetadataTests.test_plain_depositary_structure_is_reviewed_but_american_adr_is_not) ... ok
2026-09-12T19:46:02.6497732Z test_summary_and_date_manifest_remain_non_promotable (test_instrument_metadata.InstrumentMetadataTests.test_summary_and_date_manifest_remain_non_promotable) ... ok
2026-09-12T19:46:02.6499282Z test_units_are_quarantined_for_review_not_called_debt (test_instrument_metadata.InstrumentMetadataTests.test_units_are_quarantined_for_review_not_called_debt) ... ok
2026-09-12T19:46:02.6748067Z test_legacy_provider_workflows_are_manual_only (test_legacy_provider_workflow_gates.LegacyProviderWorkflowGateTests.test_legacy_provider_workflows_are_manual_only) ... ok
2026-09-12T19:46:02.6750581Z test_naive_response_timestamp_is_interpreted_as_documented_utc (test_marketaux_provider.MarketAuxProviderTests.test_naive_response_timestamp_is_interpreted_as_documented_utc) ... ok
2026-09-12T19:46:02.6752432Z test_naive_timestamp_is_rejected (test_marketaux_provider.MarketAuxProviderTests.test_naive_timestamp_is_rejected) ... ok
2026-09-12T19:46:02.6753960Z test_offset_response_timestamp_is_normalized_to_utc (test_marketaux_provider.MarketAuxProviderTests.test_offset_response_timestamp_is_normalized_to_utc) ... ok
2026-09-12T19:46:02.6756165Z test_timestamp_is_converted_to_utc_without_offset_suffix (test_marketaux_provider.MarketAuxProviderTests.test_timestamp_is_converted_to_utc_without_offset_suffix) ... ok
2026-09-12T19:46:02.6757633Z test_coverage_manifest_is_never_policy_promotable (test_massive_market_coverage.MassiveMarketCoverageTests.test_coverage_manifest_is_never_policy_promotable) ... ok
2026-09-12T19:46:02.6759185Z test_groups_colliding_security_records_into_one_market_query (test_massive_market_coverage.MassiveMarketCoverageTests.test_groups_colliding_security_records_into_one_market_query) ... ok
2026-09-12T19:46:02.6762136Z test_requires_prior_and_target_in_both_adjustment_series (test_massive_market_coverage.MassiveMarketCoverageTests.test_requires_prior_and_target_in_both_adjustment_series) ... ok
2026-09-12T19:46:02.6764137Z test_summary_preserves_type_and_exchange_failure_rates (test_massive_market_coverage.MassiveMarketCoverageTests.test_summary_preserves_type_and_exchange_failure_rates) ... ok
2026-09-12T19:46:02.6768359Z test_cursor_order_regression_is_recorded_not_rejected (test_massive_provider.MassiveProviderTests.test_cursor_order_regression_is_recorded_not_rejected) ... ok
2026-09-12T19:46:02.6771250Z test_exact_membership_identity_duplicate_fails_closed (test_massive_provider.MassiveProviderTests.test_exact_membership_identity_duplicate_fails_closed) ... ok
2026-09-12T19:46:02.6773741Z test_fingerprints_are_order_independent_and_membership_scoped (test_massive_provider.MassiveProviderTests.test_fingerprints_are_order_independent_and_membership_scoped) ... ok
2026-09-12T19:46:02.6775843Z test_non_active_row_fails_closed (test_massive_provider.MassiveProviderTests.test_non_active_row_fails_closed) ... ok
2026-09-12T19:46:02.6779955Z test_paginates_normalizes_and_never_preserves_cursor_secret (test_massive_provider.MassiveProviderTests.test_paginates_normalizes_and_never_preserves_cursor_secret) ... ok
2026-09-12T19:46:02.6783415Z test_repeated_cursor_is_rejected (test_massive_provider.MassiveProviderTests.test_repeated_cursor_is_rejected) ... ok
2026-09-12T19:46:02.6785919Z test_same_ticker_with_distinct_security_identities_is_preserved (test_massive_provider.MassiveProviderTests.test_same_ticker_with_distinct_security_identities_is_preserved) ... ok
2026-09-12T19:46:02.6788797Z test_stock_splits_paginate_and_keep_secret_out_of_result (test_massive_provider.MassiveProviderTests.test_stock_splits_paginate_and_keep_secret_out_of_result) ... ok
2026-09-12T19:46:02.6790277Z test_ticker_events_accept_composite_figi_and_normalize_events (test_massive_provider.MassiveProviderTests.test_ticker_events_accept_composite_figi_and_normalize_events) ... ok
2026-09-12T19:46:02.6791917Z test_ticker_types_normalize_documented_response (test_massive_provider.MassiveProviderTests.test_ticker_types_normalize_documented_response) ... ok
2026-09-12T19:46:02.6794850Z test_unofficial_pagination_host_is_rejected (test_massive_provider.MassiveProviderTests.test_unofficial_pagination_host_is_rejected) ... ok
2026-09-12T19:46:02.6832304Z test_aggregate_ten_second_bars_excludes_odd_lot_from_prices (test_micro_bars.MicroBarTests.test_aggregate_ten_second_bars_excludes_odd_lot_from_prices) ... ok
2026-09-12T19:46:02.6833565Z test_condition_rules_apply_strictest_semantics (test_micro_bars.MicroBarTests.test_condition_rules_apply_strictest_semantics) ... ok
2026-09-12T19:46:02.6850883Z test_fully_filtered_nonempty_tape_keeps_aware_empty_index (test_micro_bars.MicroBarTests.test_fully_filtered_nonempty_tape_keeps_aware_empty_index) ... ok
2026-09-12T19:46:02.6876703Z test_high_low_timestamps_preserve_intrabar_sequence (test_micro_bars.MicroBarTests.test_high_low_timestamps_preserve_intrabar_sequence) ... ok
2026-09-12T19:46:02.6902212Z test_unknown_condition_fails_closed_and_is_counted (test_micro_bars.MicroBarTests.test_unknown_condition_fails_closed_and_is_counted) ... ok
2026-09-12T19:46:02.6905774Z test_comparison_reports_matches_and_price_mismatches_without_selecting_variant (test_micro_benchmark.MicroBenchmarkTests.test_comparison_reports_matches_and_price_mismatches_without_selecting_variant) ... ok
2026-09-12T19:46:02.6908087Z test_dsy_style_fill_list_is_preserved_as_all_references (test_micro_benchmark.MicroBenchmarkTests.test_dsy_style_fill_list_is_preserved_as_all_references) ... ok
2026-09-12T19:46:02.6909325Z test_label_knowledge_policy_is_enforced (test_micro_benchmark.MicroBenchmarkTests.test_label_knowledge_policy_is_enforced) ... ok
2026-09-12T19:46:02.6910466Z test_runtime_and_label_symbols_must_match (test_micro_benchmark.MicroBenchmarkTests.test_runtime_and_label_symbols_must_match) ... ok
2026-09-12T19:46:02.6911618Z test_runtime_knowledge_policy_is_enforced (test_micro_benchmark.MicroBenchmarkTests.test_runtime_knowledge_policy_is_enforced) ... ok
2026-09-12T19:46:02.7037363Z test_ablation_artifact_is_label_blind_and_parent_provenanced (test_micro_context_ablation.PrequalificationContextAblationTests.test_ablation_artifact_is_label_blind_and_parent_provenanced) ... ok
2026-09-12T19:46:02.7039507Z test_context_bound_is_derived_from_parent_geometry (test_micro_context_ablation.PrequalificationContextAblationTests.test_context_bound_is_derived_from_parent_geometry) ... ok
2026-09-12T19:46:02.7213768Z test_context_can_recognize_existing_pullback_without_prequal_action (test_micro_context_ablation.PrequalificationContextAblationTests.test_context_can_recognize_existing_pullback_without_prequal_action) ... ok
2026-09-12T19:46:02.7221072Z test_context_start_uses_only_bars_completed_before_qualification (test_micro_context_ablation.PrequalificationContextAblationTests.test_context_start_uses_only_bars_completed_before_qualification) ... ok
2026-09-12T19:46:02.7224349Z test_bar_that_finishes_at_high_does_not_arm (test_micro_execution.MicroExecutionTests.test_bar_that_finishes_at_high_does_not_arm) ... ok
2026-09-12T19:46:02.7406632Z test_batch_execution_matches_single_plan_semantics (test_micro_execution.MicroExecutionTests.test_batch_execution_matches_single_plan_semantics) ... ok
2026-09-12T19:46:02.7556249Z test_clean_odd_lot_is_execution_visible_but_not_chart_visible (test_micro_execution.MicroExecutionTests.test_clean_odd_lot_is_execution_visible_but_not_chart_visible) ... ok
2026-09-12T19:46:02.7559773Z test_completed_bar_arms_only_after_close_and_for_one_next_bar (test_micro_execution.MicroExecutionTests.test_completed_bar_arms_only_after_close_and_for_one_next_bar) ... ok
2026-09-12T19:46:02.7688745Z test_dsy_shaped_trigger_modes_bracket_observed_price_path (test_micro_execution.MicroExecutionTests.test_dsy_shaped_trigger_modes_bracket_observed_price_path) ... ok
2026-09-12T19:46:02.7802925Z test_entry_latency_delays_fill_without_changing_trigger (test_micro_execution.MicroExecutionTests.test_entry_latency_delays_fill_without_changing_trigger) ... ok
2026-09-12T19:46:02.7864103Z test_gap_above_trigger_is_recorded_as_entry_slippage (test_micro_execution.MicroExecutionTests.test_gap_above_trigger_is_recorded_as_entry_slippage) ... ok
2026-09-12T19:46:02.7894340Z test_odd_lot_does_not_override_another_disqualifying_condition (test_micro_execution.MicroExecutionTests.test_odd_lot_does_not_override_another_disqualifying_condition) ... ok
2026-09-12T19:46:02.7941834Z test_plan_expires_before_late_breakout (test_micro_execution.MicroExecutionTests.test_plan_expires_before_late_breakout) ... ok
2026-09-12T19:46:02.8076889Z test_stop_and_target_use_ordered_post_fill_prints (test_micro_execution.MicroExecutionTests.test_stop_and_target_use_ordered_post_fill_prints) ... ok
2026-09-12T19:46:02.8237142Z test_only_qualification_base_changes_retrace_decision (test_micro_impulse_base_ablation.QualificationAnchoredImpulseBaseTests.test_only_qualification_base_changes_retrace_decision) ... ok
2026-09-12T19:46:02.8257386Z test_prequalification_low_is_never_used (test_micro_impulse_base_ablation.QualificationAnchoredImpulseBaseTests.test_prequalification_low_is_never_used) ... ok
2026-09-12T19:46:02.8451384Z test_replay_and_runtime_artifact_remain_label_blind (test_micro_impulse_base_ablation.QualificationAnchoredImpulseBaseTests.test_replay_and_runtime_artifact_remain_label_blind) ... ok
2026-09-12T19:46:02.8453429Z test_spec_changes_no_threshold_or_peak_rule (test_micro_impulse_base_ablation.QualificationAnchoredImpulseBaseTests.test_spec_changes_no_threshold_or_peak_rule) ... ok
2026-09-12T19:46:02.8478043Z test_local_peak_accepts_lower_impulse_that_parent_running_high_rejects (test_micro_local_peak_ablation.LocalImpulsePeakAblationTests.test_local_peak_accepts_lower_impulse_that_parent_running_high_rejects) ... ok
2026-09-12T19:46:02.8863558Z test_replay_changes_only_peak_scope_and_fills_postqualification (test_micro_local_peak_ablation.LocalImpulsePeakAblationTests.test_replay_changes_only_peak_scope_and_fills_postqualification) ... ok
2026-09-12T19:46:02.9096347Z test_runtime_artifact_is_label_blind_and_parent_provenanced (test_micro_local_peak_ablation.LocalImpulsePeakAblationTests.test_runtime_artifact_is_label_blind_and_parent_provenanced) ... ok
2026-09-12T19:46:02.9099074Z test_spec_uses_parent_impulse_lookback_without_new_constant (test_micro_local_peak_ablation.LocalImpulsePeakAblationTests.test_spec_uses_parent_impulse_lookback_without_new_constant) ... ok
2026-09-12T19:46:02.9100881Z test_manifest_is_stable_and_fingerprinted (test_micro_policy.FrozenMicroPolicyTests.test_manifest_is_stable_and_fingerprinted) ... ok
2026-09-12T19:46:02.9101943Z test_micro_v0_1_exact_contract (test_micro_policy.FrozenMicroPolicyTests.test_micro_v0_1_exact_contract) ... ok
2026-09-12T19:46:02.9126011Z test_active_pullback_number_advances_only_after_confirmed_resumption (test_micro_replay.MicroReplayTests.test_active_pullback_number_advances_only_after_confirmed_resumption) ... ok
2026-09-12T19:46:02.9386931Z test_replay_attaches_only_second_pullback_fill_without_labels (test_micro_replay.MicroReplayTests.test_replay_attaches_only_second_pullback_fill_without_labels) ... ok
2026-09-12T19:46:02.9400760Z test_replay_rejects_timezone_naive_candidate_anchor (test_micro_replay.MicroReplayTests.test_replay_rejects_timezone_naive_candidate_anchor) ... ok
2026-09-12T19:46:02.9665056Z test_runtime_artifact_is_json_safe_and_label_blind (test_micro_replay.MicroReplayTests.test_runtime_artifact_is_json_safe_and_label_blind) ... ok
2026-09-12T19:46:02.9696931Z test_canonical_micro_plan_uses_last_pullback_high_and_pullback_low (test_micro_setup.MicroSetupTests.test_canonical_micro_plan_uses_last_pullback_high_and_pullback_low) ... ok
2026-09-12T19:46:02.9719005Z test_canonical_policy_fails_closed_without_support_context (test_micro_setup.MicroSetupTests.test_canonical_policy_fails_closed_without_support_context) ... ok
2026-09-12T19:46:02.9743331Z test_equal_high_retest_does_not_replace_strict_running_high_peak (test_micro_setup.MicroSetupTests.test_equal_high_retest_does_not_replace_strict_running_high_peak) ... ok
2026-09-12T19:46:02.9767118Z test_geometry_research_policy_can_run_without_support_series (test_micro_setup.MicroSetupTests.test_geometry_research_policy_can_run_without_support_series) ... ok
2026-09-12T19:46:02.9798809Z test_psychological_levels_are_context_not_canonical_trigger (test_micro_setup.MicroSetupTests.test_psychological_levels_are_context_not_canonical_trigger) ... ok
2026-09-12T19:46:02.9826991Z test_pullback_below_support_is_rejected (test_micro_setup.MicroSetupTests.test_pullback_below_support_is_rejected) ... ok
2026-09-12T19:46:02.9850843Z test_pullback_volume_must_be_lighter (test_micro_setup.MicroSetupTests.test_pullback_volume_must_be_lighter) ... ok
2026-09-12T19:46:02.9863880Z test_pullbacks_are_counted_only_after_candidate_start (test_micro_setup.MicroSetupTests.test_pullbacks_are_counted_only_after_candidate_start) ... ok
2026-09-12T19:46:02.9934849Z test_retrace_above_half_is_rejected (test_micro_setup.MicroSetupTests.test_retrace_above_half_is_rejected) ... ok
2026-09-12T19:46:02.9944279Z test_support_series_does_not_read_future_values (test_micro_setup.MicroSetupTests.test_support_series_does_not_read_future_values) ... ok
2026-09-12T19:46:02.9945302Z test_unconfirmed_pullback_is_not_reported (test_micro_setup.MicroSetupTests.test_unconfirmed_pullback_is_not_reported) ... ok
2026-09-12T19:46:03.0090791Z test_context_volume_cell_can_use_completed_prequalification_structure (test_micro_volume_ablation.MicroVolumeAblationTests.test_context_volume_cell_can_use_completed_prequalification_structure) ... ok
2026-09-12T19:46:03.0093193Z test_specs_and_child_policy_are_isolated (test_micro_volume_ablation.MicroVolumeAblationTests.test_specs_and_child_policy_are_isolated) ... ok
2026-09-12T19:46:03.0293489Z test_volume_gate_off_can_admit_same_geometry (test_micro_volume_ablation.MicroVolumeAblationTests.test_volume_gate_off_can_admit_same_geometry) ... ok
2026-09-12T19:46:03.0312568Z test_contract_is_hash_bound_and_unarmed (test_microstructure_behavioral_cohort.MicrostructureBehavioralCohortTests.test_contract_is_hash_bound_and_unarmed) ... ok
2026-09-12T19:46:03.0420069Z test_every_opportunity_maps_to_one_exact_request (test_microstructure_behavioral_cohort.MicrostructureBehavioralCohortTests.test_every_opportunity_maps_to_one_exact_request) ... ok
2026-09-12T19:46:03.0433698Z test_execution_gate_is_absent_or_exactly_valid (test_microstructure_behavioral_cohort.MicrostructureBehavioralCohortTests.test_execution_gate_is_absent_or_exactly_valid) ... ok
2026-09-12T19:46:03.0445491Z test_exhaustive_panel_slice_and_quantities_are_frozen (test_microstructure_behavioral_cohort.MicrostructureBehavioralCohortTests.test_exhaustive_panel_slice_and_quantities_are_frozen) ... ok
2026-09-12T19:46:03.0461042Z test_registration_audit_binds_the_implementation (test_microstructure_behavioral_cohort.MicrostructureBehavioralCohortTests.test_registration_audit_binds_the_implementation) ... ok
2026-09-12T19:46:03.0474742Z test_requests_group_dates_and_minimize_the_registered_end (test_microstructure_behavioral_cohort.MicrostructureBehavioralCohortTests.test_requests_group_dates_and_minimize_the_registered_end) ... ok
2026-09-12T19:46:03.0500517Z test_selection_quantity_request_and_authority_drift_fail_closed (test_microstructure_behavioral_cohort.MicrostructureBehavioralCohortTests.test_selection_quantity_request_and_authority_drift_fail_closed) ... ok
2026-09-12T19:46:03.0509686Z test_contract_overclaim_or_provider_authority_fails_closed (test_microstructure_behavioral_comparison.MicrostructureBehavioralComparisonTests.test_contract_overclaim_or_provider_authority_fails_closed) ... ok
2026-09-12T19:46:03.0523093Z test_exact_disjoint_pre_post_comparison_reports_every_horizon (test_microstructure_behavioral_comparison.MicrostructureBehavioralComparisonTests.test_exact_disjoint_pre_post_comparison_reports_every_horizon) ... ok
2026-09-12T19:46:03.0527457Z test_registration_audit_binds_the_unarmed_bundle (test_microstructure_behavioral_comparison.MicrostructureBehavioralComparisonTests.test_registration_audit_binds_the_unarmed_bundle) ... ok
2026-09-12T19:46:03.0530080Z test_registration_is_hash_bound_unarmed_and_preoutcome (test_microstructure_behavioral_comparison.MicrostructureBehavioralComparisonTests.test_registration_is_hash_bound_unarmed_and_preoutcome) ... ok
2026-09-12T19:46:03.0541899Z test_scope_anchor_breakout_and_horizon_drift_fail_closed (test_microstructure_behavioral_comparison.MicrostructureBehavioralComparisonTests.test_scope_anchor_breakout_and_horizon_drift_fail_closed) ... ok
2026-09-12T19:46:03.0556132Z test_snapshot_tamper_labels_thresholds_and_authority_fail_closed (test_microstructure_behavioral_comparison.MicrostructureBehavioralComparisonTests.test_snapshot_tamper_labels_thresholds_and_authority_fail_closed) ... ok
2026-09-12T19:46:03.0566701Z test_unavailable_tape_families_fail_closed_without_book_loss (test_microstructure_behavioral_comparison.MicrostructureBehavioralComparisonTests.test_unavailable_tape_families_fail_closed_without_book_loss) ... ok
2026-09-12T19:46:03.0579327Z test_bridge_reports_complete_six_cell_pending_matrix (test_microstructure_behavioral_execution_bridge.MicrostructureBehavioralExecutionBridgeTests.test_bridge_reports_complete_six_cell_pending_matrix) ... ok
2026-09-12T19:46:03.0581235Z test_contract_binds_success_and_remains_unarmed (test_microstructure_behavioral_execution_bridge.MicrostructureBehavioralExecutionBridgeTests.test_contract_binds_success_and_remains_unarmed) ... ok
2026-09-12T19:46:03.0586466Z test_contract_mutation_cannot_enable_selection_or_authority (test_microstructure_behavioral_execution_bridge.MicrostructureBehavioralExecutionBridgeTests.test_contract_mutation_cannot_enable_selection_or_authority) ... ok
2026-09-12T19:46:03.0591375Z test_each_scenario_reuses_the_same_aggregate_for_each_horizon (test_microstructure_behavioral_execution_bridge.MicrostructureBehavioralExecutionBridgeTests.test_each_scenario_reuses_the_same_aggregate_for_each_horizon) ... ok
2026-09-12T19:46:03.0594664Z test_registration_audit_is_hash_bound_and_provider_inert (test_microstructure_behavioral_execution_bridge.MicrostructureBehavioralExecutionBridgeTests.test_registration_audit_is_hash_bound_and_provider_inert) ... ok
2026-09-12T19:46:03.0599205Z test_activity_spread_selection_rejects_outcomes (test_microstructure_contract.MicrostructureContractTests.test_activity_spread_selection_rejects_outcomes) ... ok
2026-09-12T19:46:03.0600860Z test_complete_snapshot_then_live_event_is_valid (test_microstructure_contract.MicrostructureContractTests.test_complete_snapshot_then_live_event_is_valid) ... ok
2026-09-12T19:46:03.0610867Z test_frozen_zip_inspector_uses_only_label_blind_rows (test_microstructure_contract.MicrostructureContractTests.test_frozen_zip_inspector_uses_only_label_blind_rows) ... ok
2026-09-12T19:46:03.0614332Z test_missing_clear_incomplete_snapshot_and_bad_clock_fail_closed (test_microstructure_contract.MicrostructureContractTests.test_missing_clear_incomplete_snapshot_and_bad_clock_fail_closed) ... ok
2026-09-12T19:46:03.0619788Z test_permanent_audit_binds_feasibility_deliverables (test_microstructure_contract.MicrostructureContractTests.test_permanent_audit_binds_feasibility_deliverables) ... ok
2026-09-12T19:46:03.0634466Z test_purchase_or_consolidated_depth_overclaim_fails_closed (test_microstructure_contract.MicrostructureContractTests.test_purchase_or_consolidated_depth_overclaim_fails_closed) ... ok
2026-09-12T19:46:03.0642620Z test_registration_is_hash_bound_and_keeps_single_venue_scope_explicit (test_microstructure_contract.MicrostructureContractTests.test_registration_is_hash_bound_and_keeps_single_venue_scope_explicit) ... ok
2026-09-12T19:46:03.0644629Z test_tape_preserves_unknown_aggressor_and_rejects_duplicate_ids (test_microstructure_contract.MicrostructureContractTests.test_tape_preserves_unknown_aggressor_and_rejects_duplicate_ids) ... ok
2026-09-12T19:46:03.0649524Z test_registered_windows_are_start_exclusive_and_history_is_bounded (test_microstructure_features.MicrostructureFeatureMechanicsTests.test_registered_windows_are_start_exclusive_and_history_is_bounded) ... ok
2026-09-12T19:46:03.0660315Z test_registration_is_hash_bound_threshold_free_and_unspendable (test_microstructure_features.MicrostructureFeatureMechanicsTests.test_registration_is_hash_bound_threshold_free_and_unspendable) ... ok
2026-09-12T19:46:03.0665140Z test_replenishment_matches_same_price_depletion_fifo (test_microstructure_features.MicrostructureFeatureMechanicsTests.test_replenishment_matches_same_price_depletion_fifo) ... ok
2026-09-12T19:46:03.0672298Z test_reset_incomplete_state_scope_and_time_fail_closed (test_microstructure_features.MicrostructureFeatureMechanicsTests.test_reset_incomplete_state_scope_and_time_fail_closed) ... ok
2026-09-12T19:46:03.0677367Z test_signed_tape_preserves_unknown_and_emits_breakout_context (test_microstructure_features.MicrostructureFeatureMechanicsTests.test_signed_tape_preserves_unknown_and_emits_breakout_context) ... ok
2026-09-12T19:46:03.0683453Z test_snapshot_fingerprint_is_reproducible_and_has_no_authority (test_microstructure_features.MicrostructureFeatureMechanicsTests.test_snapshot_fingerprint_is_reproducible_and_has_no_authority) ... ok
2026-09-12T19:46:03.0687028Z test_tape_correction_fails_affected_families_closed (test_microstructure_features.MicrostructureFeatureMechanicsTests.test_tape_correction_fails_affected_families_closed) ... ok
2026-09-12T19:46:03.0691472Z test_top_depth_imbalance_and_depth_walk_are_exact_rationals (test_microstructure_features.MicrostructureFeatureMechanicsTests.test_top_depth_imbalance_and_depth_walk_are_exact_rationals) ... ok
2026-09-12T19:46:03.0694015Z test_v03_success_audit_is_permanently_hash_bound (test_microstructure_features.MicrostructureFeatureMechanicsTests.test_v03_success_audit_is_permanently_hash_bound) ... ok
2026-09-12T19:46:03.0806025Z test_account_scoped_component_metrics_keep_unknowns_out (test_prospective_account_evaluation.ProspectiveAccountEvaluationTests.test_account_scoped_component_metrics_keep_unknowns_out) ... ok
2026-09-12T19:46:03.0808216Z test_all_reported_entry_and_exit_references_are_retained (test_prospective_account_evaluation.ProspectiveAccountEvaluationTests.test_all_reported_entry_and_exit_references_are_retained) ... ok
2026-09-12T19:46:03.1145921Z test_any_open_or_unavailable_session_nulls_only_its_account_cell (test_prospective_account_evaluation.ProspectiveAccountEvaluationTests.test_any_open_or_unavailable_session_nulls_only_its_account_cell) ... ok
2026-09-12T19:46:03.1283958Z test_candidate_set_and_session_hash_mismatches_fail_closed (test_prospective_account_evaluation.ProspectiveAccountEvaluationTests.test_candidate_set_and_session_hash_mismatches_fail_closed) ... ok
2026-09-12T19:46:04.0430585Z test_cli_writes_once_and_validates_before_output (test_prospective_account_evaluation.ProspectiveAccountEvaluationTests.test_cli_writes_once_and_validates_before_output) ... ok
2026-09-12T19:46:04.0431985Z test_complete_flat_portfolio_metrics_are_deterministic (test_prospective_account_evaluation.ProspectiveAccountEvaluationTests.test_complete_flat_portfolio_metrics_are_deterministic) ... ok
2026-09-12T19:46:04.0433654Z test_contract_binds_parents_cells_metrics_and_no_authority (test_prospective_account_evaluation.ProspectiveAccountEvaluationTests.test_contract_binds_parents_cells_metrics_and_no_authority) ... ok
2026-09-12T19:46:04.0529519Z test_labels_must_be_opened_after_exact_runtime_freeze (test_prospective_account_evaluation.ProspectiveAccountEvaluationTests.test_labels_must_be_opened_after_exact_runtime_freeze) ... ok
2026-09-12T19:46:04.0535072Z test_registration_audit_is_hash_bound_and_inert (test_prospective_account_evaluation.ProspectiveAccountEvaluationTests.test_registration_audit_is_hash_bound_and_inert) ... ok
2026-09-12T19:46:04.0538902Z test_rehashed_contract_scope_expansion_is_rejected (test_prospective_account_evaluation.ProspectiveAccountEvaluationTests.test_rehashed_contract_scope_expansion_is_rejected) ... ok
2026-09-12T19:46:04.0994212Z test_rehashed_report_tampering_is_recomputed_and_rejected (test_prospective_account_evaluation.ProspectiveAccountEvaluationTests.test_rehashed_report_tampering_is_recomputed_and_rejected) ... ok
2026-09-12T19:46:04.1008129Z test_report_has_no_best_cell_or_overall_imitation_score (test_prospective_account_evaluation.ProspectiveAccountEvaluationTests.test_report_has_no_best_cell_or_overall_imitation_score) ... ok
2026-09-12T19:46:04.1107328Z test_report_validator_accepts_builder_output (test_prospective_account_evaluation.ProspectiveAccountEvaluationTests.test_report_validator_accepts_builder_output) ... ok
2026-09-12T19:46:04.1159195Z test_runtime_rejects_retrospective_keys_even_when_rehashed (test_prospective_account_evaluation.ProspectiveAccountEvaluationTests.test_runtime_rejects_retrospective_keys_even_when_rehashed) ... ok
2026-09-12T19:46:04.1323873Z test_account_profile_difference_retains_unqualified_candidate (test_prospective_daily_account_runtime.ProspectiveDailyAccountRuntimeTests.test_account_profile_difference_retains_unqualified_candidate) ... ok
2026-09-12T19:46:04.6547147Z test_cli_materializes_exact_parent_directories_without_credentials (test_prospective_daily_account_runtime.ProspectiveDailyAccountRuntimeTests.test_cli_materializes_exact_parent_directories_without_credentials) ... ok
2026-09-12T19:46:04.6550316Z test_contract_is_hash_bound_and_provider_free (test_prospective_daily_account_runtime.ProspectiveDailyAccountRuntimeTests.test_contract_is_hash_bound_and_provider_free) ... ok
2026-09-12T19:46:04.6820503Z test_full_synthetic_chain_emits_twelve_hash_bound_open_sessions (test_prospective_daily_account_runtime.ProspectiveDailyAccountRuntimeTests.test_full_synthetic_chain_emits_twelve_hash_bound_open_sessions) ... ok
2026-09-12T19:46:04.6827089Z test_registration_audit_binds_the_inert_composer_surface (test_prospective_daily_account_runtime.ProspectiveDailyAccountRuntimeTests.test_registration_audit_binds_the_inert_composer_surface) ... ok
2026-09-12T19:46:04.7133608Z test_rehash_cannot_hide_session_or_retrospective_tampering (test_prospective_daily_account_runtime.ProspectiveDailyAccountRuntimeTests.test_rehash_cannot_hide_session_or_retrospective_tampering) ... ok
2026-09-12T19:46:04.7317576Z test_scenarios_remain_separate_and_horizons_do_not_select (test_prospective_daily_account_runtime.ProspectiveDailyAccountRuntimeTests.test_scenarios_remain_separate_and_horizons_do_not_select) ... ok
2026-09-12T19:46:04.7473708Z test_unavailable_status_is_retained_without_fallback (test_prospective_daily_account_runtime.ProspectiveDailyAccountRuntimeTests.test_unavailable_status_is_retained_without_fallback) ... ok
2026-09-12T19:46:04.7623771Z test_workflow_is_manual_parent_bound_and_credential_free (test_prospective_daily_account_runtime.ProspectiveDailyAccountRuntimeTests.test_workflow_is_manual_parent_bound_and_credential_free) ... ok
2026-09-12T19:46:04.7851046Z test_write_once_preserves_frozen_artifact (test_prospective_daily_account_runtime.ProspectiveDailyAccountRuntimeTests.test_write_once_preserves_frozen_artifact) ... ok
2026-09-12T19:46:04.7966247Z test_zero_opportunity_date_still_emits_every_session_and_candidate (test_prospective_daily_account_runtime.ProspectiveDailyAccountRuntimeTests.test_zero_opportunity_date_still_emits_every_session_and_candidate) ... ok
2026-09-12T19:46:04.7973225Z test_august_26_operational_repair_audit_is_hash_bound_and_future_only (test_prospective_daily_source.ProspectiveDailySourceTests.test_august_26_operational_repair_audit_is_hash_bound_and_future_only) ... ok
2026-09-12T19:46:04.7984202Z test_daily_basis_activity_resolution_cannot_mask_provider_wide_empty_data (test_prospective_daily_source.ProspectiveDailySourceTests.test_daily_basis_activity_resolution_cannot_mask_provider_wide_empty_data) ... ok
2026-09-12T19:46:04.7995969Z test_daily_basis_activity_resolution_confirms_only_explicit_empty_frames (test_prospective_daily_source.ProspectiveDailySourceTests.test_daily_basis_activity_resolution_confirms_only_explicit_empty_frames) ... ok
2026-09-12T19:46:04.8005803Z test_daily_basis_activity_resolution_is_hash_and_membership_bound (test_prospective_daily_source.ProspectiveDailySourceTests.test_daily_basis_activity_resolution_is_hash_and_membership_bound) ... ok
2026-09-12T19:46:04.8010821Z test_daily_basis_activity_resolution_makes_no_call_when_not_needed (test_prospective_daily_source.ProspectiveDailySourceTests.test_daily_basis_activity_resolution_makes_no_call_when_not_needed) ... ok
2026-09-12T19:46:04.8021432Z test_daily_basis_activity_resolution_rejects_mismatch_and_omission (test_prospective_daily_source.ProspectiveDailySourceTests.test_daily_basis_activity_resolution_rejects_mismatch_and_omission) ... ok
2026-09-12T19:46:04.8028475Z test_daily_basis_activity_resolution_rejects_provider_and_symbol_failures (test_prospective_daily_source.ProspectiveDailySourceTests.test_daily_basis_activity_resolution_rejects_provider_and_symbol_failures) ... ok
2026-09-12T19:46:04.8035858Z test_daily_basis_activity_resolution_rejects_target_activity (test_prospective_daily_source.ProspectiveDailySourceTests.test_daily_basis_activity_resolution_rejects_target_activity) ... ok
2026-09-12T19:46:04.8045655Z test_daily_source_binds_scanner_and_micro_without_account_state (test_prospective_daily_source.ProspectiveDailySourceTests.test_daily_source_binds_scanner_and_micro_without_account_state) ... ok
2026-09-12T19:46:04.8161149Z test_micro_source_stops_at_chart_trigger_without_fill_or_exit (test_prospective_daily_source.ProspectiveDailySourceTests.test_micro_source_stops_at_chart_trigger_without_fill_or_exit) ... ok
2026-09-12T19:46:04.8168534Z test_pre_session_prerequisite_is_hash_bound_and_before_strategy (test_prospective_daily_source.ProspectiveDailySourceTests.test_pre_session_prerequisite_is_hash_bound_and_before_strategy) ... ok
2026-09-12T19:46:04.8171637Z test_pre_session_provider_capture_rejects_deadline_before_any_read (test_prospective_daily_source.ProspectiveDailySourceTests.test_pre_session_provider_capture_rejects_deadline_before_any_read) ... ok
2026-09-12T19:46:04.8174331Z test_profile_activations_preserve_later_small_account_qualification (test_prospective_daily_source.ProspectiveDailySourceTests.test_profile_activations_preserve_later_small_account_qualification) ... ok
2026-09-12T19:46:04.8237499Z test_provider_orchestrator_composes_a_nonzero_source (test_prospective_daily_source.ProspectiveDailySourceTests.test_provider_orchestrator_composes_a_nonzero_source) ... ok
2026-09-12T19:46:04.8244202Z test_provider_orchestrator_does_not_hide_a_rejected_member_as_zero (test_prospective_daily_source.ProspectiveDailySourceTests.test_provider_orchestrator_does_not_hide_a_rejected_member_as_zero) ... ok
2026-09-12T19:46:04.8250247Z test_provider_orchestrator_rejects_pre_cutoff_and_wrong_date_runs (test_prospective_daily_source.ProspectiveDailySourceTests.test_provider_orchestrator_rejects_pre_cutoff_and_wrong_date_runs) ... ok
2026-09-12T19:46:04.8264928Z test_provider_orchestrator_retains_an_explicit_zero_candidate_date (test_prospective_daily_source.ProspectiveDailySourceTests.test_provider_orchestrator_retains_an_explicit_zero_candidate_date) ... ok
2026-09-12T19:46:04.8286809Z test_provider_orchestrator_retains_confirmed_inactive_member_as_audited_zero (test_prospective_daily_source.ProspectiveDailySourceTests.test_provider_orchestrator_retains_confirmed_inactive_member_as_audited_zero) ... ok
2026-09-12T19:46:04.8291694Z test_rank_reacquisition_cannot_contradict_confirmed_inactivity (test_prospective_daily_source.ProspectiveDailySourceTests.test_rank_reacquisition_cannot_contradict_confirmed_inactivity) ... ok
2026-09-12T19:46:04.8300034Z test_registered_contract_binds_parent_profiles_and_zero_execution_authority (test_prospective_daily_source.ProspectiveDailySourceTests.test_registered_contract_binds_parent_profiles_and_zero_execution_authority) ... ok
2026-09-12T19:46:04.8310269Z test_registration_audit_is_hash_bound_and_unarmed (test_prospective_daily_source.ProspectiveDailySourceTests.test_registration_audit_is_hash_bound_and_unarmed) ... ok
2026-09-12T19:46:04.8321184Z test_same_date_sip_reads_use_the_registered_causal_end (test_prospective_daily_source.ProspectiveDailySourceTests.test_same_date_sip_reads_use_the_registered_causal_end) ... ok
2026-09-12T19:46:04.8322873Z test_same_minute_profile_union_is_emitted_once (test_prospective_daily_source.ProspectiveDailySourceTests.test_same_minute_profile_union_is_emitted_once) ... ok
2026-09-12T19:46:04.8324839Z test_sec_crosswalk_normalization_is_strict_and_canonical (test_prospective_daily_source.ProspectiveDailySourceTests.test_sec_crosswalk_normalization_is_strict_and_canonical) ... ok
2026-09-12T19:46:04.8326859Z test_union_profile_covers_both_registered_price_and_gain_ranges (test_prospective_daily_source.ProspectiveDailySourceTests.test_union_profile_covers_both_registered_price_and_gain_ranges) ... ok
2026-09-12T19:46:04.8490475Z test_workflow_has_two_phase_schedule_and_only_registered_read_paths (test_prospective_daily_source.ProspectiveDailySourceTests.test_workflow_has_two_phase_schedule_and_only_registered_read_paths) ... ok
2026-09-12T19:46:04.8514486Z test_write_once_artifacts_and_prerequisites (test_prospective_daily_source.ProspectiveDailySourceTests.test_write_once_artifacts_and_prerequisites) ... ok
2026-09-12T19:46:04.8682550Z test_capture_filters_unknown_conditions_and_retains_odd_lot_proxy (test_prospective_management_window.ProspectiveManagementWindowTests.test_capture_filters_unknown_conditions_and_retains_odd_lot_proxy) ... ok
2026-09-12T19:46:04.8685867Z test_contract_is_hash_bound_and_keeps_portfolio_ineligible (test_prospective_management_window.ProspectiveManagementWindowTests.test_contract_is_hash_bound_and_keeps_portfolio_ineligible) ... ok
2026-09-12T19:46:04.8868643Z test_hash_and_write_once_guards_reject_tampering (test_prospective_management_window.ProspectiveManagementWindowTests.test_hash_and_write_once_guards_reject_tampering) ... ok
2026-09-12T19:46:04.9311201Z test_incomplete_path_is_unavailable_and_never_liquidated (test_prospective_management_window.ProspectiveManagementWindowTests.test_incomplete_path_is_unavailable_and_never_liquidated) ... ok
2026-09-12T19:46:05.4215262Z test_manifest_cli_is_provider_free (test_prospective_management_window.ProspectiveManagementWindowTests.test_manifest_cli_is_provider_free) ... ok
2026-09-12T19:46:05.5538662Z test_projection_rejects_rehashed_cell_that_differs_from_flattened_rows (test_prospective_management_window.ProspectiveManagementWindowTests.test_projection_rejects_rehashed_cell_that_differs_from_flattened_rows) ... ok
2026-09-12T19:46:05.6476412Z test_projection_resolves_descriptive_exits_but_leaves_ledger_open (test_prospective_management_window.ProspectiveManagementWindowTests.test_projection_resolves_descriptive_exits_but_leaves_ledger_open) ... ok
2026-09-12T19:46:05.6584934Z test_provider_capture_uses_exact_sip_raw_asof_requests (test_prospective_management_window.ProspectiveManagementWindowTests.test_provider_capture_uses_exact_sip_raw_asof_requests) ... ok
2026-09-12T19:46:05.6591425Z test_registration_audit_binds_the_unrun_capture_surface (test_prospective_management_window.ProspectiveManagementWindowTests.test_registration_audit_binds_the_unrun_capture_surface) ... ok
2026-09-12T19:46:05.6697041Z test_request_manifest_merges_fixed_symbol_window_without_provider_call (test_prospective_management_window.ProspectiveManagementWindowTests.test_request_manifest_merges_fixed_symbol_window_without_provider_call) ... ok
2026-09-12T19:46:05.6918010Z test_workflow_is_date_bounded_first_attempt_and_immutably_pinned (test_prospective_management_window.ProspectiveManagementWindowTests.test_workflow_is_date_bounded_first_attempt_and_immutably_pinned) ... ok
2026-09-12T19:46:05.6952757Z test_zero_opportunity_date_makes_no_provider_call (test_prospective_management_window.ProspectiveManagementWindowTests.test_zero_opportunity_date_makes_no_provider_call) ... ok
2026-09-12T19:46:05.7092732Z test_authorization_binds_quote_freeze_ceilings_and_first_attempt (test_prospective_market_input_acquisition.ProspectiveMarketInputAcquisitionTests.test_authorization_binds_quote_freeze_ceilings_and_first_attempt) ... ok
2026-09-12T19:46:07.0420835Z test_cli_authorization_is_provider_free_write_once_and_missing_key_is_safe (test_prospective_market_input_acquisition.ProspectiveMarketInputAcquisitionTests.test_cli_authorization_is_provider_free_write_once_and_missing_key_is_safe) ... ok
2026-09-12T19:46:07.0425782Z test_contract_is_hash_bound_unarmed_and_exact (test_prospective_market_input_acquisition.ProspectiveMarketInputAcquisitionTests.test_contract_is_hash_bound_unarmed_and_exact) ... ok
2026-09-12T19:46:07.0578754Z test_cost_or_availability_drift_stops_before_every_download (test_prospective_market_input_acquisition.ProspectiveMarketInputAcquisitionTests.test_cost_or_availability_drift_stops_before_every_download) ... ok
2026-09-12T19:46:07.0768252Z test_download_metadata_symbol_and_window_mismatches_fail_closed (test_prospective_market_input_acquisition.ProspectiveMarketInputAcquisitionTests.test_download_metadata_symbol_and_window_mismatches_fail_closed) ... ok
2026-09-12T19:46:07.0823737Z test_first_download_failure_stops_later_requests_and_discards_partial_capture (test_prospective_market_input_acquisition.ProspectiveMarketInputAcquisitionTests.test_first_download_failure_stops_later_requests_and_discards_partial_capture) ... ok
2026-09-12T19:46:07.0861476Z test_only_a_successful_exact_quote_can_create_authority (test_prospective_market_input_acquisition.ProspectiveMarketInputAcquisitionTests.test_only_a_successful_exact_quote_can_create_authority) ... ok
2026-09-12T19:46:07.0911932Z test_pre_provider_failure_and_execution_context_are_exact (test_prospective_market_input_acquisition.ProspectiveMarketInputAcquisitionTests.test_pre_provider_failure_and_execution_context_are_exact) ... ok
2026-09-12T19:46:07.0919746Z test_registration_audit_is_hash_bound_and_inert (test_prospective_market_input_acquisition.ProspectiveMarketInputAcquisitionTests.test_registration_audit_is_hash_bound_and_inert) ... ok
2026-09-12T19:46:07.1115619Z test_report_tampering_and_retrospective_scope_expansion_are_rejected (test_prospective_market_input_acquisition.ProspectiveMarketInputAcquisitionTests.test_report_tampering_and_retrospective_scope_expansion_are_rejected) ... ok
2026-09-12T19:46:07.1196025Z test_success_requotes_then_downloads_each_exact_request_once (test_prospective_market_input_acquisition.ProspectiveMarketInputAcquisitionTests.test_success_requotes_then_downloads_each_exact_request_once) ... ok
2026-09-12T19:46:07.1198891Z test_workflow_push_is_provider_free_and_dispatch_is_exact (test_prospective_market_input_acquisition.ProspectiveMarketInputAcquisitionTests.test_workflow_push_is_provider_free_and_dispatch_is_exact) ... ok
2026-09-12T19:46:07.1328556Z test_zero_request_date_makes_no_provider_calls_and_emits_empty_capture (test_prospective_market_input_acquisition.ProspectiveMarketInputAcquisitionTests.test_zero_request_date_makes_no_provider_calls_and_emits_empty_capture) ... ok
2026-09-12T19:46:07.1343416Z test_complete_capture_preserves_receive_time_quotes_and_halts (test_prospective_market_input_capture.ProspectiveMarketInputCaptureTests.test_complete_capture_preserves_receive_time_quotes_and_halts) ... ok
2026-09-12T19:46:07.1346710Z test_contract_binds_parents_and_authorizes_zero_calls (test_prospective_market_input_capture.ProspectiveMarketInputCaptureTests.test_contract_binds_parents_and_authorizes_zero_calls) ... ok
2026-09-12T19:46:07.1359004Z test_contract_mutations_cannot_add_scope_or_authority (test_prospective_market_input_capture.ProspectiveMarketInputCaptureTests.test_contract_mutations_cannot_add_scope_or_authority) ... ok
2026-09-12T19:46:07.1363407Z test_future_or_retrospective_fields_cannot_enter_manifest (test_prospective_market_input_capture.ProspectiveMarketInputCaptureTests.test_future_or_retrospective_fields_cannot_enter_manifest) ... ok
2026-09-12T19:46:07.1371679Z test_locked_undefined_and_equal_status_time_quotes_are_unusable (test_prospective_market_input_capture.ProspectiveMarketInputCaptureTests.test_locked_undefined_and_equal_status_time_quotes_are_unusable) ... ok
2026-09-12T19:46:07.1383894Z test_missing_or_unknown_status_fails_closed (test_prospective_market_input_capture.ProspectiveMarketInputCaptureTests.test_missing_or_unknown_status_fails_closed) ... ok
2026-09-12T19:46:07.1389731Z test_registration_audit_is_hash_bound_and_unarmed (test_prospective_market_input_capture.ProspectiveMarketInputCaptureTests.test_registration_audit_is_hash_bound_and_unarmed) ... ok
2026-09-12T19:46:07.1400951Z test_rehashed_capture_cannot_tamper_with_halt_or_runtime_authority (test_prospective_market_input_capture.ProspectiveMarketInputCaptureTests.test_rehashed_capture_cannot_tamper_with_halt_or_runtime_authority) ... ok
2026-09-12T19:46:07.1411749Z test_request_evidence_must_reconcile_counts_and_ranges (test_prospective_market_input_capture.ProspectiveMarketInputCaptureTests.test_request_evidence_must_reconcile_counts_and_ranges) ... ok
2026-09-12T19:46:07.1414671Z test_request_manifest_is_exact_offline_and_label_blind (test_prospective_market_input_capture.ProspectiveMarketInputCaptureTests.test_request_manifest_is_exact_offline_and_label_blind) ... ok
2026-09-12T19:46:07.1423946Z test_status_is_isolated_to_the_same_registered_symbol_date (test_prospective_market_input_capture.ProspectiveMarketInputCaptureTests.test_status_is_isolated_to_the_same_registered_symbol_date) ... ok
2026-09-12T19:46:07.1468865Z test_authorization_is_deterministic_exact_and_does_not_authorize_download (test_prospective_market_input_quote.ProspectiveMarketInputQuoteTests.test_authorization_is_deterministic_exact_and_does_not_authorize_download) ... ok
2026-09-12T19:46:07.1484418Z test_bundle_rederives_every_request_and_rejects_rehashed_tamper (test_prospective_market_input_quote.ProspectiveMarketInputQuoteTests.test_bundle_rederives_every_request_and_rejects_rehashed_tamper) ... ok
2026-09-12T19:46:08.0139604Z test_cli_authorization_and_missing_credential_quote_are_provider_free (test_prospective_market_input_quote.ProspectiveMarketInputQuoteTests.test_cli_authorization_and_missing_credential_quote_are_provider_free) ... ok
2026-09-12T19:46:08.0166725Z test_contract_and_report_scope_expansion_is_rejected (test_prospective_market_input_quote.ProspectiveMarketInputQuoteTests.test_contract_and_report_scope_expansion_is_rejected) ... ok
2026-09-12T19:46:08.0169255Z test_contract_is_hash_bound_unarmed_and_metadata_only (test_prospective_market_input_quote.ProspectiveMarketInputQuoteTests.test_contract_is_hash_bound_unarmed_and_metadata_only) ... ok
2026-09-12T19:46:08.0171861Z test_execution_context_requires_exact_freeze_and_first_attempt (test_prospective_market_input_quote.ProspectiveMarketInputQuoteTests.test_execution_context_requires_exact_freeze_and_first_attempt) ... ok
2026-09-12T19:46:08.0195190Z test_partial_provider_failure_is_sanitized_and_totals_are_incomplete (test_prospective_market_input_quote.ProspectiveMarketInputQuoteTests.test_partial_provider_failure_is_sanitized_and_totals_are_incomplete) ... ok
2026-09-12T19:46:08.0218493Z test_pre_provider_failure_retains_every_request_without_messages (test_prospective_market_input_quote.ProspectiveMarketInputQuoteTests.test_pre_provider_failure_retains_every_request_without_messages) ... ok
2026-09-12T19:46:08.0225079Z test_registration_audit_is_hash_bound_and_unarmed (test_prospective_market_input_quote.ProspectiveMarketInputQuoteTests.test_registration_audit_is_hash_bound_and_unarmed) ... ok
2026-09-12T19:46:08.0250203Z test_success_quotes_all_exact_rows_with_two_methods_each (test_prospective_market_input_quote.ProspectiveMarketInputQuoteTests.test_success_quotes_all_exact_rows_with_two_methods_each) ... ok
2026-09-12T19:46:08.0252984Z test_workflow_push_is_provider_free_and_dispatch_requires_exact_authority (test_prospective_market_input_quote.ProspectiveMarketInputQuoteTests.test_workflow_push_is_provider_free_and_dispatch_requires_exact_authority) ... ok
2026-09-12T19:46:08.0306189Z test_zero_opportunity_date_is_success_without_client_or_credential (test_prospective_market_input_quote.ProspectiveMarketInputQuoteTests.test_zero_opportunity_date_is_success_without_client_or_credential) ... ok
2026-09-12T19:46:08.0330734Z test_zero_size_is_unavailable_without_substitution (test_prospective_market_input_quote.ProspectiveMarketInputQuoteTests.test_zero_size_is_unavailable_without_substitution) ... ok
2026-09-12T19:46:08.4621795Z test_cli_materializes_without_credentials (test_prospective_opportunity_freeze.ProspectiveOpportunityFreezeTests.test_cli_materializes_without_credentials) ... ok
2026-09-12T19:46:08.4623135Z test_contract_binds_parent_profiles_and_zero_authority (test_prospective_opportunity_freeze.ProspectiveOpportunityFreezeTests.test_contract_binds_parent_profiles_and_zero_authority) ... ok
2026-09-12T19:46:08.4637301Z test_contract_mutations_cannot_expand_scope_or_authority (test_prospective_opportunity_freeze.ProspectiveOpportunityFreezeTests.test_contract_mutations_cannot_expand_scope_or_authority) ... ok
2026-09-12T19:46:08.4657502Z test_daily_freeze_derives_exact_unquoted_request_pairs (test_prospective_opportunity_freeze.ProspectiveOpportunityFreezeTests.test_daily_freeze_derives_exact_unquoted_request_pairs) ... ok
2026-09-12T19:46:08.4661730Z test_materializer_strips_provenance_to_exact_market_input_boundary (test_prospective_opportunity_freeze.ProspectiveOpportunityFreezeTests.test_materializer_strips_provenance_to_exact_market_input_boundary) ... ok
2026-09-12T19:46:08.4667395Z test_registration_audit_is_hash_bound_and_unarmed (test_prospective_opportunity_freeze.ProspectiveOpportunityFreezeTests.test_registration_audit_is_hash_bound_and_unarmed) ... ok
2026-09-12T19:46:08.4716127Z test_rehashed_request_or_freeze_tamper_is_rejected (test_prospective_opportunity_freeze.ProspectiveOpportunityFreezeTests.test_rehashed_request_or_freeze_tamper_is_rejected) ... ok
2026-09-12T19:46:08.4722748Z test_same_symbol_time_is_sorted_by_opportunity_identity_for_handoff (test_prospective_opportunity_freeze.ProspectiveOpportunityFreezeTests.test_same_symbol_time_is_sorted_by_opportunity_identity_for_handoff) ... ok
2026-09-12T19:46:08.4727918Z test_source_builder_is_deterministic_and_profile_union_is_not_duplicated (test_prospective_opportunity_freeze.ProspectiveOpportunityFreezeTests.test_source_builder_is_deterministic_and_profile_union_is_not_duplicated) ... ok
2026-09-12T19:46:08.4733480Z test_source_builder_rejects_invalid_date_order_profiles_and_counts (test_prospective_opportunity_freeze.ProspectiveOpportunityFreezeTests.test_source_builder_rejects_invalid_date_order_profiles_and_counts) ... ok
2026-09-12T19:46:08.4740946Z test_source_rejects_account_execution_and_retrospective_boundaries (test_prospective_opportunity_freeze.ProspectiveOpportunityFreezeTests.test_source_rejects_account_execution_and_retrospective_boundaries) ... ok
2026-09-12T19:46:08.4749517Z test_source_rejects_forbidden_fields_even_when_rehashed (test_prospective_opportunity_freeze.ProspectiveOpportunityFreezeTests.test_source_rejects_forbidden_fields_even_when_rehashed) ... ok
2026-09-12T19:46:08.4759076Z test_source_rejects_tamper_duplicate_and_wrong_date (test_prospective_opportunity_freeze.ProspectiveOpportunityFreezeTests.test_source_rejects_tamper_duplicate_and_wrong_date) ... ok
2026-09-12T19:46:08.4763221Z test_stable_identity_excludes_profile_eligibility (test_prospective_opportunity_freeze.ProspectiveOpportunityFreezeTests.test_stable_identity_excludes_profile_eligibility) ... ok
2026-09-12T19:46:08.4765566Z test_workflow_is_source_bound_provider_free_and_not_prematurely_scheduled (test_prospective_opportunity_freeze.ProspectiveOpportunityFreezeTests.test_workflow_is_source_bound_provider_free_and_not_prematurely_scheduled) ... ok
2026-09-12T19:46:08.4800005Z test_writer_and_loader_round_trip_exact_three_file_handoff (test_prospective_opportunity_freeze.ProspectiveOpportunityFreezeTests.test_writer_and_loader_round_trip_exact_three_file_handoff) ... ok
2026-09-12T19:46:08.4813522Z test_zero_opportunity_date_is_retained_without_substitution (test_prospective_opportunity_freeze.ProspectiveOpportunityFreezeTests.test_zero_opportunity_date_is_retained_without_substitution) ... ok
2026-09-12T19:46:08.4823971Z test_audit_hook_checks_urllib_requests_only (test_provider_entrypoint_v04.ProviderEntrypointV04Tests.test_audit_hook_checks_urllib_requests_only) ... ok
2026-09-12T19:46:08.4882668Z test_blocked_attempt_ledger_is_strict_and_contains_only_counts (test_provider_entrypoint_v04.ProviderEntrypointV04Tests.test_blocked_attempt_ledger_is_strict_and_contains_only_counts) ... ok
2026-09-12T19:46:08.4884688Z test_direct_sockets_and_process_escape_are_blocked (test_provider_entrypoint_v04.ProviderEntrypointV04Tests.test_direct_sockets_and_process_escape_are_blocked) ... ok
2026-09-12T19:46:08.4908847Z test_each_urllib_audit_event_consumes_one_attempt_before_network (test_provider_entrypoint_v04.ProviderEntrypointV04Tests.test_each_urllib_audit_event_consumes_one_attempt_before_network) ... ok
2026-09-12T19:46:08.4910760Z test_exact_https_hosts_are_allowed (test_provider_entrypoint_v04.ProviderEntrypointV04Tests.test_exact_https_hosts_are_allowed) ... ok
2026-09-12T19:46:08.5576071Z test_frozen_transport_call_graph_has_no_alternate_network_stack (test_provider_entrypoint_v04.ProviderEntrypointV04Tests.test_frozen_transport_call_graph_has_no_alternate_network_stack) ... ok
2026-09-12T19:46:08.6653420Z test_guarded_urllib_allows_only_direct_registered_https_transport (test_provider_entrypoint_v04.ProviderEntrypointV04Tests.test_guarded_urllib_allows_only_direct_registered_https_transport) ... ok
2026-09-12T19:46:08.6676383Z test_https_connection_cannot_replace_the_validated_socket_target (test_provider_entrypoint_v04.ProviderEntrypointV04Tests.test_https_connection_cannot_replace_the_validated_socket_target) ... ok
2026-09-12T19:46:08.7792451Z test_installed_guard_centralizes_legacy_and_redirect_accounting (test_provider_entrypoint_v04.ProviderEntrypointV04Tests.test_installed_guard_centralizes_legacy_and_redirect_accounting) ... ok
2026-09-12T19:46:08.7796612Z test_only_frozen_repository_entrypoints_are_resolved (test_provider_entrypoint_v04.ProviderEntrypointV04Tests.test_only_frozen_repository_entrypoints_are_resolved) ... ok
2026-09-12T19:46:08.7799860Z test_redirect_is_rejected_without_disclosing_either_url (test_provider_entrypoint_v04.ProviderEntrypointV04Tests.test_redirect_is_rejected_without_disclosing_either_url) ... ok
2026-09-12T19:46:08.7802476Z test_scheme_credentials_port_and_lookalike_hosts_fail_closed (test_provider_entrypoint_v04.ProviderEntrypointV04Tests.test_scheme_credentials_port_and_lookalike_hosts_fail_closed) ... ok
2026-09-12T19:46:08.7810994Z test_symlink_and_non_regular_entrypoints_are_rejected (test_provider_entrypoint_v04.ProviderEntrypointV04Tests.test_symlink_and_non_regular_entrypoints_are_rejected) ... ok
2026-09-12T19:46:08.8641667Z test_uncaught_provider_error_is_replaced_by_one_sanitized_line (test_provider_entrypoint_v04.ProviderEntrypointV04Tests.test_uncaught_provider_error_is_replaced_by_one_sanitized_line) ... ok
2026-09-12T19:46:08.8648912Z test_allowlist_contains_only_remaining_recovery_routes (test_provider_entrypoint_v05.ProviderEntrypointV05Tests.test_allowlist_contains_only_remaining_recovery_routes) ... ok
2026-09-12T19:46:09.3845094Z test_exact_workflow_script_invocations_resolve_peer_modules (test_provider_entrypoint_v05.ProviderEntrypointV05Tests.test_exact_workflow_script_invocations_resolve_peer_modules) ... ok
2026-09-12T19:46:09.3856010Z test_main_installs_guard_before_running_exact_file (test_provider_entrypoint_v05.ProviderEntrypointV05Tests.test_main_installs_guard_before_running_exact_file) ... ok
2026-09-12T19:46:09.3857878Z test_parent_market_and_massive_entrypoints_are_prohibited (test_provider_entrypoint_v05.ProviderEntrypointV05Tests.test_parent_market_and_massive_entrypoints_are_prohibited) ... ok
2026-09-12T19:46:09.3862408Z test_symlink_entrypoint_is_rejected (test_provider_entrypoint_v05.ProviderEntrypointV05Tests.test_symlink_entrypoint_is_rejected) ... ok
2026-09-12T19:46:09.3868630Z test_allowlist_contains_only_remaining_recovery_routes (test_provider_entrypoint_v06.ProviderEntrypointV06Tests.test_allowlist_contains_only_remaining_recovery_routes) ... ok
2026-09-12T19:46:09.9076712Z test_exact_workflow_script_invocations_resolve_peer_modules (test_provider_entrypoint_v06.ProviderEntrypointV06Tests.test_exact_workflow_script_invocations_resolve_peer_modules) ... ok
2026-09-12T19:46:09.9088179Z test_main_installs_guard_before_running_exact_file (test_provider_entrypoint_v06.ProviderEntrypointV06Tests.test_main_installs_guard_before_running_exact_file) ... ok
2026-09-12T19:46:09.9090454Z test_parent_routes_and_obsolete_float_adapters_are_prohibited (test_provider_entrypoint_v06.ProviderEntrypointV06Tests.test_parent_routes_and_obsolete_float_adapters_are_prohibited) ... ok
2026-09-12T19:46:09.9095320Z test_symlink_entrypoint_is_rejected (test_provider_entrypoint_v06.ProviderEntrypointV06Tests.test_symlink_entrypoint_is_rejected) ... ok
2026-09-12T19:46:09.9101272Z test_allowlist_contains_only_remaining_recovery_routes (test_provider_entrypoint_v07.ProviderEntrypointV07Tests.test_allowlist_contains_only_remaining_recovery_routes) ... ok
2026-09-12T19:46:10.4275648Z test_exact_workflow_script_invocations_resolve_peer_modules (test_provider_entrypoint_v07.ProviderEntrypointV07Tests.test_exact_workflow_script_invocations_resolve_peer_modules) ... ok
2026-09-12T19:46:10.4285200Z test_main_installs_guard_before_running_exact_file (test_provider_entrypoint_v07.ProviderEntrypointV07Tests.test_main_installs_guard_before_running_exact_file) ... ok
2026-09-12T19:46:10.4287462Z test_parent_routes_and_obsolete_float_adapters_are_prohibited (test_provider_entrypoint_v07.ProviderEntrypointV07Tests.test_parent_routes_and_obsolete_float_adapters_are_prohibited) ... ok
2026-09-12T19:46:10.4292226Z test_symlink_entrypoint_is_rejected (test_provider_entrypoint_v07.ProviderEntrypointV07Tests.test_symlink_entrypoint_is_rejected) ... ok
2026-09-12T19:46:10.4297015Z test_allowlist_contains_only_remaining_recovery_routes (test_provider_entrypoint_v08.ProviderEntrypointV08Tests.test_allowlist_contains_only_remaining_recovery_routes) ... ok
2026-09-12T19:46:10.9376300Z test_exact_workflow_script_invocations_resolve_peer_modules (test_provider_entrypoint_v08.ProviderEntrypointV08Tests.test_exact_workflow_script_invocations_resolve_peer_modules) ... ok
2026-09-12T19:46:10.9387927Z test_main_installs_guard_before_running_exact_file (test_provider_entrypoint_v08.ProviderEntrypointV08Tests.test_main_installs_guard_before_running_exact_file) ... ok
2026-09-12T19:46:10.9389838Z test_parent_routes_and_obsolete_float_adapters_are_prohibited (test_provider_entrypoint_v08.ProviderEntrypointV08Tests.test_parent_routes_and_obsolete_float_adapters_are_prohibited) ... ok
2026-09-12T19:46:10.9394623Z test_symlink_entrypoint_is_rejected (test_provider_entrypoint_v08.ProviderEntrypointV08Tests.test_symlink_entrypoint_is_rejected) ... ok
2026-09-12T19:46:10.9399336Z test_allowlist_contains_only_remaining_recovery_routes (test_provider_entrypoint_v09.ProviderEntrypointV09Tests.test_allowlist_contains_only_remaining_recovery_routes) ... ok
2026-09-12T19:46:11.4513391Z test_exact_workflow_script_invocations_resolve_peer_modules (test_provider_entrypoint_v09.ProviderEntrypointV09Tests.test_exact_workflow_script_invocations_resolve_peer_modules) ... ok
2026-09-12T19:46:11.4523169Z test_main_installs_guard_before_running_exact_file (test_provider_entrypoint_v09.ProviderEntrypointV09Tests.test_main_installs_guard_before_running_exact_file) ... ok
2026-09-12T19:46:11.4525036Z test_parent_routes_and_obsolete_float_adapters_are_prohibited (test_provider_entrypoint_v09.ProviderEntrypointV09Tests.test_parent_routes_and_obsolete_float_adapters_are_prohibited) ... ok
2026-09-12T19:46:11.4529987Z test_symlink_entrypoint_is_rejected (test_provider_entrypoint_v09.ProviderEntrypointV09Tests.test_symlink_entrypoint_is_rejected) ... ok
2026-09-12T19:46:11.4533022Z test_allowlist_contains_only_remaining_scanner_route (test_provider_entrypoint_v10.ProviderEntrypointV10Tests.test_allowlist_contains_only_remaining_scanner_route) ... ok
2026-09-12T19:46:11.9853677Z test_exact_workflow_script_invocations_resolve_peer_modules (test_provider_entrypoint_v10.ProviderEntrypointV10Tests.test_exact_workflow_script_invocations_resolve_peer_modules) ... ok
2026-09-12T19:46:11.9863339Z test_main_installs_guard_before_running_exact_file (test_provider_entrypoint_v10.ProviderEntrypointV10Tests.test_main_installs_guard_before_running_exact_file) ... ok
2026-09-12T19:46:11.9865327Z test_parent_routes_and_obsolete_float_adapters_are_prohibited (test_provider_entrypoint_v10.ProviderEntrypointV10Tests.test_parent_routes_and_obsolete_float_adapters_are_prohibited) ... ok
2026-09-12T19:46:11.9870308Z test_symlink_entrypoint_is_rejected (test_provider_entrypoint_v10.ProviderEntrypointV10Tests.test_symlink_entrypoint_is_rejected) ... ok
2026-09-12T19:46:11.9871917Z test_float_estimate_is_unavailable_before_filing (test_provider_parsers.ProviderParserTests.test_float_estimate_is_unavailable_before_filing) ... ok
2026-09-12T19:46:11.9873534Z test_float_estimate_uses_historical_price (test_provider_parsers.ProviderParserTests.test_float_estimate_uses_historical_price) ... ok
2026-09-12T19:46:11.9874924Z test_sec_api_parser_sums_share_classes_and_preserves_public_float_dollars (test_provider_parsers.ProviderParserTests.test_sec_api_parser_sums_share_classes_and_preserves_public_float_dollars) ... ok
2026-09-12T19:46:11.9897848Z test_budget_exhaustion_fails_before_an_extra_attempt (test_provider_request_budget.ProviderRequestBudgetTests.test_budget_exhaustion_fails_before_an_extra_attempt) ... ok
2026-09-12T19:46:11.9904370Z test_budget_is_inactive_when_unconfigured (test_provider_request_budget.ProviderRequestBudgetTests.test_budget_is_inactive_when_unconfigured) ... ok
2026-09-12T19:46:11.9919056Z test_partial_or_relative_configuration_is_rejected (test_provider_request_budget.ProviderRequestBudgetTests.test_partial_or_relative_configuration_is_rejected) ... ok
2026-09-12T19:46:11.9945242Z test_shared_budget_counts_attempts_by_host_without_urls (test_provider_request_budget.ProviderRequestBudgetTests.test_shared_budget_counts_attempts_by_host_without_urls) ... ok
2026-09-12T19:46:11.9956388Z test_action_bars_require_completion_before_entry_cutoff (test_reconstruct_discretion_heldout_micro_date.ReconstructDiscretionHeldoutMicroDateTests.test_action_bars_require_completion_before_entry_cutoff) ... ok
2026-09-12T19:46:11.9961010Z test_anchor_uses_completed_bar_decision_without_intraminute_backdating (test_reconstruct_discretion_heldout_micro_date.ReconstructDiscretionHeldoutMicroDateTests.test_anchor_uses_completed_bar_decision_without_intraminute_backdating) ... ok
2026-09-12T19:46:11.9987301Z test_deterministic_gzip_and_unavailable_state_are_hash_bound (test_reconstruct_discretion_heldout_micro_date.ReconstructDiscretionHeldoutMicroDateTests.test_deterministic_gzip_and_unavailable_state_are_hash_bound) ... ok
2026-09-12T19:46:11.9989465Z test_replay_is_pinned_to_the_registered_micro_policy (test_reconstruct_discretion_heldout_micro_date.ReconstructDiscretionHeldoutMicroDateTests.test_replay_is_pinned_to_the_registered_micro_policy) ... ok
2026-09-12T19:46:12.0058703Z test_session_support_uses_frozen_bar_grid_and_blocks_drift (test_reconstruct_discretion_heldout_micro_date.ReconstructDiscretionHeldoutMicroDateTests.test_session_support_uses_frozen_bar_grid_and_blocks_drift) ... ok
2026-09-12T19:46:12.0061673Z test_source_requires_frozen_unlabeled_all_candidate_runtime (test_reconstruct_discretion_heldout_micro_date.ReconstructDiscretionHeldoutMicroDateTests.test_source_requires_frozen_unlabeled_all_candidate_runtime) ... ok
2026-09-12T19:46:12.0064409Z test_cell_summary_measures_first_plan_latency_when_plan_is_armed (test_reconstruct_micro_volume_cohort_case.MicroVolumeCohortCaseTests.test_cell_summary_measures_first_plan_latency_when_plan_is_armed) ... ok
2026-09-12T19:46:12.0067064Z test_paired_delta_reports_activity_and_earlier_onset (test_reconstruct_micro_volume_cohort_case.MicroVolumeCohortCaseTests.test_paired_delta_reports_activity_and_earlier_onset) ... ok
2026-09-12T19:46:12.0069477Z test_qualification_anchors_reject_bar_start_as_decision_time (test_reconstruct_micro_volume_cohort_case.MicroVolumeCohortCaseTests.test_qualification_anchors_reject_bar_start_as_decision_time) ... ok
2026-09-12T19:46:12.0072054Z test_qualification_anchors_separate_bar_start_from_decision_time (test_reconstruct_micro_volume_cohort_case.MicroVolumeCohortCaseTests.test_qualification_anchors_separate_bar_start_from_decision_time) ... ok
2026-09-12T19:46:12.0074538Z test_refinement_cannot_backdate_the_0700_strategy_boundary (test_reconstruct_micro_volume_cohort_case.MicroVolumeCohortCaseTests.test_refinement_cannot_backdate_the_0700_strategy_boundary) ... ok
2026-09-12T19:46:12.0076450Z test_refinement_inside_strategy_window_is_retained (test_reconstruct_micro_volume_cohort_case.MicroVolumeCohortCaseTests.test_refinement_inside_strategy_window_is_retained) ... ok
2026-09-12T19:46:12.0077565Z test_daily_max_loss_locks_session (test_risk.RiskTests.test_daily_max_loss_locks_session) ... ok
2026-09-12T19:46:12.0078958Z test_half_profit_giveback_locks_session (test_risk.RiskTests.test_half_profit_giveback_locks_session) ... ok
2026-09-12T19:46:12.0080021Z test_lock_is_terminal (test_risk.RiskTests.test_lock_is_terminal) ... ok
2026-09-12T19:46:12.0081060Z test_duplicate_rule_ids_rejected (test_rulebook.RulebookTests.test_duplicate_rule_ids_rejected) ... ok
2026-09-12T19:46:12.0085169Z test_evidence_registry_checks_title_and_date (test_rulebook.RulebookTests.test_evidence_registry_checks_title_and_date) ... ok
2026-09-12T19:46:12.0089315Z test_load_and_filter (test_rulebook.RulebookTests.test_load_and_filter) ... ok
2026-09-12T19:46:12.0097233Z test_manifest_loads_rule_bundles (test_rulebook.RulebookTests.test_manifest_loads_rule_bundles) ... ok
2026-09-12T19:46:12.0138796Z test_coarse_curve_is_an_upper_bound_inside_current_bucket (test_rvol.RvolTests.test_coarse_curve_is_an_upper_bound_inside_current_bucket) ... ok
2026-09-12T19:46:12.0144560Z test_prior_session_dates_are_chronological_and_bounded (test_rvol.RvolTests.test_prior_session_dates_are_chronological_and_bounded) ... ok
2026-09-12T19:46:12.0175309Z test_same_time_rvol_compares_cumulative_volume_at_same_minute (test_rvol.RvolTests.test_same_time_rvol_compares_cumulative_volume_at_same_minute) ... ok
2026-09-12T19:46:12.0203582Z test_all_five_pillars_are_a_quality (test_scanner.ScannerTests.test_all_five_pillars_are_a_quality) ... ok
2026-09-12T19:46:12.0230897Z test_float_is_strictly_below_ten_million (test_scanner.ScannerTests.test_float_is_strictly_below_ten_million) ... ok
2026-09-12T19:46:12.0279861Z test_missing_news_is_conditional_only_for_number_one_gainer (test_scanner.ScannerTests.test_missing_news_is_conditional_only_for_number_one_gainer) ... ok
2026-09-12T19:46:12.0306774Z test_small_account_profile_requires_top_three_and_tighter_price_gain (test_scanner.ScannerTests.test_small_account_profile_requires_top_three_and_tighter_price_gain) ... ok
2026-09-12T19:46:12.0333596Z test_time_of_day_rvol_override_replaces_legacy_daily_ratio (test_scanner.ScannerTests.test_time_of_day_rvol_override_replaces_legacy_daily_ratio) ... ok
2026-09-12T19:46:12.0363453Z test_total_volume_is_not_a_canonical_pillar (test_scanner.ScannerTests.test_total_volume_is_not_a_canonical_pillar) ... ok
2026-09-12T19:46:12.0388509Z test_extra_symbols_and_duplicate_rvol_timestamps_fail_closed (test_scanner_rvol_alignment_v10.ScannerRvolAlignmentV10Tests.test_extra_symbols_and_duplicate_rvol_timestamps_fail_closed) ... ok
2026-09-12T19:46:12.0413874Z test_missing_raw_timestamp_fails_closed_without_imputation (test_scanner_rvol_alignment_v10.ScannerRvolAlignmentV10Tests.test_missing_raw_timestamp_fails_closed_without_imputation) ... ok
2026-09-12T19:46:12.1448014Z test_real_blrx_sparse_prefix_round_trips_without_value_change (test_scanner_rvol_alignment_v10.ScannerRvolAlignmentV10Tests.test_real_blrx_sparse_prefix_round_trips_without_value_change) ... ok
2026-09-12T19:46:12.1478360Z test_scoped_writer_adapter_projects_then_restores_frozen_writer (test_scanner_rvol_alignment_v10.ScannerRvolAlignmentV10Tests.test_scoped_writer_adapter_projects_then_restores_frozen_writer) ... ok
2026-09-12T19:46:12.1516080Z test_compressed_file_tamper_fails_closed (test_scanner_source_inputs.ScannerSourceInputTests.test_compressed_file_tamper_fails_closed) ... ok
2026-09-12T19:46:12.1564224Z test_compressed_sidecar_is_deterministic (test_scanner_source_inputs.ScannerSourceInputTests.test_compressed_sidecar_is_deterministic) ... ok
2026-09-12T19:46:12.1595103Z test_manifest_knowledge_tamper_fails_closed (test_scanner_source_inputs.ScannerSourceInputTests.test_manifest_knowledge_tamper_fails_closed) ... ok
2026-09-12T19:46:12.1635078Z test_rehashed_out_of_order_stream_is_rejected (test_scanner_source_inputs.ScannerSourceInputTests.test_rehashed_out_of_order_stream_is_rejected) ... ok
2026-09-12T19:46:12.1666948Z test_root_manifest_binds_ordered_dates_without_promotion (test_scanner_source_inputs.ScannerSourceInputTests.test_root_manifest_binds_ordered_dates_without_promotion) ... ok
2026-09-12T19:46:12.1792315Z test_round_trip_preserves_existing_hash_and_empty_candidate (test_scanner_source_inputs.ScannerSourceInputTests.test_round_trip_preserves_existing_hash_and_empty_candidate) ... ok
2026-09-12T19:46:12.1825341Z test_cash_fee_pnl_and_share_mutations_rejected (test_sealed_historical_account_conditional_evaluation_v01.CashFlowTests.test_cash_fee_pnl_and_share_mutations_rejected) ... ok
2026-09-12T19:46:12.1830695Z test_confirmed_fill_cannot_be_known_in_future (test_sealed_historical_account_conditional_evaluation_v01.CashFlowTests.test_confirmed_fill_cannot_be_known_in_future) ... ok
2026-09-12T19:46:12.1832330Z test_empty_session_has_no_phantom_trade_or_fee (test_sealed_historical_account_conditional_evaluation_v01.CashFlowTests.test_empty_session_has_no_phantom_trade_or_fee) ... ok
2026-09-12T19:46:12.1842953Z test_fee_component_and_accumulation_mismatches_rejected (test_sealed_historical_account_conditional_evaluation_v01.CashFlowTests.test_fee_component_and_accumulation_mismatches_rejected) ... ok
2026-09-12T19:46:12.1844699Z test_invalid_monetary_and_share_inputs_rejected (test_sealed_historical_account_conditional_evaluation_v01.CashFlowTests.test_invalid_monetary_and_share_inputs_rejected) ... ok
2026-09-12T19:46:12.1849183Z test_open_position_is_not_closed_trade (test_sealed_historical_account_conditional_evaluation_v01.CashFlowTests.test_open_position_is_not_closed_trade) ... ok
2026-09-12T19:46:12.1858561Z test_outer_decimal_precision_cannot_change_money (test_sealed_historical_account_conditional_evaluation_v01.CashFlowTests.test_outer_decimal_precision_cannot_change_money) ... ok
2026-09-12T19:46:12.1863887Z test_partial_exits_and_reentry_are_two_net_episodes (test_sealed_historical_account_conditional_evaluation_v01.CashFlowTests.test_partial_exits_and_reentry_are_two_net_episodes) ... ok
2026-09-12T19:46:12.1869349Z test_sell_must_bind_exact_entry (test_sealed_historical_account_conditional_evaluation_v01.CashFlowTests.test_sell_must_bind_exact_entry) ... ok
2026-09-12T19:46:12.1873874Z test_unknown_side_rejected (test_sealed_historical_account_conditional_evaluation_v01.CashFlowTests.test_unknown_side_rejected) ... ok
2026-09-12T19:46:12.1877668Z test_unsealed_journal_tampering_rejected (test_sealed_historical_account_conditional_evaluation_v01.CashFlowTests.test_unsealed_journal_tampering_rejected) ... ok
2026-09-12T19:46:12.1881335Z test_changed_source_evidence_is_rejected (test_sealed_historical_account_conditional_evaluation_v01.EntryBindingTests.test_changed_source_evidence_is_rejected) ... ok
2026-09-12T19:46:12.1884867Z test_missing_fill_event_is_rejected (test_sealed_historical_account_conditional_evaluation_v01.EntryBindingTests.test_missing_fill_event_is_rejected) ... ok
2026-09-12T19:46:12.1888852Z test_unavailable_cannot_be_relabelled (test_sealed_historical_account_conditional_evaluation_v01.EntryBindingTests.test_unavailable_cannot_be_relabelled) ... ok
2026-09-12T19:46:12.1893892Z test_unverified_observation_is_not_known_abstention (test_sealed_historical_account_conditional_evaluation_v01.EntryBindingTests.test_unverified_observation_is_not_known_abstention) ... ok
2026-09-12T19:46:12.1896310Z test_withheld_opportunity_cannot_have_any_execution_event (test_sealed_historical_account_conditional_evaluation_v01.EntryBindingTests.test_withheld_opportunity_cannot_have_any_execution_event) ... ok
2026-09-12T19:46:12.1899260Z test_withhold_preserved_and_available_fill_bound (test_sealed_historical_account_conditional_evaluation_v01.EntryBindingTests.test_withhold_preserved_and_available_fill_bound) ... ok
2026-09-12T19:46:12.1902433Z test_wrong_opportunity_fill_cannot_bypass_gate (test_sealed_historical_account_conditional_evaluation_v01.EntryBindingTests.test_wrong_opportunity_fill_cannot_bypass_gate) ... ok
2026-09-12T19:46:12.2214697Z test_registered_code_and_scope (test_sealed_historical_account_conditional_evaluation_v01.FrozenScopeTests.test_registered_code_and_scope) ... ok
2026-09-12T19:46:14.4253973Z test_saved_report_reproduces_from_saved_artifacts_without_replay (test_sealed_historical_account_conditional_evaluation_v01.FrozenScopeTests.test_saved_report_reproduces_from_saved_artifacts_without_replay) ... ok
2026-09-12T19:46:14.4564168Z test_wrong_external_registration_rejected (test_sealed_historical_account_conditional_evaluation_v01.FrozenScopeTests.test_wrong_external_registration_rejected) ... ok
2026-09-12T19:46:14.4567016Z test_account_reseed_cannot_hide_loss (test_sealed_historical_account_conditional_evaluation_v01.MetricTests.test_account_reseed_cannot_hide_loss) ... ok
2026-09-12T19:46:14.4568784Z test_all_losses_profit_factor_is_zero (test_sealed_historical_account_conditional_evaluation_v01.MetricTests.test_all_losses_profit_factor_is_zero) ... ok
2026-09-12T19:46:14.4570392Z test_exact_nanosecond_identity (test_sealed_historical_account_conditional_evaluation_v01.MetricTests.test_exact_nanosecond_identity) ... ok
2026-09-12T19:46:14.4571893Z test_null_ratio_and_deterministic_rounding (test_sealed_historical_account_conditional_evaluation_v01.MetricTests.test_null_ratio_and_deterministic_rounding) ... ok
2026-09-12T19:46:14.4576779Z test_seed_highwater_and_zero_trade_dates_preserved (test_sealed_historical_account_conditional_evaluation_v01.MetricTests.test_seed_highwater_and_zero_trade_dates_preserved) ... ok
2026-09-12T19:46:14.4587268Z test_zero_loss_profit_factor_is_null_and_flats_in_win_denominator (test_sealed_historical_account_conditional_evaluation_v01.MetricTests.test_zero_loss_profit_factor_is_null_and_flats_in_win_denominator) ... ok
2026-09-12T19:46:14.7170007Z test_ack_tie_still_blocks_reentry (test_sealed_historical_account_continuity_v01.ContinuityMechanicsTests.test_ack_tie_still_blocks_reentry) ... ok
2026-09-12T19:46:14.8035174Z test_activation_cannot_change_symbols (test_sealed_historical_account_continuity_v01.ContinuityMechanicsTests.test_activation_cannot_change_symbols) ... ok
2026-09-12T19:46:14.9421898Z test_campaign_history_fees_and_exact_cash_persist (test_sealed_historical_account_continuity_v01.ContinuityMechanicsTests.test_campaign_history_fees_and_exact_cash_persist) ... ok
2026-09-12T19:46:15.0426359Z test_changed_source_and_cross_path_checkpoint_rejected (test_sealed_historical_account_continuity_v01.ContinuityMechanicsTests.test_changed_source_and_cross_path_checkpoint_rejected) ... ok
2026-09-12T19:46:15.3214375Z test_checkpoint_before_fill_has_only_reservation (test_sealed_historical_account_continuity_v01.ContinuityMechanicsTests.test_checkpoint_before_fill_has_only_reservation) ... ok
2026-09-12T19:46:15.4934501Z test_checkpoint_hash_and_rehashed_money_cannot_be_imported (test_sealed_historical_account_continuity_v01.ContinuityMechanicsTests.test_checkpoint_hash_and_rehashed_money_cannot_be_imported) ... ok
2026-09-12T19:46:15.6329671Z test_cutoffs_reject_backwards_and_cross_session_times (test_sealed_historical_account_continuity_v01.ContinuityMechanicsTests.test_cutoffs_reject_backwards_and_cross_session_times) ... ok
2026-09-12T19:46:16.0227729Z test_expired_window_retains_position_and_exact_state (test_sealed_historical_account_continuity_v01.ContinuityMechanicsTests.test_expired_window_retains_position_and_exact_state) ... ok
2026-09-12T19:46:16.1727456Z test_future_execution_price_does_not_change_public_prefix (test_sealed_historical_account_continuity_v01.ContinuityMechanicsTests.test_future_execution_price_does_not_change_public_prefix) ... ok
2026-09-12T19:46:16.2544068Z test_known_guard_still_blocks_reentry (test_sealed_historical_account_continuity_v01.ContinuityMechanicsTests.test_known_guard_still_blocks_reentry) ... ok
2026-09-12T19:46:16.3663943Z test_missing_exit_preserves_intent_through_resume (test_sealed_historical_account_continuity_v01.ContinuityMechanicsTests.test_missing_exit_preserves_intent_through_resume) ... ok
2026-09-12T19:46:16.7490320Z test_next_session_preserves_unresolved_carried_position (test_sealed_historical_account_continuity_v01.ContinuityMechanicsTests.test_next_session_preserves_unresolved_carried_position) ... ok
2026-09-12T19:46:16.8964218Z test_open_partial_campaign_cannot_reenter_or_add (test_sealed_historical_account_continuity_v01.ContinuityMechanicsTests.test_open_partial_campaign_cannot_reenter_or_add) ... ok
2026-09-12T19:46:17.2489603Z test_partial_target_does_not_move_stop_during_resume (test_sealed_historical_account_continuity_v01.ContinuityMechanicsTests.test_partial_target_does_not_move_stop_during_resume) ... ok
2026-09-12T19:46:18.9094570Z test_pending_input_failure_stays_failed_after_resume (test_sealed_historical_account_continuity_v01.ContinuityMechanicsTests.test_pending_input_failure_stays_failed_after_resume) ... ok
2026-09-12T19:46:19.0036361Z test_reentry_has_fresh_target_and_stop (test_sealed_historical_account_continuity_v01.ContinuityMechanicsTests.test_reentry_has_fresh_target_and_stop) ... ok
2026-09-12T19:46:19.1231740Z test_reentry_uses_new_fill_cost_basis (test_sealed_historical_account_continuity_v01.ContinuityMechanicsTests.test_reentry_uses_new_fill_cost_basis) ... ok
2026-09-12T19:46:19.5082043Z test_rehashed_stop_attempt_and_entry_history_tampering_rejected (test_sealed_historical_account_continuity_v01.ContinuityMechanicsTests.test_rehashed_stop_attempt_and_entry_history_tampering_rejected) ... ok
2026-09-12T19:46:20.9723306Z test_resume_at_entry_fill_and_ack_boundaries (test_sealed_historical_account_continuity_v01.ContinuityMechanicsTests.test_resume_at_entry_fill_and_ack_boundaries) ... ok
2026-09-12T19:46:21.3413617Z test_resume_preserves_target_confirmation_and_pending_cancel (test_sealed_historical_account_continuity_v01.ContinuityMechanicsTests.test_resume_preserves_target_confirmation_and_pending_cancel) ... ok
2026-09-12T19:46:21.5607137Z test_resume_preserves_used_liquidity_and_confirmed_journal (test_sealed_historical_account_continuity_v01.ContinuityMechanicsTests.test_resume_preserves_used_liquidity_and_confirmed_journal) ... ok
2026-09-12T19:46:21.6031740Z test_retrospective_keys_rejected_in_source_and_checkpoint (test_sealed_historical_account_continuity_v01.ContinuityMechanicsTests.test_retrospective_keys_rejected_in_source_and_checkpoint) ... ok
2026-09-12T19:46:23.3731805Z test_same_symbol_new_activation_is_a_new_campaign (test_sealed_historical_account_continuity_v01.ContinuityMechanicsTests.test_same_symbol_new_activation_is_a_new_campaign) ... ok
2026-09-12T19:46:23.5204353Z test_small_account_keeps_frozen_risk_sizing (test_sealed_historical_account_continuity_v01.ContinuityMechanicsTests.test_small_account_keeps_frozen_risk_sizing) ... ok
2026-09-12T19:46:23.7849692Z test_terminal_partial_resume_does_not_retry (test_sealed_historical_account_continuity_v01.ContinuityMechanicsTests.test_terminal_partial_resume_does_not_retry) ... ok
2026-09-12T19:46:24.3345108Z test_two_entries_one_campaign_third_is_blocked (test_sealed_historical_account_continuity_v01.ContinuityMechanicsTests.test_two_entries_one_campaign_third_is_blocked) ... ok
2026-09-12T19:46:24.4198294Z test_unfilled_order_does_not_spend_an_entry (test_sealed_historical_account_continuity_v01.ContinuityMechanicsTests.test_unfilled_order_does_not_spend_an_entry) ... ok
2026-09-12T19:46:24.5220039Z test_valuation_handoff_retains_open_basis_without_window_extension (test_sealed_historical_account_continuity_v01.ContinuityMechanicsTests.test_valuation_handoff_retains_open_basis_without_window_extension) ... ok
2026-09-12T19:46:24.7975265Z test_all_original_slots_and_unavailable_references_unchanged (test_sealed_historical_account_continuity_v01.ContinuityRegistrationTests.test_all_original_slots_and_unavailable_references_unchanged) ... ok
2026-09-12T19:46:44.0128878Z test_direct_offline_cli_produces_independently_verified_artifacts (test_sealed_historical_account_continuity_v01.ContinuityRegistrationTests.test_direct_offline_cli_produces_independently_verified_artifacts) ... ok
2026-09-12T19:46:44.0781915Z test_entrypoints_have_no_undefined_globals_and_checker_is_stdlib (test_sealed_historical_account_continuity_v01.ContinuityRegistrationTests.test_entrypoints_have_no_undefined_globals_and_checker_is_stdlib) ... ok
2026-09-12T19:46:56.2673593Z test_independent_checker_recomputes_and_rejects_rehashed_scarcity (test_sealed_historical_account_continuity_v01.ContinuityRegistrationTests.test_independent_checker_recomputes_and_rejects_rehashed_scarcity) ... ok
2026-09-12T19:46:56.4601695Z test_independent_checker_rejects_rehashed_campaign_and_checkpoint_state (test_sealed_historical_account_continuity_v01.ContinuityRegistrationTests.test_independent_checker_rejects_rehashed_campaign_and_checkpoint_state) ... ok
2026-09-12T19:46:56.4604056Z test_management_execution_methods_remain_frozen (test_sealed_historical_account_continuity_v01.ContinuityRegistrationTests.test_management_execution_methods_remain_frozen) ... ok
2026-09-12T19:46:56.7222935Z test_metadata_build_cannot_run_mechanics_or_open_market_bundle (test_sealed_historical_account_continuity_v01.ContinuityRegistrationTests.test_metadata_build_cannot_run_mechanics_or_open_market_bundle) ... ok
2026-09-12T19:46:56.9829582Z test_parent_and_implementation_mutations_fail_registration (test_sealed_historical_account_continuity_v01.ContinuityRegistrationTests.test_parent_and_implementation_mutations_fail_registration) ... ok
2026-09-12T19:46:57.2443629Z test_registration_binds_immutable_parent_and_scope (test_sealed_historical_account_continuity_v01.ContinuityRegistrationTests.test_registration_binds_immutable_parent_and_scope) ... ok
2026-09-12T19:46:57.2452643Z test_symlink_and_frozen_output_paths_rejected (test_sealed_historical_account_continuity_v01.ContinuityRegistrationTests.test_symlink_and_frozen_output_paths_rejected) ... ok
2026-09-12T19:46:58.3629065Z test_write_once_rehashed_metadata_and_extra_files_fail (test_sealed_historical_account_continuity_v01.ContinuityRegistrationTests.test_write_once_rehashed_metadata_and_extra_files_fail) ... ok
2026-09-12T19:46:58.4692018Z test_expired_wait_blocks_all_later_slots_with_exact_shares (test_sealed_historical_account_exit_waiting_v01.WaitingAccountTests.test_expired_wait_blocks_all_later_slots_with_exact_shares) ... ok
2026-09-12T19:47:04.5853940Z test_no_wait_path_objects_match_risk_parent_exactly (test_sealed_historical_account_exit_waiting_v01.WaitingAccountTests.test_no_wait_path_objects_match_risk_parent_exactly) ... ok
2026-09-12T19:47:05.2597595Z test_waiting_closes_and_preserves_audit_after_capacity_release (test_sealed_historical_account_exit_waiting_v01.WaitingAccountTests.test_waiting_closes_and_preserves_audit_after_capacity_release) ... ok
2026-09-12T19:47:05.4217075Z test_delayed_submission_after_an_earlier_fresh_print_is_rejected (test_sealed_historical_account_exit_waiting_v01.WaitingIndependentTests.test_delayed_submission_after_an_earlier_fresh_print_is_rejected) ... ok
2026-09-12T19:47:05.5136498Z test_failed_submission_preserves_causal_proposal_without_attempt (test_sealed_historical_account_exit_waiting_v01.WaitingIndependentTests.test_failed_submission_preserves_causal_proposal_without_attempt) ... ok
2026-09-12T19:47:05.5268833Z test_independent_reference_matches_frozen_index_on_status_ties_and_unknowns (test_sealed_historical_account_exit_waiting_v01.WaitingIndependentTests.test_independent_reference_matches_frozen_index_on_status_ties_and_unknowns) ... ok
2026-09-12T19:47:06.0129101Z test_independent_wait_sources_and_unchanged_account_checks (test_sealed_historical_account_exit_waiting_v01.WaitingIndependentTests.test_independent_wait_sources_and_unchanged_account_checks) ... ok
2026-09-12T19:47:06.9097629Z test_mutated_parent_or_child_invalidates_registration (test_sealed_historical_account_exit_waiting_v01.WaitingIndependentTests.test_mutated_parent_or_child_invalidates_registration) ... ok
2026-09-12T19:47:06.9100902Z test_registration_and_source_authority_fail_before_original_access (test_sealed_historical_account_exit_waiting_v01.WaitingIndependentTests.test_registration_and_source_authority_fail_before_original_access) ... ok
2026-09-12T19:47:07.7556178Z test_registration_reproduces_and_metadata_build_never_opens_originals (test_sealed_historical_account_exit_waiting_v01.WaitingIndependentTests.test_registration_reproduces_and_metadata_build_never_opens_originals) ... ok
2026-09-12T19:47:07.9101513Z test_rehashed_attempt_consumption_before_submission_is_rejected (test_sealed_historical_account_exit_waiting_v01.WaitingIndependentTests.test_rehashed_attempt_consumption_before_submission_is_rejected) ... ok
2026-09-12T19:47:08.0012239Z test_rehashed_false_expiry_and_dropped_wait_end_are_rejected (test_sealed_historical_account_exit_waiting_v01.WaitingIndependentTests.test_rehashed_false_expiry_and_dropped_wait_end_are_rejected) ... ok
2026-09-12T19:47:08.1567602Z test_rehashed_quote_witness_mutation_is_rejected (test_sealed_historical_account_exit_waiting_v01.WaitingIndependentTests.test_rehashed_quote_witness_mutation_is_rejected) ... ok
2026-09-12T19:47:08.1585692Z test_runtime_output_is_external_and_write_once (test_sealed_historical_account_exit_waiting_v01.WaitingIndependentTests.test_runtime_output_is_external_and_write_once) ... ok
2026-09-12T19:47:08.3303135Z test_supersession_is_independently_reconstructed (test_sealed_historical_account_exit_waiting_v01.WaitingIndependentTests.test_supersession_is_independently_reconstructed) ... ok
2026-09-12T19:47:08.3379884Z test_account_risk_latch_can_supersede_target_but_stop_has_priority (test_sealed_historical_account_exit_waiting_v01.WaitingManagementTests.test_account_risk_latch_can_supersede_target_but_stop_has_priority) ... ok
2026-09-12T19:47:08.3450829Z test_changed_tape_while_waiting_is_rejected (test_sealed_historical_account_exit_waiting_v01.WaitingManagementTests.test_changed_tape_while_waiting_is_rejected) ... ok
2026-09-12T19:47:08.3591027Z test_completed_red_bar_supersedes_target_but_never_stop (test_sealed_historical_account_exit_waiting_v01.WaitingManagementTests.test_completed_red_bar_supersedes_target_but_never_stop) ... ok
2026-09-12T19:47:08.3648542Z test_first_signal_without_full_tail_still_fails (test_sealed_historical_account_exit_waiting_v01.WaitingManagementTests.test_first_signal_without_full_tail_still_fails) ... ok
2026-09-12T19:47:08.3689769Z test_freshness_is_inclusive_and_native_ties_keep_last_record (test_sealed_historical_account_exit_waiting_v01.WaitingManagementTests.test_freshness_is_inclusive_and_native_ties_keep_last_record) ... ok
2026-09-12T19:47:08.3764674Z test_ineligible_print_does_not_reconsider_but_clean_odd_lot_does (test_sealed_historical_account_exit_waiting_v01.WaitingManagementTests.test_ineligible_print_does_not_reconsider_but_clean_odd_lot_does) ... ok
2026-09-12T19:47:08.3891673Z test_known_halt_waits_and_unknown_status_is_not_a_wait (test_sealed_historical_account_exit_waiting_v01.WaitingManagementTests.test_known_halt_waits_and_unknown_status_is_not_a_wait) ... ok
2026-09-12T19:47:08.3969739Z test_no_future_quote_then_first_fresh_print_submits_latched_target (test_sealed_historical_account_exit_waiting_v01.WaitingManagementTests.test_no_future_quote_then_first_fresh_print_submits_latched_target) ... ok
2026-09-12T19:47:08.4040115Z test_reference_index_is_immutable_and_matches_frozen_capture (test_sealed_historical_account_exit_waiting_v01.WaitingManagementTests.test_reference_index_is_immutable_and_matches_frozen_capture) ... ok
2026-09-12T19:47:08.4106423Z test_stale_reference_waits_without_reserving_or_consuming_attempt (test_sealed_historical_account_exit_waiting_v01.WaitingManagementTests.test_stale_reference_waits_without_reserving_or_consuming_attempt) ... ok
2026-09-12T19:47:08.4183176Z test_stop_supersedes_waiting_target_and_preserves_origin (test_sealed_historical_account_exit_waiting_v01.WaitingManagementTests.test_stop_supersedes_waiting_target_and_preserves_origin) ... ok
2026-09-12T19:47:08.4240460Z test_tape_mutation_or_wrong_pin_never_becomes_waiting (test_sealed_historical_account_exit_waiting_v01.WaitingManagementTests.test_tape_mutation_or_wrong_pin_never_becomes_waiting) ... ok
2026-09-12T19:47:08.4320553Z test_terminal_partial_fill_does_not_retry (test_sealed_historical_account_exit_waiting_v01.WaitingManagementTests.test_terminal_partial_fill_does_not_retry) ... ok
2026-09-12T19:47:08.4392406Z test_unknown_status_in_frozen_execution_tail_still_fails_closed (test_sealed_historical_account_exit_waiting_v01.WaitingManagementTests.test_unknown_status_in_frozen_execution_tail_still_fails_closed) ... ok
2026-09-12T19:47:08.4461995Z test_window_expiry_preserves_open_intent_and_shares (test_sealed_historical_account_exit_waiting_v01.WaitingManagementTests.test_window_expiry_preserves_open_intent_and_shares) ... ok
2026-09-12T19:47:08.5479912Z test_cli_has_no_replay_option_and_does_not_overwrite_output (test_sealed_historical_account_hosted_acceptance_v01.ArtifactAndRegistrationTests.test_cli_has_no_replay_option_and_does_not_overwrite_output) ... ok
2026-09-12T19:47:08.5491551Z test_duplicate_and_unsafe_zip_members_rejected (test_sealed_historical_account_hosted_acceptance_v01.ArtifactAndRegistrationTests.test_duplicate_and_unsafe_zip_members_rejected) ... ok
2026-09-12T19:47:08.5499798Z test_exact_zip_bytes_crc_inventory_and_no_extraction (test_sealed_historical_account_hosted_acceptance_v01.ArtifactAndRegistrationTests.test_exact_zip_bytes_crc_inventory_and_no_extraction) ... ok
2026-09-12T19:47:08.6113879Z test_external_commitment_and_changed_implementation_rejected (test_sealed_historical_account_hosted_acceptance_v01.ArtifactAndRegistrationTests.test_external_commitment_and_changed_implementation_rejected) ... ok
2026-09-12T19:47:08.6116547Z test_nonfinite_or_float_account_values_rejected (test_sealed_historical_account_hosted_acceptance_v01.ArtifactAndRegistrationTests.test_nonfinite_or_float_account_values_rejected) ... ok
2026-09-12T19:47:08.6293069Z test_registration_waives_only_local_rerun_and_is_post_result (test_sealed_historical_account_hosted_acceptance_v01.ArtifactAndRegistrationTests.test_registration_waives_only_local_rerun_and_is_post_result) ... ok
2026-09-12T19:47:08.6296748Z test_seals_canonical_bytes_and_duplicate_json_keys (test_sealed_historical_account_hosted_acceptance_v01.ArtifactAndRegistrationTests.test_seals_canonical_bytes_and_duplicate_json_keys) ... ok
2026-09-12T19:47:08.6332627Z test_available_input_cannot_be_silently_left_unprocessed (test_sealed_historical_account_hosted_acceptance_v01.CoverageTests.test_available_input_cannot_be_silently_left_unprocessed) ... ok
2026-09-12T19:47:08.6346675Z test_dropped_unavailable_history_is_rejected (test_sealed_historical_account_hosted_acceptance_v01.CoverageTests.test_dropped_unavailable_history_is_rejected) ... ok
2026-09-12T19:47:08.6354081Z test_exact_decimal_reconciliation_without_financial_output (test_sealed_historical_account_hosted_acceptance_v01.CoverageTests.test_exact_decimal_reconciliation_without_financial_output) ... ok
2026-09-12T19:47:08.6381418Z test_false_full_path_completion_and_wrong_chain_are_rejected (test_sealed_historical_account_hosted_acceptance_v01.CoverageTests.test_false_full_path_completion_and_wrong_chain_are_rejected) ... ok
2026-09-12T19:47:08.6412035Z test_first_gap_after_available_prefix_and_empty_gap_population (test_sealed_historical_account_hosted_acceptance_v01.CoverageTests.test_first_gap_after_available_prefix_and_empty_gap_population) ... ok
2026-09-12T19:47:08.6432343Z test_flat_execution_does_not_turn_missing_inputs_into_no_trade (test_sealed_historical_account_hosted_acceptance_v01.CoverageTests.test_flat_execution_does_not_turn_missing_inputs_into_no_trade) ... ok
2026-09-12T19:47:08.6451809Z test_missing_path_and_reordered_paths_are_rejected (test_sealed_historical_account_hosted_acceptance_v01.CoverageTests.test_missing_path_and_reordered_paths_are_rejected) ... ok
2026-09-12T19:47:08.6475961Z test_omitted_or_reclassified_unavailable_opportunity_is_rejected (test_sealed_historical_account_hosted_acceptance_v01.CoverageTests.test_omitted_or_reclassified_unavailable_opportunity_is_rejected) ... ok
2026-09-12T19:47:08.6499859Z test_omitted_session_and_duplicate_slot_are_rejected (test_sealed_historical_account_hosted_acceptance_v01.CoverageTests.test_omitted_session_and_duplicate_slot_are_rejected) ... ok
2026-09-12T19:47:08.6548370Z test_open_positions_pending_orders_and_window_are_rejected (test_sealed_historical_account_hosted_acceptance_v01.CoverageTests.test_open_positions_pending_orders_and_window_are_rejected) ... ok
2026-09-12T19:47:08.6560479Z test_prior_gap_conditions_later_fully_available_session (test_sealed_historical_account_hosted_acceptance_v01.CoverageTests.test_prior_gap_conditions_later_fully_available_session) ... ok
2026-09-12T19:47:08.6588609Z test_runtime_failure_and_incomplete_streams_are_rejected (test_sealed_historical_account_hosted_acceptance_v01.CoverageTests.test_runtime_failure_and_incomplete_streams_are_rejected) ... ok
2026-09-12T19:47:08.6615812Z test_unknown_gap_reason_and_false_complete_status_are_rejected (test_sealed_historical_account_hosted_acceptance_v01.CoverageTests.test_unknown_gap_reason_and_false_complete_status_are_rejected) ... ok
2026-09-12T19:47:08.6698946Z test_wrong_cash_fee_carry_or_reseed_is_rejected (test_sealed_historical_account_hosted_acceptance_v01.CoverageTests.test_wrong_cash_fee_carry_or_reseed_is_rejected) ... ok
2026-09-12T19:47:08.6788538Z test_complete_verification_accepts_hosted_only_without_financial_promotion (test_sealed_historical_account_hosted_acceptance_v01.EndToEndAcceptanceTests.test_complete_verification_accepts_hosted_only_without_financial_promotion) ... ok
2026-09-12T19:47:08.6893176Z test_failed_checker_or_incomplete_steps_do_not_qualify (test_sealed_historical_account_hosted_acceptance_v01.EndToEndAcceptanceTests.test_failed_checker_or_incomplete_steps_do_not_qualify) ... ok
2026-09-12T19:47:08.7114224Z test_missing_progress_or_changed_local_evidence_is_rejected (test_sealed_historical_account_hosted_acceptance_v01.EndToEndAcceptanceTests.test_missing_progress_or_changed_local_evidence_is_rejected) ... ok
2026-09-12T19:47:08.7200891Z test_rerun_or_wrong_artifact_do_not_qualify (test_sealed_historical_account_hosted_acceptance_v01.EndToEndAcceptanceTests.test_rerun_or_wrong_artifact_do_not_qualify) ... ok
2026-09-12T19:47:09.4053890Z test_12_paths_360_sessions_and_exactly_12_initial_seeds (test_sealed_historical_account_inputs_v01.HistoricalAccountInputsTests.test_12_paths_360_sessions_and_exactly_12_initial_seeds) ... ok
2026-09-12T19:47:09.6010410Z test_30_session_synthetic_handoff_carries_profit_loss_fees_and_positions (test_sealed_historical_account_inputs_v01.HistoricalAccountInputsTests.test_30_session_synthetic_handoff_carries_profit_loss_fees_and_positions) ... ok
2026-09-12T19:47:09.6013862Z test_all_profiles_unavailable_opportunities_and_empty_dates_preserved (test_sealed_historical_account_inputs_v01.HistoricalAccountInputsTests.test_all_profiles_unavailable_opportunities_and_empty_dates_preserved) ... ok
2026-09-12T19:47:09.6076704Z test_close_from_wrong_account_horizon_scenario_or_date_is_rejected (test_sealed_historical_account_inputs_v01.HistoricalAccountInputsTests.test_close_from_wrong_account_horizon_scenario_or_date_is_rejected) ... ok
2026-09-12T19:47:09.6226087Z test_currency_must_be_exact_cents_and_complete_state_must_survive (test_sealed_historical_account_inputs_v01.HistoricalAccountInputsTests.test_currency_must_be_exact_cents_and_complete_state_must_survive) ... ok
2026-09-12T19:47:11.7936329Z test_extra_output_file_and_symlinks_are_rejected (test_sealed_historical_account_inputs_v01.HistoricalAccountInputsTests.test_extra_output_file_and_symlinks_are_rejected) ... ok
2026-09-12T19:47:11.7948811Z test_first_date_rejects_a_supplied_previous_balance (test_sealed_historical_account_inputs_v01.HistoricalAccountInputsTests.test_first_date_rejects_a_supplied_previous_balance) ... ok
2026-09-12T19:47:11.7953763Z test_first_session_limits_reuse_frozen_policy_for_both_accounts (test_sealed_historical_account_inputs_v01.HistoricalAccountInputsTests.test_first_session_limits_reuse_frozen_policy_for_both_accounts) ... ok
2026-09-12T19:47:11.7965733Z test_handoff_does_not_share_mutable_state_with_prior_close (test_sealed_historical_account_inputs_v01.HistoricalAccountInputsTests.test_handoff_does_not_share_mutable_state_with_prior_close) ... ok
2026-09-12T19:47:11.7977733Z test_insolvent_state_is_preserved_without_reseeding (test_sealed_historical_account_inputs_v01.HistoricalAccountInputsTests.test_insolvent_state_is_preserved_without_reseeding) ... ok
2026-09-12T19:47:11.8005110Z test_merged_bounds_equal_union_not_larger_or_outcome_extended (test_sealed_historical_account_inputs_v01.HistoricalAccountInputsTests.test_merged_bounds_equal_union_not_larger_or_outcome_extended) ... ok
2026-09-12T19:47:11.8008098Z test_missing_or_duplicate_opportunity_population_is_rejected (test_sealed_historical_account_inputs_v01.HistoricalAccountInputsTests.test_missing_or_duplicate_opportunity_population_is_rejected) ... ok
2026-09-12T19:47:11.8135955Z test_missing_previous_close_blocks_every_later_date_including_zero_dates (test_sealed_historical_account_inputs_v01.HistoricalAccountInputsTests.test_missing_previous_close_blocks_every_later_date_including_zero_dates) ... ok
2026-09-12T19:47:11.8148859Z test_pending_orders_and_unavailable_state_are_not_inferred_flat (test_sealed_historical_account_inputs_v01.HistoricalAccountInputsTests.test_pending_orders_and_unavailable_state_are_not_inferred_flat) ... ok
2026-09-12T19:47:12.5105259Z test_real_parent_plan_reconstructs_without_provider_or_execution_calls (test_sealed_historical_account_inputs_v01.HistoricalAccountInputsTests.test_real_parent_plan_reconstructs_without_provider_or_execution_calls) ... ok
2026-09-12T19:47:13.0241131Z test_registration_binds_approved_values_and_unchanged_parent (test_sealed_historical_account_inputs_v01.HistoricalAccountInputsTests.test_registration_binds_approved_values_and_unchanged_parent) ... ok
2026-09-12T19:47:13.0253819Z test_rehashed_changed_balance_cannot_match_pinned_close (test_sealed_historical_account_inputs_v01.HistoricalAccountInputsTests.test_rehashed_changed_balance_cannot_match_pinned_close) ... ok
2026-09-12T19:47:13.0290044Z test_rehashed_registration_and_changed_parent_bytes_are_rejected (test_sealed_historical_account_inputs_v01.HistoricalAccountInputsTests.test_rehashed_registration_and_changed_parent_bytes_are_rejected) ... ok
2026-09-12T19:47:13.0336457Z test_rehashed_slot_cannot_reset_or_skip_registered_session (test_sealed_historical_account_inputs_v01.HistoricalAccountInputsTests.test_rehashed_slot_cannot_reset_or_skip_registered_session) ... ok
2026-09-12T19:47:13.0363466Z test_request_windows_keep_exact_nanoseconds_and_all_109_identities (test_sealed_historical_account_inputs_v01.HistoricalAccountInputsTests.test_request_windows_keep_exact_nanoseconds_and_all_109_identities) ... ok
2026-09-12T19:47:13.0386149Z test_retrospective_keys_and_unbound_source_runtime_are_rejected (test_sealed_historical_account_inputs_v01.HistoricalAccountInputsTests.test_retrospective_keys_and_unbound_source_runtime_are_rejected) ... ok
2026-09-12T19:47:15.8626852Z test_write_once_and_full_reconstruction_reject_rehashed_output (test_sealed_historical_account_inputs_v01.HistoricalAccountInputsTests.test_write_once_and_full_reconstruction_reject_rehashed_output) ... ok
2026-09-12T19:47:17.0980662Z test_all_twelve_paths_use_one_seed_and_thirty_slots (test_sealed_historical_account_replay_v01.HistoricalReplayMechanicsTests.test_all_twelve_paths_use_one_seed_and_thirty_slots) ... ok
2026-09-12T19:47:17.0983780Z test_external_registration_pin_is_required_before_source_access (test_sealed_historical_account_replay_v01.HistoricalReplayMechanicsTests.test_external_registration_pin_is_required_before_source_access) ... ok
2026-09-12T19:47:21.6380055Z test_frozen_parent_state_parity_across_mechanics (test_sealed_historical_account_replay_v01.HistoricalReplayMechanicsTests.test_frozen_parent_state_parity_across_mechanics) ... ok
2026-09-12T19:47:25.3498768Z test_independent_checker_accepts_every_frozen_mechanics_case (test_sealed_historical_account_replay_v01.HistoricalReplayMechanicsTests.test_independent_checker_accepts_every_frozen_mechanics_case) ... ok
2026-09-12T19:47:25.4472721Z test_independent_checker_rejects_financial_promotion (test_sealed_historical_account_replay_v01.HistoricalReplayMechanicsTests.test_independent_checker_rejects_financial_promotion) ... ok
2026-09-12T19:47:27.1427547Z test_independent_checker_rejects_lost_open_window (test_sealed_historical_account_replay_v01.HistoricalReplayMechanicsTests.test_independent_checker_rejects_lost_open_window) ... ok
2026-09-12T19:47:28.9118171Z test_independent_checker_rejects_rehashed_cash_reseed (test_sealed_historical_account_replay_v01.HistoricalReplayMechanicsTests.test_independent_checker_rejects_rehashed_cash_reseed) ... ok
2026-09-12T19:47:30.6829100Z test_independent_checker_rejects_stream_substitution (test_sealed_historical_account_replay_v01.HistoricalReplayMechanicsTests.test_independent_checker_rejects_stream_substitution) ... ok
2026-09-12T19:47:32.2916185Z test_omitted_original_source_fails_and_preserves_last_state (test_sealed_historical_account_replay_v01.HistoricalReplayMechanicsTests.test_omitted_original_source_fails_and_preserves_last_state) ... ok
2026-09-12T19:47:33.8862265Z test_omitted_unavailable_ref_is_rejected_before_execution (test_sealed_historical_account_replay_v01.HistoricalReplayMechanicsTests.test_omitted_unavailable_ref_is_rejected_before_execution) ... ok
2026-09-12T19:47:35.5572026Z test_open_position_blocks_all_later_slots_with_exact_basis_and_cash (test_sealed_historical_account_replay_v01.HistoricalReplayMechanicsTests.test_open_position_blocks_all_later_slots_with_exact_basis_and_cash) ... ok
2026-09-12T19:47:35.5710713Z test_original_registration_preserves_panel_and_closed_metrics (test_sealed_historical_account_replay_v01.HistoricalReplayMechanicsTests.test_original_registration_preserves_panel_and_closed_metrics) ... ok
2026-09-12T19:47:35.5797071Z test_parent_historical_guards_are_unchanged (test_sealed_historical_account_replay_v01.HistoricalReplayMechanicsTests.test_parent_historical_guards_are_unchanged) ... ok
2026-09-12T19:47:37.1874783Z test_pending_entry_failure_keeps_unreconciled_feedback (test_sealed_historical_account_replay_v01.HistoricalReplayMechanicsTests.test_pending_entry_failure_keeps_unreconciled_feedback) ... ok
2026-09-12T19:47:37.1877789Z test_public_api_rejects_caller_source_objects (test_sealed_historical_account_replay_v01.HistoricalReplayMechanicsTests.test_public_api_rejects_caller_source_objects) ... ok
2026-09-12T19:47:37.1882968Z test_public_api_rejects_rehashed_synthetic_binding_manifest (test_sealed_historical_account_replay_v01.HistoricalReplayMechanicsTests.test_public_api_rejects_rehashed_synthetic_binding_manifest) ... ok
2026-09-12T19:47:37.9639579Z test_registration_is_reproducible_and_parent_pins_are_real (test_sealed_historical_account_replay_v01.HistoricalReplayMechanicsTests.test_registration_is_reproducible_and_parent_pins_are_real) ... ok
2026-09-12T19:47:39.5218362Z test_resolved_foreign_opportunity_fails_before_order_submission (test_sealed_historical_account_replay_v01.HistoricalReplayMechanicsTests.test_resolved_foreign_opportunity_fails_before_order_submission) ... ok
2026-09-12T19:47:41.4994628Z test_stream_iterators_produce_identical_account_results (test_sealed_historical_account_replay_v01.HistoricalReplayMechanicsTests.test_stream_iterators_produce_identical_account_results) ... ok
2026-09-12T19:47:43.1124928Z test_unavailable_is_retained_and_never_resolved (test_sealed_historical_account_replay_v01.HistoricalReplayMechanicsTests.test_unavailable_is_retained_and_never_resolved) ... ok
2026-09-12T19:47:43.4911729Z test_native_quote_gap_produces_valid_feedback_rejected_by_frozen_checker (test_sealed_historical_account_residual_exit_diagnostic_v01.FrozenCheckerDefectRegressionTests.test_native_quote_gap_produces_valid_feedback_rejected_by_frozen_checker) ... ok
2026-09-12T19:47:43.6643860Z test_ordinary_unfilled_cancellation_does_not_imply_a_quote_gap (test_sealed_historical_account_residual_exit_diagnostic_v01.FrozenCheckerDefectRegressionTests.test_ordinary_unfilled_cancellation_does_not_imply_a_quote_gap) ... ok
2026-09-12T19:47:43.6647471Z test_arrival_freshness_includes_exact_age_boundary_only (test_sealed_historical_account_residual_exit_diagnostic_v01.QuoteLifecycleDiagnosticTests.test_arrival_freshness_includes_exact_age_boundary_only) ... ok
2026-09-12T19:47:43.6651227Z test_arrival_is_inclusive_and_cancellation_ack_is_exclusive (test_sealed_historical_account_residual_exit_diagnostic_v01.QuoteLifecycleDiagnosticTests.test_arrival_is_inclusive_and_cancellation_ack_is_exclusive) ... ok
2026-09-12T19:47:43.6653974Z test_changed_clock_and_missing_capture_coverage_fail_closed (test_sealed_historical_account_residual_exit_diagnostic_v01.QuoteLifecycleDiagnosticTests.test_changed_clock_and_missing_capture_coverage_fail_closed) ... ok
2026-09-12T19:47:43.6656280Z test_diagnostic_constants_equal_both_frozen_execution_policies (test_sealed_historical_account_residual_exit_diagnostic_v01.QuoteLifecycleDiagnosticTests.test_diagnostic_constants_equal_both_frozen_execution_policies) ... ok
2026-09-12T19:47:43.6658509Z test_equal_time_status_and_unusable_quotes_cannot_fill_a_gap (test_sealed_historical_account_residual_exit_diagnostic_v01.QuoteLifecycleDiagnosticTests.test_equal_time_status_and_unusable_quotes_cannot_fill_a_gap) ... ok
2026-09-12T19:47:43.6660416Z test_halted_fresh_candidate_is_distinct_from_no_fresh_quote (test_sealed_historical_account_residual_exit_diagnostic_v01.QuoteLifecycleDiagnosticTests.test_halted_fresh_candidate_is_distinct_from_no_fresh_quote) ... ok
2026-09-12T19:47:43.6662229Z test_quote_fresh_at_decision_can_be_stale_at_arrival (test_sealed_historical_account_residual_exit_diagnostic_v01.QuoteLifecycleDiagnosticTests.test_quote_fresh_at_decision_can_be_stale_at_arrival) ... ok
2026-09-12T19:47:43.6663971Z test_unknown_status_is_not_reclassified_as_a_quote_gap (test_sealed_historical_account_residual_exit_diagnostic_v01.QuoteLifecycleDiagnosticTests.test_unknown_status_is_not_reclassified_as_a_quote_gap) ... ok
2026-09-12T19:47:43.6668027Z test_bad_authority_or_internal_output_never_starts_an_attempt (test_sealed_historical_account_residual_exit_reproduction_v01.ReproductionAttemptTests.test_bad_authority_or_internal_output_never_starts_an_attempt) ... ok
2026-09-12T19:47:43.6739281Z test_changed_reproduced_byte_cannot_be_accepted_after_mocked_verifier_pass (test_sealed_historical_account_residual_exit_reproduction_v01.ReproductionAttemptTests.test_changed_reproduced_byte_cannot_be_accepted_after_mocked_verifier_pass) ... ok
2026-09-12T19:47:43.6858001Z test_extra_output_and_mutated_receipt_are_rejected (test_sealed_historical_account_residual_exit_reproduction_v01.ReproductionAttemptTests.test_extra_output_and_mutated_receipt_are_rejected) ... ok
2026-09-12T19:47:43.6910433Z test_original_failure_and_partial_output_survive_and_retry_is_refused (test_sealed_historical_account_residual_exit_reproduction_v01.ReproductionAttemptTests.test_original_failure_and_partial_output_survive_and_retry_is_refused) ... ok
2026-09-12T19:47:43.7013673Z test_receipt_precedes_sources_and_success_requires_six_exact_components (test_sealed_historical_account_residual_exit_reproduction_v01.ReproductionAttemptTests.test_receipt_precedes_sources_and_success_requires_six_exact_components) ... ok
2026-09-12T19:47:43.7039848Z test_source_mismatch_retains_receipt_and_failure_without_entering_replay (test_sealed_historical_account_residual_exit_reproduction_v01.ReproductionAttemptTests.test_source_mismatch_retains_receipt_and_failure_without_entering_replay) ... ok
2026-09-12T19:47:43.7045645Z test_symlink_output_is_rejected_without_touching_target (test_sealed_historical_account_residual_exit_reproduction_v01.ReproductionAttemptTests.test_symlink_output_is_rejected_without_touching_target) ... ok
2026-09-12T19:47:43.7088362Z test_verifier_failure_is_separately_retained_after_original_output (test_sealed_historical_account_residual_exit_reproduction_v01.ReproductionAttemptTests.test_verifier_failure_is_separately_retained_after_original_output) ... ok
2026-09-12T19:47:43.7894226Z test_metadata_cli_succeeds_under_offline_guard (test_sealed_historical_account_residual_exit_reproduction_v01.ReproductionRegistrationTests.test_metadata_cli_succeeds_under_offline_guard) ... ok
2026-09-12T19:47:43.8100736Z test_metadata_registration_preserves_original_producer_and_verifier (test_sealed_historical_account_residual_exit_reproduction_v01.ReproductionRegistrationTests.test_metadata_registration_preserves_original_producer_and_verifier) ... ok
2026-09-12T19:47:43.8119333Z test_original_cli_receives_exact_registration_and_restores_arguments (test_sealed_historical_account_residual_exit_reproduction_v01.ReproductionRegistrationTests.test_original_cli_receives_exact_registration_and_restores_arguments) ... ok
2026-09-12T19:47:43.8501593Z test_wrong_external_commitment_or_changed_orchestrator_is_rejected (test_sealed_historical_account_residual_exit_reproduction_v01.ReproductionRegistrationTests.test_wrong_external_commitment_or_changed_orchestrator_is_rejected) ... ok
2026-09-12T19:47:43.8606589Z test_inherited_checks_and_native_lifecycle_are_exact_original_functions (test_sealed_historical_account_residual_exit_status_v01.FrozenParityTests.test_inherited_checks_and_native_lifecycle_are_exact_original_functions) ... ok
2026-09-12T19:47:43.8825175Z test_outer_verification_body_is_identical (test_sealed_historical_account_residual_exit_status_v01.FrozenParityTests.test_outer_verification_body_is_identical) ... ok
2026-09-12T19:47:43.9120582Z test_residual_body_changes_only_the_expected_status_expression (test_sealed_historical_account_residual_exit_status_v01.FrozenParityTests.test_residual_body_changes_only_the_expected_status_expression) ... ok
2026-09-12T19:47:43.9138502Z test_attempt_receipt_precedes_verification_and_success_is_sealed (test_sealed_historical_account_residual_exit_status_v01.RegistrationAndAttemptTests.test_attempt_receipt_precedes_verification_and_success_is_sealed) ... ok
2026-09-12T19:47:43.9153839Z test_new_failure_is_retained_and_attempt_directory_cannot_be_reused (test_sealed_historical_account_residual_exit_status_v01.RegistrationAndAttemptTests.test_new_failure_is_retained_and_attempt_directory_cannot_be_reused) ... ok
2026-09-12T19:47:43.9323534Z test_registration_is_metadata_only_and_all_original_pins_are_unchanged (test_sealed_historical_account_residual_exit_status_v01.RegistrationAndAttemptTests.test_registration_is_metadata_only_and_all_original_pins_are_unchanged) ... ok
2026-09-12T19:47:44.0173145Z test_wrong_external_freeze_and_mutated_child_or_parent_fail_before_evidence (test_sealed_historical_account_residual_exit_status_v01.RegistrationAndAttemptTests.test_wrong_external_freeze_and_mutated_child_or_parent_fail_before_evidence) ... ok
2026-09-12T19:47:44.0188003Z test_wrong_registration_creates_no_attempt_and_draft_writer_never_overwrites (test_sealed_historical_account_residual_exit_status_v01.RegistrationAndAttemptTests.test_wrong_registration_creates_no_attempt_and_draft_writer_never_overwrites) ... ok
2026-09-12T19:47:44.0193752Z test_wrong_stored_runtime_cannot_reach_original_verifier (test_sealed_historical_account_residual_exit_status_v01.RegistrationAndAttemptTests.test_wrong_stored_runtime_cannot_reach_original_verifier) ... ok
2026-09-12T19:47:44.0197827Z test_exact_age_and_half_open_active_interval_classify_status (test_sealed_historical_account_residual_exit_status_v01.SourceDerivedStatusTests.test_exact_age_and_half_open_active_interval_classify_status) ... ok
2026-09-12T19:47:47.1630641Z test_existing_unfilled_partial_delayed_and_exhausted_paths_keep_checks (test_sealed_historical_account_residual_exit_status_v01.SourceDerivedStatusTests.test_existing_unfilled_partial_delayed_and_exhausted_paths_keep_checks) ... ok
2026-09-12T19:47:48.2594051Z test_no_quote_and_halted_feedback_pass_only_corrected_checker (test_sealed_historical_account_residual_exit_status_v01.SourceDerivedStatusTests.test_no_quote_and_halted_feedback_pass_only_corrected_checker) ... ok
2026-09-12T19:47:48.2597183Z test_positive_fill_rule_is_unchanged_and_invalid_quantity_rejected (test_sealed_historical_account_residual_exit_status_v01.SourceDerivedStatusTests.test_positive_fill_rule_is_unchanged_and_invalid_quantity_rejected) ... ok
2026-09-12T19:47:49.0910770Z test_rehashed_forged_status_is_not_an_allowlisted_cancellation (test_sealed_historical_account_residual_exit_status_v01.SourceDerivedStatusTests.test_rehashed_forged_status_is_not_an_allowlisted_cancellation) ... ok
2026-09-12T19:47:49.3678609Z test_removed_authority_and_changed_shares_still_fail (test_sealed_historical_account_residual_exit_status_v01.SourceDerivedStatusTests.test_removed_authority_and_changed_shares_still_fail) ... ok
2026-09-12T19:47:49.3681078Z test_unknown_status_and_changed_clocks_fail_closed (test_sealed_historical_account_residual_exit_status_v01.SourceDerivedStatusTests.test_unknown_status_and_changed_clocks_fail_closed) ... ok
2026-09-12T19:47:49.5993081Z test_acknowledged_authority_cannot_be_omitted_when_no_replacement_fills (test_sealed_historical_account_residual_exit_v01.ResidualAccountAndIndependentTests.test_acknowledged_authority_cannot_be_omitted_when_no_replacement_fills) ... ok
2026-09-12T19:47:49.8657792Z test_changed_parent_prefix_is_rejected (test_sealed_historical_account_residual_exit_v01.ResidualAccountAndIndependentTests.test_changed_parent_prefix_is_rejected) ... ok
2026-09-12T19:47:51.0066212Z test_confirmed_residual_close_releases_capacity_and_keeps_audit (test_sealed_historical_account_residual_exit_v01.ResidualAccountAndIndependentTests.test_confirmed_residual_close_releases_capacity_and_keeps_audit) ... ok
2026-09-12T19:47:51.2939376Z test_earlier_eligible_source_print_cannot_be_omitted (test_sealed_historical_account_residual_exit_v01.ResidualAccountAndIndependentTests.test_earlier_eligible_source_print_cannot_be_omitted) ... ok
2026-09-12T19:47:51.3064355Z test_frozen_finisher_arithmetic_is_unchanged (test_sealed_historical_account_residual_exit_v01.ResidualAccountAndIndependentTests.test_frozen_finisher_arithmetic_is_unchanged) ... ok
2026-09-12T19:47:51.3286434Z test_independent_account_checks_are_unchanged_except_parent_namespace (test_sealed_historical_account_residual_exit_v01.ResidualAccountAndIndependentTests.test_independent_account_checks_are_unchanged_except_parent_namespace) ... ok
2026-09-12T19:47:51.3499755Z test_independent_chronology_delta_is_only_registered_terminal_ceiling (test_sealed_historical_account_residual_exit_v01.ResidualAccountAndIndependentTests.test_independent_chronology_delta_is_only_registered_terminal_ceiling) ... ok
2026-09-12T19:47:51.6382071Z test_mutated_ack_remaining_count_and_first_print_are_rejected (test_sealed_historical_account_residual_exit_v01.ResidualAccountAndIndependentTests.test_mutated_ack_remaining_count_and_first_print_are_rejected) ... ok
2026-09-12T19:47:52.5701217Z test_mutated_parent_or_child_invalidates_registration (test_sealed_historical_account_residual_exit_v01.ResidualAccountAndIndependentTests.test_mutated_parent_or_child_invalidates_registration) ... ok
2026-09-12T19:47:52.6838740Z test_no_post_ack_print_records_expiry_and_preserves_shares (test_sealed_historical_account_residual_exit_v01.ResidualAccountAndIndependentTests.test_no_post_ack_print_records_expiry_and_preserves_shares) ... ok
2026-09-12T19:47:59.0382318Z test_no_residual_paths_are_byte_identical_to_waiting_parent (test_sealed_historical_account_residual_exit_v01.ResidualAccountAndIndependentTests.test_no_residual_paths_are_byte_identical_to_waiting_parent) ... ok
2026-09-12T19:47:59.3559225Z test_original_wait_and_residual_wait_remain_separate_bound_episodes (test_sealed_historical_account_residual_exit_v01.ResidualAccountAndIndependentTests.test_original_wait_and_residual_wait_remain_separate_bound_episodes) ... ok
2026-09-12T19:47:59.3562859Z test_registration_and_original_reader_are_required (test_sealed_historical_account_residual_exit_v01.ResidualAccountAndIndependentTests.test_registration_and_original_reader_are_required) ... ok
2026-09-12T19:48:00.2337692Z test_registration_is_metadata_only_and_parent_remains_frozen (test_sealed_historical_account_residual_exit_v01.ResidualAccountAndIndependentTests.test_registration_is_metadata_only_and_parent_remains_frozen) ... ok
2026-09-12T19:48:00.5191484Z test_rehashed_invalid_cancellation_context_is_rejected (test_sealed_historical_account_residual_exit_v01.ResidualAccountAndIndependentTests.test_rehashed_invalid_cancellation_context_is_rejected) ... ok
2026-09-12T19:48:00.6525333Z test_rehashed_third_terminal_order_exceeds_independent_budget (test_sealed_historical_account_residual_exit_v01.ResidualAccountAndIndependentTests.test_rehashed_third_terminal_order_exceeds_independent_budget) ... ok
2026-09-12T19:48:00.9371182Z test_removed_residual_audit_cannot_hide_second_order (test_sealed_historical_account_residual_exit_v01.ResidualAccountAndIndependentTests.test_removed_residual_audit_cannot_hide_second_order) ... ok
2026-09-12T19:48:01.3204476Z test_residual_release_can_change_later_capacity_decision_not_earlier_prefix (test_sealed_historical_account_residual_exit_v01.ResidualAccountAndIndependentTests.test_residual_release_can_change_later_capacity_decision_not_earlier_prefix) ... ok
2026-09-12T19:48:01.3223826Z test_runtime_output_is_external_and_write_once (test_sealed_historical_account_residual_exit_v01.ResidualAccountAndIndependentTests.test_runtime_output_is_external_and_write_once) ... ok
2026-09-12T19:48:01.7538658Z test_second_remainder_or_expired_wait_preserves_all_later_blocked_slots (test_sealed_historical_account_residual_exit_v01.ResidualAccountAndIndependentTests.test_second_remainder_or_expired_wait_preserves_all_later_blocked_slots) ... ok
2026-09-12T19:48:02.3553353Z test_stale_replacement_waits_then_closes_independently (test_sealed_historical_account_residual_exit_v01.ResidualAccountAndIndependentTests.test_stale_replacement_waits_then_closes_independently) ... ok
2026-09-12T19:48:02.3637008Z test_consumed_liquidity_is_not_reset_or_reused (test_sealed_historical_account_residual_exit_v01.ResidualManagementTests.test_consumed_liquidity_is_not_reset_or_reused) ... ok
2026-09-12T19:48:02.3805270Z test_first_later_eligible_print_uses_only_remainder_and_closes (test_sealed_historical_account_residual_exit_v01.ResidualManagementTests.test_first_later_eligible_print_uses_only_remainder_and_closes) ... ok
2026-09-12T19:48:02.3870461Z test_fully_filled_terminal_never_arms_residual (test_sealed_historical_account_residual_exit_v01.ResidualManagementTests.test_fully_filled_terminal_never_arms_residual) ... ok
2026-09-12T19:48:02.3952957Z test_known_halt_waits_without_consuming_additional_order (test_sealed_historical_account_residual_exit_v01.ResidualManagementTests.test_known_halt_waits_without_consuming_additional_order) ... ok
2026-09-12T19:48:02.4055028Z test_missing_reference_waits_without_spending_residual_budget (test_sealed_historical_account_residual_exit_v01.ResidualManagementTests.test_missing_reference_waits_without_spending_residual_budget) ... ok
2026-09-12T19:48:02.4126306Z test_no_later_print_expires_authority_without_order (test_sealed_historical_account_residual_exit_v01.ResidualManagementTests.test_no_later_print_expires_authority_without_order) ... ok
2026-09-12T19:48:02.4194685Z test_no_replacement_before_or_on_equal_time_ack_print (test_sealed_historical_account_residual_exit_v01.ResidualManagementTests.test_no_replacement_before_or_on_equal_time_ack_print) ... ok
2026-09-12T19:48:02.4256482Z test_partial_target_does_not_receive_replacement_authority (test_sealed_historical_account_residual_exit_v01.ResidualManagementTests.test_partial_target_does_not_receive_replacement_authority) ... ok
2026-09-12T19:48:02.4323904Z test_partial_terminal_ack_arms_without_resetting_attempt_or_liquidity (test_sealed_historical_account_residual_exit_v01.ResidualManagementTests.test_partial_terminal_ack_arms_without_resetting_attempt_or_liquidity) ... ok
2026-09-12T19:48:02.4485032Z test_second_partial_or_unfilled_exit_exhausts_budget_without_third_attempt (test_sealed_historical_account_residual_exit_v01.ResidualManagementTests.test_second_partial_or_unfilled_exit_exhausts_budget_without_third_attempt) ... ok
2026-09-12T19:48:02.4554110Z test_stop_can_supersede_prior_red_terminal_for_remainder (test_sealed_historical_account_residual_exit_v01.ResidualManagementTests.test_stop_can_supersede_prior_red_terminal_for_remainder) ... ok
2026-09-12T19:48:02.4634288Z test_unfilled_original_has_no_consumed_liquidity_but_valid_authority (test_sealed_historical_account_residual_exit_v01.ResidualManagementTests.test_unfilled_original_has_no_consumed_liquidity_but_valid_authority) ... ok
2026-09-12T19:48:02.4707690Z test_unknown_status_is_a_failure_not_permission_to_retry (test_sealed_historical_account_residual_exit_v01.ResidualManagementTests.test_unknown_status_is_a_failure_not_permission_to_retry) ... ok
2026-09-12T19:48:02.4790630Z test_wait_expiry_preserves_unsubmitted_remainder (test_sealed_historical_account_residual_exit_v01.ResidualManagementTests.test_wait_expiry_preserves_unsubmitted_remainder) ... ok
2026-09-12T19:48:02.4873824Z test_wrong_tape_rejected_without_spending_attempt (test_sealed_historical_account_residual_exit_v01.ResidualManagementTests.test_wrong_tape_rejected_without_spending_attempt) ... ok
2026-09-12T19:48:02.4879586Z test_confirmed_breakeven_and_flat_risk_are_exact_zero (test_sealed_historical_account_risk_projection_v01.DecimalRiskTests.test_confirmed_breakeven_and_flat_risk_are_exact_zero) ... ok
2026-09-12T19:48:02.4881299Z test_excess_precision_fails_instead_of_rounding (test_sealed_historical_account_risk_projection_v01.DecimalRiskTests.test_excess_precision_fails_instead_of_rounding) ... ok
2026-09-12T19:48:02.4886802Z test_internal_ledger_and_frozen_entry_evidence_are_untouched (test_sealed_historical_account_risk_projection_v01.DecimalRiskTests.test_internal_ledger_and_frozen_entry_evidence_are_untouched) ... ok
2026-09-12T19:48:02.4888954Z test_invalid_share_and_stop_inputs_are_rejected (test_sealed_historical_account_risk_projection_v01.DecimalRiskTests.test_invalid_share_and_stop_inputs_are_rejected) ... ok
2026-09-12T19:48:02.4893889Z test_multi_lot_risk_is_summed_before_numeric_projection (test_sealed_historical_account_risk_projection_v01.DecimalRiskTests.test_multi_lot_risk_is_summed_before_numeric_projection) ... ok
2026-09-12T19:48:02.4895620Z test_no_epsilon_quantization_or_rounding_is_allowed (test_sealed_historical_account_risk_projection_v01.DecimalRiskTests.test_no_epsilon_quantization_or_rounding_is_allowed) ... ok
2026-09-12T19:48:02.4911751Z test_nonbinary_cent_and_subcent_vectors (test_sealed_historical_account_risk_projection_v01.DecimalRiskTests.test_nonbinary_cent_and_subcent_vectors) ... ok
2026-09-12T19:48:02.4919912Z test_parent_equal_risk_representation_is_byte_identical (test_sealed_historical_account_risk_projection_v01.DecimalRiskTests.test_parent_equal_risk_representation_is_byte_identical) ... ok
2026-09-12T19:48:02.4924429Z test_partial_exit_uses_confirmed_remaining_shares (test_sealed_historical_account_risk_projection_v01.DecimalRiskTests.test_partial_exit_uses_confirmed_remaining_shares) ... ok
2026-09-12T19:48:02.4928736Z test_precision_does_not_depend_on_callers_decimal_context (test_sealed_historical_account_risk_projection_v01.DecimalRiskTests.test_precision_does_not_depend_on_callers_decimal_context) ... ok
2026-09-12T19:48:02.4934246Z test_projection_is_idempotent_and_does_not_alias_events (test_sealed_historical_account_risk_projection_v01.DecimalRiskTests.test_projection_is_idempotent_and_does_not_alias_events) ... ok
2026-09-12T19:48:02.6834117Z test_all_nonrisk_state_and_commitments_match_parent (test_sealed_historical_account_risk_projection_v01.RiskReplayTests.test_all_nonrisk_state_and_commitments_match_parent) ... ok
2026-09-12T19:48:04.8457795Z test_all_twelve_empty_paths_preserve_exact_parent_bytes (test_sealed_historical_account_risk_projection_v01.RiskReplayTests.test_all_twelve_empty_paths_preserve_exact_parent_bytes) ... ok
2026-09-12T19:48:04.8469329Z test_independent_rational_checker_rejects_total_and_campaign_risk (test_sealed_historical_account_risk_projection_v01.RiskReplayTests.test_independent_rational_checker_rejects_total_and_campaign_risk) ... ok
2026-09-12T19:48:04.9026797Z test_internal_ledger_copy_stays_frozen_before_and_after_entry (test_sealed_historical_account_risk_projection_v01.RiskReplayTests.test_internal_ledger_copy_stays_frozen_before_and_after_entry) ... ok
2026-09-12T19:48:05.7117966Z test_main_small_and_both_scenarios_preserve_entry_sizing (test_sealed_historical_account_risk_projection_v01.RiskReplayTests.test_main_small_and_both_scenarios_preserve_entry_sizing) ... ok
2026-09-12T19:48:05.7321452Z test_old_checker_rejects_parent_and_accepts_decimal_child (test_sealed_historical_account_risk_projection_v01.RiskReplayTests.test_old_checker_rejects_parent_and_accepts_decimal_child) ... ok
2026-09-12T19:48:12.2715725Z test_parent_cases_reentry_partial_fills_locks_and_failures_still_match (test_sealed_historical_account_risk_projection_v01.RiskReplayTests.test_parent_cases_reentry_partial_fills_locks_and_failures_still_match) ... ok
2026-09-12T19:48:12.2718543Z test_parity_does_not_ignore_arbitrary_hash_strings (test_sealed_historical_account_risk_projection_v01.RiskReplayTests.test_parity_does_not_ignore_arbitrary_hash_strings) ... ok
2026-09-12T19:48:12.3678456Z test_parity_rejects_rehashed_arbitrary_nonrisk_changes (test_sealed_historical_account_risk_projection_v01.RiskReplayTests.test_parity_rejects_rehashed_arbitrary_nonrisk_changes) ... ok
2026-09-12T19:48:12.3681988Z test_registration_and_source_objects_fail_before_historical_access (test_sealed_historical_account_risk_projection_v01.RiskReplayTests.test_registration_and_source_objects_fail_before_historical_access) ... ok
2026-09-12T19:48:13.1743371Z test_registration_is_reproducible_with_all_parent_pins (test_sealed_historical_account_risk_projection_v01.RiskReplayTests.test_registration_is_reproducible_with_all_parent_pins) ... ok
2026-09-12T19:48:13.9963653Z test_write_once_output_and_parent_replay_are_preserved (test_sealed_historical_account_risk_projection_v01.RiskReplayTests.test_write_once_output_and_parent_replay_are_preserved) ... ok
2026-09-12T19:48:14.1257132Z test_all_thirty_empty_slots_seed_once (test_sealed_historical_account_scheduler_v01.SchedulerMechanicsTests.test_all_thirty_empty_slots_seed_once) ... ok
2026-09-12T19:48:14.1472446Z test_boundary_flags_do_not_claim_complete_historical_integration (test_sealed_historical_account_scheduler_v01.SchedulerMechanicsTests.test_boundary_flags_do_not_claim_complete_historical_integration) ... ok
2026-09-12T19:48:14.1521061Z test_context_preflight_is_exact_frozen_prefix (test_sealed_historical_account_scheduler_v01.SchedulerMechanicsTests.test_context_preflight_is_exact_frozen_prefix) ... ok
2026-09-12T19:48:14.1743219Z test_continuation_requires_independent_session_pin (test_sealed_historical_account_scheduler_v01.SchedulerMechanicsTests.test_continuation_requires_independent_session_pin) ... ok
2026-09-12T19:48:14.4061888Z test_delayed_entry_does_not_expose_future_fill_or_cash (test_sealed_historical_account_scheduler_v01.SchedulerMechanicsTests.test_delayed_entry_does_not_expose_future_fill_or_cash) ... ok
2026-09-12T19:48:14.5981284Z test_duplicate_and_unknown_opportunities_fail_closed (test_sealed_historical_account_scheduler_v01.SchedulerMechanicsTests.test_duplicate_and_unknown_opportunities_fail_closed) ... ok
2026-09-12T19:48:14.7205093Z test_entry_ack_tie_cannot_recycle_capacity_but_next_ns_can (test_sealed_historical_account_scheduler_v01.SchedulerMechanicsTests.test_entry_ack_tie_cannot_recycle_capacity_but_next_ns_can) ... ok
2026-09-12T19:48:14.7955823Z test_entry_fill_tie_is_still_reserved_and_not_yet_booked (test_sealed_historical_account_scheduler_v01.SchedulerMechanicsTests.test_entry_fill_tie_is_still_reserved_and_not_yet_booked) ... ok
2026-09-12T19:48:14.8130626Z test_exact_slot_order_and_foreign_path_rejected (test_sealed_historical_account_scheduler_v01.SchedulerMechanicsTests.test_exact_slot_order_and_foreign_path_rejected) ... ok
2026-09-12T19:48:15.0997727Z test_exact_time_collision_uses_frozen_rank_not_input_order (test_sealed_historical_account_scheduler_v01.SchedulerMechanicsTests.test_exact_time_collision_uses_frozen_rank_not_input_order) ... ok
2026-09-12T19:48:15.3445999Z test_exit_ack_tie_cannot_recycle_capacity_but_next_ns_can (test_sealed_historical_account_scheduler_v01.SchedulerMechanicsTests.test_exit_ack_tie_cannot_recycle_capacity_but_next_ns_can) ... ok
2026-09-12T19:48:15.4479671Z test_flat_valuation_handoff_replays_parent_and_keeps_capital (test_sealed_historical_account_scheduler_v01.SchedulerMechanicsTests.test_flat_valuation_handoff_replays_parent_and_keeps_capital) ... ok
2026-09-12T19:48:15.6374872Z test_future_candidate_is_rejected (test_sealed_historical_account_scheduler_v01.SchedulerMechanicsTests.test_future_candidate_is_rejected) ... ok
2026-09-12T19:48:15.9124003Z test_future_entry_price_cannot_change_earlier_scarcity (test_sealed_historical_account_scheduler_v01.SchedulerMechanicsTests.test_future_entry_price_cannot_change_earlier_scarcity) ... ok
2026-09-12T19:48:16.1193936Z test_future_reconciliation_failure_is_deferred_and_preserves_feedback (test_sealed_historical_account_scheduler_v01.SchedulerMechanicsTests.test_future_reconciliation_failure_is_deferred_and_preserves_feedback) ... ok
2026-09-12T19:48:16.9308759Z test_invalid_candidate_numeric_shapes_fail_before_execution (test_sealed_historical_account_scheduler_v01.SchedulerMechanicsTests.test_invalid_candidate_numeric_shapes_fail_before_execution) ... ok
2026-09-12T19:48:17.0044380Z test_known_profit_giveback_lock_blocks_later_entry (test_sealed_historical_account_scheduler_v01.SchedulerMechanicsTests.test_known_profit_giveback_lock_blocks_later_entry) ... ok
2026-09-12T19:48:17.3859410Z test_missing_available_source_blocks_but_unavailable_receipt_does_not (test_sealed_historical_account_scheduler_v01.SchedulerMechanicsTests.test_missing_available_source_blocks_but_unavailable_receipt_does_not) ... ok
2026-09-12T19:48:17.4854599Z test_open_valuation_handoff_cannot_extend_original_window (test_sealed_historical_account_scheduler_v01.SchedulerMechanicsTests.test_open_valuation_handoff_cannot_extend_original_window) ... ok
2026-09-12T19:48:18.2842077Z test_overlapping_windows_release_before_old_window_end (test_sealed_historical_account_scheduler_v01.SchedulerMechanicsTests.test_overlapping_windows_release_before_old_window_end) ... ok
2026-09-12T19:48:18.5644124Z test_parent_and_input_objects_are_unchanged (test_sealed_historical_account_scheduler_v01.SchedulerMechanicsTests.test_parent_and_input_objects_are_unchanged) ... ok
2026-09-12T19:48:18.7953492Z test_partial_position_survives_next_day_without_seed_reset (test_sealed_historical_account_scheduler_v01.SchedulerMechanicsTests.test_partial_position_survives_next_day_without_seed_reset) ... ok
2026-09-12T19:48:18.8119497Z test_retrospective_inputs_and_historical_mode_rejected (test_sealed_historical_account_scheduler_v01.SchedulerMechanicsTests.test_retrospective_inputs_and_historical_mode_rejected) ... ok
2026-09-12T19:48:19.0872642Z test_risk_exit_missing_tape_retains_unsubmitted_intent (test_sealed_historical_account_scheduler_v01.SchedulerMechanicsTests.test_risk_exit_missing_tape_retains_unsubmitted_intent) ... ok
2026-09-12T19:48:19.3824742Z test_risk_exit_partial_fill_has_no_automatic_retry (test_sealed_historical_account_scheduler_v01.SchedulerMechanicsTests.test_risk_exit_partial_fill_has_no_automatic_retry) ... ok
2026-09-12T19:48:19.6759254Z test_risk_guard_executes_one_frozen_terminal_attempt (test_sealed_historical_account_scheduler_v01.SchedulerMechanicsTests.test_risk_guard_executes_one_frozen_terminal_attempt) ... ok
2026-09-12T19:48:19.9080678Z test_same_symbol_reentry_is_explicit_blocking_dependency (test_sealed_historical_account_scheduler_v01.SchedulerMechanicsTests.test_same_symbol_reentry_is_explicit_blocking_dependency) ... ok
2026-09-12T19:48:20.1987209Z test_source_pin_tamper_and_rehashed_result_tamper_are_rejected (test_sealed_historical_account_scheduler_v01.SchedulerMechanicsTests.test_source_pin_tamper_and_rehashed_result_tamper_are_rejected) ... ok
2026-09-12T19:48:20.2679404Z test_subcent_cash_survives_next_session (test_sealed_historical_account_scheduler_v01.SchedulerMechanicsTests.test_subcent_cash_survives_next_session) ... ok
2026-09-12T19:48:20.3931837Z test_trailing_old_source_is_verified_after_capacity_reuse (test_sealed_historical_account_scheduler_v01.SchedulerMechanicsTests.test_trailing_old_source_is_verified_after_capacity_reuse) ... ok
2026-09-12T19:48:20.5896427Z test_unconfirmed_entry_is_preserved_after_stream_failure (test_sealed_historical_account_scheduler_v01.SchedulerMechanicsTests.test_unconfirmed_entry_is_preserved_after_stream_failure) ... ok
2026-09-12T19:48:20.7868130Z test_unfilled_entry_holds_capacity_until_ack_and_has_no_fee (test_sealed_historical_account_scheduler_v01.SchedulerMechanicsTests.test_unfilled_entry_holds_capacity_until_ack_and_has_no_fee) ... ok
2026-09-12T19:48:20.8176201Z test_wrong_source_decision_hash_blocks_submission (test_sealed_historical_account_scheduler_v01.SchedulerMechanicsTests.test_wrong_source_decision_hash_blocks_submission) ... ok
2026-09-12T19:48:21.0567636Z test_all_original_slots_and_unavailable_references_unchanged (test_sealed_historical_account_scheduler_v01.SchedulerRegistrationTests.test_all_original_slots_and_unavailable_references_unchanged) ... ok
2026-09-12T19:48:27.9777303Z test_direct_offline_cli_produces_independently_verified_artifacts (test_sealed_historical_account_scheduler_v01.SchedulerRegistrationTests.test_direct_offline_cli_produces_independently_verified_artifacts) ... ok
2026-09-12T19:48:28.0177339Z test_entrypoints_have_no_undefined_globals_and_checker_is_stdlib (test_sealed_historical_account_scheduler_v01.SchedulerRegistrationTests.test_entrypoints_have_no_undefined_globals_and_checker_is_stdlib) ... ok
2026-09-12T19:48:31.3688084Z test_independent_checker_recomputes_and_rejects_rehashed_scarcity (test_sealed_historical_account_scheduler_v01.SchedulerRegistrationTests.test_independent_checker_recomputes_and_rejects_rehashed_scarcity) ... ok
2026-09-12T19:48:31.5996821Z test_metadata_build_cannot_run_mechanics_or_open_market_bundle (test_sealed_historical_account_scheduler_v01.SchedulerRegistrationTests.test_metadata_build_cannot_run_mechanics_or_open_market_bundle) ... ok
2026-09-12T19:48:31.8306826Z test_parent_and_implementation_mutations_fail_registration (test_sealed_historical_account_scheduler_v01.SchedulerRegistrationTests.test_parent_and_implementation_mutations_fail_registration) ... ok
2026-09-12T19:48:32.0491804Z test_registration_binds_immutable_parent_and_scope (test_sealed_historical_account_scheduler_v01.SchedulerRegistrationTests.test_registration_binds_immutable_parent_and_scope) ... ok
2026-09-12T19:48:32.0499308Z test_symlink_and_frozen_output_paths_rejected (test_sealed_historical_account_scheduler_v01.SchedulerRegistrationTests.test_symlink_and_frozen_output_paths_rejected) ... ok
2026-09-12T19:48:32.9910002Z test_write_once_rehashed_metadata_and_extra_files_fail (test_sealed_historical_account_scheduler_v01.SchedulerRegistrationTests.test_write_once_rehashed_metadata_and_extra_files_fail) ... ok
2026-09-12T19:48:33.0174848Z test_bad_exit_pin_cannot_debit_entry_cash (test_sealed_historical_account_state_producer_v01.ProducerMechanicsTests.test_bad_exit_pin_cannot_debit_entry_cash) ... ok
2026-09-12T19:48:33.0410695Z test_caller_balance_or_prior_close_fields_are_rejected (test_sealed_historical_account_state_producer_v01.ProducerMechanicsTests.test_caller_balance_or_prior_close_fields_are_rejected) ... ok
2026-09-12T19:48:33.0621503Z test_canonical_exact_money_and_retrospective_field_exclusion (test_sealed_historical_account_state_producer_v01.ProducerMechanicsTests.test_canonical_exact_money_and_retrospective_field_exclusion) ... ok
2026-09-12T19:48:33.0850100Z test_changed_date_and_duplicate_opportunity_rejected (test_sealed_historical_account_state_producer_v01.ProducerMechanicsTests.test_changed_date_and_duplicate_opportunity_rejected) ... ok
2026-09-12T19:48:33.1268867Z test_complete_trailing_stream_is_checked_after_flat (test_sealed_historical_account_state_producer_v01.ProducerMechanicsTests.test_complete_trailing_stream_is_checked_after_flat) ... ok
2026-09-12T19:48:33.3334837Z test_exact_cent_legacy_transport_remains_transport_only (test_sealed_historical_account_state_producer_v01.ProducerMechanicsTests.test_exact_cent_legacy_transport_remains_transport_only) ... ok
2026-09-12T19:48:33.5835035Z test_extending_prefix_preserves_prior_checkpoints (test_sealed_historical_account_state_producer_v01.ProducerMechanicsTests.test_extending_prefix_preserves_prior_checkpoints) ... ok
2026-09-12T19:48:33.6057113Z test_external_program_and_result_pins_required (test_sealed_historical_account_state_producer_v01.ProducerMechanicsTests.test_external_program_and_result_pins_required) ... ok
2026-09-12T19:48:33.6379586Z test_failure_before_entry_cancel_ack_preserves_the_entry_order (test_sealed_historical_account_state_producer_v01.ProducerMechanicsTests.test_failure_before_entry_cancel_ack_preserves_the_entry_order) ... ok
2026-09-12T19:48:33.8125278Z test_fee_book_persists_across_two_serial_positions (test_sealed_historical_account_state_producer_v01.ProducerMechanicsTests.test_fee_book_persists_across_two_serial_positions) ... ok
2026-09-12T19:48:33.9536705Z test_fractional_cent_survives_next_day_without_rounding (test_sealed_historical_account_state_producer_v01.ProducerMechanicsTests.test_fractional_cent_survives_next_day_without_rounding) ... ok
2026-09-12T19:48:34.0171259Z test_frozen_runner_management_parity (test_sealed_historical_account_state_producer_v01.ProducerMechanicsTests.test_frozen_runner_management_parity) ... ok
2026-09-12T19:48:34.0256609Z test_historical_scope_rejected (test_sealed_historical_account_state_producer_v01.ProducerMechanicsTests.test_historical_scope_rejected) ... ok
2026-09-12T19:48:34.2242426Z test_input_and_output_copies_are_isolated (test_sealed_historical_account_state_producer_v01.ProducerMechanicsTests.test_input_and_output_copies_are_isolated) ... ok
2026-09-12T19:48:34.2495817Z test_ledger_injection_is_rejected (test_sealed_historical_account_state_producer_v01.ProducerMechanicsTests.test_ledger_injection_is_rejected) ... ok
2026-09-12T19:48:34.3692116Z test_mid_stream_failure_retains_pending_order_and_confirmed_cash (test_sealed_historical_account_state_producer_v01.ProducerMechanicsTests.test_mid_stream_failure_retains_pending_order_and_confirmed_cash) ... ok
2026-09-12T19:48:34.4799496Z test_omitted_available_opportunity_blocks_an_empty_day_claim (test_sealed_historical_account_state_producer_v01.ProducerMechanicsTests.test_omitted_available_opportunity_blocks_an_empty_day_claim) ... ok
2026-09-12T19:48:34.6188305Z test_open_position_carried_without_inventing_equity (test_sealed_historical_account_state_producer_v01.ProducerMechanicsTests.test_open_position_carried_without_inventing_equity) ... ok
2026-09-12T19:48:34.6812345Z test_overlapping_complete_windows_do_not_reset_the_clock (test_sealed_historical_account_state_producer_v01.ProducerMechanicsTests.test_overlapping_complete_windows_do_not_reset_the_clock) ... ok
2026-09-12T19:48:34.8246325Z test_prior_open_position_prevents_new_execution (test_sealed_historical_account_state_producer_v01.ProducerMechanicsTests.test_prior_open_position_prevents_new_execution) ... ok
2026-09-12T19:48:35.1562810Z test_profit_fee_continuity_and_thirty_day_prefix (test_sealed_historical_account_state_producer_v01.ProducerMechanicsTests.test_profit_fee_continuity_and_thirty_day_prefix) ... ok
2026-09-12T19:48:35.1819585Z test_real_symbol_cannot_use_synthetic_component_entrypoint (test_sealed_historical_account_state_producer_v01.ProducerMechanicsTests.test_real_symbol_cannot_use_synthetic_component_entrypoint) ... ok
2026-09-12T19:48:35.5183841Z test_rehashed_forged_state_does_not_authenticate (test_sealed_historical_account_state_producer_v01.ProducerMechanicsTests.test_rehashed_forged_state_does_not_authenticate) ... ok
2026-09-12T19:48:35.6308331Z test_seed_once_and_all_empty_session_states (test_sealed_historical_account_state_producer_v01.ProducerMechanicsTests.test_seed_once_and_all_empty_session_states) ... ok
2026-09-12T19:48:35.6879099Z test_sessions_must_be_contiguous_same_path_and_start_at_seed (test_sealed_historical_account_state_producer_v01.ProducerMechanicsTests.test_sessions_must_be_contiguous_same_path_and_start_at_seed) ... ok
2026-09-12T19:48:35.8261521Z test_small_daily_guard_resets_with_carried_capital (test_sealed_historical_account_state_producer_v01.ProducerMechanicsTests.test_small_daily_guard_resets_with_carried_capital) ... ok
2026-09-12T19:48:35.9283622Z test_stress_scenario_reconciles_and_carries_its_own_path (test_sealed_historical_account_state_producer_v01.ProducerMechanicsTests.test_stress_scenario_reconciles_and_carries_its_own_path) ... ok
2026-09-12T19:48:36.0406568Z test_unavailable_gap_is_preserved_without_an_order (test_sealed_historical_account_state_producer_v01.ProducerMechanicsTests.test_unavailable_gap_is_preserved_without_an_order) ... ok
2026-09-12T19:48:36.0408538Z test_unrepresentable_frozen_float_projection_is_blocked (test_sealed_historical_account_state_producer_v01.ProducerMechanicsTests.test_unrepresentable_frozen_float_projection_is_blocked) ... ok
2026-09-12T19:48:38.6997427Z test_all_twelve_paths_and_independent_accounting (test_sealed_historical_account_state_producer_v01.ProducerRegistrationTests.test_all_twelve_paths_and_independent_accounting) ... ok
2026-09-12T19:48:38.7436293Z test_entrypoints_have_no_undefined_globals_and_checker_is_independent (test_sealed_historical_account_state_producer_v01.ProducerRegistrationTests.test_entrypoints_have_no_undefined_globals_and_checker_is_independent) ... ok
2026-09-12T19:48:38.9000387Z test_independent_checker_rejects_forged_cash_despite_resealed_chain (test_sealed_historical_account_state_producer_v01.ProducerRegistrationTests.test_independent_checker_rejects_forged_cash_despite_resealed_chain) ... ok
2026-09-12T19:48:38.9468923Z test_metadata_does_not_replay_or_open_source_tapes (test_sealed_historical_account_state_producer_v01.ProducerRegistrationTests.test_metadata_does_not_replay_or_open_source_tapes) ... ok
2026-09-12T19:48:38.9950371Z test_metadata_preserves_all_original_slots_and_unavailable_inputs (test_sealed_historical_account_state_producer_v01.ProducerRegistrationTests.test_metadata_preserves_all_original_slots_and_unavailable_inputs) ... ok
2026-09-12T19:48:44.0083735Z test_offline_cli_build_verify_vectors_and_independent_checker (test_sealed_historical_account_state_producer_v01.ProducerRegistrationTests.test_offline_cli_build_verify_vectors_and_independent_checker) ... ok
2026-09-12T19:48:44.0090807Z test_output_cannot_replace_frozen_paths_or_follow_symlinks (test_sealed_historical_account_state_producer_v01.ProducerRegistrationTests.test_output_cannot_replace_frozen_paths_or_follow_symlinks) ... ok
2026-09-12T19:48:44.0466361Z test_parent_or_implementation_mutation_invalidates_registration (test_sealed_historical_account_state_producer_v01.ProducerRegistrationTests.test_parent_or_implementation_mutation_invalidates_registration) ... ok
2026-09-12T19:48:44.0760637Z test_registration_pins_parent_and_closed_boundaries (test_sealed_historical_account_state_producer_v01.ProducerRegistrationTests.test_registration_pins_parent_and_closed_boundaries) ... ok
2026-09-12T19:48:44.2604787Z test_write_once_rehashed_metadata_and_extra_inventory (test_sealed_historical_account_state_producer_v01.ProducerRegistrationTests.test_write_once_rehashed_metadata_and_extra_inventory) ... ok
2026-09-12T19:48:44.6554135Z test_earlier_eligible_third_print_cannot_be_skipped (test_sealed_historical_account_terminal_continuation_v01.AccountAndVerificationTests.test_earlier_eligible_third_print_cannot_be_skipped) ... ok
2026-09-12T19:48:45.4801251Z test_expired_no_quote_no_print_and_unfilled_keep_later_slots_blocked (test_sealed_historical_account_terminal_continuation_v01.AccountAndVerificationTests.test_expired_no_quote_no_print_and_unfilled_keep_later_slots_blocked) ... ok
2026-09-12T19:48:47.0045253Z test_independent_account_close_and_cash_carry_all_cells (test_sealed_historical_account_terminal_continuation_v01.AccountAndVerificationTests.test_independent_account_close_and_cash_carry_all_cells) ... ok
2026-09-12T19:48:47.1326563Z test_original_account_arithmetic_and_corrected_status_checks_are_preserved (test_sealed_historical_account_terminal_continuation_v01.AccountAndVerificationTests.test_original_account_arithmetic_and_corrected_status_checks_are_preserved) ... ok
2026-09-12T19:48:48.1903732Z test_parent_paths_without_new_authority_are_exact (test_sealed_historical_account_terminal_continuation_v01.AccountAndVerificationTests.test_parent_paths_without_new_authority_are_exact) ... ok
2026-09-12T19:48:48.7152014Z test_release_permits_only_frozen_reentry_and_fee_accounting (test_sealed_historical_account_terminal_continuation_v01.AccountAndVerificationTests.test_release_permits_only_frozen_reentry_and_fee_accounting) ... ok
2026-09-12T19:48:49.1126892Z test_removed_audit_or_rehashed_semantic_mutations_fail (test_sealed_historical_account_terminal_continuation_v01.AccountAndVerificationTests.test_removed_audit_or_rehashed_semantic_mutations_fail) ... ok
2026-09-12T19:48:49.3926130Z test_unsubmitted_expiry_cannot_be_omitted (test_sealed_historical_account_terminal_continuation_v01.AccountAndVerificationTests.test_unsubmitted_expiry_cannot_be_omitted) ... ok
2026-09-12T19:48:50.2267811Z test_waited_third_submission_preserves_authority (test_sealed_historical_account_terminal_continuation_v01.AccountAndVerificationTests.test_waited_third_submission_preserves_authority) ... ok
2026-09-12T19:48:50.5595302Z test_zero_fill_without_active_quote_uses_corrected_cancellation_classifier (test_sealed_historical_account_terminal_continuation_v01.AccountAndVerificationTests.test_zero_fill_without_active_quote_uses_corrected_cancellation_classifier) ... ok
2026-09-12T19:48:50.7045830Z test_registration_binds_completed_parent_and_all_implementation (test_sealed_historical_account_terminal_continuation_v01.RegistrationTests.test_registration_binds_completed_parent_and_all_implementation) ... ok
2026-09-12T19:48:51.3980413Z test_wrong_external_registration_rejects_before_receipt_or_source_access (test_sealed_historical_account_terminal_continuation_v01.RegistrationTests.test_wrong_external_registration_rejects_before_receipt_or_source_access) ... ok
2026-09-12T19:48:51.4095810Z test_consumed_third_order_liquidity_cannot_be_reused (test_sealed_historical_account_terminal_continuation_v01.TerminalContinuationTests.test_consumed_third_order_liquidity_cannot_be_reused) ... ok
2026-09-12T19:48:51.4205939Z test_equal_ack_print_and_ineligible_print_cannot_replace (test_sealed_historical_account_terminal_continuation_v01.TerminalContinuationTests.test_equal_ack_print_and_ineligible_print_cannot_replace) ... ok
2026-09-12T19:48:51.4298875Z test_foreign_context_and_quantity_fail_before_order (test_sealed_historical_account_terminal_continuation_v01.TerminalContinuationTests.test_foreign_context_and_quantity_fail_before_order) ... ok
2026-09-12T19:48:51.4418708Z test_missing_reference_waits_without_spending_attempt (test_sealed_historical_account_terminal_continuation_v01.TerminalContinuationTests.test_missing_reference_waits_without_spending_attempt) ... ok
2026-09-12T19:48:51.4559955Z test_original_two_order_prefix_is_exact (test_sealed_historical_account_terminal_continuation_v01.TerminalContinuationTests.test_original_two_order_prefix_is_exact) ... ok
2026-09-12T19:48:51.4631004Z test_partial_target_never_arms_continuation (test_sealed_historical_account_terminal_continuation_v01.TerminalContinuationTests.test_partial_target_never_arms_continuation) ... ok
2026-09-12T19:48:51.4718900Z test_stop_supersedes_risk_latch_on_continuation_print (test_sealed_historical_account_terminal_continuation_v01.TerminalContinuationTests.test_stop_supersedes_risk_latch_on_continuation_print) ... ok
2026-09-12T19:48:51.4954095Z test_third_and_fourth_close_exact_remainder_across_scenarios (test_sealed_historical_account_terminal_continuation_v01.TerminalContinuationTests.test_third_and_fourth_close_exact_remainder_across_scenarios) ... ok
2026-09-12T19:48:51.5155961Z test_third_order_unknown_status_fails_and_known_halt_waits (test_sealed_historical_account_terminal_continuation_v01.TerminalContinuationTests.test_third_order_unknown_status_fails_and_known_halt_waits) ... ok
2026-09-12T19:48:51.5730211Z test_unfilled_attempts_have_finite_source_window_and_flat_context_size (test_sealed_historical_account_terminal_continuation_v01.TerminalContinuationTests.test_unfilled_attempts_have_finite_source_window_and_flat_context_size) ... ok
2026-09-12T19:48:53.1397446Z test_bad_tape_pin_or_truncated_ordinals_is_an_input_failure (test_sealed_historical_account_valuation_v01.ValuationMechanicsTests.test_bad_tape_pin_or_truncated_ordinals_is_an_input_failure) ... ok
2026-09-12T19:48:53.3372251Z test_duplicate_or_foreign_position_inputs_rejected (test_sealed_historical_account_valuation_v01.ValuationMechanicsTests.test_duplicate_or_foreign_position_inputs_rejected) ... ok
2026-09-12T19:48:53.4355119Z test_external_valuation_input_pin_is_required (test_sealed_historical_account_valuation_v01.ValuationMechanicsTests.test_external_valuation_input_pin_is_required) ... ok
2026-09-12T19:48:53.5688124Z test_final_registered_session_cannot_roll_into_an_unregistered_date (test_sealed_historical_account_valuation_v01.ValuationMechanicsTests.test_final_registered_session_cannot_roll_into_an_unregistered_date) ... ok
2026-09-12T19:48:53.6715867Z test_flat_profit_initializes_next_day_without_seed_reset (test_sealed_historical_account_valuation_v01.ValuationMechanicsTests.test_flat_profit_initializes_next_day_without_seed_reset) ... ok
2026-09-12T19:48:53.8687220Z test_foreign_session_or_previous_close_rejected (test_sealed_historical_account_valuation_v01.ValuationMechanicsTests.test_foreign_session_or_previous_close_rejected) ... ok
2026-09-12T19:48:55.3072827Z test_fractional_cent_equity_is_exact (test_sealed_historical_account_valuation_v01.ValuationMechanicsTests.test_fractional_cent_equity_is_exact) ... ok
2026-09-12T19:48:55.7052674Z test_freshness_boundaries_match_each_frozen_scenario (test_sealed_historical_account_valuation_v01.ValuationMechanicsTests.test_freshness_boundaries_match_each_frozen_scenario) ... ok
2026-09-12T19:48:55.8470168Z test_future_price_and_halt_do_not_change_the_causal_valuation (test_sealed_historical_account_valuation_v01.ValuationMechanicsTests.test_future_price_and_halt_do_not_change_the_causal_valuation) ... ok
2026-09-12T19:48:57.4333360Z test_halt_unknown_and_same_time_status_are_unavailable (test_sealed_historical_account_valuation_v01.ValuationMechanicsTests.test_halt_unknown_and_same_time_status_are_unavailable) ... ok
2026-09-12T19:48:57.6328871Z test_historical_mode_or_extra_retrospective_fields_are_rejected (test_sealed_historical_account_valuation_v01.ValuationMechanicsTests.test_historical_mode_or_extra_retrospective_fields_are_rejected) ... ok
2026-09-12T19:48:57.7268499Z test_july_transition_uses_original_registered_calendar (test_sealed_historical_account_valuation_v01.ValuationMechanicsTests.test_july_transition_uses_original_registered_calendar) ... ok
2026-09-12T19:48:57.8258187Z test_latest_native_ordinal_wins_equal_time_and_sequence (test_sealed_historical_account_valuation_v01.ValuationMechanicsTests.test_latest_native_ordinal_wins_equal_time_and_sequence) ... ok
2026-09-12T19:49:00.7520355Z test_missing_position_or_tape_preserves_unknown_equity (test_sealed_historical_account_valuation_v01.ValuationMechanicsTests.test_missing_position_or_tape_preserves_unknown_equity) ... ok
2026-09-12T19:49:05.1073324Z test_missing_unit_evidence_and_known_split_do_not_guess_adjustments (test_sealed_historical_account_valuation_v01.ValuationMechanicsTests.test_missing_unit_evidence_and_known_split_do_not_guess_adjustments) ... ok
2026-09-12T19:49:05.2420699Z test_omitted_available_input_cannot_be_cleared_by_valuation (test_sealed_historical_account_valuation_v01.ValuationMechanicsTests.test_omitted_available_input_cannot_be_cleared_by_valuation) ... ok
2026-09-12T19:49:05.3861853Z test_open_position_equity_and_original_cost_basis (test_sealed_historical_account_valuation_v01.ValuationMechanicsTests.test_open_position_equity_and_original_cost_basis) ... ok
2026-09-12T19:49:05.5386991Z test_pending_order_does_not_disappear_when_its_ack_time_has_passed (test_sealed_historical_account_valuation_v01.ValuationMechanicsTests.test_pending_order_does_not_disappear_when_its_ack_time_has_passed) ... ok
2026-09-12T19:49:05.7353733Z test_quote_at_cutoff_is_known_but_one_nanosecond_later_is_not (test_sealed_historical_account_valuation_v01.ValuationMechanicsTests.test_quote_at_cutoff_is_known_but_one_nanosecond_later_is_not) ... ok
2026-09-12T19:49:05.8792757Z test_resealed_forged_mark_is_rejected_by_recomputation (test_sealed_historical_account_valuation_v01.ValuationMechanicsTests.test_resealed_forged_mark_is_rejected_by_recomputation) ... ok
2026-09-12T19:49:06.0233451Z test_resume_requires_a_fresh_book_after_the_status_transition (test_sealed_historical_account_valuation_v01.ValuationMechanicsTests.test_resume_requires_a_fresh_book_after_the_status_transition) ... ok
2026-09-12T19:49:06.1227658Z test_tampered_producer_close_cannot_be_valued (test_sealed_historical_account_valuation_v01.ValuationMechanicsTests.test_tampered_producer_close_cannot_be_valued) ... ok
2026-09-12T19:49:06.2579750Z test_unavailable_input_remains_explicit_without_blocking_verified_flat_cash (test_sealed_historical_account_valuation_v01.ValuationMechanicsTests.test_unavailable_input_remains_explicit_without_blocking_verified_flat_cash) ... ok
2026-09-12T19:49:06.4001904Z test_unusable_latest_quote_does_not_fall_back_to_earlier_good_book (test_sealed_historical_account_valuation_v01.ValuationMechanicsTests.test_unusable_latest_quote_does_not_fall_back_to_earlier_good_book) ... ok
2026-09-12T19:49:06.5008540Z test_valuation_preserves_positions_orders_fees_and_campaigns (test_sealed_historical_account_valuation_v01.ValuationMechanicsTests.test_valuation_preserves_positions_orders_fees_and_campaigns) ... ok
2026-09-12T19:49:06.6462955Z test_valuation_time_is_frozen_next_session_start (test_sealed_historical_account_valuation_v01.ValuationMechanicsTests.test_valuation_time_is_frozen_next_session_start) ... ok
2026-09-12T19:49:07.0431997Z test_wrong_source_symbol_date_or_request_coverage_rejected (test_sealed_historical_account_valuation_v01.ValuationMechanicsTests.test_wrong_source_symbol_date_or_request_coverage_rejected) ... ok
2026-09-12T19:49:07.2500683Z test_all_348_dependencies_preserve_frozen_session_slots (test_sealed_historical_account_valuation_v01.ValuationRegistrationTests.test_all_348_dependencies_preserve_frozen_session_slots) ... ok
2026-09-12T19:49:14.0677733Z test_direct_offline_cli_produces_independently_verified_artifacts (test_sealed_historical_account_valuation_v01.ValuationRegistrationTests.test_direct_offline_cli_produces_independently_verified_artifacts) ... ok
2026-09-12T19:49:14.0983086Z test_entrypoints_have_no_undefined_globals_and_checker_is_stdlib (test_sealed_historical_account_valuation_v01.ValuationRegistrationTests.test_entrypoints_have_no_undefined_globals_and_checker_is_stdlib) ... ok
2026-09-12T19:49:14.0990574Z test_frozen_output_and_symlink_paths_rejected (test_sealed_historical_account_valuation_v01.ValuationRegistrationTests.test_frozen_output_and_symlink_paths_rejected) ... ok
2026-09-12T19:49:17.4595064Z test_independent_checker_recomputes_vectors_and_rejects_resealed_wrong_equity (test_sealed_historical_account_valuation_v01.ValuationRegistrationTests.test_independent_checker_recomputes_vectors_and_rejects_resealed_wrong_equity) ... ok
2026-09-12T19:49:17.6623784Z test_metadata_never_values_or_opens_market_tapes (test_sealed_historical_account_valuation_v01.ValuationRegistrationTests.test_metadata_never_values_or_opens_market_tapes) ... ok
2026-09-12T19:49:17.7295933Z test_parent_or_child_mutation_invalidates_registration (test_sealed_historical_account_valuation_v01.ValuationRegistrationTests.test_parent_or_child_mutation_invalidates_registration) ... ok
2026-09-12T19:49:17.7867457Z test_registration_pins_completed_producer_and_closed_boundaries (test_sealed_historical_account_valuation_v01.ValuationRegistrationTests.test_registration_pins_completed_producer_and_closed_boundaries) ... ok
2026-09-12T19:49:18.5985731Z test_write_once_rehashed_metadata_and_extra_files_fail (test_sealed_historical_account_valuation_v01.ValuationRegistrationTests.test_write_once_rehashed_metadata_and_extra_files_fail) ... ok
2026-09-12T19:49:18.5997103Z test_alpaca_pagination_token_fails_closed (test_sealed_historical_availability.SealedHistoricalAvailabilityTests.test_alpaca_pagination_token_fails_closed) ... ok
2026-09-12T19:49:18.6001508Z test_authorization_and_plan_are_exactly_frozen (test_sealed_historical_availability.SealedHistoricalAvailabilityTests.test_authorization_and_plan_are_exactly_frozen) ... ok
2026-09-12T19:49:18.6011595Z test_databento_short_range_fails_closed (test_sealed_historical_availability.SealedHistoricalAvailabilityTests.test_databento_short_range_fails_closed) ... ok
2026-09-12T19:49:18.6021062Z test_massive_missing_required_field_fails_closed (test_sealed_historical_availability.SealedHistoricalAvailabilityTests.test_massive_missing_required_field_fails_closed) ... ok
2026-09-12T19:49:18.6030636Z test_missing_session_fails_without_becoming_zero (test_sealed_historical_availability.SealedHistoricalAvailabilityTests.test_missing_session_fails_without_becoming_zero) ... ok
2026-09-12T19:49:18.6041420Z test_permanent_failure_is_sanitized_hash_bound_and_non_authorizing (test_sealed_historical_availability.SealedHistoricalAvailabilityTests.test_permanent_failure_is_sanitized_hash_bound_and_non_authorizing) ... ok
2026-09-12T19:49:18.6053745Z test_provider_exception_is_sanitized_and_report_remains_valid (test_sealed_historical_availability.SealedHistoricalAvailabilityTests.test_provider_exception_is_sanitized_and_report_remains_valid) ... ok
2026-09-12T19:49:18.6950436Z test_provider_free_cli_validation (test_sealed_historical_availability.SealedHistoricalAvailabilityTests.test_provider_free_cli_validation) ... ok
2026-09-12T19:49:18.6959204Z test_registration_audit_is_hash_bound_to_exact_files (test_sealed_historical_availability.SealedHistoricalAvailabilityTests.test_registration_audit_is_hash_bound_to_exact_files) ... ok
2026-09-12T19:49:18.6965170Z test_rehashed_authorization_cannot_expand_call_budget (test_sealed_historical_availability.SealedHistoricalAvailabilityTests.test_rehashed_authorization_cannot_expand_call_budget) ... ok
2026-09-12T19:49:18.6977935Z test_rehashed_report_tampering_is_rejected (test_sealed_historical_availability.SealedHistoricalAvailabilityTests.test_rehashed_report_tampering_is_rejected) ... ok
2026-09-12T19:49:18.6988305Z test_success_uses_four_calls_and_persists_only_summaries (test_sealed_historical_availability.SealedHistoricalAvailabilityTests.test_success_uses_four_calls_and_persists_only_summaries) ... ok
2026-09-12T19:49:18.6992133Z test_workflow_has_manual_one_shot_provider_gate_only (test_sealed_historical_availability.SealedHistoricalAvailabilityTests.test_workflow_has_manual_one_shot_provider_gate_only) ... ok
2026-09-12T19:49:18.7007547Z test_write_once_refuses_overwrite (test_sealed_historical_availability.SealedHistoricalAvailabilityTests.test_write_once_refuses_overwrite) ... ok
2026-09-12T19:49:18.7014358Z test_wrong_repository_commit_or_attempt_is_rejected (test_sealed_historical_availability.SealedHistoricalAvailabilityTests.test_wrong_repository_commit_or_attempt_is_rejected) ... ok
2026-09-12T19:49:18.7021833Z test_authorization_freezes_exact_main_credential_routing (test_sealed_historical_availability_v02.SealedHistoricalAvailabilityV02Tests.test_authorization_freezes_exact_main_credential_routing) ... ok
2026-09-12T19:49:18.7046705Z test_missing_session_or_pagination_fails_closed (test_sealed_historical_availability_v02.SealedHistoricalAvailabilityV02Tests.test_missing_session_or_pagination_fails_closed) ... ok
2026-09-12T19:49:18.7062030Z test_parent_bundle_requires_exact_v01_401_and_passed_other_providers (test_sealed_historical_availability_v02.SealedHistoricalAvailabilityV02Tests.test_parent_bundle_requires_exact_v01_401_and_passed_other_providers) ... ok
2026-09-12T19:49:18.7076289Z test_provider_failure_is_preserved_without_retry (test_sealed_historical_availability_v02.SealedHistoricalAvailabilityV02Tests.test_provider_failure_is_preserved_without_retry) ... ok
2026-09-12T19:49:18.7996872Z test_provider_free_cli_validation (test_sealed_historical_availability_v02.SealedHistoricalAvailabilityV02Tests.test_provider_free_cli_validation) ... ok
2026-09-12T19:49:18.8011070Z test_published_success_audit_binds_exact_sanitized_report (test_sealed_historical_availability_v02.SealedHistoricalAvailabilityV02Tests.test_published_success_audit_binds_exact_sanitized_report) ... ok
2026-09-12T19:49:18.8019586Z test_registration_audit_binds_exact_repair_files (test_sealed_historical_availability_v02.SealedHistoricalAvailabilityV02Tests.test_registration_audit_binds_exact_repair_files) ... ok
2026-09-12T19:49:18.8026660Z test_rehashed_authorization_cannot_restore_generic_secret_names (test_sealed_historical_availability_v02.SealedHistoricalAvailabilityV02Tests.test_rehashed_authorization_cannot_restore_generic_secret_names) ... ok
2026-09-12T19:49:18.8037845Z test_rehashed_parent_substitution_is_rejected (test_sealed_historical_availability_v02.SealedHistoricalAvailabilityV02Tests.test_rehashed_parent_substitution_is_rejected) ... ok
2026-09-12T19:49:18.8054299Z test_rehashed_report_cannot_claim_massive_or_databento_call (test_sealed_historical_availability_v02.SealedHistoricalAvailabilityV02Tests.test_rehashed_report_cannot_claim_massive_or_databento_call) ... ok
2026-09-12T19:49:18.8069289Z test_success_makes_one_call_and_inherits_other_provider_results (test_sealed_historical_availability_v02.SealedHistoricalAvailabilityV02Tests.test_success_makes_one_call_and_inherits_other_provider_results) ... ok
2026-09-12T19:49:18.8075024Z test_workflow_uses_only_validated_main_secret_pair (test_sealed_historical_availability_v02.SealedHistoricalAvailabilityV02Tests.test_workflow_uses_only_validated_main_secret_pair) ... ok
2026-09-12T19:49:18.8094626Z test_write_once_refuses_overwrite (test_sealed_historical_availability_v02.SealedHistoricalAvailabilityV02Tests.test_write_once_refuses_overwrite) ... ok
2026-09-12T19:49:18.8114756Z test_wrong_repository_commit_or_attempt_is_rejected_before_call (test_sealed_historical_availability_v02.SealedHistoricalAvailabilityV02Tests.test_wrong_repository_commit_or_attempt_is_rejected_before_call) ... ok
2026-09-12T19:49:18.8117556Z test_empty_result_needs_exact_bounds_and_mapping (test_sealed_historical_entry_reference_evidence_v01.EmptyResponseTests.test_empty_result_needs_exact_bounds_and_mapping) ... ok
2026-09-12T19:49:18.8119512Z test_exact_verified_empty_request_is_supported (test_sealed_historical_entry_reference_evidence_v01.EmptyResponseTests.test_exact_verified_empty_request_is_supported) ... ok
2026-09-12T19:49:18.8121799Z test_source_proof_does_not_open_financial_or_market_completeness_gate (test_sealed_historical_entry_reference_evidence_v01.EmptyResponseTests.test_source_proof_does_not_open_financial_or_market_completeness_gate) ... ok
2026-09-12T19:49:18.8123706Z test_truncated_or_nonempty_native_result_is_rejected (test_sealed_historical_entry_reference_evidence_v01.EmptyResponseTests.test_truncated_or_nonempty_native_result_is_rejected) ... ok
2026-09-12T19:49:18.8125995Z test_both_inclusive_endpoints_are_eligible (test_sealed_historical_entry_reference_evidence_v01.EntryObservationTests.test_both_inclusive_endpoints_are_eligible) ... ok
2026-09-12T19:49:18.8130738Z test_discontinuous_ordinals_and_wrong_symbols_are_rejected (test_sealed_historical_entry_reference_evidence_v01.EntryObservationTests.test_discontinuous_ordinals_and_wrong_symbols_are_rejected) ... ok
2026-09-12T19:49:18.8132835Z test_empty_without_empty_evidence_is_rejected (test_sealed_historical_entry_reference_evidence_v01.EntryObservationTests.test_empty_without_empty_evidence_is_rejected) ... ok
2026-09-12T19:49:18.8134716Z test_equal_receive_time_status_is_ambiguous (test_sealed_historical_entry_reference_evidence_v01.EntryObservationTests.test_equal_receive_time_status_is_ambiguous) ... ok
2026-09-12T19:49:18.8138751Z test_frozen_latest_usable_selection_is_preserved (test_sealed_historical_entry_reference_evidence_v01.EntryObservationTests.test_frozen_latest_usable_selection_is_preserved) ... ok
2026-09-12T19:49:18.8141399Z test_future_quote_never_authorizes_earlier_entry (test_sealed_historical_entry_reference_evidence_v01.EntryObservationTests.test_future_quote_never_authorizes_earlier_entry) ... ok
2026-09-12T19:49:18.8146117Z test_future_quote_values_do_not_change_observation (test_sealed_historical_entry_reference_evidence_v01.EntryObservationTests.test_future_quote_values_do_not_change_observation) ... ok
2026-09-12T19:49:18.8150404Z test_future_unknown_status_does_not_rewrite_decision (test_sealed_historical_entry_reference_evidence_v01.EntryObservationTests.test_future_unknown_status_does_not_rewrite_decision) ... ok
2026-09-12T19:49:18.8152989Z test_halted_quote_is_not_order_authority (test_sealed_historical_entry_reference_evidence_v01.EntryObservationTests.test_halted_quote_is_not_order_authority) ... ok
2026-09-12T19:49:18.8155640Z test_last_usable_update_preserves_ordinal (test_sealed_historical_entry_reference_evidence_v01.EntryObservationTests.test_last_usable_update_preserves_ordinal) ... ok
2026-09-12T19:49:18.8161646Z test_locked_or_one_sided_books_do_not_supply_reference (test_sealed_historical_entry_reference_evidence_v01.EntryObservationTests.test_locked_or_one_sided_books_do_not_supply_reference) ... ok
2026-09-12T19:49:18.8164238Z test_nonempty_source_cannot_claim_empty (test_sealed_historical_entry_reference_evidence_v01.EntryObservationTests.test_nonempty_source_cannot_claim_empty) ... ok
2026-09-12T19:49:18.8167081Z test_older_reference_does_not_relax_freshness (test_sealed_historical_entry_reference_evidence_v01.EntryObservationTests.test_older_reference_does_not_relax_freshness) ... ok
2026-09-12T19:49:18.8169524Z test_outside_request_quote_is_rejected (test_sealed_historical_entry_reference_evidence_v01.EntryObservationTests.test_outside_request_quote_is_rejected) ... ok
2026-09-12T19:49:18.8171934Z test_unknown_causal_status_stays_unresolved (test_sealed_historical_entry_reference_evidence_v01.EntryObservationTests.test_unknown_causal_status_stays_unresolved) ... ok
2026-09-12T19:49:18.8174569Z test_unverified_source_is_never_known_abstention (test_sealed_historical_entry_reference_evidence_v01.EntryObservationTests.test_unverified_source_is_never_known_abstention) ... ok
2026-09-12T19:49:18.8177088Z test_verified_empty_source_withholds_entry (test_sealed_historical_entry_reference_evidence_v01.EntryObservationTests.test_verified_empty_source_withholds_entry) ... ok
2026-09-12T19:49:18.8179206Z test_duplicate_json_keys_are_rejected (test_sealed_historical_entry_reference_evidence_v01.SourceProofTests.test_duplicate_json_keys_are_rejected) ... ok
2026-09-12T19:49:18.8181699Z test_existing_output_is_not_overwritten (test_sealed_historical_entry_reference_evidence_v01.SourceProofTests.test_existing_output_is_not_overwritten) ... ok
2026-09-12T19:49:18.8212898Z test_failed_partial_or_incomplete_receipt_cannot_prove_absence (test_sealed_historical_entry_reference_evidence_v01.SourceProofTests.test_failed_partial_or_incomplete_receipt_cannot_prove_absence) ... ok
2026-09-12T19:49:18.8220932Z test_nonempty_source_checks_physical_logical_and_receipt_identity (test_sealed_historical_entry_reference_evidence_v01.SourceProofTests.test_nonempty_source_checks_physical_logical_and_receipt_identity) ... ok
2026-09-12T19:49:18.8228314Z test_rehashed_evidence_with_wrong_logical_rows_is_rejected (test_sealed_historical_entry_reference_evidence_v01.SourceProofTests.test_rehashed_evidence_with_wrong_logical_rows_is_rejected) ... ok
2026-09-12T19:49:18.8234453Z test_tape_mutation_is_rejected (test_sealed_historical_entry_reference_evidence_v01.SourceProofTests.test_tape_mutation_is_rejected) ... ok
2026-09-12T19:49:18.8236772Z test_wrong_archive_bytes_rejected_before_reading (test_sealed_historical_entry_reference_evidence_v01.SourceProofTests.test_wrong_archive_bytes_rejected_before_reading) ... ok
2026-09-12T19:49:19.0309134Z test_complete_exact_tapes_are_deterministic_and_raw_files_removed (test_sealed_historical_execution_acquisition_v01.HistoricalExecutionAcquisitionTests.test_complete_exact_tapes_are_deterministic_and_raw_files_removed) ... ok
2026-09-12T19:49:19.0312210Z test_exact_registration_quote_and_ceilings (test_sealed_historical_execution_acquisition_v01.HistoricalExecutionAcquisitionTests.test_exact_registration_quote_and_ceilings) ... ok
2026-09-12T19:49:19.0329077Z test_execution_binds_new_consumption_and_rejects_attempt_two (test_sealed_historical_execution_acquisition_v01.HistoricalExecutionAcquisitionTests.test_execution_binds_new_consumption_and_rejects_attempt_two) ... ok
2026-09-12T19:49:19.0482440Z test_first_failure_stops_later_downloads_retains_completed_tapes_and_ledger (test_sealed_historical_execution_acquisition_v01.HistoricalExecutionAcquisitionTests.test_first_failure_stops_later_downloads_retains_completed_tapes_and_ledger) ... ok
2026-09-12T19:49:19.0486151Z test_http_error_or_wire_ceiling_is_one_attempt (test_sealed_historical_execution_acquisition_v01.HistoricalExecutionAcquisitionTests.test_http_error_or_wire_ceiling_is_one_attempt) ... skipped 'actual pinned SDK covered in dedicated acquisition validation'
2026-09-12T19:49:19.0489885Z test_real_dbn_roundtrip_preserves_exact_nanos_fixed_prices_and_status (test_sealed_historical_execution_acquisition_v01.HistoricalExecutionAcquisitionTests.test_real_dbn_roundtrip_preserves_exact_nanos_fixed_prices_and_status) ... skipped 'actual pinned SDK covered in dedicated acquisition validation'
2026-09-12T19:49:19.0493763Z test_real_sdk_exact_request_and_no_redirect_retry_or_broader_endpoint (test_sealed_historical_execution_acquisition_v01.HistoricalExecutionAcquisitionTests.test_real_sdk_exact_request_and_no_redirect_retry_or_broader_endpoint) ... skipped 'actual pinned SDK covered in dedicated acquisition validation'
2026-09-12T19:49:19.0532590Z test_rehashed_report_bytes_cannot_replace_parent (test_sealed_historical_execution_acquisition_v01.HistoricalExecutionAcquisitionTests.test_rehashed_report_bytes_cannot_replace_parent) ... ok
2026-09-12T19:49:19.0982219Z test_requote_cost_or_size_increase_blocks_before_any_download (test_sealed_historical_execution_acquisition_v01.HistoricalExecutionAcquisitionTests.test_requote_cost_or_size_increase_blocks_before_any_download) ... ok
2026-09-12T19:49:19.1084224Z test_workflow_parent_quote_and_durable_consumption_before_secret (test_sealed_historical_execution_acquisition_v01.HistoricalExecutionAcquisitionTests.test_workflow_parent_quote_and_durable_consumption_before_secret) ... ok
2026-09-12T19:49:19.1113067Z test_wrong_symbol_bound_or_record_order_rejected (test_sealed_historical_execution_acquisition_v01.HistoricalExecutionAcquisitionTests.test_wrong_symbol_bound_or_record_order_rejected) ... ok
2026-09-12T19:49:19.1223414Z test_zero_size_blocks_all_downloads_without_substitution (test_sealed_historical_execution_acquisition_v01.HistoricalExecutionAcquisitionTests.test_zero_size_blocks_all_downloads_without_substitution) ... ok
2026-09-12T19:49:19.3330095Z test_deterministic_tape_and_write_once (test_sealed_historical_execution_acquisition_v02.HistoricalExecutionAcquisitionV02Tests.test_deterministic_tape_and_write_once) ... ok
2026-09-12T19:49:19.3332632Z test_error_diagnostics_never_serialize_arbitrary_exception_text (test_sealed_historical_execution_acquisition_v02.HistoricalExecutionAcquisitionV02Tests.test_error_diagnostics_never_serialize_arbitrary_exception_text) ... ok
2026-09-12T19:49:19.5364056Z test_execution_rejects_attempt_two_wrong_parent_branch_and_workflow (test_sealed_historical_execution_acquisition_v02.HistoricalExecutionAcquisitionV02Tests.test_execution_rejects_attempt_two_wrong_parent_branch_and_workflow) ... ok
2026-09-12T19:49:19.5498558Z test_first_request_cannot_substitute_synthetic_or_revised_rows (test_sealed_historical_execution_acquisition_v02.HistoricalExecutionAcquisitionV02Tests.test_first_request_cannot_substitute_synthetic_or_revised_rows) ... ok
2026-09-12T19:49:19.5514611Z test_hosted_environment_rejects_python_or_package_drift (test_sealed_historical_execution_acquisition_v02.HistoricalExecutionAcquisitionV02Tests.test_hosted_environment_rejects_python_or_package_drift) ... ok
2026-09-12T19:49:19.5527902Z test_partial_normalized_and_compressed_ceiling_preserve_bounded_evidence (test_sealed_historical_execution_acquisition_v02.HistoricalExecutionAcquisitionV02Tests.test_partial_normalized_and_compressed_ceiling_preserve_bounded_evidence) ... ok
2026-09-12T19:49:19.5530828Z test_registration_preserves_exact_plan_adapter_and_parent_ceilings (test_sealed_historical_execution_acquisition_v02.HistoricalExecutionAcquisitionV02Tests.test_registration_preserves_exact_plan_adapter_and_parent_ceilings) ... ok
2026-09-12T19:49:19.5991804Z test_requote_increase_blocks_before_any_time_series_request (test_sealed_historical_execution_acquisition_v02.HistoricalExecutionAcquisitionV02Tests.test_requote_increase_blocks_before_any_time_series_request) ... ok
2026-09-12T19:49:19.6104857Z test_workflow_consumes_only_sole_child_and_durable_upload_precedes_provider (test_sealed_historical_execution_acquisition_v02.HistoricalExecutionAcquisitionV02Tests.test_workflow_consumes_only_sole_child_and_durable_upload_precedes_provider) ... ok
2026-09-12T19:49:19.6109219Z test_extra_member_rejected_even_with_rehashed_inventory (test_sealed_historical_execution_acquisition_v02.HistoricalExecutionV02EndToEndTests.test_extra_member_rejected_even_with_rehashed_inventory) ... skipped 'actual pinned SDK exercised in dedicated v0.2 validation'
2026-09-12T19:49:19.6113371Z test_partial_receipt_failure_retains_all_bytes_without_completion (test_sealed_historical_execution_acquisition_v02.HistoricalExecutionV02EndToEndTests.test_partial_receipt_failure_retains_all_bytes_without_completion) ... skipped 'actual pinned SDK exercised in dedicated v0.2 validation'
2026-09-12T19:49:19.6116260Z test_partial_tape_has_hash_and_cannot_pass_gate (test_sealed_historical_execution_acquisition_v02.HistoricalExecutionV02EndToEndTests.test_partial_tape_has_hash_and_cannot_pass_gate) ... skipped 'actual pinned SDK exercised in dedicated v0.2 validation'
2026-09-12T19:49:19.6118270Z test_provider_failure_retains_complete_prefix_and_safe_ledger (test_sealed_historical_execution_acquisition_v02.HistoricalExecutionV02EndToEndTests.test_provider_failure_retains_complete_prefix_and_safe_ledger) ... skipped 'actual pinned SDK exercised in dedicated v0.2 validation'
2026-09-12T19:49:19.6119988Z test_raw_tape_tamper_rejected (test_sealed_historical_execution_acquisition_v02.HistoricalExecutionV02EndToEndTests.test_raw_tape_tamper_rejected) ... skipped 'actual pinned SDK exercised in dedicated v0.2 validation'
2026-09-12T19:49:19.6122045Z test_real_sdk_full_cli_90_tapes_270_requests_and_full_byte_verification (test_sealed_historical_execution_acquisition_v02.HistoricalExecutionV02EndToEndTests.test_real_sdk_full_cli_90_tapes_270_requests_and_full_byte_verification) ... skipped 'actual pinned SDK exercised in dedicated v0.2 validation'
2026-09-12T19:49:19.6123940Z test_rehashed_ledger_cannot_claim_retry_or_shift_request (test_sealed_historical_execution_acquisition_v02.HistoricalExecutionV02EndToEndTests.test_rehashed_ledger_cannot_claim_retry_or_shift_request) ... skipped 'actual pinned SDK exercised in dedicated v0.2 validation'
2026-09-12T19:49:19.6126446Z test_rehashed_receipt_cannot_replace_request (test_sealed_historical_execution_acquisition_v02.HistoricalExecutionV02EndToEndTests.test_rehashed_receipt_cannot_replace_request) ... skipped 'actual pinned SDK exercised in dedicated v0.2 validation'
2026-09-12T19:49:19.6128222Z test_requote_increase_never_enters_provider_data_stage (test_sealed_historical_execution_acquisition_v02.HistoricalExecutionV02EndToEndTests.test_requote_increase_never_enters_provider_data_stage) ... skipped 'actual pinned SDK exercised in dedicated v0.2 validation'
2026-09-12T19:49:19.6130077Z test_wrong_environment_rejected_even_with_valid_content_hashes (test_sealed_historical_execution_acquisition_v02.HistoricalExecutionV02EndToEndTests.test_wrong_environment_rejected_even_with_valid_content_hashes) ... skipped 'actual pinned SDK exercised in dedicated v0.2 validation'
2026-09-12T19:49:19.6132002Z test_complete_suffix_retains_empty_outcomes_and_closes_gate (test_sealed_historical_execution_acquisition_v03.EndToEndTests.test_complete_suffix_retains_empty_outcomes_and_closes_gate) ... skipped 'real pinned SDK exercised by dedicated validation'
2026-09-12T19:49:19.6133659Z test_malformed_first_native_response_stops_and_retains_failure (test_sealed_historical_execution_acquisition_v03.EndToEndTests.test_malformed_first_native_response_stops_and_retains_failure) ... skipped 'real pinned SDK exercised by dedicated validation'
2026-09-12T19:49:19.6135215Z test_metadata_failure_prevents_all_downloads (test_sealed_historical_execution_acquisition_v03.EndToEndTests.test_metadata_failure_prevents_all_downloads) ... skipped 'real pinned SDK exercised by dedicated validation'
2026-09-12T19:49:19.6136921Z test_missing_consumption_blocks_provider_access (test_sealed_historical_execution_acquisition_v03.EndToEndTests.test_missing_consumption_blocks_provider_access) ... skipped 'real pinned SDK exercised by dedicated validation'
2026-09-12T19:49:19.6138480Z test_partial_receipt_preserves_completed_tape_as_ineligible (test_sealed_historical_execution_acquisition_v03.EndToEndTests.test_partial_receipt_preserves_completed_tape_as_ineligible) ... skipped 'real pinned SDK exercised by dedicated validation'
2026-09-12T19:49:19.6140101Z test_partial_tape_write_is_retained_ineligible_and_stops (test_sealed_historical_execution_acquisition_v03.EndToEndTests.test_partial_tape_write_is_retained_ineligible_and_stops) ... skipped 'real pinned SDK exercised by dedicated validation'
2026-09-12T19:49:19.6141726Z test_rehashed_gate_population_and_receipt_tampering_rejected (test_sealed_historical_execution_acquisition_v03.EndToEndTests.test_rehashed_gate_population_and_receipt_tampering_rejected) ... skipped 'real pinned SDK exercised by dedicated validation'
2026-09-12T19:49:19.6143320Z test_rehashed_tape_mutation_and_extra_member_rejected (test_sealed_historical_execution_acquisition_v03.EndToEndTests.test_rehashed_tape_mutation_and_extra_member_rejected) ... skipped 'real pinned SDK exercised by dedicated validation'
2026-09-12T19:49:19.6144936Z test_advertised_native_decompression_bomb_rejected_before_decode (test_sealed_historical_execution_acquisition_v03.NativeTests.test_advertised_native_decompression_bomb_rejected_before_decode) ... skipped 'real pinned SDK exercised by dedicated validation'
2026-09-12T19:49:19.6146757Z test_equal_native_quote_keys_keep_original_ordinal (test_sealed_historical_execution_acquisition_v03.NativeTests.test_equal_native_quote_keys_keep_original_ordinal) ... skipped 'real pinned SDK exercised by dedicated validation'
2026-09-12T19:49:19.6148381Z test_real_nonempty_and_metadata_only_both_schemas (test_sealed_historical_execution_acquisition_v03.NativeTests.test_real_nonempty_and_metadata_only_both_schemas) ... skipped 'real pinned SDK exercised by dedicated validation'
2026-09-12T19:49:19.6149911Z test_resealed_native_mapping_and_noninteger_count_rejected (test_sealed_historical_execution_acquisition_v03.NativeTests.test_resealed_native_mapping_and_noninteger_count_rejected) ... skipped 'real pinned SDK exercised by dedicated validation'
2026-09-12T19:49:19.6151500Z test_truncated_or_concatenated_zstd_is_not_empty_evidence (test_sealed_historical_execution_acquisition_v03.NativeTests.test_truncated_or_concatenated_zstd_is_not_empty_evidence) ... skipped 'real pinned SDK exercised by dedicated validation'
2026-09-12T19:49:19.6153037Z test_truncated_uncompressed_native_record_rejected (test_sealed_historical_execution_acquisition_v03.NativeTests.test_truncated_uncompressed_native_record_rejected) ... skipped 'real pinned SDK exercised by dedicated validation'
2026-09-12T19:49:19.6154464Z test_wire_ceiling_and_symlink_rejected (test_sealed_historical_execution_acquisition_v03.NativeTests.test_wire_ceiling_and_symlink_rejected) ... skipped 'real pinned SDK exercised by dedicated validation'
2026-09-12T19:49:19.6156183Z test_wrong_metadata_or_missing_mapping_is_not_unavailable (test_sealed_historical_execution_acquisition_v03.NativeTests.test_wrong_metadata_or_missing_mapping_is_not_unavailable) ... skipped 'real pinned SDK exercised by dedicated validation'
2026-09-12T19:49:19.6157708Z test_coverage_never_drops_jva_or_unattempted_requests (test_sealed_historical_execution_acquisition_v03.RegistrationTests.test_coverage_never_drops_jva_or_unattempted_requests) ... ok
2026-09-12T19:49:19.6532422Z test_every_original_quote_ceiling_is_required (test_sealed_historical_execution_acquisition_v03.RegistrationTests.test_every_original_quote_ceiling_is_required) ... ok
2026-09-12T19:49:19.6564188Z test_execution_requires_attempt_one_exact_parent_and_research_branch (test_sealed_historical_execution_acquisition_v03.RegistrationTests.test_execution_requires_attempt_one_exact_parent_and_research_branch) ... ok
2026-09-12T19:49:20.0980348Z test_frozen_suffix_parent_bytes_and_gate_flags (test_sealed_historical_execution_acquisition_v03.RegistrationTests.test_frozen_suffix_parent_bytes_and_gate_flags) ... ok
2026-09-12T19:49:20.2995236Z test_original_or_substituted_requests_rejected (test_sealed_historical_execution_acquisition_v03.RegistrationTests.test_original_or_substituted_requests_rejected) ... ok
2026-09-12T19:49:20.3023559Z test_quote_reseal_cannot_replace_original (test_sealed_historical_execution_acquisition_v03.RegistrationTests.test_quote_reseal_cannot_replace_original) ... ok
2026-09-12T19:49:20.3028843Z test_substituted_parent_artifacts_block_before_acquisition (test_sealed_historical_execution_acquisition_v03.RegistrationTests.test_substituted_parent_artifacts_block_before_acquisition) ... ok
2026-09-12T19:49:20.3142092Z test_transport_reuses_immutable_bounded_methods (test_sealed_historical_execution_acquisition_v03.RegistrationTests.test_transport_reuses_immutable_bounded_methods) ... ok
2026-09-12T19:49:20.3197288Z test_unregistered_metadata_endpoint_window_and_body_blocked (test_sealed_historical_execution_acquisition_v03.RegistrationTests.test_unregistered_metadata_endpoint_window_and_body_blocked) ... ok
2026-09-12T19:49:20.3303424Z test_workflow_consumes_after_parent_checks_before_only_provider (test_sealed_historical_execution_acquisition_v03.RegistrationTests.test_workflow_consumes_after_parent_checks_before_only_provider) ... ok
2026-09-12T19:49:20.3497904Z test_additional_missing_request_cannot_replace_verified_complete_tape (test_sealed_historical_execution_availability_v01.AvailabilityTests.test_additional_missing_request_cannot_replace_verified_complete_tape) ... ok
2026-09-12T19:49:20.4331242Z test_all_109_opportunities_profiles_and_30_dates_retained (test_sealed_historical_execution_availability_v01.AvailabilityTests.test_all_109_opportunities_profiles_and_30_dates_retained) ... ok
2026-09-12T19:49:20.4352474Z test_changed_frozen_parent_is_rejected_before_composition (test_sealed_historical_execution_availability_v01.AvailabilityTests.test_changed_frozen_parent_is_rejected_before_composition) ... ok
2026-09-12T19:49:20.5389811Z test_duplicate_opportunities_and_changed_date_counts_rejected (test_sealed_historical_execution_availability_v01.AvailabilityTests.test_duplicate_opportunities_and_changed_date_counts_rejected) ... ok
2026-09-12T19:49:20.5399866Z test_empty_substituted_or_reordered_source_records_are_rejected (test_sealed_historical_execution_availability_v01.AvailabilityTests.test_empty_substituted_or_reordered_source_records_are_rejected) ... ok
2026-09-12T19:49:20.5406045Z test_fresh_reference_preserves_exact_identity_and_all_closed_gates (test_sealed_historical_execution_availability_v01.AvailabilityTests.test_fresh_reference_preserves_exact_identity_and_all_closed_gates) ... ok
2026-09-12T19:49:22.8451095Z test_full_bundle_reconstruction_write_once_and_tamper_rejection (test_sealed_historical_execution_availability_v01.AvailabilityTests.test_full_bundle_reconstruction_write_once_and_tamper_rejection) ... ok
2026-09-12T19:49:22.8455106Z test_jva_is_explicitly_unavailable_without_synthetic_empty_tape (test_sealed_historical_execution_availability_v01.AvailabilityTests.test_jva_is_explicitly_unavailable_without_synthetic_empty_tape) ... ok
2026-09-12T19:49:22.8462373Z test_known_halt_is_retained_as_its_own_input_state (test_sealed_historical_execution_availability_v01.AvailabilityTests.test_known_halt_is_retained_as_its_own_input_state) ... ok
2026-09-12T19:49:22.8470560Z test_latest_original_ordinal_resolves_same_native_key (test_sealed_historical_execution_availability_v01.AvailabilityTests.test_latest_original_ordinal_resolves_same_native_key) ... ok
2026-09-12T19:49:22.8571585Z test_missing_duplicate_and_reordered_request_population_rejected (test_sealed_historical_execution_availability_v01.AvailabilityTests.test_missing_duplicate_and_reordered_request_population_rejected) ... ok
2026-09-12T19:49:22.8576121Z test_missing_status_request_remains_distinct (test_sealed_historical_execution_availability_v01.AvailabilityTests.test_missing_status_request_remains_distinct) ... ok
2026-09-12T19:49:22.8588875Z test_output_serialization_is_deterministic (test_sealed_historical_execution_availability_v01.AvailabilityTests.test_output_serialization_is_deterministic) ... ok
2026-09-12T19:49:22.8595652Z test_quote_status_tie_is_not_resolved_by_quote_sequence (test_sealed_historical_execution_availability_v01.AvailabilityTests.test_quote_status_tie_is_not_resolved_by_quote_sequence) ... ok
2026-09-12T19:49:22.8602096Z test_reference_100ms_boundary_is_inclusive (test_sealed_historical_execution_availability_v01.AvailabilityTests.test_reference_100ms_boundary_is_inclusive) ... ok
2026-09-12T19:49:23.3590179Z test_registration_rederives_exact_frozen_parent_chain (test_sealed_historical_execution_availability_v01.AvailabilityTests.test_registration_rederives_exact_frozen_parent_chain) ... ok
2026-09-12T19:49:23.3684407Z test_rehashed_contract_cannot_change_thresholds_or_population (test_sealed_historical_execution_availability_v01.AvailabilityTests.test_rehashed_contract_cannot_change_thresholds_or_population) ... ok
2026-09-12T19:49:23.3693310Z test_request_identity_and_incomplete_window_substitution_rejected (test_sealed_historical_execution_availability_v01.AvailabilityTests.test_request_identity_and_incomplete_window_substitution_rejected) ... ok
2026-09-12T19:49:23.3704244Z test_stale_or_postdecision_quotes_never_become_reference (test_sealed_historical_execution_availability_v01.AvailabilityTests.test_stale_or_postdecision_quotes_never_become_reference) ... ok
2026-09-12T19:49:23.3712285Z test_symlink_and_repository_input_output_paths_rejected (test_sealed_historical_execution_availability_v01.AvailabilityTests.test_symlink_and_repository_input_output_paths_rejected) ... ok
2026-09-12T19:49:23.3728082Z test_unknown_initial_late_and_tail_status_fail_closed (test_sealed_historical_execution_availability_v01.AvailabilityTests.test_unknown_initial_late_and_tail_status_fail_closed) ... ok
2026-09-12T19:49:23.3735086Z test_unusable_quotes_do_not_renumber_source_ordinals (test_sealed_historical_execution_availability_v01.AvailabilityTests.test_unusable_quotes_do_not_renumber_source_ordinals) ... ok
2026-09-12T19:49:23.8314151Z test_wrong_archive_rejected_before_capture_verifier (test_sealed_historical_execution_availability_v01.AvailabilityTests.test_wrong_archive_rejected_before_capture_verifier) ... ok
2026-09-12T19:49:23.8317166Z test_actual_sdk_end_to_end_failed_order_retains_diagnostic_and_cleans_raw (test_sealed_historical_execution_diagnostic_v01.DiagnosticTests.test_actual_sdk_end_to_end_failed_order_retains_diagnostic_and_cleans_raw) ... skipped 'pinned SDK covered by dedicated diagnostic validation'
2026-09-12T19:49:23.8320347Z test_actual_sdk_success_never_becomes_runtime_input (test_sealed_historical_execution_diagnostic_v01.DiagnosticTests.test_actual_sdk_success_never_becomes_runtime_input) ... skipped 'pinned SDK covered by dedicated diagnostic validation'
2026-09-12T19:49:23.8373717Z test_crossed_and_undefined_books_are_not_filtered_or_repaired (test_sealed_historical_execution_diagnostic_v01.DiagnosticTests.test_crossed_and_undefined_books_are_not_filtered_or_repaired) ... ok
2026-09-12T19:49:23.8426883Z test_duplicate_and_descending_quote_keys_retained_in_original_order (test_sealed_historical_execution_diagnostic_v01.DiagnosticTests.test_duplicate_and_descending_quote_keys_retained_in_original_order) ... ok
2026-09-12T19:49:23.8454388Z test_equal_receive_time_increasing_sequence_is_preserved (test_sealed_historical_execution_diagnostic_v01.DiagnosticTests.test_equal_receive_time_increasing_sequence_is_preserved) ... ok
2026-09-12T19:49:23.9053140Z test_exact_failure_and_frozen_parent_chain (test_sealed_historical_execution_diagnostic_v01.DiagnosticTests.test_exact_failure_and_frozen_parent_chain) ... ok
2026-09-12T19:49:23.9077827Z test_execution_rejects_attempt_two_and_changed_code (test_sealed_historical_execution_diagnostic_v01.DiagnosticTests.test_execution_rejects_attempt_two_and_changed_code) ... ok
2026-09-12T19:49:23.9127669Z test_field_and_integer_failures_remain_explicit (test_sealed_historical_execution_diagnostic_v01.DiagnosticTests.test_field_and_integer_failures_remain_explicit) ... ok
2026-09-12T19:49:23.9136669Z test_forbidden_endpoint_symbol_and_window_are_rejected_before_io (test_sealed_historical_execution_diagnostic_v01.DiagnosticTests.test_forbidden_endpoint_symbol_and_window_are_rejected_before_io) ... ok
2026-09-12T19:49:23.9139713Z test_fresh_quote_increase_never_downloads (test_sealed_historical_execution_diagnostic_v01.DiagnosticTests.test_fresh_quote_increase_never_downloads) ... skipped 'pinned SDK covered by dedicated diagnostic validation'
2026-09-12T19:49:23.9201005Z test_metadata_failure_codes_are_exact_and_do_not_rewrite_fields (test_sealed_historical_execution_diagnostic_v01.DiagnosticTests.test_metadata_failure_codes_are_exact_and_do_not_rewrite_fields) ... ok
2026-09-12T19:49:23.9205665Z test_metadata_http_error_stops_without_retry_and_journals_before_io (test_sealed_historical_execution_diagnostic_v01.DiagnosticTests.test_metadata_http_error_stops_without_retry_and_journals_before_io) ... ok
2026-09-12T19:49:23.9255556Z test_nanosecond_receive_bounds_remain_exclusive (test_sealed_historical_execution_diagnostic_v01.DiagnosticTests.test_nanosecond_receive_bounds_remain_exclusive) ... ok
2026-09-12T19:49:23.9258995Z test_overlarge_download_retains_failure_and_removes_partial_raw (test_sealed_historical_execution_diagnostic_v01.DiagnosticTests.test_overlarge_download_retains_failure_and_removes_partial_raw) ... skipped 'pinned SDK covered by dedicated diagnostic validation'
2026-09-12T19:49:23.9291427Z test_projection_determinism_content_hash_and_retention_ceiling (test_sealed_historical_execution_diagnostic_v01.DiagnosticTests.test_projection_determinism_content_hash_and_retention_ceiling) ... ok
2026-09-12T19:49:23.9310628Z test_projection_row_limit_is_explicit (test_sealed_historical_execution_diagnostic_v01.DiagnosticTests.test_projection_row_limit_is_explicit) ... ok
2026-09-12T19:49:23.9313247Z test_request_substitution_cannot_pass_preflight_or_inspection (test_sealed_historical_execution_diagnostic_v01.DiagnosticTests.test_request_substitution_cannot_pass_preflight_or_inspection) ... ok
2026-09-12T19:49:23.9316271Z test_size_cost_zero_or_incomplete_preflight_blocks (test_sealed_historical_execution_diagnostic_v01.DiagnosticTests.test_size_cost_zero_or_incomplete_preflight_blocks) ... ok
2026-09-12T19:49:23.9331093Z test_unknown_text_and_exception_details_cannot_escape (test_sealed_historical_execution_diagnostic_v01.DiagnosticTests.test_unknown_text_and_exception_details_cannot_escape) ... ok
2026-09-12T19:49:23.9432484Z test_workflow_consumption_is_durable_before_only_provider_step (test_sealed_historical_execution_diagnostic_v01.DiagnosticTests.test_workflow_consumption_is_durable_before_only_provider_step) ... ok
2026-09-12T19:49:23.9437108Z test_cli_malformed_native_preserves_failure_and_no_usable_tape (test_sealed_historical_execution_empty_diagnostic_v01.NativeDiagnosticTests.test_cli_malformed_native_preserves_failure_and_no_usable_tape) ... skipped 'real pinned SDK exercised by dedicated validation'
2026-09-12T19:49:23.9441053Z test_complete_cli_requires_consumption_preserves_empty_evidence_and_verifies (test_sealed_historical_execution_empty_diagnostic_v01.NativeDiagnosticTests.test_complete_cli_requires_consumption_preserves_empty_evidence_and_verifies) ... skipped 'real pinned SDK exercised by dedicated validation'
2026-09-12T19:49:23.9444166Z test_compressed_metadata_only_has_no_native_or_mapped_records (test_sealed_historical_execution_empty_diagnostic_v01.NativeDiagnosticTests.test_compressed_metadata_only_has_no_native_or_mapped_records) ... skipped 'real pinned SDK exercised by dedicated validation'
2026-09-12T19:49:23.9446918Z test_decompression_bound_rejects_compression_bomb (test_sealed_historical_execution_empty_diagnostic_v01.NativeDiagnosticTests.test_decompression_bound_rejects_compression_bomb) ... skipped 'real pinned SDK exercised by dedicated validation'
2026-09-12T19:49:23.9449120Z test_empty_without_symbol_resolution_is_recorded_without_substituting_mapping (test_sealed_historical_execution_empty_diagnostic_v01.NativeDiagnosticTests.test_empty_without_symbol_resolution_is_recorded_without_substituting_mapping) ... skipped 'real pinned SDK exercised by dedicated validation'
2026-09-12T19:49:23.9451044Z test_exact_three_calls_empty_evidence_and_raw_cleanup (test_sealed_historical_execution_empty_diagnostic_v01.NativeDiagnosticTests.test_exact_three_calls_empty_evidence_and_raw_cleanup) ... skipped 'real pinned SDK exercised by dedicated validation'
2026-09-12T19:49:23.9452672Z test_http_error_sanitized_and_no_retry (test_sealed_historical_execution_empty_diagnostic_v01.NativeDiagnosticTests.test_http_error_sanitized_and_no_retry) ... skipped 'real pinned SDK exercised by dedicated validation'
2026-09-12T19:49:23.9454246Z test_metadata_ceiling_failure_never_downloads (test_sealed_historical_execution_empty_diagnostic_v01.NativeDiagnosticTests.test_metadata_ceiling_failure_never_downloads) ... skipped 'real pinned SDK exercised by dedicated validation'
2026-09-12T19:49:23.9456117Z test_mismatched_symbol_and_nanosecond_bound_fail_exact_binding (test_sealed_historical_execution_empty_diagnostic_v01.NativeDiagnosticTests.test_mismatched_symbol_and_nanosecond_bound_fail_exact_binding) ... skipped 'real pinned SDK exercised by dedicated validation'
2026-09-12T19:49:23.9458032Z test_nonempty_and_tied_records_preserve_native_fields_and_normalizer (test_sealed_historical_execution_empty_diagnostic_v01.NativeDiagnosticTests.test_nonempty_and_tied_records_preserve_native_fields_and_normalizer) ... skipped 'real pinned SDK exercised by dedicated validation'
2026-09-12T19:49:23.9459995Z test_oversized_partial_wire_retains_failure_ledger_and_removes_raw (test_sealed_historical_execution_empty_diagnostic_v01.NativeDiagnosticTests.test_oversized_partial_wire_retains_failure_ledger_and_removes_raw) ... skipped 'real pinned SDK exercised by dedicated validation'
2026-09-12T19:49:23.9461771Z test_rehashed_report_inventory_and_ledger_tampering_rejected (test_sealed_historical_execution_empty_diagnostic_v01.NativeDiagnosticTests.test_rehashed_report_inventory_and_ledger_tampering_rejected) ... skipped 'real pinned SDK exercised by dedicated validation'
2026-09-12T19:49:23.9463593Z test_truncated_or_concatenated_compression_frames_are_not_empty_success (test_sealed_historical_execution_empty_diagnostic_v01.NativeDiagnosticTests.test_truncated_or_concatenated_compression_frames_are_not_empty_success) ... skipped 'real pinned SDK exercised by dedicated validation'
2026-09-12T19:49:23.9465427Z test_truncated_record_cannot_be_reported_as_empty (test_sealed_historical_execution_empty_diagnostic_v01.NativeDiagnosticTests.test_truncated_record_cannot_be_reported_as_empty) ... skipped 'real pinned SDK exercised by dedicated validation'
2026-09-12T19:49:23.9467119Z test_uncompressed_fixture_uses_same_native_record_observation (test_sealed_historical_execution_empty_diagnostic_v01.NativeDiagnosticTests.test_uncompressed_fixture_uses_same_native_record_observation) ... skipped 'real pinned SDK exercised by dedicated validation'
2026-09-12T19:49:24.1873556Z test_exact_failed_request_and_immutable_bytes (test_sealed_historical_execution_empty_diagnostic_v01.RegistrationTests.test_exact_failed_request_and_immutable_bytes) ... ok
2026-09-12T19:49:24.1898064Z test_execution_attempt_two_changed_tree_and_main_rejected (test_sealed_historical_execution_empty_diagnostic_v01.RegistrationTests.test_execution_attempt_two_changed_tree_and_main_rejected) ... ok
2026-09-12T19:49:24.1900878Z test_metadata_overestimate_does_not_relax_quote_ceiling (test_sealed_historical_execution_empty_diagnostic_v01.RegistrationTests.test_metadata_overestimate_does_not_relax_quote_ceiling) ... ok
2026-09-12T19:49:24.1908305Z test_parent_failure_zip_substitution_is_rejected (test_sealed_historical_execution_empty_diagnostic_v01.RegistrationTests.test_parent_failure_zip_substitution_is_rejected) ... ok
2026-09-12T19:49:24.1921527Z test_substitute_request_quote_and_window_rejected (test_sealed_historical_execution_empty_diagnostic_v01.RegistrationTests.test_substitute_request_quote_and_window_rejected) ... ok
2026-09-12T19:49:24.1923403Z test_unknown_text_is_hashed_and_arbitrary_errors_never_retained (test_sealed_historical_execution_empty_diagnostic_v01.RegistrationTests.test_unknown_text_is_hashed_and_arbitrary_errors_never_retained) ... ok
2026-09-12T19:49:24.2026207Z test_workflow_consumes_once_after_exact_parent_and_before_only_provider (test_sealed_historical_execution_empty_diagnostic_v01.RegistrationTests.test_workflow_consumes_once_after_exact_parent_and_before_only_provider) ... ok
2026-09-12T19:49:24.2452048Z test_all_dates_and_genuine_empty_dates_remain_explicit (test_sealed_historical_execution_inputs_v01.HistoricalExecutionInputRegistrationTests.test_all_dates_and_genuine_empty_dates_remain_explicit) ... ok
2026-09-12T19:49:24.2946872Z test_committed_bundle_rederives_from_every_exact_parent_file (test_sealed_historical_execution_inputs_v01.HistoricalExecutionInputRegistrationTests.test_committed_bundle_rederives_from_every_exact_parent_file) ... ok
2026-09-12T19:49:24.3007768Z test_every_source_decision_is_preserved_without_account_selection (test_sealed_historical_execution_inputs_v01.HistoricalExecutionInputRegistrationTests.test_every_source_decision_is_preserved_without_account_selection) ... ok
2026-09-12T19:49:24.3010579Z test_historical_bundle_cannot_be_passed_off_as_prospective (test_sealed_historical_execution_inputs_v01.HistoricalExecutionInputRegistrationTests.test_historical_bundle_cannot_be_passed_off_as_prospective) ... ok
2026-09-12T19:49:24.3013325Z test_missing_gate_cannot_be_turned_into_quote_or_simulation_authority (test_sealed_historical_execution_inputs_v01.HistoricalExecutionInputRegistrationTests.test_missing_gate_cannot_be_turned_into_quote_or_simulation_authority) ... ok
2026-09-12T19:49:24.3073966Z test_missing_source_date_is_not_zero_opportunities (test_sealed_historical_execution_inputs_v01.HistoricalExecutionInputRegistrationTests.test_missing_source_date_is_not_zero_opportunities) ... ok
2026-09-12T19:49:24.3084749Z test_opportunity_id_excludes_profile_selection_but_retains_profile_provenance (test_sealed_historical_execution_inputs_v01.HistoricalExecutionInputRegistrationTests.test_opportunity_id_excludes_profile_selection_but_retains_profile_provenance) ... ok
2026-09-12T19:49:24.3087372Z test_real_nanosecond_window_and_same_time_distinct_activations (test_sealed_historical_execution_inputs_v01.HistoricalExecutionInputRegistrationTests.test_real_nanosecond_window_and_same_time_distinct_activations) ... ok
2026-09-12T19:49:24.4948955Z test_registration_is_write_once (test_sealed_historical_execution_inputs_v01.HistoricalExecutionInputRegistrationTests.test_registration_is_write_once) ... ok
2026-09-12T19:49:24.7928118Z test_rehashed_output_request_or_identity_tampering_is_rejected (test_sealed_historical_execution_inputs_v01.HistoricalExecutionInputRegistrationTests.test_rehashed_output_request_or_identity_tampering_is_rejected) ... ok
2026-09-12T19:49:24.8014238Z test_rehashed_parent_change_is_rejected_before_plan_creation (test_sealed_historical_execution_inputs_v01.HistoricalExecutionInputRegistrationTests.test_rehashed_parent_change_is_rejected_before_plan_creation) ... ok
2026-09-12T19:49:25.0453868Z test_rehashed_retrospective_and_account_fields_are_rejected (test_sealed_historical_execution_inputs_v01.HistoricalExecutionInputRegistrationTests.test_rehashed_retrospective_and_account_fields_are_rejected) ... ok
2026-09-12T19:49:25.1327331Z test_symlink_or_extra_file_is_rejected (test_sealed_historical_execution_inputs_v01.HistoricalExecutionInputRegistrationTests.test_symlink_or_extra_file_is_rejected) ... ok
2026-09-12T19:49:25.3967393Z test_call_is_journaled_before_provider_and_failure_is_retained (test_sealed_historical_execution_quote_v01.HistoricalExecutionQuoteTests.test_call_is_journaled_before_provider_and_failure_is_retained) ... ok
2026-09-12T19:49:25.3978957Z test_changed_request_is_rejected_before_client_call (test_sealed_historical_execution_quote_v01.HistoricalExecutionQuoteTests.test_changed_request_is_rejected_before_client_call) ... ok
2026-09-12T19:49:25.4130534Z test_complete_quote_visits_every_method_once_and_preserves_nanos (test_sealed_historical_execution_quote_v01.HistoricalExecutionQuoteTests.test_complete_quote_visits_every_method_once_and_preserves_nanos) ... ok
2026-09-12T19:49:25.4133107Z test_exact_registration_requires_all_ninety_requests (test_sealed_historical_execution_quote_v01.HistoricalExecutionQuoteTests.test_exact_registration_requires_all_ninety_requests) ... ok
2026-09-12T19:49:25.4153031Z test_execution_is_parent_bound_and_rejects_reruns (test_sealed_historical_execution_quote_v01.HistoricalExecutionQuoteTests.test_execution_is_parent_bound_and_rejects_reruns) ... ok
2026-09-12T19:49:25.4609217Z test_invalid_numeric_results_fail_closed (test_sealed_historical_execution_quote_v01.HistoricalExecutionQuoteTests.test_invalid_numeric_results_fail_closed) ... ok
2026-09-12T19:49:25.4611974Z test_other_sdk_metadata_method_has_no_network_authority (test_sealed_historical_execution_quote_v01.HistoricalExecutionQuoteTests.test_other_sdk_metadata_method_has_no_network_authority) ... skipped 'pinned SDK exercised by dedicated quote validation'
2026-09-12T19:49:25.4626036Z test_preflight_failure_is_explicit_and_zero_call (test_sealed_historical_execution_quote_v01.HistoricalExecutionQuoteTests.test_preflight_failure_is_explicit_and_zero_call) ... ok
2026-09-12T19:49:25.4726541Z test_provider_errors_are_sanitized_no_retry_and_totals_unknown (test_sealed_historical_execution_quote_v01.HistoricalExecutionQuoteTests.test_provider_errors_are_sanitized_no_retry_and_totals_unknown) ... ok
2026-09-12T19:49:25.4729531Z test_real_pinned_sdk_serializes_all_180_exact_http_requests (test_sealed_historical_execution_quote_v01.HistoricalExecutionQuoteTests.test_real_pinned_sdk_serializes_all_180_exact_http_requests) ... skipped 'pinned SDK exercised by dedicated quote validation'
2026-09-12T19:49:25.5098189Z test_rehashed_report_identity_or_gate_tampering_is_rejected (test_sealed_historical_execution_quote_v01.HistoricalExecutionQuoteTests.test_rehashed_report_identity_or_gate_tampering_is_rejected) ... ok
2026-09-12T19:49:25.5163973Z test_transport_redirect_http_and_oversized_response_fail_without_retry (test_sealed_historical_execution_quote_v01.HistoricalExecutionQuoteTests.test_transport_redirect_http_and_oversized_response_fail_without_retry) ... ok
2026-09-12T19:49:25.5209213Z test_transport_rejects_other_endpoints_or_changed_symbols_before_network (test_sealed_historical_execution_quote_v01.HistoricalExecutionQuoteTests.test_transport_rejects_other_endpoints_or_changed_symbols_before_network) ... ok
2026-09-12T19:49:25.5295616Z test_workflow_consumes_and_uploads_before_the_only_secret_step (test_sealed_historical_execution_quote_v01.HistoricalExecutionQuoteTests.test_workflow_consumes_and_uploads_before_the_only_secret_step) ... ok
2026-09-12T19:49:25.5392260Z test_zero_size_is_unavailable_and_does_not_change_the_plan (test_sealed_historical_execution_quote_v01.HistoricalExecutionQuoteTests.test_zero_size_is_unavailable_and_does_not_change_the_plan) ... ok
2026-09-12T19:49:25.5842848Z test_registration_preserves_baseline_and_closes_counterfactual_claims (test_sealed_historical_loss_attribution_v01.FrozenEvidenceTests.test_registration_preserves_baseline_and_closes_counterfactual_claims) ... ok
2026-09-12T19:49:29.5206893Z test_report_reproduces_exactly_from_saved_evidence (test_sealed_historical_loss_attribution_v01.FrozenEvidenceTests.test_report_reproduces_exactly_from_saved_evidence) ... ok
2026-09-12T19:49:29.5648213Z test_wrong_external_registration_is_rejected (test_sealed_historical_loss_attribution_v01.FrozenEvidenceTests.test_wrong_external_registration_is_rejected) ... ok
2026-09-12T19:49:29.5650413Z test_exit_groups_do_not_double_debit_entry_fees (test_sealed_historical_loss_attribution_v01.GroupTests.test_exit_groups_do_not_double_debit_entry_fees) ... ok
2026-09-12T19:49:29.5652467Z test_unknown_group_cannot_silently_drop_losses (test_sealed_historical_loss_attribution_v01.GroupTests.test_unknown_group_cannot_silently_drop_losses) ... ok
2026-09-12T19:49:29.5654614Z test_zero_groups_and_no_trade_population_are_explicit (test_sealed_historical_loss_attribution_v01.GroupTests.test_zero_groups_and_no_trade_population_are_explicit) ... ok
2026-09-12T19:49:29.5656846Z test_duplicate_order_id_rejected (test_sealed_historical_loss_attribution_v01.OrderTests.test_duplicate_order_id_rejected) ... ok
2026-09-12T19:49:29.5658951Z test_missing_replacement_authority_not_treated_as_first_terminal (test_sealed_historical_loss_attribution_v01.OrderTests.test_missing_replacement_authority_not_treated_as_first_terminal) ... ok
2026-09-12T19:49:29.5661001Z test_negative_wait_rejected (test_sealed_historical_loss_attribution_v01.OrderTests.test_negative_wait_rejected) ... ok
2026-09-12T19:49:29.5662780Z test_reused_replacement_evidence_is_rejected (test_sealed_historical_loss_attribution_v01.OrderTests.test_reused_replacement_evidence_is_rejected) ... ok
2026-09-12T19:49:29.5665656Z test_targets_replacements_and_waiting_are_separate_dimensions (test_sealed_historical_loss_attribution_v01.OrderTests.test_targets_replacements_and_waiting_are_separate_dimensions) ... ok
2026-09-12T19:49:29.5667942Z test_unfilled_order_is_retained_without_a_fill (test_sealed_historical_loss_attribution_v01.OrderTests.test_unfilled_order_is_retained_without_a_fill) ... ok
2026-09-12T19:49:29.5669843Z test_unknown_exit_reason_rejected (test_sealed_historical_loss_attribution_v01.OrderTests.test_unknown_exit_reason_rejected) ... ok
2026-09-12T19:49:29.5671578Z test_wrong_sidecar_order_is_rejected (test_sealed_historical_loss_attribution_v01.OrderTests.test_wrong_sidecar_order_is_rejected) ... ok
2026-09-12T19:49:29.5673943Z test_wrong_terminal_attempt_number_rejected (test_sealed_historical_loss_attribution_v01.OrderTests.test_wrong_terminal_attempt_number_rejected) ... ok
2026-09-12T19:49:29.5676395Z test_exact_bridge_separates_entry_shortfall_and_fees (test_sealed_historical_loss_attribution_v01.PriceTests.test_exact_bridge_separates_entry_shortfall_and_fees) ... ok
2026-09-12T19:49:29.5678496Z test_exact_filled_size_not_requested_size_used (test_sealed_historical_loss_attribution_v01.PriceTests.test_exact_filled_size_not_requested_size_used) ... ok
2026-09-12T19:49:29.5680715Z test_float_stop_uses_serialized_decimal_not_binary_expansion (test_sealed_historical_loss_attribution_v01.PriceTests.test_float_stop_uses_serialized_decimal_not_binary_expansion) ... ok
2026-09-12T19:49:29.5682744Z test_invalid_or_nonfinite_price_rejected (test_sealed_historical_loss_attribution_v01.PriceTests.test_invalid_or_nonfinite_price_rejected) ... ok
2026-09-12T19:49:29.5684617Z test_outer_decimal_context_does_not_change_bridge (test_sealed_historical_loss_attribution_v01.PriceTests.test_outer_decimal_context_does_not_change_bridge) ... ok
2026-09-12T19:49:29.5686674Z test_partial_exits_all_required (test_sealed_historical_loss_attribution_v01.PriceTests.test_partial_exits_all_required) ... ok
2026-09-12T19:49:29.5688298Z test_price_improvement_is_signed_not_clipped (test_sealed_historical_loss_attribution_v01.PriceTests.test_price_improvement_is_signed_not_clipped) ... ok
2026-09-12T19:49:29.5703675Z test_absent_symbol_and_null_rows_retain_empty_receipts (test_sealed_historical_management_capture_v01.ManagementCaptureTests.test_absent_symbol_and_null_rows_retain_empty_receipts) ... ok
2026-09-12T19:49:29.7314339Z test_all_http_errors_are_one_attempt_without_retry_or_provider_body (test_sealed_historical_management_capture_v01.ManagementCaptureTests.test_all_http_errors_are_one_attempt_without_retry_or_provider_body) ... ok
2026-09-12T19:49:37.5065787Z test_all_ten_urls_match_previously_frozen_nanosecond_renderer (test_sealed_historical_management_capture_v01.ManagementCaptureTests.test_all_ten_urls_match_previously_frozen_nanosecond_renderer) ... ok
2026-09-12T19:49:45.8374566Z test_archive_rejects_resealed_wrong_ledger_request_receipt_and_provenance (test_sealed_historical_management_capture_v01.ManagementCaptureTests.test_archive_rejects_resealed_wrong_ledger_request_receipt_and_provenance) ... ok
2026-09-12T19:49:45.8762801Z test_attempt_ceiling_and_repeated_page_block_before_network (test_sealed_historical_management_capture_v01.ManagementCaptureTests.test_attempt_ceiling_and_repeated_page_block_before_network) ... ok
2026-09-12T19:49:45.8951849Z test_attempt_is_durably_recorded_before_get_and_contains_no_credentials (test_sealed_historical_management_capture_v01.ManagementCaptureTests.test_attempt_is_durably_recorded_before_get_and_contains_no_credentials) ... ok
2026-09-12T19:49:45.8965784Z test_before_start_and_exact_exclusive_end_are_rejected (test_sealed_historical_management_capture_v01.ManagementCaptureTests.test_before_start_and_exact_exclusive_end_are_rejected) ... ok
2026-09-12T19:49:45.9151990Z test_changed_request_blocks_before_network (test_sealed_historical_management_capture_v01.ManagementCaptureTests.test_changed_request_blocks_before_network) ... ok
2026-09-12T19:49:48.1841788Z test_cli_http_failure_retains_full_metadata_ledger_inventory_and_partial_tape (test_sealed_historical_management_capture_v01.ManagementCaptureTests.test_cli_http_failure_retains_full_metadata_ledger_inventory_and_partial_tape) ... ok
2026-09-12T19:49:51.2320647Z test_cli_rejects_wrong_consumption_or_source_receipt_before_provider_construction (test_sealed_historical_management_capture_v01.ManagementCaptureTests.test_cli_rejects_wrong_consumption_or_source_receipt_before_provider_construction) ... ok
2026-09-12T19:49:51.2380724Z test_complete_synthetic_capture_retains_all_ten_requests_and_no_runtime (test_sealed_historical_management_capture_v01.ManagementCaptureTests.test_complete_synthetic_capture_retains_all_ten_requests_and_no_runtime) ... ok
2026-09-12T19:49:51.2383044Z test_compressed_byte_limit_is_checked_before_every_write (test_sealed_historical_management_capture_v01.ManagementCaptureTests.test_compressed_byte_limit_is_checked_before_every_write) ... ok
2026-09-12T19:49:51.2396354Z test_empty_exhausted_segments_are_retained_for_both_resources (test_sealed_historical_management_capture_v01.ManagementCaptureTests.test_empty_exhausted_segments_are_retained_for_both_resources) ... ok
2026-09-12T19:49:51.2405815Z test_empty_page_with_token_is_exhausted_not_mistaken_for_completion (test_sealed_historical_management_capture_v01.ManagementCaptureTests.test_empty_page_with_token_is_exhausted_not_mistaken_for_completion) ... ok
2026-09-12T19:49:51.2416479Z test_exact_endpoint_and_same_timestamp_order_are_lossless (test_sealed_historical_management_capture_v01.ManagementCaptureTests.test_exact_endpoint_and_same_timestamp_order_are_lossless) ... ok
2026-09-12T19:49:51.2424560Z test_execution_full_hashes_are_required (test_sealed_historical_management_capture_v01.ManagementCaptureTests.test_execution_full_hashes_are_required) ... ok
2026-09-12T19:49:51.2444370Z test_execution_rerun_wrong_branch_event_and_parent_are_rejected (test_sealed_historical_management_capture_v01.ManagementCaptureTests.test_execution_rerun_wrong_branch_event_and_parent_are_rejected) ... ok
2026-09-12T19:49:51.2459490Z test_existing_output_and_symlink_are_not_modified (test_sealed_historical_management_capture_v01.ManagementCaptureTests.test_existing_output_and_symlink_are_not_modified) ... ok
2026-09-12T19:49:51.2483911Z test_failure_retains_completed_receipt_and_partial_tape_sanitized (test_sealed_historical_management_capture_v01.ManagementCaptureTests.test_failure_retains_completed_receipt_and_partial_tape_sanitized) ... ok
2026-09-12T19:49:55.0165961Z test_full_cli_capture_to_archive_verification_including_empty_receipt (test_sealed_historical_management_capture_v01.ManagementCaptureTests.test_full_cli_capture_to_archive_verification_including_empty_receipt) ... ok
2026-09-12T19:49:55.0173607Z test_gzip_failure_keeps_partial_evidence_inside_shared_ceiling (test_sealed_historical_management_capture_v01.ManagementCaptureTests.test_gzip_failure_keeps_partial_evidence_inside_shared_ceiling) ... ok
2026-09-12T19:49:55.0192287Z test_incomplete_reordered_or_changed_request_sets_fail_before_capture (test_sealed_historical_management_capture_v01.ManagementCaptureTests.test_incomplete_reordered_or_changed_request_sets_fail_before_capture) ... ok
2026-09-12T19:49:55.0220660Z test_invalid_or_repeated_pagination_tokens_fail (test_sealed_historical_management_capture_v01.ManagementCaptureTests.test_invalid_or_repeated_pagination_tokens_fail) ... ok
2026-09-12T19:49:55.0434054Z test_minimum_interval_applies_between_actual_attempts (test_sealed_historical_management_capture_v01.ManagementCaptureTests.test_minimum_interval_applies_between_actual_attempts) ... ok
2026-09-12T19:49:55.0438143Z test_minute_bars_must_be_unique_aligned_and_have_valid_ohlc (test_sealed_historical_management_capture_v01.ManagementCaptureTests.test_minute_bars_must_be_unique_aligned_and_have_valid_ohlc) ... ok
2026-09-12T19:49:55.0441837Z test_missing_credentials_fail_before_any_transport (test_sealed_historical_management_capture_v01.ManagementCaptureTests.test_missing_credentials_fail_before_any_transport) ... ok
2026-09-12T19:49:55.0458863Z test_non_chronological_or_duplicate_rows_across_pages_fail (test_sealed_historical_management_capture_v01.ManagementCaptureTests.test_non_chronological_or_duplicate_rows_across_pages_fail) ... ok
2026-09-12T19:49:55.0462447Z test_parent_byte_tampering_cannot_be_resealed (test_sealed_historical_management_capture_v01.ManagementCaptureTests.test_parent_byte_tampering_cannot_be_resealed) ... ok
2026-09-12T19:49:55.0464597Z test_redirect_handler_never_returns_redirect_request (test_sealed_historical_management_capture_v01.ManagementCaptureTests.test_redirect_handler_never_returns_redirect_request) ... ok
2026-09-12T19:49:55.8265782Z test_registration_exactly_binds_verified_parent_and_closed_execution_gates (test_sealed_historical_management_capture_v01.ManagementCaptureTests.test_registration_exactly_binds_verified_parent_and_closed_execution_gates) ... ok
2026-09-12T19:49:55.9031343Z test_response_bytes_invalid_json_duplicate_keys_and_non_object_fail (test_sealed_historical_management_capture_v01.ManagementCaptureTests.test_response_bytes_invalid_json_duplicate_keys_and_non_object_fail) ... ok
2026-09-12T19:49:55.9221426Z test_retained_byte_ceiling_blocks_before_network (test_sealed_historical_management_capture_v01.ManagementCaptureTests.test_retained_byte_ceiling_blocks_before_network) ... ok
2026-09-12T19:49:55.9786089Z test_transport_timeouts_and_url_errors_do_not_retry (test_sealed_historical_management_capture_v01.ManagementCaptureTests.test_transport_timeouts_and_url_errors_do_not_retry) ... ok
2026-09-12T19:49:55.9791830Z test_unchanged_normalization_retains_conditions_but_rejects_invalid_fields (test_sealed_historical_management_capture_v01.ManagementCaptureTests.test_unchanged_normalization_retains_conditions_but_rejects_invalid_fields) ... ok
2026-09-12T19:49:55.9796137Z test_url_rejects_modified_or_unregistered_request_and_invalid_token (test_sealed_historical_management_capture_v01.ManagementCaptureTests.test_url_rejects_modified_or_unregistered_request_and_invalid_token) ... ok
2026-09-12T19:49:56.7271727Z test_verified_reuse_receipt_honestly_attests_prior_source_verification (test_sealed_historical_management_capture_v01.ManagementCaptureTests.test_verified_reuse_receipt_honestly_attests_prior_source_verification) ... ok
2026-09-12T19:49:56.7338617Z test_workflow_consumes_and_uploads_before_credentials_and_has_no_rerun_trigger (test_sealed_historical_management_capture_v01.ManagementCaptureTests.test_workflow_consumes_and_uploads_before_credentials_and_has_no_rerun_trigger) ... ok
2026-09-12T19:49:56.7366569Z test_wrong_symbol_missing_fields_and_oversized_page_fail (test_sealed_historical_management_capture_v01.ManagementCaptureTests.test_wrong_symbol_missing_fields_and_oversized_page_fail) ... ok
2026-09-12T19:49:56.7369585Z test_complete_exit_capture_retains_empty_outcomes_and_closes_gate (test_sealed_historical_management_exit_acquisition_v01.EndToEndTests.test_complete_exit_capture_retains_empty_outcomes_and_closes_gate) ... skipped 'real pinned SDK exercised by dedicated validation'
2026-09-12T19:49:56.7372665Z test_failed_temporary_cleanup_cannot_report_complete_evidence (test_sealed_historical_management_exit_acquisition_v01.EndToEndTests.test_failed_temporary_cleanup_cannot_report_complete_evidence) ... skipped 'real pinned SDK exercised by dedicated validation'
2026-09-12T19:49:56.7375107Z test_malformed_first_native_response_stops_and_retains_failure (test_sealed_historical_management_exit_acquisition_v01.EndToEndTests.test_malformed_first_native_response_stops_and_retains_failure) ... skipped 'real pinned SDK exercised by dedicated validation'
2026-09-12T19:49:56.7377616Z test_metadata_failure_prevents_all_downloads (test_sealed_historical_management_exit_acquisition_v01.EndToEndTests.test_metadata_failure_prevents_all_downloads) ... skipped 'real pinned SDK exercised by dedicated validation'
2026-09-12T19:49:56.7379747Z test_missing_consumption_blocks_provider_access (test_sealed_historical_management_exit_acquisition_v01.EndToEndTests.test_missing_consumption_blocks_provider_access) ... skipped 'real pinned SDK exercised by dedicated validation'
2026-09-12T19:49:56.7382310Z test_missing_credential_preserves_zero_call_failure_evidence (test_sealed_historical_management_exit_acquisition_v01.EndToEndTests.test_missing_credential_preserves_zero_call_failure_evidence) ... skipped 'real pinned SDK exercised by dedicated validation'
2026-09-12T19:49:56.7384683Z test_partial_receipt_preserves_completed_tape_as_ineligible (test_sealed_historical_management_exit_acquisition_v01.EndToEndTests.test_partial_receipt_preserves_completed_tape_as_ineligible) ... skipped 'real pinned SDK exercised by dedicated validation'
2026-09-12T19:49:56.7386840Z test_partial_tape_write_is_retained_ineligible_and_stops (test_sealed_historical_management_exit_acquisition_v01.EndToEndTests.test_partial_tape_write_is_retained_ineligible_and_stops) ... skipped 'real pinned SDK exercised by dedicated validation'
2026-09-12T19:49:56.7388524Z test_rehashed_gate_population_and_receipt_tampering_rejected (test_sealed_historical_management_exit_acquisition_v01.EndToEndTests.test_rehashed_gate_population_and_receipt_tampering_rejected) ... skipped 'real pinned SDK exercised by dedicated validation'
2026-09-12T19:49:56.7390167Z test_rehashed_tape_mutation_and_extra_member_rejected (test_sealed_historical_management_exit_acquisition_v01.EndToEndTests.test_rehashed_tape_mutation_and_extra_member_rejected) ... skipped 'real pinned SDK exercised by dedicated validation'
2026-09-12T19:49:56.7391829Z test_advertised_native_decompression_bomb_rejected_before_decode (test_sealed_historical_management_exit_acquisition_v01.NativeTests.test_advertised_native_decompression_bomb_rejected_before_decode) ... skipped 'real pinned SDK exercised by dedicated validation'
2026-09-12T19:49:56.7393477Z test_equal_native_quote_keys_keep_original_ordinal (test_sealed_historical_management_exit_acquisition_v01.NativeTests.test_equal_native_quote_keys_keep_original_ordinal) ... skipped 'real pinned SDK exercised by dedicated validation'
2026-09-12T19:49:56.7395003Z test_real_nonempty_and_metadata_only_both_schemas (test_sealed_historical_management_exit_acquisition_v01.NativeTests.test_real_nonempty_and_metadata_only_both_schemas) ... skipped 'real pinned SDK exercised by dedicated validation'
2026-09-12T19:49:56.7398633Z test_resealed_native_mapping_and_noninteger_count_rejected (test_sealed_historical_management_exit_acquisition_v01.NativeTests.test_resealed_native_mapping_and_noninteger_count_rejected) ... skipped 'real pinned SDK exercised by dedicated validation'
2026-09-12T19:49:56.7401237Z test_timeseries_window_route_path_and_exhausted_scope_block_before_network (test_sealed_historical_management_exit_acquisition_v01.NativeTests.test_timeseries_window_route_path_and_exhausted_scope_block_before_network) ... skipped 'real pinned SDK exercised by dedicated validation'
2026-09-12T19:49:56.7403018Z test_truncated_or_concatenated_zstd_is_not_empty_evidence (test_sealed_historical_management_exit_acquisition_v01.NativeTests.test_truncated_or_concatenated_zstd_is_not_empty_evidence) ... skipped 'real pinned SDK exercised by dedicated validation'
2026-09-12T19:49:56.7404621Z test_truncated_uncompressed_native_record_rejected (test_sealed_historical_management_exit_acquisition_v01.NativeTests.test_truncated_uncompressed_native_record_rejected) ... skipped 'real pinned SDK exercised by dedicated validation'
2026-09-12T19:49:56.7406992Z test_wire_ceiling_and_symlink_rejected (test_sealed_historical_management_exit_acquisition_v01.NativeTests.test_wire_ceiling_and_symlink_rejected) ... skipped 'real pinned SDK exercised by dedicated validation'
2026-09-12T19:49:56.7408890Z test_wrong_metadata_or_missing_mapping_is_not_unavailable (test_sealed_historical_management_exit_acquisition_v01.NativeTests.test_wrong_metadata_or_missing_mapping_is_not_unavailable) ... skipped 'real pinned SDK exercised by dedicated validation'
2026-09-12T19:49:56.7410327Z test_coverage_never_drops_unattempted_exit_requests (test_sealed_historical_management_exit_acquisition_v01.RegistrationTests.test_coverage_never_drops_unattempted_exit_requests) ... ok
2026-09-12T19:49:56.7946946Z test_every_original_quote_ceiling_is_required (test_sealed_historical_management_exit_acquisition_v01.RegistrationTests.test_every_original_quote_ceiling_is_required) ... ok
2026-09-12T19:49:56.7980109Z test_execution_requires_attempt_one_exact_parent_and_research_branch (test_sealed_historical_management_exit_acquisition_v01.RegistrationTests.test_execution_requires_attempt_one_exact_parent_and_research_branch) ... ok
2026-09-12T19:49:57.6506298Z test_frozen_exit_parent_bytes_and_gate_flags (test_sealed_historical_management_exit_acquisition_v01.RegistrationTests.test_frozen_exit_parent_bytes_and_gate_flags) ... ok
2026-09-12T19:49:57.6514296Z test_http_ledger_rehashed_boolean_and_wire_substitutions_rejected (test_sealed_historical_management_exit_acquisition_v01.RegistrationTests.test_http_ledger_rehashed_boolean_and_wire_substitutions_rejected) ... ok
2026-09-12T19:49:57.6683971Z test_individual_ceiling_cannot_be_offset_by_another_request (test_sealed_historical_management_exit_acquisition_v01.RegistrationTests.test_individual_ceiling_cannot_be_offset_by_another_request) ... ok
2026-09-12T19:49:57.6686248Z test_native_decoder_and_normalizer_remain_original_functions (test_sealed_historical_management_exit_acquisition_v01.RegistrationTests.test_native_decoder_and_normalizer_remain_original_functions) ... ok
2026-09-12T19:49:57.9081351Z test_original_or_substituted_requests_rejected (test_sealed_historical_management_exit_acquisition_v01.RegistrationTests.test_original_or_substituted_requests_rejected) ... ok
2026-09-12T19:49:57.9111932Z test_quote_reseal_cannot_replace_original (test_sealed_historical_management_exit_acquisition_v01.RegistrationTests.test_quote_reseal_cannot_replace_original) ... ok
2026-09-12T19:49:58.7658402Z test_rehashed_limits_cannot_change_individual_caps (test_sealed_historical_management_exit_acquisition_v01.RegistrationTests.test_rehashed_limits_cannot_change_individual_caps) ... ok
2026-09-12T19:49:59.6154926Z test_substituted_parent_artifacts_block_before_acquisition (test_sealed_historical_management_exit_acquisition_v01.RegistrationTests.test_substituted_parent_artifacts_block_before_acquisition) ... ok
2026-09-12T19:49:59.6332014Z test_transport_reuses_immutable_bounded_methods (test_sealed_historical_management_exit_acquisition_v01.RegistrationTests.test_transport_reuses_immutable_bounded_methods) ... ok
2026-09-12T19:49:59.6398284Z test_unregistered_metadata_endpoint_window_and_body_blocked (test_sealed_historical_management_exit_acquisition_v01.RegistrationTests.test_unregistered_metadata_endpoint_window_and_body_blocked) ... ok
2026-09-12T19:49:59.6507155Z test_workflow_consumes_after_parent_checks_before_only_provider (test_sealed_historical_management_exit_acquisition_v01.RegistrationTests.test_workflow_consumes_after_parent_checks_before_only_provider) ... ok
2026-09-12T19:49:59.6683575Z test_boolean_float_and_nonpositive_exit_clock_rejected (test_sealed_historical_management_exit_inputs_v01.ExitInputsTests.test_boolean_float_and_nonpositive_exit_clock_rejected) ... ok
2026-09-12T19:49:59.6754929Z test_bounded_capture_preserves_ordinals_and_excludes_later_source_quotes (test_sealed_historical_management_exit_inputs_v01.ExitInputsTests.test_bounded_capture_preserves_ordinals_and_excludes_later_source_quotes) ... ok
2026-09-12T19:49:59.6759720Z test_cannot_write_output_over_repository_sources (test_sealed_historical_management_exit_inputs_v01.ExitInputsTests.test_cannot_write_output_over_repository_sources) ... ok
2026-09-12T19:50:00.2352462Z test_cli_installs_offline_guard_before_import_and_blocks_missing_sources (test_sealed_historical_management_exit_inputs_v01.ExitInputsTests.test_cli_installs_offline_guard_before_import_and_blocks_missing_sources) ... ok
2026-09-12T19:50:00.2434136Z test_complete_sources_do_not_imply_known_status_or_executable_exit (test_sealed_historical_management_exit_inputs_v01.ExitInputsTests.test_complete_sources_do_not_imply_known_status_or_executable_exit) ... ok
2026-09-12T19:50:00.2442680Z test_constructor_requires_external_pin_and_committed_metadata (test_sealed_historical_management_exit_inputs_v01.ExitInputsTests.test_constructor_requires_external_pin_and_committed_metadata) ... ok
2026-09-12T19:50:00.2509146Z test_copy_preserves_compressed_bytes_exactly_and_is_write_once (test_sealed_historical_management_exit_inputs_v01.ExitInputsTests.test_copy_preserves_compressed_bytes_exactly_and_is_write_once) ... ok
2026-09-12T19:50:00.2747387Z test_entrypoints_have_no_undefined_globals (test_sealed_historical_management_exit_inputs_v01.ExitInputsTests.test_entrypoints_have_no_undefined_globals) ... ok
2026-09-12T19:50:00.2750047Z test_exact_population_uses_all_80_new_and_two_original_sources (test_sealed_historical_management_exit_inputs_v01.ExitInputsTests.test_exact_population_uses_all_80_new_and_two_original_sources) ... ok
2026-09-12T19:50:00.3230990Z test_exit_tail_cannot_borrow_later_time_from_merged_or_XAGE_source (test_sealed_historical_management_exit_inputs_v01.ExitInputsTests.test_exit_tail_cannot_borrow_later_time_from_merged_or_XAGE_source) ... ok
2026-09-12T19:50:00.3297036Z test_final_truncation_is_detected_before_freeze (test_sealed_historical_management_exit_inputs_v01.ExitInputsTests.test_final_truncation_is_detected_before_freeze) ... ok
2026-09-12T19:50:00.3361631Z test_gzip_eof_or_crc_failure_cannot_be_hidden_by_rehashed_file_receipt (test_sealed_historical_management_exit_inputs_v01.ExitInputsTests.test_gzip_eof_or_crc_failure_cannot_be_hidden_by_rehashed_file_receipt) ... ok
2026-09-12T19:50:01.1418429Z test_historical_runtime_gate_stays_closed (test_sealed_historical_management_exit_inputs_v01.ExitInputsTests.test_historical_runtime_gate_stays_closed) ... ok
2026-09-12T19:50:01.1488610Z test_independent_verifier_rejects_source_ordinal_rewriting (test_sealed_historical_management_exit_inputs_v01.ExitInputsTests.test_independent_verifier_rejects_source_ordinal_rewriting) ... ok
2026-09-12T19:50:01.1490664Z test_new_request_with_same_symbol_date_does_not_overwrite_entry_identity (test_sealed_historical_management_exit_inputs_v01.ExitInputsTests.test_new_request_with_same_symbol_date_does_not_overwrite_entry_identity) ... ok
2026-09-12T19:50:01.1559100Z test_normalized_count_or_hash_mismatch_cannot_be_resealed (test_sealed_historical_management_exit_inputs_v01.ExitInputsTests.test_normalized_count_or_hash_mismatch_cannot_be_resealed) ... ok
2026-09-12T19:50:01.1626245Z test_pair_hash_matches_frozen_feedback_payload_with_native_ties (test_sealed_historical_management_exit_inputs_v01.ExitInputsTests.test_pair_hash_matches_frozen_feedback_payload_with_native_ties) ... ok
2026-09-12T19:50:01.1702876Z test_partial_copy_failure_is_retained_and_never_frozen (test_sealed_historical_management_exit_inputs_v01.ExitInputsTests.test_partial_copy_failure_is_retained_and_never_frozen) ... ok
2026-09-12T19:50:01.1708958Z test_paths_traversal_absolute_duplicate_slashes_and_symlinks_rejected (test_sealed_historical_management_exit_inputs_v01.ExitInputsTests.test_paths_traversal_absolute_duplicate_slashes_and_symlinks_rejected) ... ok
2026-09-12T19:50:01.1785222Z test_reader_keeps_identical_payload_across_repeated_sell_decisions (test_sealed_historical_management_exit_inputs_v01.ExitInputsTests.test_reader_keeps_identical_payload_across_repeated_sell_decisions) ... ok
2026-09-12T19:50:01.1866164Z test_reader_returns_detached_data_and_detects_changed_source_before_access (test_sealed_historical_management_exit_inputs_v01.ExitInputsTests.test_reader_returns_detached_data_and_detects_changed_source_before_access) ... ok
2026-09-12T19:50:02.0820946Z test_registration_pins_verified_parent_and_closed_runtime (test_sealed_historical_management_exit_inputs_v01.ExitInputsTests.test_registration_pins_verified_parent_and_closed_runtime) ... ok
2026-09-12T19:50:02.0825924Z test_registration_rejects_altered_parent_even_if_resealed (test_sealed_historical_management_exit_inputs_v01.ExitInputsTests.test_registration_rejects_altered_parent_even_if_resealed) ... ok
2026-09-12T19:50:02.0828289Z test_reused_XAGE_keeps_original_long_request_and_ordinals (test_sealed_historical_management_exit_inputs_v01.ExitInputsTests.test_reused_XAGE_keeps_original_long_request_and_ordinals) ... ok
2026-09-12T19:50:02.0834300Z test_single_write_detects_short_write (test_sealed_historical_management_exit_inputs_v01.ExitInputsTests.test_single_write_detects_short_write) ... ok
2026-09-12T19:50:02.0902781Z test_source_file_changed_before_copy_is_rejected (test_sealed_historical_management_exit_inputs_v01.ExitInputsTests.test_source_file_changed_before_copy_is_rejected) ... ok
2026-09-12T19:50:02.0949731Z test_source_gate_rejects_missing_extra_and_wrong_archive_without_runtime (test_sealed_historical_management_exit_inputs_v01.ExitInputsTests.test_source_gate_rejects_missing_extra_and_wrong_archive_without_runtime) ... ok
2026-09-12T19:50:02.1012434Z test_unavailable_entry_remains_visible_and_cannot_be_rescued (test_sealed_historical_management_exit_inputs_v01.ExitInputsTests.test_unavailable_entry_remains_visible_and_cannot_be_rescued) ... ok
2026-09-12T19:50:02.1084804Z test_workflow_is_read_only_fixed_artifacts_and_has_no_provider_secrets (test_sealed_historical_management_exit_inputs_v01.ExitInputsTests.test_workflow_is_read_only_fixed_artifacts_and_has_no_provider_secrets) ... ok
2026-09-12T19:50:02.1147609Z test_wrong_opportunity_or_original_window_pin_is_rejected (test_sealed_historical_management_exit_inputs_v01.ExitInputsTests.test_wrong_opportunity_or_original_window_pin_is_rejected) ... ok
2026-09-12T19:50:03.1651640Z test_call_is_journaled_before_provider_and_failure_is_retained (test_sealed_historical_management_exit_quote_v01.HistoricalManagementExitQuoteTests.test_call_is_journaled_before_provider_and_failure_is_retained) ... ok
2026-09-12T19:50:03.1659736Z test_changed_request_is_rejected_before_client_call (test_sealed_historical_management_exit_quote_v01.HistoricalManagementExitQuoteTests.test_changed_request_is_rejected_before_client_call) ... ok
2026-09-12T19:50:03.1702627Z test_changed_time_or_extra_metadata_parameters_have_no_network_authority (test_sealed_historical_management_exit_quote_v01.HistoricalManagementExitQuoteTests.test_changed_time_or_extra_metadata_parameters_have_no_network_authority) ... ok
2026-09-12T19:50:03.1706070Z test_cli_full_sdk_path_and_preflight_failure_retain_exact_evidence (test_sealed_historical_management_exit_quote_v01.HistoricalManagementExitQuoteTests.test_cli_full_sdk_path_and_preflight_failure_retain_exact_evidence) ... skipped 'pinned SDK exercised by dedicated quote validation'
2026-09-12T19:50:03.1838096Z test_complete_quote_visits_every_method_once_and_preserves_nanos (test_sealed_historical_management_exit_quote_v01.HistoricalManagementExitQuoteTests.test_complete_quote_visits_every_method_once_and_preserves_nanos) ... ok
2026-09-12T19:50:03.1840610Z test_exact_registration_requires_all_eighty_requests (test_sealed_historical_management_exit_quote_v01.HistoricalManagementExitQuoteTests.test_exact_registration_requires_all_eighty_requests) ... ok
2026-09-12T19:50:03.1860265Z test_execution_is_parent_bound_and_rejects_reruns (test_sealed_historical_management_exit_quote_v01.HistoricalManagementExitQuoteTests.test_execution_is_parent_bound_and_rejects_reruns) ... ok
2026-09-12T19:50:03.2267473Z test_invalid_numeric_results_fail_closed (test_sealed_historical_management_exit_quote_v01.HistoricalManagementExitQuoteTests.test_invalid_numeric_results_fail_closed) ... ok
2026-09-12T19:50:04.1156823Z test_original_entry_list_and_reordered_or_reused_pairs_are_rejected (test_sealed_historical_management_exit_quote_v01.HistoricalManagementExitQuoteTests.test_original_entry_list_and_reordered_or_reused_pairs_are_rejected) ... ok
2026-09-12T19:50:04.1160150Z test_other_sdk_metadata_method_has_no_network_authority (test_sealed_historical_management_exit_quote_v01.HistoricalManagementExitQuoteTests.test_other_sdk_metadata_method_has_no_network_authority) ... skipped 'pinned SDK exercised by dedicated quote validation'
2026-09-12T19:50:04.1172593Z test_preflight_failure_is_explicit_and_zero_call (test_sealed_historical_management_exit_quote_v01.HistoricalManagementExitQuoteTests.test_preflight_failure_is_explicit_and_zero_call) ... ok
2026-09-12T19:50:04.1258466Z test_provider_errors_are_sanitized_no_retry_and_totals_unknown (test_sealed_historical_management_exit_quote_v01.HistoricalManagementExitQuoteTests.test_provider_errors_are_sanitized_no_retry_and_totals_unknown) ... ok
2026-09-12T19:50:04.9821241Z test_quote_gate_does_not_authorize_acquisition_or_historical_runtime (test_sealed_historical_management_exit_quote_v01.HistoricalManagementExitQuoteTests.test_quote_gate_does_not_authorize_acquisition_or_historical_runtime) ... ok
2026-09-12T19:50:04.9824892Z test_real_pinned_sdk_serializes_all_160_exact_http_requests (test_sealed_historical_management_exit_quote_v01.HistoricalManagementExitQuoteTests.test_real_pinned_sdk_serializes_all_160_exact_http_requests) ... skipped 'pinned SDK exercised by dedicated quote validation'
2026-09-12T19:50:05.0158457Z test_rehashed_report_identity_or_gate_tampering_is_rejected (test_sealed_historical_management_exit_quote_v01.HistoricalManagementExitQuoteTests.test_rehashed_report_identity_or_gate_tampering_is_rejected) ... ok
2026-09-12T19:50:05.8531015Z test_rehashed_reuse_receipt_cannot_replace_verified_bytes (test_sealed_historical_management_exit_quote_v01.HistoricalManagementExitQuoteTests.test_rehashed_reuse_receipt_cannot_replace_verified_bytes) ... ok
2026-09-12T19:50:06.6909328Z test_reuse_is_exact_xage_pair_and_preserves_original_unavailable_entries (test_sealed_historical_management_exit_quote_v01.HistoricalManagementExitQuoteTests.test_reuse_is_exact_xage_pair_and_preserves_original_unavailable_entries) ... ok
2026-09-12T19:50:06.7407187Z test_transport_behavior_is_inherited_without_mutating_ancestor_scope (test_sealed_historical_management_exit_quote_v01.HistoricalManagementExitQuoteTests.test_transport_behavior_is_inherited_without_mutating_ancestor_scope) ... ok
2026-09-12T19:50:06.7427768Z test_transport_detaches_caller_requests_and_journals_before_http (test_sealed_historical_management_exit_quote_v01.HistoricalManagementExitQuoteTests.test_transport_detaches_caller_requests_and_journals_before_http) ... ok
2026-09-12T19:50:06.7487905Z test_transport_redirect_http_and_oversized_response_fail_without_retry (test_sealed_historical_management_exit_quote_v01.HistoricalManagementExitQuoteTests.test_transport_redirect_http_and_oversized_response_fail_without_retry) ... ok
2026-09-12T19:50:06.7528614Z test_transport_rejects_other_endpoints_or_changed_symbols_before_network (test_sealed_historical_management_exit_quote_v01.HistoricalManagementExitQuoteTests.test_transport_rejects_other_endpoints_or_changed_symbols_before_network) ... ok
2026-09-12T19:50:06.7620950Z test_workflow_consumes_and_uploads_before_the_only_secret_step (test_sealed_historical_management_exit_quote_v01.HistoricalManagementExitQuoteTests.test_workflow_consumes_and_uploads_before_the_only_secret_step) ... ok
2026-09-12T19:50:06.7708504Z test_zero_size_is_unavailable_and_does_not_change_the_plan (test_sealed_historical_management_exit_quote_v01.HistoricalManagementExitQuoteTests.test_zero_size_is_unavailable_and_does_not_change_the_plan) ... ok
2026-09-12T19:50:07.6786673Z test_buy_only_cat_and_daily_rounding_increment_not_per_fill (test_sealed_historical_management_fee_reconciliation_v01.HistoricalFeeTests.test_buy_only_cat_and_daily_rounding_increment_not_per_fill) ... ok
2026-09-12T19:50:07.6794805Z test_canceled_zero_negative_fractional_shares_and_bad_prices_rejected (test_sealed_historical_management_fee_reconciliation_v01.HistoricalFeeTests.test_canceled_zero_negative_fractional_shares_and_bad_prices_rejected) ... ok
2026-09-12T19:50:07.6800553Z test_deterministic_precision_ignores_callers_decimal_context (test_sealed_historical_management_fee_reconciliation_v01.HistoricalFeeTests.test_deterministic_precision_ignores_callers_decimal_context) ... ok
2026-09-12T19:50:07.6807227Z test_duplicate_fill_and_duplicate_order_are_atomic (test_sealed_historical_management_fee_reconciliation_v01.HistoricalFeeTests.test_duplicate_fill_and_duplicate_order_are_atomic) ... ok
2026-09-12T19:50:07.6815711Z test_fee_book_clock_and_new_york_date (test_sealed_historical_management_fee_reconciliation_v01.HistoricalFeeTests.test_fee_book_clock_and_new_york_date) ... ok
2026-09-12T19:50:07.6818179Z test_historical_rates_are_explicit_and_do_not_use_2026_defaults (test_sealed_historical_management_fee_reconciliation_v01.HistoricalFeeTests.test_historical_rates_are_explicit_and_do_not_use_2026_defaults) ... ok
2026-09-12T19:50:07.6820773Z test_invalid_or_out_of_interval_dates_fail_closed (test_sealed_historical_management_fee_reconciliation_v01.HistoricalFeeTests.test_invalid_or_out_of_interval_dates_fail_closed) ... ok
2026-09-12T19:50:07.6827875Z test_july_boundary_uses_trade_date_not_invoice_month (test_sealed_historical_management_fee_reconciliation_v01.HistoricalFeeTests.test_july_boundary_uses_trade_date_not_invoice_month) ... ok
2026-09-12T19:50:07.6833866Z test_repeated_read_does_not_post_fees_twice (test_sealed_historical_management_fee_reconciliation_v01.HistoricalFeeTests.test_repeated_read_does_not_post_fees_twice) ... ok
2026-09-12T19:50:07.6844304Z test_sell_taf_and_cat_caps_are_per_trade_before_daily_rounding (test_sealed_historical_management_fee_reconciliation_v01.HistoricalFeeTests.test_sell_taf_and_cat_caps_are_per_trade_before_daily_rounding) ... ok
2026-09-12T19:50:07.7121208Z test_account_lock_persists_and_rejects_new_entry (test_sealed_historical_management_fee_reconciliation_v01.ReconciliationTests.test_account_lock_persists_and_rejects_new_entry) ... ok
2026-09-12T19:50:07.7274191Z test_bad_submission_and_failed_reconciliation_roll_back_entire_transition (test_sealed_historical_management_fee_reconciliation_v01.ReconciliationTests.test_bad_submission_and_failed_reconciliation_roll_back_entire_transition) ... ok
2026-09-12T19:50:07.7364524Z test_bar_completion_delegates_to_frozen_engine_without_account_changes (test_sealed_historical_management_fee_reconciliation_v01.ReconciliationTests.test_bar_completion_delegates_to_frozen_engine_without_account_changes) ... ok
2026-09-12T19:50:07.7715206Z test_both_frozen_execution_scenarios_preserve_closed_boundaries (test_sealed_historical_management_fee_reconciliation_v01.ReconciliationTests.test_both_frozen_execution_scenarios_preserve_closed_boundaries) ... ok
2026-09-12T19:50:07.7836772Z test_complete_target_moves_remaining_ledger_lots_to_breakeven (test_sealed_historical_management_fee_reconciliation_v01.ReconciliationTests.test_complete_target_moves_remaining_ledger_lots_to_breakeven) ... ok
2026-09-12T19:50:07.7914248Z test_entry_pins_and_wrong_account_scenario_fail_without_mutation (test_sealed_historical_management_fee_reconciliation_v01.ReconciliationTests.test_entry_pins_and_wrong_account_scenario_fail_without_mutation) ... ok
2026-09-12T19:50:07.8063909Z test_equal_time_trade_precedes_fill_then_settlement_is_idempotent (test_sealed_historical_management_fee_reconciliation_v01.ReconciliationTests.test_equal_time_trade_precedes_fill_then_settlement_is_idempotent) ... ok
2026-09-12T19:50:07.8239766Z test_exact_net_giveback_boundary_locks (test_sealed_historical_management_fee_reconciliation_v01.ReconciliationTests.test_exact_net_giveback_boundary_locks) ... ok
2026-09-12T19:50:07.8416064Z test_fee_inclusive_high_water_does_not_use_gross_intermediate_peak (test_sealed_historical_management_fee_reconciliation_v01.ReconciliationTests.test_fee_inclusive_high_water_does_not_use_gross_intermediate_peak) ... ok
2026-09-12T19:50:07.8583564Z test_fees_take_small_account_to_exact_daily_loss_boundary (test_sealed_historical_management_fee_reconciliation_v01.ReconciliationTests.test_fees_take_small_account_to_exact_daily_loss_boundary) ... ok
2026-09-12T19:50:07.8782233Z test_full_round_trip_updates_cash_shares_net_pnl_and_guards (test_sealed_historical_management_fee_reconciliation_v01.ReconciliationTests.test_full_round_trip_updates_cash_shares_net_pnl_and_guards) ... ok
2026-09-12T19:50:07.8820107Z test_imported_or_mutated_opening_ledger_rejected (test_sealed_historical_management_fee_reconciliation_v01.ReconciliationTests.test_imported_or_mutated_opening_ledger_rejected) ... ok
2026-09-12T19:50:07.8904799Z test_mutating_exported_state_and_ledger_cannot_change_account (test_sealed_historical_management_fee_reconciliation_v01.ReconciliationTests.test_mutating_exported_state_and_ledger_cannot_change_account) ... ok
2026-09-12T19:50:07.9033801Z test_no_concurrent_position_or_outstanding_ack_release (test_sealed_historical_management_fee_reconciliation_v01.ReconciliationTests.test_no_concurrent_position_or_outstanding_ack_release) ... ok
2026-09-12T19:50:07.9150793Z test_no_fee_cash_or_share_change_on_intent_or_submission (test_sealed_historical_management_fee_reconciliation_v01.ReconciliationTests.test_no_fee_cash_or_share_change_on_intent_or_submission) ... ok
2026-09-12T19:50:07.9280888Z test_one_share_has_no_target_or_breakeven (test_sealed_historical_management_fee_reconciliation_v01.ReconciliationTests.test_one_share_has_no_target_or_breakeven) ... ok
2026-09-12T19:50:07.9397515Z test_partial_target_keeps_original_stop_and_correct_open_risk (test_sealed_historical_management_fee_reconciliation_v01.ReconciliationTests.test_partial_target_keeps_original_stop_and_correct_open_risk) ... ok
2026-09-12T19:50:07.9591608Z test_partial_terminal_cannot_close_or_release_and_charges_actual_fills (test_sealed_historical_management_fee_reconciliation_v01.ReconciliationTests.test_partial_terminal_cannot_close_or_release_and_charges_actual_fills) ... ok
2026-09-12T19:50:07.9668739Z test_recomputed_entry_applies_only_filled_shares_and_entry_fee (test_sealed_historical_management_fee_reconciliation_v01.ReconciliationTests.test_recomputed_entry_applies_only_filled_shares_and_entry_fee) ... ok
2026-09-12T19:50:07.9950187Z test_second_position_cannot_use_reset_ledger_or_stale_pin (test_sealed_historical_management_fee_reconciliation_v01.ReconciliationTests.test_second_position_cannot_use_reset_ledger_or_stale_pin) ... ok
2026-09-12T19:50:08.0365844Z test_second_position_keeps_daily_fee_book_and_net_cash (test_sealed_historical_management_fee_reconciliation_v01.ReconciliationTests.test_second_position_keeps_daily_fee_book_and_net_cash) ... ok
2026-09-12T19:50:08.0524026Z test_zero_exit_fills_have_no_sale_fee_or_proceeds (test_sealed_historical_management_fee_reconciliation_v01.ReconciliationTests.test_zero_exit_fills_have_no_sale_fee_or_proceeds) ... ok
2026-09-12T19:50:09.0350574Z test_direct_cli_generates_synthetic_vectors_and_independent_report (test_sealed_historical_management_fee_reconciliation_v01.RegistrationTests.test_direct_cli_generates_synthetic_vectors_and_independent_report) ... ok
2026-09-12T19:50:09.3172248Z test_independent_checker_validates_vectors_and_rejects_rehashed_wrong_cash (test_sealed_historical_management_fee_reconciliation_v01.RegistrationTests.test_independent_checker_validates_vectors_and_rejects_rehashed_wrong_cash) ... ok
2026-09-12T19:50:09.3351199Z test_metadata_never_opens_market_tapes_or_executes_history (test_sealed_historical_management_fee_reconciliation_v01.RegistrationTests.test_metadata_never_opens_market_tapes_or_executes_history) ... ok
2026-09-12T19:50:09.3515795Z test_parent_source_and_implementation_mutations_fail (test_sealed_historical_management_fee_reconciliation_v01.RegistrationTests.test_parent_source_and_implementation_mutations_fail) ... ok
2026-09-12T19:50:09.3776055Z test_registration_and_complete_session_fee_map (test_sealed_historical_management_fee_reconciliation_v01.RegistrationTests.test_registration_and_complete_session_fee_map) ... ok
2026-09-12T19:50:09.4350391Z test_write_once_and_rehashed_metadata_still_fails_reconstruction (test_sealed_historical_management_fee_reconciliation_v01.RegistrationTests.test_write_once_and_rehashed_metadata_still_fails_reconstruction) ... ok
2026-09-12T19:50:09.4466723Z test_all_caller_evidence_pins_are_required (test_sealed_historical_management_fill_feedback_v01.FillFeedbackTests.test_all_caller_evidence_pins_are_required) ... ok
2026-09-12T19:50:09.4581754Z test_availability_reference_and_reason_must_match (test_sealed_historical_management_fill_feedback_v01.FillFeedbackTests.test_availability_reference_and_reason_must_match) ... ok
2026-09-12T19:50:09.4633413Z test_binding_recomputes_positive_fill_exact_event_and_does_not_mutate_ledger (test_sealed_historical_management_fill_feedback_v01.FillFeedbackTests.test_binding_recomputes_positive_fill_exact_event_and_does_not_mutate_ledger) ... ok
2026-09-12T19:50:09.4694516Z test_cancel_ack_boundary_does_not_supply_a_last_instant_fill (test_sealed_historical_management_fill_feedback_v01.FillFeedbackTests.test_cancel_ack_boundary_does_not_supply_a_last_instant_fill) ... ok
2026-09-12T19:50:09.4753751Z test_changed_intent_or_duplicate_submission_is_rejected (test_sealed_historical_management_fill_feedback_v01.FillFeedbackTests.test_changed_intent_or_duplicate_submission_is_rejected) ... ok
2026-09-12T19:50:12.2600328Z test_cli_verifies_offline_and_exposes_no_runtime_mode (test_sealed_historical_management_fill_feedback_v01.FillFeedbackTests.test_cli_verifies_offline_and_exposes_no_runtime_mode) ... ok
2026-09-12T19:50:12.2682725Z test_common_tape_cannot_change_between_exit_attempts (test_sealed_historical_management_fill_feedback_v01.FillFeedbackTests.test_common_tape_cannot_change_between_exit_attempts) ... ok
2026-09-12T19:50:12.2748254Z test_competing_stop_during_target_is_latched_without_overselling (test_sealed_historical_management_fill_feedback_v01.FillFeedbackTests.test_competing_stop_during_target_is_latched_without_overselling) ... ok
2026-09-12T19:50:12.2802610Z test_completed_red_bar_needs_a_subsequent_eligible_print (test_sealed_historical_management_fill_feedback_v01.FillFeedbackTests.test_completed_red_bar_needs_a_subsequent_eligible_print) ... ok
2026-09-12T19:50:12.2913985Z test_cross_profile_or_session_slot_substitution_rejected (test_sealed_historical_management_fill_feedback_v01.FillFeedbackTests.test_cross_profile_or_session_slot_substitution_rejected) ... ok
2026-09-12T19:50:12.2966918Z test_entry_timestamp_prints_are_excluded (test_sealed_historical_management_fill_feedback_v01.FillFeedbackTests.test_entry_timestamp_prints_are_excluded) ... ok
2026-09-12T19:50:12.3033108Z test_equal_time_print_precedes_fill_feedback (test_sealed_historical_management_fill_feedback_v01.FillFeedbackTests.test_equal_time_print_precedes_fill_feedback) ... ok
2026-09-12T19:50:13.1570538Z test_exact_population_dates_availability_and_all_path_references (test_sealed_historical_management_fill_feedback_v01.FillFeedbackTests.test_exact_population_dates_availability_and_all_path_references) ... ok
2026-09-12T19:50:13.1629473Z test_exit_capture_tail_cannot_extend_original_window (test_sealed_historical_management_fill_feedback_v01.FillFeedbackTests.test_exit_capture_tail_cannot_extend_original_window) ... ok
2026-09-12T19:50:13.1669646Z test_forged_plan_identity_rejected_after_all_outer_hashes_recomputed (test_sealed_historical_management_fill_feedback_v01.FillFeedbackTests.test_forged_plan_identity_rejected_after_all_outer_hashes_recomputed) ... ok
2026-09-12T19:50:13.1732814Z test_full_target_fill_moves_stop_only_at_known_fill_time (test_sealed_historical_management_fill_feedback_v01.FillFeedbackTests.test_full_target_fill_moves_stop_only_at_known_fill_time) ... ok
2026-09-12T19:50:13.9632198Z test_implementation_mutation_invalidates_registration (test_sealed_historical_management_fill_feedback_v01.FillFeedbackTests.test_implementation_mutation_invalidates_registration) ... ok
2026-09-12T19:50:13.9690424Z test_invalid_nanosecond_clock_is_rejected_without_advancing (test_sealed_historical_management_fill_feedback_v01.FillFeedbackTests.test_invalid_nanosecond_clock_is_rejected_without_advancing) ... ok
2026-09-12T19:50:13.9754277Z test_latched_initial_stop_is_not_relabelled_after_target_fill (test_sealed_historical_management_fill_feedback_v01.FillFeedbackTests.test_latched_initial_stop_is_not_relabelled_after_target_fill) ... ok
2026-09-12T19:50:13.9806158Z test_late_bar_cannot_create_signal_after_frozen_signal_window (test_sealed_historical_management_fill_feedback_v01.FillFeedbackTests.test_late_bar_cannot_create_signal_after_frozen_signal_window) ... ok
2026-09-12T19:50:13.9856732Z test_locked_account_cannot_create_accepted_binding (test_sealed_historical_management_fill_feedback_v01.FillFeedbackTests.test_locked_account_cannot_create_accepted_binding) ... ok
2026-09-12T19:50:14.8299273Z test_metadata_build_never_opens_tapes_or_executes_entries (test_sealed_historical_management_fill_feedback_v01.FillFeedbackTests.test_metadata_build_never_opens_tapes_or_executes_entries) ... ok
2026-09-12T19:50:14.8363800Z test_missing_fresh_sell_reference_cannot_use_SIP_target_as_limit (test_sealed_historical_management_fill_feedback_v01.FillFeedbackTests.test_missing_fresh_sell_reference_cannot_use_SIP_target_as_limit) ... ok
2026-09-12T19:50:14.8415021Z test_no_end_of_window_liquidation (test_sealed_historical_management_fill_feedback_v01.FillFeedbackTests.test_no_end_of_window_liquidation) ... ok
2026-09-12T19:50:14.8466791Z test_original_source_ordinals_and_native_ties_survive_fill_binding (test_sealed_historical_management_fill_feedback_v01.FillFeedbackTests.test_original_source_ordinals_and_native_ties_survive_fill_binding) ... ok
2026-09-12T19:50:14.8506189Z test_original_stop_and_decision_cannot_be_replaced (test_sealed_historical_management_fill_feedback_v01.FillFeedbackTests.test_original_stop_and_decision_cannot_be_replaced) ... ok
2026-09-12T19:50:14.8562415Z test_outstanding_intent_cannot_use_later_data_at_earlier_clock (test_sealed_historical_management_fill_feedback_v01.FillFeedbackTests.test_outstanding_intent_cannot_use_later_data_at_earlier_clock) ... ok
2026-09-12T19:50:14.8570464Z test_parent_mutation_is_rejected_even_if_child_would_be_rehashed (test_sealed_historical_management_fill_feedback_v01.FillFeedbackTests.test_parent_mutation_is_rejected_even_if_child_would_be_rehashed) ... ok
2026-09-12T19:50:14.8642548Z test_partial_final_exit_remains_open_unresolved_without_automatic_retry (test_sealed_historical_management_fill_feedback_v01.FillFeedbackTests.test_partial_final_exit_remains_open_unresolved_without_automatic_retry) ... ok
2026-09-12T19:50:14.8705577Z test_partial_target_keeps_stop_and_reserves_unfilled_tranche_until_ack (test_sealed_historical_management_fill_feedback_v01.FillFeedbackTests.test_partial_target_keeps_stop_and_reserves_unfilled_tranche_until_ack) ... ok
2026-09-12T19:50:14.8767227Z test_previously_consumed_liquidity_cannot_be_spent_again (test_sealed_historical_management_fill_feedback_v01.FillFeedbackTests.test_previously_consumed_liquidity_cannot_be_spent_again) ... ok
2026-09-12T19:50:15.6714558Z test_registration_pins_completed_parent_and_closed_historical_boundary (test_sealed_historical_management_fill_feedback_v01.FillFeedbackTests.test_registration_pins_completed_parent_and_closed_historical_boundary) ... ok
2026-09-12T19:50:15.6780616Z test_repeated_feedback_cannot_duplicate_sell_fills_or_acknowledgments (test_sealed_historical_management_fill_feedback_v01.FillFeedbackTests.test_repeated_feedback_cannot_duplicate_sell_fills_or_acknowledgments) ... ok
2026-09-12T19:50:15.6863529Z test_risk_limits_and_initial_seed_are_not_caller_options (test_sealed_historical_management_fill_feedback_v01.FillFeedbackTests.test_risk_limits_and_initial_seed_are_not_caller_options) ... ok
2026-09-12T19:50:15.6909310Z test_second_entry_or_add_campaign_is_explicitly_unsupported (test_sealed_historical_management_fill_feedback_v01.FillFeedbackTests.test_second_entry_or_add_campaign_is_explicitly_unsupported) ... ok
2026-09-12T19:50:16.1852942Z test_seeded_synthetic_partial_paths_conserve_shares_in_both_scenarios (test_sealed_historical_management_fill_feedback_v01.FillFeedbackTests.test_seeded_synthetic_partial_paths_conserve_shares_in_both_scenarios) ... ok
2026-09-12T19:50:16.1913289Z test_sell_fill_uses_executable_bid_even_when_it_differs_from_SIP_target (test_sealed_historical_management_fill_feedback_v01.FillFeedbackTests.test_sell_fill_uses_executable_bid_even_when_it_differs_from_SIP_target) ... ok
2026-09-12T19:50:16.1963546Z test_small_account_uses_its_frozen_risk_capacity (test_sealed_historical_management_fill_feedback_v01.FillFeedbackTests.test_small_account_uses_its_frozen_risk_capacity) ... ok
2026-09-12T19:50:16.2028156Z test_snapshot_copies_and_event_hash_chain_preserve_evidence (test_sealed_historical_management_fill_feedback_v01.FillFeedbackTests.test_snapshot_copies_and_event_hash_chain_preserve_evidence) ... ok
2026-09-12T19:50:16.2080953Z test_source_conditions_unknown_codes_and_clean_odd_lots (test_sealed_historical_management_fill_feedback_v01.FillFeedbackTests.test_source_conditions_unknown_codes_and_clean_odd_lots) ... ok
2026-09-12T19:50:16.2137301Z test_source_order_and_clock_reversal_rejected_without_state_mutation (test_sealed_historical_management_fill_feedback_v01.FillFeedbackTests.test_source_order_and_clock_reversal_rejected_without_state_mutation) ... ok
2026-09-12T19:50:16.2189561Z test_stop_has_priority_over_completed_red_and_target (test_sealed_historical_management_fill_feedback_v01.FillFeedbackTests.test_stop_has_priority_over_completed_red_and_target) ... ok
2026-09-12T19:50:16.2331779Z test_target_then_terminal_fills_close_exact_shares_at_quote_prices (test_sealed_historical_management_fill_feedback_v01.FillFeedbackTests.test_target_then_terminal_fills_close_exact_shares_at_quote_prices) ... ok
2026-09-12T19:50:16.2391349Z test_touch_and_pending_execution_do_not_activate_breakeven (test_sealed_historical_management_fill_feedback_v01.FillFeedbackTests.test_touch_and_pending_execution_do_not_activate_breakeven) ... ok
2026-09-12T19:50:16.2430590Z test_unavailable_entry_never_promoted_by_management_data (test_sealed_historical_management_fill_feedback_v01.FillFeedbackTests.test_unavailable_entry_never_promoted_by_management_data) ... ok
2026-09-12T19:50:16.2517295Z test_unknown_status_or_missing_quote_is_not_inferred (test_sealed_historical_management_fill_feedback_v01.FillFeedbackTests.test_unknown_status_or_missing_quote_is_not_inferred) ... ok
2026-09-12T19:50:16.2728207Z test_whole_share_rounding_and_one_share_target_behavior (test_sealed_historical_management_fill_feedback_v01.FillFeedbackTests.test_whole_share_rounding_and_one_share_target_behavior) ... ok
2026-09-12T19:50:16.2763499Z test_workflow_is_read_only_pinned_without_provider_credentials (test_sealed_historical_management_fill_feedback_v01.FillFeedbackTests.test_workflow_is_read_only_pinned_without_provider_credentials) ... ok
2026-09-12T19:50:18.7737256Z test_write_once_and_rehashed_metadata_cannot_pass_reconstruction (test_sealed_historical_management_fill_feedback_v01.FillFeedbackTests.test_write_once_and_rehashed_metadata_cannot_pass_reconstruction) ... ok
2026-09-12T19:50:21.2274772Z test_wrong_output_symlink_and_extra_inventory_fail (test_sealed_historical_management_fill_feedback_v01.FillFeedbackTests.test_wrong_output_symlink_and_extra_inventory_fail) ... ok
2026-09-12T19:50:21.2339600Z test_zero_final_fill_remains_open (test_sealed_historical_management_fill_feedback_v01.FillFeedbackTests.test_zero_final_fill_remains_open) ... ok
2026-09-12T19:50:21.2390421Z test_zero_liquidity_does_not_become_an_entry_receipt (test_sealed_historical_management_fill_feedback_v01.FillFeedbackTests.test_zero_liquidity_does_not_become_an_entry_receipt) ... ok
2026-09-12T19:50:21.2451358Z test_zero_target_fill_does_not_move_stop_or_reduce_position (test_sealed_historical_management_fill_feedback_v01.FillFeedbackTests.test_zero_target_fill_does_not_move_stop_or_reduce_position) ... ok
2026-09-12T19:50:21.2691679Z test_bundle_tamper_or_extra_file_cannot_match_committed_metadata (test_sealed_historical_management_inputs_v01.ManagementInputsTests.test_bundle_tamper_or_extra_file_cannot_match_committed_metadata) ... ok
2026-09-12T19:50:22.6828250Z test_cli_registration_runs_with_early_offline_guard (test_sealed_historical_management_inputs_v01.ManagementInputsTests.test_cli_registration_runs_with_early_offline_guard) ... ok
2026-09-12T19:50:22.6842426Z test_complete_compressor_is_written_once_and_synced_after_finalization (test_sealed_historical_management_inputs_v01.ManagementInputsTests.test_complete_compressor_is_written_once_and_synced_after_finalization) ... ok
2026-09-12T19:50:22.6866060Z test_composition_copies_bytes_and_maps_original_ordinals_including_ties (test_sealed_historical_management_inputs_v01.ManagementInputsTests.test_composition_copies_bytes_and_maps_original_ordinals_including_ties) ... ok
2026-09-12T19:50:22.6921312Z test_composition_failure_keeps_partial_evidence_without_success_manifest (test_sealed_historical_management_inputs_v01.ManagementInputsTests.test_composition_failure_keeps_partial_evidence_without_success_manifest) ... ok
2026-09-12T19:50:22.6956161Z test_compression_is_deterministic_and_does_not_embed_path_or_timestamp (test_sealed_historical_management_inputs_v01.ManagementInputsTests.test_compression_is_deterministic_and_does_not_embed_path_or_timestamp) ... ok
2026-09-12T19:50:22.6966514Z test_empty_and_source_ordinal_type_errors_fail (test_sealed_historical_management_inputs_v01.ManagementInputsTests.test_empty_and_source_ordinal_type_errors_fail) ... ok
2026-09-12T19:50:22.6985949Z test_empty_complete_resources_keep_receipts_and_valid_empty_tapes (test_sealed_historical_management_inputs_v01.ManagementInputsTests.test_empty_complete_resources_keep_receipts_and_valid_empty_tapes) ... ok
2026-09-12T19:50:22.7278595Z test_end_to_end_build_freeze_reader_and_complete_reconstruction (test_sealed_historical_management_inputs_v01.ManagementInputsTests.test_end_to_end_build_freeze_reader_and_complete_reconstruction) ... ok
2026-09-12T19:50:22.7281696Z test_exact_10am_join_preserves_nanosecond_endpoints (test_sealed_historical_management_inputs_v01.ManagementInputsTests.test_exact_10am_join_preserves_nanosecond_endpoints) ... ok
2026-09-12T19:50:22.7284658Z test_exact_112_resources_use_122_disjoint_segments_and_all_ten_tails (test_sealed_historical_management_inputs_v01.ManagementInputsTests.test_exact_112_resources_use_122_disjoint_segments_and_all_ten_tails) ... ok
2026-09-12T19:50:22.7291344Z test_existing_composition_and_repo_input_targets_are_rejected_before_source_access (test_sealed_historical_management_inputs_v01.ManagementInputsTests.test_existing_composition_and_repo_input_targets_are_rejected_before_source_access) ... ok
2026-09-12T19:50:22.7366849Z test_final_file_change_cannot_be_sealed_as_a_successful_inventory (test_sealed_historical_management_inputs_v01.ManagementInputsTests.test_final_file_change_cannot_be_sealed_as_a_successful_inventory) ... ok
2026-09-12T19:50:22.7378979Z test_gap_overlap_extension_reversal_and_float_boundaries_fail (test_sealed_historical_management_inputs_v01.ManagementInputsTests.test_gap_overlap_extension_reversal_and_float_boundaries_fail) ... ok
2026-09-12T19:50:22.7425879Z test_hosted_workflow_has_no_market_credentials_or_capture_and_checks_committed_freeze (test_sealed_historical_management_inputs_v01.ManagementInputsTests.test_hosted_workflow_has_no_market_credentials_or_capture_and_checks_committed_freeze) ... ok
2026-09-12T19:50:22.7672002Z test_omitted_or_reordered_resource_receipts_do_not_create_readiness (test_sealed_historical_management_inputs_v01.ManagementInputsTests.test_omitted_or_reordered_resource_receipts_do_not_create_readiness) ... ok
2026-09-12T19:50:22.7869957Z test_opportunity_index_preserves_109_identities_23_unavailable_and_all_30_dates (test_sealed_historical_management_inputs_v01.ManagementInputsTests.test_opportunity_index_preserves_109_identities_23_unavailable_and_all_30_dates) ... ok
2026-09-12T19:50:22.7873295Z test_parent_audit_edit_cannot_be_resealed (test_sealed_historical_management_inputs_v01.ManagementInputsTests.test_parent_audit_edit_cannot_be_resealed) ... ok
2026-09-12T19:50:22.8164677Z test_parent_counts_predict_all_rows_without_reclassifying_prints (test_sealed_historical_management_inputs_v01.ManagementInputsTests.test_parent_counts_predict_all_rows_without_reclassifying_prints) ... ok
2026-09-12T19:50:22.8208790Z test_raw_minute_bars_reject_unaligned_or_repeated_timestamps (test_sealed_historical_management_inputs_v01.ManagementInputsTests.test_raw_minute_bars_reject_unaligned_or_repeated_timestamps) ... ok
2026-09-12T19:50:22.8245555Z test_reader_clips_shared_window_and_preserves_tail_source_ordinals (test_sealed_historical_management_inputs_v01.ManagementInputsTests.test_reader_clips_shared_window_and_preserves_tail_source_ordinals) ... ok
2026-09-12T19:50:22.8279517Z test_reader_handles_empty_prefix_and_returns_independent_opportunity_copies (test_sealed_historical_management_inputs_v01.ManagementInputsTests.test_reader_handles_empty_prefix_and_returns_independent_opportunity_copies) ... ok
2026-09-12T19:50:22.8317671Z test_reader_rejects_unknown_opportunity_resource_and_changed_tape (test_sealed_historical_management_inputs_v01.ManagementInputsTests.test_reader_rejects_unknown_opportunity_resource_and_changed_tape) ... ok
2026-09-12T19:50:22.8326761Z test_reader_requires_external_manifest_pin_even_for_resealed_metadata (test_sealed_historical_management_inputs_v01.ManagementInputsTests.test_reader_requires_external_manifest_pin_even_for_resealed_metadata) ... ok
2026-09-12T19:50:23.6685025Z test_registration_binds_verified_capture_parent_without_runtime_authority (test_sealed_historical_management_inputs_v01.ManagementInputsTests.test_registration_binds_verified_capture_parent_without_runtime_authority) ... ok
2026-09-12T19:50:23.6714351Z test_resealed_file_inventory_does_not_override_original_logical_receipt (test_sealed_historical_management_inputs_v01.ManagementInputsTests.test_resealed_file_inventory_does_not_override_original_logical_receipt) ... ok
2026-09-12T19:50:23.6752952Z test_source_order_and_parent_selection_commitment_cannot_change (test_sealed_historical_management_inputs_v01.ManagementInputsTests.test_source_order_and_parent_selection_commitment_cannot_change) ... ok
2026-09-12T19:50:23.6792914Z test_source_verification_rejects_missing_or_wrong_archives_before_reconstruction (test_sealed_historical_management_inputs_v01.ManagementInputsTests.test_source_verification_rejects_missing_or_wrong_archives_before_reconstruction) ... ok
2026-09-12T19:50:23.6813133Z test_tail_cannot_copy_an_event_at_exact_exclusive_end (test_sealed_historical_management_inputs_v01.ManagementInputsTests.test_tail_cannot_copy_an_event_at_exact_exclusive_end) ... ok
2026-09-12T19:50:23.6838036Z test_tape_path_traversal_and_symlink_parent_fail_before_write (test_sealed_historical_management_inputs_v01.ManagementInputsTests.test_tape_path_traversal_and_symlink_parent_fail_before_write) ... ok
2026-09-12T19:50:23.6860347Z test_truncated_source_cannot_supply_missing_selected_records (test_sealed_historical_management_inputs_v01.ManagementInputsTests.test_truncated_source_cannot_supply_missing_selected_records) ... ok
2026-09-12T19:50:23.9317746Z test_all_frozen_conditions_and_pairs_match_micro_eligibility (test_sealed_historical_management_projection_v01.ManagementProjectionTests.test_all_frozen_conditions_and_pairs_match_micro_eligibility) ... ok
2026-09-12T19:50:23.9320582Z test_all_same_fill_timestamp_prints_are_excluded (test_sealed_historical_management_projection_v01.ManagementProjectionTests.test_all_same_fill_timestamp_prints_are_excluded) ... ok
2026-09-12T19:50:23.9323074Z test_bar_closing_at_fill_is_excluded (test_sealed_historical_management_projection_v01.ManagementProjectionTests.test_bar_closing_at_fill_is_excluded) ... ok
2026-09-12T19:50:23.9326062Z test_breakeven_stop_beats_completed_red (test_sealed_historical_management_projection_v01.ManagementProjectionTests.test_breakeven_stop_beats_completed_red) ... ok
2026-09-12T19:50:27.2197575Z test_bundle_is_deterministic_write_once_and_tamper_evident (test_sealed_historical_management_projection_v01.ManagementProjectionTests.test_bundle_is_deterministic_write_once_and_tamper_evident) ... ok
2026-09-12T19:50:27.2200483Z test_clean_odd_lot_is_transaction_only (test_sealed_historical_management_projection_v01.ManagementProjectionTests.test_clean_odd_lot_is_transaction_only) ... ok
2026-09-12T19:50:28.7241492Z test_cli_is_offline_metadata_only_and_has_no_historical_run_mode (test_sealed_historical_management_projection_v01.ManagementProjectionTests.test_cli_is_offline_metadata_only_and_has_no_historical_run_mode) ... ok
2026-09-12T19:50:28.7245649Z test_completed_red_beats_target_at_exact_close (test_sealed_historical_management_projection_v01.ManagementProjectionTests.test_completed_red_beats_target_at_exact_close) ... ok
2026-09-12T19:50:28.7247128Z test_empty_path_is_not_liquidated (test_sealed_historical_management_projection_v01.ManagementProjectionTests.test_empty_path_is_not_liquidated) ... ok
2026-09-12T19:50:28.7251766Z test_equal_timestamp_source_order_preserved (test_sealed_historical_management_projection_v01.ManagementProjectionTests.test_equal_timestamp_source_order_preserved) ... ok
2026-09-12T19:50:28.7254121Z test_existing_float_target_rounding_is_not_reinterpreted (test_sealed_historical_management_projection_v01.ManagementProjectionTests.test_existing_float_target_rounding_is_not_reinterpreted) ... ok
2026-09-12T19:50:28.7256489Z test_exit_envelope_exact_nanoseconds_and_midnight (test_sealed_historical_management_projection_v01.ManagementProjectionTests.test_exit_envelope_exact_nanoseconds_and_midnight) ... ok
2026-09-12T19:50:28.7258272Z test_exit_tail_edge_censored_without_window_extension (test_sealed_historical_management_projection_v01.ManagementProjectionTests.test_exit_tail_edge_censored_without_window_extension) ... ok
2026-09-12T19:50:28.7260367Z test_frozen_signal_tail_and_exit_capture_constants_match (test_sealed_historical_management_projection_v01.ManagementProjectionTests.test_frozen_signal_tail_and_exit_capture_constants_match) ... ok
2026-09-12T19:50:28.7262149Z test_full_input_is_validated_even_after_terminal_proxy (test_sealed_historical_management_projection_v01.ManagementProjectionTests.test_full_input_is_validated_even_after_terminal_proxy) ... ok
2026-09-12T19:50:29.5332792Z test_implementation_mutation_invalidates_registration (test_sealed_historical_management_projection_v01.ManagementProjectionTests.test_implementation_mutation_invalidates_registration) ... ok
2026-09-12T19:50:29.5336588Z test_inputs_not_mutated_and_outputs_detached (test_sealed_historical_management_projection_v01.ManagementProjectionTests.test_inputs_not_mutated_and_outputs_detached) ... ok
2026-09-12T19:50:29.5340429Z test_invalid_fill_and_stop_fail_closed (test_sealed_historical_management_projection_v01.ManagementProjectionTests.test_invalid_fill_and_stop_fail_closed) ... ok
2026-09-12T19:50:29.5345865Z test_lineage_and_timestamp_tampering_fail_closed (test_sealed_historical_management_projection_v01.ManagementProjectionTests.test_lineage_and_timestamp_tampering_fail_closed) ... ok
2026-09-12T19:50:30.3272756Z test_metadata_preserves_full_population_without_running_primitive (test_sealed_historical_management_projection_v01.ManagementProjectionTests.test_metadata_preserves_full_population_without_running_primitive) ... ok
2026-09-12T19:50:30.3275281Z test_new_source_segment_can_restart_source_ordinal (test_sealed_historical_management_projection_v01.ManagementProjectionTests.test_new_source_segment_can_restart_source_ordinal) ... ok
2026-09-12T19:50:30.3277541Z test_no_post_terminal_red_metadata (test_sealed_historical_management_projection_v01.ManagementProjectionTests.test_no_post_terminal_red_metadata) ... ok
2026-09-12T19:50:30.3279644Z test_one_nanosecond_after_fill_can_trigger (test_sealed_historical_management_projection_v01.ManagementProjectionTests.test_one_nanosecond_after_fill_can_trigger) ... ok
2026-09-12T19:50:30.3281785Z test_original_window_required (test_sealed_historical_management_projection_v01.ManagementProjectionTests.test_original_window_required) ... ok
2026-09-12T19:50:30.3286782Z test_parent_mutation_cannot_be_resealed (test_sealed_historical_management_projection_v01.ManagementProjectionTests.test_parent_mutation_cannot_be_resealed) ... ok
2026-09-12T19:50:30.3289099Z test_pending_red_without_following_eligible_print_stays_open (test_sealed_historical_management_projection_v01.ManagementProjectionTests.test_pending_red_without_following_eligible_print_stays_open) ... ok
2026-09-12T19:50:31.4959133Z test_randomized_synthetic_leg_parity_with_frozen_external_fill_engine (test_sealed_historical_management_projection_v01.ManagementProjectionTests.test_randomized_synthetic_leg_parity_with_frozen_external_fill_engine) ... ok
2026-09-12T19:50:31.4961586Z test_red_not_visible_at_bar_start_or_before_close (test_sealed_historical_management_projection_v01.ManagementProjectionTests.test_red_not_visible_at_bar_start_or_before_close) ... ok
2026-09-12T19:50:32.3144275Z test_registration_binds_verified_parent_and_keeps_runtime_closed (test_sealed_historical_management_projection_v01.ManagementProjectionTests.test_registration_binds_verified_parent_and_keeps_runtime_closed) ... ok
2026-09-12T19:50:32.3150318Z test_repeated_target_prints_cannot_sell_extra_fraction (test_sealed_historical_management_projection_v01.ManagementProjectionTests.test_repeated_target_prints_cannot_sell_extra_fraction) ... ok
2026-09-12T19:50:32.3153481Z test_scenario_requirements_equal_frozen_execution_policies (test_sealed_historical_management_projection_v01.ManagementProjectionTests.test_scenario_requirements_equal_frozen_execution_policies) ... ok
2026-09-12T19:50:32.3156393Z test_signal_end_is_inclusive_but_next_bar_close_is_excluded (test_sealed_historical_management_projection_v01.ManagementProjectionTests.test_signal_end_is_inclusive_but_next_bar_close_is_excluded) ... ok
2026-09-12T19:50:32.3159061Z test_source_window_end_exclusive_and_start_inclusive (test_sealed_historical_management_projection_v01.ManagementProjectionTests.test_source_window_end_exclusive_and_start_inclusive) ... ok
2026-09-12T19:50:32.3161628Z test_stop_and_target_continue_through_original_tail (test_sealed_historical_management_projection_v01.ManagementProjectionTests.test_stop_and_target_continue_through_original_tail) ... ok
2026-09-12T19:50:32.3163759Z test_stop_beats_completed_red (test_sealed_historical_management_projection_v01.ManagementProjectionTests.test_stop_beats_completed_red) ... ok
2026-09-12T19:50:32.3166130Z test_target_gap_retains_target_proxy_and_observed_source_price (test_sealed_historical_management_projection_v01.ManagementProjectionTests.test_target_gap_retains_target_proxy_and_observed_source_price) ... ok
2026-09-12T19:50:32.3168271Z test_unavailable_entry_is_never_repaired_by_management (test_sealed_historical_management_projection_v01.ManagementProjectionTests.test_unavailable_entry_is_never_repaired_by_management) ... ok
2026-09-12T19:50:32.3170926Z test_unknown_or_disqualified_odd_lot_cannot_trigger (test_sealed_historical_management_projection_v01.ManagementProjectionTests.test_unknown_or_disqualified_odd_lot_cannot_trigger) ... ok
2026-09-12T19:50:32.3173178Z test_unsorted_or_duplicate_bars_fail_closed (test_sealed_historical_management_projection_v01.ManagementProjectionTests.test_unsorted_or_duplicate_bars_fail_closed) ... ok
2026-09-12T19:50:32.3178543Z test_unsorted_prints_or_noncanonical_rows_fail_closed (test_sealed_historical_management_projection_v01.ManagementProjectionTests.test_unsorted_prints_or_noncanonical_rows_fail_closed) ... ok
2026-09-12T19:50:32.3211835Z test_workflow_is_read_only_offline_and_hash_locked (test_sealed_historical_management_projection_v01.ManagementProjectionTests.test_workflow_is_read_only_offline_and_hash_locked) ... ok
2026-09-12T19:50:32.3220001Z test_wrong_repository_output_and_symlink_rejected (test_sealed_historical_management_projection_v01.ManagementProjectionTests.test_wrong_repository_output_and_symlink_rejected) ... ok
2026-09-12T19:50:32.3222224Z test_zero_size_retains_frozen_price_eligibility_without_new_filter (test_sealed_historical_management_projection_v01.ManagementProjectionTests.test_zero_size_retains_frozen_price_eligibility_without_new_filter) ... ok
2026-09-12T19:50:32.3577344Z test_all_56_windows_and_109_opportunities_remain_with_51_full_envelopes (test_sealed_historical_management_reuse_v01.ManagementReuseTests.test_all_56_windows_and_109_opportunities_remain_with_51_full_envelopes) ... ok
2026-09-12T19:50:32.3589123Z test_changed_archive_is_rejected_before_reading_rows (test_sealed_historical_management_reuse_v01.ManagementReuseTests.test_changed_archive_is_rejected_before_reading_rows) ... ok
2026-09-12T19:50:33.6788982Z test_cli_registration_succeeds_under_offline_audit_guard (test_sealed_historical_management_reuse_v01.ManagementReuseTests.test_cli_registration_succeeds_under_offline_audit_guard) ... ok
2026-09-12T19:50:33.6808733Z test_each_retained_file_hash_is_checked (test_sealed_historical_management_reuse_v01.ManagementReuseTests.test_each_retained_file_hash_is_checked) ... ok
2026-09-12T19:50:33.6821916Z test_full_tape_logical_hash_is_checked_even_without_selected_rows (test_sealed_historical_management_reuse_v01.ManagementReuseTests.test_full_tape_logical_hash_is_checked_even_without_selected_rows) ... ok
2026-09-12T19:50:33.6842995Z test_incomplete_ledger_is_rejected_even_with_rehashed_inventory (test_sealed_historical_management_reuse_v01.ManagementReuseTests.test_incomplete_ledger_is_rejected_even_with_rehashed_inventory) ... ok
2026-09-12T19:50:33.6845908Z test_interval_partition_rejects_float_boolean_and_reversed_bounds (test_sealed_historical_management_reuse_v01.ManagementReuseTests.test_interval_partition_rejects_float_boolean_and_reversed_bounds) ... ok
2026-09-12T19:50:33.6847448Z test_interval_partition_unions_touching_and_overlapping_sources (test_sealed_historical_management_reuse_v01.ManagementReuseTests.test_interval_partition_unions_touching_and_overlapping_sources) ... ok
2026-09-12T19:50:33.6857251Z test_missing_tails_are_exact_and_include_unavailable_jva (test_sealed_historical_management_reuse_v01.ManagementReuseTests.test_missing_tails_are_exact_and_include_unavailable_jva) ... ok
2026-09-12T19:50:33.6868511Z test_no_observed_row_does_not_shrink_the_verified_request_envelope (test_sealed_historical_management_reuse_v01.ManagementReuseTests.test_no_observed_row_does_not_shrink_the_verified_request_envelope) ... ok
2026-09-12T19:50:33.6890286Z test_noncanonical_selected_row_cannot_be_silently_repaired (test_sealed_historical_management_reuse_v01.ManagementReuseTests.test_noncanonical_selected_row_cannot_be_silently_repaired) ... ok
2026-09-12T19:50:33.6896763Z test_output_cannot_overwrite_parent_or_follow_symlink (test_sealed_historical_management_reuse_v01.ManagementReuseTests.test_output_cannot_overwrite_parent_or_follow_symlink) ... ok
2026-09-12T19:50:33.6898501Z test_partition_preserves_nanosecond_gaps (test_sealed_historical_management_reuse_v01.ManagementReuseTests.test_partition_preserves_nanosecond_gaps) ... ok
2026-09-12T19:50:34.5374049Z test_registration_preserves_account_seed_parent_and_all_closed_gates (test_sealed_historical_management_reuse_v01.ManagementReuseTests.test_registration_preserves_account_seed_parent_and_all_closed_gates) ... ok
2026-09-12T19:50:34.5477439Z test_required_selected_fields_are_normalized_fail_closed (test_sealed_historical_management_reuse_v01.ManagementReuseTests.test_required_selected_fields_are_normalized_fail_closed) ... ok
2026-09-12T19:50:34.5501115Z test_selected_rows_preserve_order_nanoseconds_and_unfiltered_conditions (test_sealed_historical_management_reuse_v01.ManagementReuseTests.test_selected_rows_preserve_order_nanoseconds_and_unfiltered_conditions) ... ok
2026-09-12T19:50:34.5620277Z test_source_normalization_preserves_management_bar_and_trade_projection_inputs (test_sealed_historical_management_reuse_v01.ManagementReuseTests.test_source_normalization_preserves_management_bar_and_trade_projection_inputs) ... ok
2026-09-12T19:50:34.5642670Z test_source_order_is_not_silently_sorted (test_sealed_historical_management_reuse_v01.ManagementReuseTests.test_source_order_is_not_silently_sorted) ... ok
2026-09-12T19:50:37.7454581Z test_synthetic_full_population_roundtrip_write_once_and_tamper_detection (test_sealed_historical_management_reuse_v01.ManagementReuseTests.test_synthetic_full_population_roundtrip_write_once_and_tamper_detection) ... ok
2026-09-12T19:50:40.8686883Z test_unregistered_request_or_invalid_pagination_fails (test_sealed_historical_management_reuse_v01.ManagementReuseTests.test_unregistered_request_or_invalid_pagination_fails) ... ok
2026-09-12T19:50:40.8693228Z test_unsafe_or_duplicate_archive_members_are_rejected (test_sealed_historical_management_reuse_v01.ManagementReuseTests.test_unsafe_or_duplicate_archive_members_are_rejected) ... ok
2026-09-12T19:50:42.4406241Z test_wire_urls_preserve_exact_bounds_raw_sip_identity_and_opaque_tokens (test_sealed_historical_management_reuse_v01.ManagementReuseTests.test_wire_urls_preserve_exact_bounds_raw_sip_identity_and_opaque_tokens) ... ok
2026-09-12T19:50:42.4425181Z test_wrong_request_identity_is_rejected (test_sealed_historical_management_reuse_v01.ManagementReuseTests.test_wrong_request_identity_is_rejected) ... ok
2026-09-12T19:50:42.4510320Z test_all_same_time_native_prints_precede_feedback (test_sealed_historical_management_runner_v01.RunnerMechanicsTests.test_all_same_time_native_prints_precede_feedback) ... ok
2026-09-12T19:50:42.4590148Z test_bar_cannot_signal_before_its_close (test_sealed_historical_management_runner_v01.RunnerMechanicsTests.test_bar_cannot_signal_before_its_close) ... ok
2026-09-12T19:50:42.5271351Z test_both_scenarios_and_small_odd_share_positions (test_sealed_historical_management_runner_v01.RunnerMechanicsTests.test_both_scenarios_and_small_odd_share_positions) ... ok
2026-09-12T19:50:42.5362077Z test_competing_stop_latches_until_ack_and_next_eligible_print (test_sealed_historical_management_runner_v01.RunnerMechanicsTests.test_competing_stop_latches_until_ack_and_next_eligible_print) ... ok
2026-09-12T19:50:42.5436549Z test_completed_bar_precedes_same_time_print (test_sealed_historical_management_runner_v01.RunnerMechanicsTests.test_completed_bar_precedes_same_time_print) ... ok
2026-09-12T19:50:42.5592534Z test_delayed_quote_fill_is_applied_at_its_receive_clock (test_sealed_historical_management_runner_v01.RunnerMechanicsTests.test_delayed_quote_fill_is_applied_at_its_receive_clock) ... ok
2026-09-12T19:50:42.5650847Z test_empty_streams_do_not_invent_liquidation (test_sealed_historical_management_runner_v01.RunnerMechanicsTests.test_empty_streams_do_not_invent_liquidation) ... ok
2026-09-12T19:50:42.5710977Z test_entry_time_print_is_excluded (test_sealed_historical_management_runner_v01.RunnerMechanicsTests.test_entry_time_print_is_excluded) ... ok
2026-09-12T19:50:42.5787348Z test_equal_time_target_fill_cannot_retroactively_create_breakeven_signal (test_sealed_historical_management_runner_v01.RunnerMechanicsTests.test_equal_time_target_fill_cannot_retroactively_create_breakeven_signal) ... ok
2026-09-12T19:50:42.5900183Z test_exact_group_tape_and_stream_pins_are_required (test_sealed_historical_management_runner_v01.RunnerMechanicsTests.test_exact_group_tape_and_stream_pins_are_required) ... ok
2026-09-12T19:50:42.5949350Z test_exit_evidence_cannot_replace_original_entry_evidence (test_sealed_historical_management_runner_v01.RunnerMechanicsTests.test_exit_evidence_cannot_replace_original_entry_evidence) ... ok
2026-09-12T19:50:42.6098073Z test_incomplete_or_tampered_stream_cannot_return_success (test_sealed_historical_management_runner_v01.RunnerMechanicsTests.test_incomplete_or_tampered_stream_cannot_return_success) ... ok
2026-09-12T19:50:42.6239130Z test_input_and_output_are_detached_and_account_ledger_unchanged (test_sealed_historical_management_runner_v01.RunnerMechanicsTests.test_input_and_output_are_detached_and_account_ledger_unchanged) ... ok
2026-09-12T19:50:42.6322859Z test_invalid_future_record_is_not_hidden_after_position_closes (test_sealed_historical_management_runner_v01.RunnerMechanicsTests.test_invalid_future_record_is_not_hidden_after_position_closes) ... ok
2026-09-12T19:50:42.6382359Z test_late_completed_bar_is_validated_without_extending_signal_window (test_sealed_historical_management_runner_v01.RunnerMechanicsTests.test_late_completed_bar_is_validated_without_extending_signal_window) ... ok
2026-09-12T19:50:42.6443494Z test_missing_exit_capture_tail_never_extends_window (test_sealed_historical_management_runner_v01.RunnerMechanicsTests.test_missing_exit_capture_tail_never_extends_window) ... ok
2026-09-12T19:50:42.6508394Z test_missing_exit_reference_preserves_entry_and_outstanding_intent (test_sealed_historical_management_runner_v01.RunnerMechanicsTests.test_missing_exit_reference_preserves_entry_and_outstanding_intent) ... ok
2026-09-12T19:50:42.6581176Z test_no_later_print_is_needed_for_pending_fill_and_cancel_feedback (test_sealed_historical_management_runner_v01.RunnerMechanicsTests.test_no_later_print_is_needed_for_pending_fill_and_cancel_feedback) ... ok
2026-09-12T19:50:42.6669536Z test_partial_final_remainder_is_explicitly_open (test_sealed_historical_management_runner_v01.RunnerMechanicsTests.test_partial_final_remainder_is_explicitly_open) ... ok
2026-09-12T19:50:42.6761372Z test_print_at_cancel_ack_cannot_clear_pending_before_that_print (test_sealed_historical_management_runner_v01.RunnerMechanicsTests.test_print_at_cancel_ack_cannot_clear_pending_before_that_print) ... ok
2026-09-12T19:50:42.6801049Z test_rehashed_incomplete_common_scope_fails_even_without_exit (test_sealed_historical_management_runner_v01.RunnerMechanicsTests.test_rehashed_incomplete_common_scope_fails_even_without_exit) ... ok
2026-09-12T19:50:42.6840532Z test_rehashed_request_substitution_cannot_bypass_registered_scope (test_sealed_historical_management_runner_v01.RunnerMechanicsTests.test_rehashed_request_substitution_cannot_bypass_registered_scope) ... ok
2026-09-12T19:50:42.6976449Z test_rehashed_source_reordering_and_skipped_ordinals_rejected (test_sealed_historical_management_runner_v01.RunnerMechanicsTests.test_rehashed_source_reordering_and_skipped_ordinals_rejected) ... ok
2026-09-12T19:50:42.6989704Z test_scheduler_does_not_read_private_future_outcome (test_sealed_historical_management_runner_v01.RunnerMechanicsTests.test_scheduler_does_not_read_private_future_outcome) ... ok
2026-09-12T19:50:43.1458270Z test_seeded_paths_agree_with_independent_integer_arithmetic (test_sealed_historical_management_runner_v01.RunnerMechanicsTests.test_seeded_paths_agree_with_independent_integer_arithmetic) ... ok
2026-09-12T19:50:43.1530394Z test_source_io_failure_preserves_partial_state (test_sealed_historical_management_runner_v01.RunnerMechanicsTests.test_source_io_failure_preserves_partial_state) ... ok
2026-09-12T19:50:43.1590609Z test_source_unknown_conditions_remain_ineligible (test_sealed_historical_management_runner_v01.RunnerMechanicsTests.test_source_unknown_conditions_remain_ineligible) ... ok
2026-09-12T19:50:43.1680631Z test_target_and_stop_automatically_process_fill_and_cancel_clocks (test_sealed_historical_management_runner_v01.RunnerMechanicsTests.test_target_and_stop_automatically_process_fill_and_cancel_clocks) ... ok
2026-09-12T19:50:43.1718645Z test_unused_tape_extra_fields_are_not_accepted_as_source_evidence (test_sealed_historical_management_runner_v01.RunnerMechanicsTests.test_unused_tape_extra_fields_are_not_accepted_as_source_evidence) ... ok
2026-09-12T19:50:43.1723504Z test_ancestor_mutation_cannot_be_rehashed_into_registration (test_sealed_historical_management_runner_v01.RunnerRegistrationTests.test_ancestor_mutation_cannot_be_rehashed_into_registration) ... ok
2026-09-12T19:50:46.5435008Z test_cli_offline_verification_and_no_run_or_quote_mode (test_sealed_historical_management_runner_v01.RunnerRegistrationTests.test_cli_offline_verification_and_no_run_or_quote_mode) ... ok
2026-09-12T19:50:46.5482986Z test_duplicate_opportunity_or_request_cannot_silently_collapse (test_sealed_historical_management_runner_v01.RunnerRegistrationTests.test_duplicate_opportunity_or_request_cannot_silently_collapse) ... ok
2026-09-12T19:50:47.4458638Z test_every_original_window_date_and_session_is_bound (test_sealed_historical_management_runner_v01.RunnerRegistrationTests.test_every_original_window_date_and_session_is_bound) ... ok
2026-09-12T19:50:48.2870404Z test_exact_population_and_bounded_request_counts (test_sealed_historical_management_runner_v01.RunnerRegistrationTests.test_exact_population_and_bounded_request_counts) ... ok
2026-09-12T19:50:49.1402308Z test_historical_gate_fails_before_any_source_access (test_sealed_historical_management_runner_v01.RunnerRegistrationTests.test_historical_gate_fails_before_any_source_access) ... ok
2026-09-12T19:50:49.1408427Z test_hosted_workflow_is_pinned_read_only_without_provider_paths (test_sealed_historical_management_runner_v01.RunnerRegistrationTests.test_hosted_workflow_is_pinned_read_only_without_provider_paths) ... ok
2026-09-12T19:50:49.9482875Z test_implementation_mutation_invalidates_registration (test_sealed_historical_management_runner_v01.RunnerRegistrationTests.test_implementation_mutation_invalidates_registration) ... ok
2026-09-12T19:50:49.9521244Z test_interval_scope_uses_integer_nanoseconds_and_not_actual_fills (test_sealed_historical_management_runner_v01.RunnerRegistrationTests.test_interval_scope_uses_integer_nanoseconds_and_not_actual_fills) ... ok
2026-09-12T19:50:50.7830051Z test_metadata_never_reads_source_tapes_or_runs_mechanics (test_sealed_historical_management_runner_v01.RunnerRegistrationTests.test_metadata_never_reads_source_tapes_or_runs_mechanics) ... ok
2026-09-12T19:50:53.3245283Z test_output_symlink_and_extra_file_rejected (test_sealed_historical_management_runner_v01.RunnerRegistrationTests.test_output_symlink_and_extra_file_rejected) ... ok
2026-09-12T19:50:54.1671781Z test_parent_and_contract_are_exact_and_runtime_closed (test_sealed_historical_management_runner_v01.RunnerRegistrationTests.test_parent_and_contract_are_exact_and_runtime_closed) ... ok
2026-09-12T19:50:54.1719573Z test_resolver_uses_frozen_catalog_and_never_caller_context_pin (test_sealed_historical_management_runner_v01.RunnerRegistrationTests.test_resolver_uses_frozen_catalog_and_never_caller_context_pin) ... ok
2026-09-12T19:50:54.1761141Z test_reuse_requires_both_complete_requests_and_identical_ends (test_sealed_historical_management_runner_v01.RunnerRegistrationTests.test_reuse_requires_both_complete_requests_and_identical_ends) ... ok
2026-09-12T19:50:54.1796695Z test_unavailable_opportunity_is_retained_and_never_requests_exit_data (test_sealed_historical_management_runner_v01.RunnerRegistrationTests.test_unavailable_opportunity_is_retained_and_never_requests_exit_data) ... ok
2026-09-12T19:50:56.7398127Z test_write_once_and_rehashed_request_tampering_fail (test_sealed_historical_management_runner_v01.RunnerRegistrationTests.test_write_once_and_rehashed_request_tampering_fail) ... ok
2026-09-12T19:50:56.7407418Z test_altered_frozen_plan_fails_before_request_derivation (test_sealed_historical_micro_inputs_v01.HistoricalMicroInputsV01Tests.test_altered_frozen_plan_fails_before_request_derivation) ... ok
2026-09-12T19:50:56.7416513Z test_backward_pages_fail (test_sealed_historical_micro_inputs_v01.HistoricalMicroInputsV01Tests.test_backward_pages_fail) ... ok
2026-09-12T19:50:56.7426989Z test_capture_exhausts_pages_and_preserves_nanoseconds (test_sealed_historical_micro_inputs_v01.HistoricalMicroInputsV01Tests.test_capture_exhausts_pages_and_preserves_nanoseconds) ... ok
2026-09-12T19:50:57.0359041Z test_complete_cli_capture_with_synthetic_provider_preserves_all_receipts (test_sealed_historical_micro_inputs_v01.HistoricalMicroInputsV01Tests.test_complete_cli_capture_with_synthetic_provider_preserves_all_receipts) ... ok
2026-09-12T19:50:57.0797208Z test_exact_plan_derives_340_requests_without_expanding_symbols (test_sealed_historical_micro_inputs_v01.HistoricalMicroInputsV01Tests.test_exact_plan_derives_340_requests_without_expanding_symbols) ... ok
2026-09-12T19:50:57.0802615Z test_existing_capture_is_never_overwritten (test_sealed_historical_micro_inputs_v01.HistoricalMicroInputsV01Tests.test_existing_capture_is_never_overwritten) ... ok
2026-09-12T19:50:57.0816974Z test_failed_date_does_not_become_zero_or_leak_provider_exception (test_sealed_historical_micro_inputs_v01.HistoricalMicroInputsV01Tests.test_failed_date_does_not_become_zero_or_leak_provider_exception) ... ok
2026-09-12T19:50:57.0822286Z test_input_validation_rejects_wrong_time_or_malformed_values (test_sealed_historical_micro_inputs_v01.HistoricalMicroInputsV01Tests.test_input_validation_rejects_wrong_time_or_malformed_values) ... ok
2026-09-12T19:50:57.0872315Z test_invalid_or_repeated_pagination_is_retained_as_failure (test_sealed_historical_micro_inputs_v01.HistoricalMicroInputsV01Tests.test_invalid_or_repeated_pagination_is_retained_as_failure) ... ok
2026-09-12T19:50:57.0881486Z test_overlapping_pages_cannot_double_count_a_trade (test_sealed_historical_micro_inputs_v01.HistoricalMicroInputsV01Tests.test_overlapping_pages_cannot_double_count_a_trade) ... ok
2026-09-12T19:50:57.1361898Z test_real_workflow_parent_binding_accepts_only_the_execution_file (test_sealed_historical_micro_inputs_v01.HistoricalMicroInputsV01Tests.test_real_workflow_parent_binding_accepts_only_the_execution_file) ... ok
2026-09-12T19:50:57.1364438Z test_redirect_cannot_forward_credentials (test_sealed_historical_micro_inputs_v01.HistoricalMicroInputsV01Tests.test_redirect_cannot_forward_credentials) ... ok
2026-09-12T19:50:57.1559106Z test_request_ceiling_blocks_before_network_and_records_the_block (test_sealed_historical_micro_inputs_v01.HistoricalMicroInputsV01Tests.test_request_ceiling_blocks_before_network_and_records_the_block) ... ok
2026-09-12T19:50:57.1562500Z test_request_routes_preserve_sip_identity_and_exclusive_cutoff (test_sealed_historical_micro_inputs_v01.HistoricalMicroInputsV01Tests.test_request_routes_preserve_sip_identity_and_exclusive_cutoff) ... ok
2026-09-12T19:50:57.1564506Z test_route_substitutions_fail (test_sealed_historical_micro_inputs_v01.HistoricalMicroInputsV01Tests.test_route_substitutions_fail) ... ok
2026-09-12T19:50:57.6778886Z test_validation_cli_makes_no_provider_calls (test_sealed_historical_micro_inputs_v01.HistoricalMicroInputsV01Tests.test_validation_cli_makes_no_provider_calls) ... ok
2026-09-12T19:50:57.6780917Z test_warmup_is_normalized_without_inventing_micro_bars (test_sealed_historical_micro_inputs_v01.HistoricalMicroInputsV01Tests.test_warmup_is_normalized_without_inventing_micro_bars) ... ok
2026-09-12T19:50:57.6782339Z test_workflow_consumes_and_preserves_evidence_before_secret_step (test_sealed_historical_micro_inputs_v01.HistoricalMicroInputsV01Tests.test_workflow_consumes_and_preserves_evidence_before_secret_step) ... ok
2026-09-12T19:50:57.6817739Z test_causal_basis_fails_when_missing_or_unstable (test_sealed_historical_micro_runtime_v01.SealedHistoricalMicroRuntimeV01Tests.test_causal_basis_fails_when_missing_or_unstable) ... ok
2026-09-12T19:50:57.6838815Z test_causal_basis_uses_only_completed_preactivation_pairs (test_sealed_historical_micro_runtime_v01.SealedHistoricalMicroRuntimeV01Tests.test_causal_basis_uses_only_completed_preactivation_pairs) ... ok
2026-09-12T19:50:57.6953834Z test_historical_adapter_preserves_activation_and_explicit_no_trigger (test_sealed_historical_micro_runtime_v01.SealedHistoricalMicroRuntimeV01Tests.test_historical_adapter_preserves_activation_and_explicit_no_trigger) ... ok
2026-09-12T19:50:57.6960546Z test_output_validator_rejects_missing_date_and_future_basis (test_sealed_historical_micro_runtime_v01.SealedHistoricalMicroRuntimeV01Tests.test_output_validator_rejects_missing_date_and_future_basis) ... ok
2026-09-12T19:50:57.6962685Z test_registered_contract_is_exact_and_narrow (test_sealed_historical_micro_runtime_v01.SealedHistoricalMicroRuntimeV01Tests.test_registered_contract_is_exact_and_narrow) ... ok
2026-09-12T19:50:57.6964840Z test_source_contains_no_provider_or_retrospective_entrypoint (test_sealed_historical_micro_runtime_v01.SealedHistoricalMicroRuntimeV01Tests.test_source_contains_no_provider_or_retrospective_entrypoint) ... ok
2026-09-12T19:50:57.6982116Z test_warmup_normalization_changes_prices_not_volume (test_sealed_historical_micro_runtime_v01.SealedHistoricalMicroRuntimeV01Tests.test_warmup_normalization_changes_prices_not_volume) ... ok
2026-09-12T19:50:57.7359164Z test_child_request_budget_is_enforced_before_network (test_sealed_historical_micro_session_inputs_v02.HistoricalMicroSessionInputsV02Tests.test_child_request_budget_is_enforced_before_network) ... ok
2026-09-12T19:50:57.9212252Z test_complete_synthetic_cli_capture_verifies_all_170_tapes (test_sealed_historical_micro_session_inputs_v02.HistoricalMicroSessionInputsV02Tests.test_complete_synthetic_cli_capture_verifies_all_170_tapes) ... ok
2026-09-12T19:50:57.9662830Z test_exact_170_pairs_retain_every_activation_and_date (test_sealed_historical_micro_session_inputs_v02.HistoricalMicroSessionInputsV02Tests.test_exact_170_pairs_retain_every_activation_and_date) ... ok
2026-09-12T19:50:58.0095203Z test_execution_workflow_guard_and_secret_step_are_exact (test_sealed_historical_micro_session_inputs_v02.HistoricalMicroSessionInputsV02Tests.test_execution_workflow_guard_and_secret_step_are_exact) ... ok
2026-09-12T19:50:58.0455207Z test_failed_capture_retains_tape_and_sanitizes_exception (test_sealed_historical_micro_session_inputs_v02.HistoricalMicroSessionInputsV02Tests.test_failed_capture_retains_tape_and_sanitizes_exception) ... ok
2026-09-12T19:50:58.0613773Z test_route_requires_raw_sip_exact_date_and_session (test_sealed_historical_micro_session_inputs_v02.HistoricalMicroSessionInputsV02Tests.test_route_requires_raw_sip_exact_date_and_session) ... ok
2026-09-12T19:50:58.0933159Z test_wrong_or_short_request_set_fails_before_capture (test_sealed_historical_micro_session_inputs_v02.HistoricalMicroSessionInputsV02Tests.test_wrong_or_short_request_set_fails_before_capture) ... ok
2026-09-12T19:50:58.0941983Z test_backward_native_keys_never_sorted_into_validity (test_sealed_historical_record_order_v01.RecordOrderTests.test_backward_native_keys_never_sorted_into_validity) ... ok
2026-09-12T19:50:58.0947661Z test_capture_retains_ties_and_ordinals_after_unusable_rows (test_sealed_historical_record_order_v01.RecordOrderTests.test_capture_retains_ties_and_ordinals_after_unusable_rows) ... ok
2026-09-12T19:50:58.0950171Z test_equal_keys_retain_distinct_and_identical_updates (test_sealed_historical_record_order_v01.RecordOrderTests.test_equal_keys_retain_distinct_and_identical_updates) ... ok
2026-09-12T19:50:58.0952885Z test_equal_time_status_ambiguity_never_resolved_by_quote_sequence_or_ordinal (test_sealed_historical_record_order_v01.RecordOrderTests.test_equal_time_status_ambiguity_never_resolved_by_quote_sequence_or_ordinal) ... ok
2026-09-12T19:50:58.0956091Z test_execution_after_arrival_keeps_first_eligible_state_and_no_refill (test_sealed_historical_record_order_v01.RecordOrderTests.test_execution_after_arrival_keeps_first_eligible_state_and_no_refill) ... ok
2026-09-12T19:50:58.0959127Z test_execution_at_arrival_uses_last_tied_state_not_transient_size (test_sealed_historical_record_order_v01.RecordOrderTests.test_execution_at_arrival_uses_last_tied_state_not_transient_size) ... ok
2026-09-12T19:50:58.0961786Z test_execution_keeps_cancellation_exclusive_and_freshness_inclusive (test_sealed_historical_record_order_v01.RecordOrderTests.test_execution_keeps_cancellation_exclusive_and_freshness_inclusive) ... ok
2026-09-12T19:50:58.0964271Z test_execution_provenance_and_original_order_required (test_sealed_historical_record_order_v01.RecordOrderTests.test_execution_provenance_and_original_order_required) ... ok
2026-09-12T19:50:58.1008665Z test_frozen_metadata_and_integer_mapping_rejections_remain (test_sealed_historical_record_order_v01.RecordOrderTests.test_frozen_metadata_and_integer_mapping_rejections_remain) ... ok
2026-09-12T19:50:58.2451925Z test_full_gits_fixture_is_lossless_and_never_executed (test_sealed_historical_record_order_v01.RecordOrderTests.test_full_gits_fixture_is_lossless_and_never_executed) ... ok
2026-09-12T19:50:58.3020211Z test_full_gits_mapped_store_preserves_every_original_normalized_field (test_sealed_historical_record_order_v01.RecordOrderTests.test_full_gits_mapped_store_preserves_every_original_normalized_field) ... ok
2026-09-12T19:50:58.3026316Z test_gaps_reversals_duplicate_or_noninteger_tape_ordinals_rejected (test_sealed_historical_record_order_v01.RecordOrderTests.test_gaps_reversals_duplicate_or_noninteger_tape_ordinals_rejected) ... ok
2026-09-12T19:50:58.3028226Z test_real_pinned_sdk_preserves_same_message_record_order_offline (test_sealed_historical_record_order_v01.RecordOrderTests.test_real_pinned_sdk_preserves_same_message_record_order_offline) ... skipped 'pinned SDK covered by dedicated record-order validation'
2026-09-12T19:50:58.3898099Z test_registered_parent_chain_and_policy_body_equivalence (test_sealed_historical_record_order_v01.RecordOrderTests.test_registered_parent_chain_and_policy_body_equivalence) ... ok
2026-09-12T19:50:58.3914491Z test_rehashed_capture_tampering_cannot_pass_without_source_replay (test_sealed_historical_record_order_v01.RecordOrderTests.test_rehashed_capture_tampering_cannot_pass_without_source_replay) ... ok
2026-09-12T19:50:58.3916487Z test_request_receive_time_bounds_are_exact_nanoseconds (test_sealed_historical_record_order_v01.RecordOrderTests.test_request_receive_time_bounds_are_exact_nanoseconds) ... ok
2026-09-12T19:50:58.3919335Z test_request_substitution_or_incomplete_window_blocks (test_sealed_historical_record_order_v01.RecordOrderTests.test_request_substitution_or_incomplete_window_blocks) ... ok
2026-09-12T19:50:58.4699035Z test_semantic_guard_detects_latency_and_cross_schema_ambiguity_changes (test_sealed_historical_record_order_v01.RecordOrderTests.test_semantic_guard_detects_latency_and_cross_schema_ambiguity_changes) ... ok
2026-09-12T19:50:58.4703463Z test_source_identity_symbols_schema_extra_fields_and_empty_tape_rejected (test_sealed_historical_record_order_v01.RecordOrderTests.test_source_identity_symbols_schema_extra_fields_and_empty_tape_rejected) ... ok
2026-09-12T19:50:58.4717322Z test_status_conversion_vocabulary_and_order_are_frozen (test_sealed_historical_record_order_v01.RecordOrderTests.test_status_conversion_vocabulary_and_order_are_frozen) ... ok
2026-09-12T19:50:58.4745234Z test_strict_execution_streams_match_both_frozen_policies_and_sides (test_sealed_historical_record_order_v01.RecordOrderTests.test_strict_execution_streams_match_both_frozen_policies_and_sides) ... ok
2026-09-12T19:50:58.4797439Z test_strict_stream_capture_is_identical_to_frozen_prospective_mechanics (test_sealed_historical_record_order_v01.RecordOrderTests.test_strict_stream_capture_is_identical_to_frozen_prospective_mechanics) ... ok
2026-09-12T19:50:58.4802839Z test_unknown_initial_or_later_status_remains_unavailable (test_sealed_historical_record_order_v01.RecordOrderTests.test_unknown_initial_or_later_status_remains_unavailable) ... ok
2026-09-12T19:50:58.4809915Z test_contract_is_exact_unarmed_and_policy_bound (test_sealed_historical_scanner_micro_runtime_v02.SealedHistoricalScannerMicroRuntimeV02Tests.test_contract_is_exact_unarmed_and_policy_bound) ... ok
2026-09-12T19:50:58.9914410Z test_explicit_materialization_reports_started_without_claiming_micro_execution (test_sealed_historical_scanner_micro_runtime_v02.SealedHistoricalScannerMicroRuntimeV02Tests.test_explicit_materialization_reports_started_without_claiming_micro_execution) ... ok
2026-09-12T19:50:58.9920886Z test_micro_gap_is_explicit_and_cannot_be_rehashed_away (test_sealed_historical_scanner_micro_runtime_v02.SealedHistoricalScannerMicroRuntimeV02Tests.test_micro_gap_is_explicit_and_cannot_be_rehashed_away) ... ok
2026-09-12T19:50:58.9933491Z test_output_cannot_modify_the_source_artifact (test_sealed_historical_scanner_micro_runtime_v02.SealedHistoricalScannerMicroRuntimeV02Tests.test_output_cannot_modify_the_source_artifact) ... ok
2026-09-12T19:50:58.9936555Z test_preparation_does_not_reference_retrospective_files (test_sealed_historical_scanner_micro_runtime_v02.SealedHistoricalScannerMicroRuntimeV02Tests.test_preparation_does_not_reference_retrospective_files) ... ok
2026-09-12T19:50:58.9943412Z test_registration_binds_exact_contract_file (test_sealed_historical_scanner_micro_runtime_v02.SealedHistoricalScannerMicroRuntimeV02Tests.test_registration_binds_exact_contract_file) ... ok
2026-09-12T19:50:58.9949084Z test_rehashed_authority_escalation_fails (test_sealed_historical_scanner_micro_runtime_v02.SealedHistoricalScannerMicroRuntimeV02Tests.test_rehashed_authority_escalation_fails) ... ok
2026-09-12T19:50:58.9973541Z test_rehashed_contract_cannot_change_unchecked_execution_boundaries (test_sealed_historical_scanner_micro_runtime_v02.SealedHistoricalScannerMicroRuntimeV02Tests.test_rehashed_contract_cannot_change_unchecked_execution_boundaries) ... ok
2026-09-12T19:50:58.9990918Z test_rehashed_registration_cannot_claim_different_source_or_started_runtime (test_sealed_historical_scanner_micro_runtime_v02.SealedHistoricalScannerMicroRuntimeV02Tests.test_rehashed_registration_cannot_claim_different_source_or_started_runtime) ... ok
2026-09-12T19:50:58.9996737Z test_synthetic_scanner_activation_plan_reapplies_frozen_profiles (test_sealed_historical_scanner_micro_runtime_v02.SealedHistoricalScannerMicroRuntimeV02Tests.test_synthetic_scanner_activation_plan_reapplies_frozen_profiles) ... ok
2026-09-12T19:50:59.9998931Z test_validation_cli_denies_network_and_child_processes (test_sealed_historical_scanner_micro_runtime_v02.SealedHistoricalScannerMicroRuntimeV02Tests.test_validation_cli_denies_network_and_child_processes) ... ok
2026-09-12T19:51:00.5085881Z test_validation_cli_is_provider_free_and_does_not_start_runtime (test_sealed_historical_scanner_micro_runtime_v02.SealedHistoricalScannerMicroRuntimeV02Tests.test_validation_cli_is_provider_free_and_does_not_start_runtime) ... ok
2026-09-12T19:51:00.5088722Z test_failure_parent_records_the_exact_mixed_adjustment_basis (test_sealed_historical_scanner_runtime_failure.SealedHistoricalScannerRuntimeFailureTests.test_failure_parent_records_the_exact_mixed_adjustment_basis) ... ok
2026-09-12T19:51:00.5090820Z test_runtime_failure_preserves_zero_as_invalid_not_strategy_evidence (test_sealed_historical_scanner_runtime_failure.SealedHistoricalScannerRuntimeFailureTests.test_runtime_failure_preserves_zero_as_invalid_not_strategy_evidence) ... ok
2026-09-12T19:51:00.5092908Z test_source_success_is_exact_but_does_not_claim_runtime_validity (test_sealed_historical_scanner_runtime_failure.SealedHistoricalScannerRuntimeFailureTests.test_source_success_is_exact_but_does_not_claim_runtime_validity) ... ok
2026-09-12T19:51:00.5530270Z test_changed_original_stop_or_ordinal_is_rejected (test_sealed_historical_setup_stop_audit_v01.CausalityTests.test_changed_original_stop_or_ordinal_is_rejected) ... ok
2026-09-12T19:51:00.5774913Z test_equal_timestamp_source_rows_still_bind_prefix (test_sealed_historical_setup_stop_audit_v01.CausalityTests.test_equal_timestamp_source_rows_still_bind_prefix) ... ok
2026-09-12T19:51:00.6098724Z test_future_prices_and_indicators_do_not_change_result (test_sealed_historical_setup_stop_audit_v01.CausalityTests.test_future_prices_and_indicators_do_not_change_result) ... ok
2026-09-12T19:51:00.6336664Z test_independent_original_builder_prefix_and_stop_reproduce (test_sealed_historical_setup_stop_audit_v01.CausalityTests.test_independent_original_builder_prefix_and_stop_reproduce) ... ok
2026-09-12T19:51:00.6557936Z test_later_crossing_cannot_replace_first_crossing (test_sealed_historical_setup_stop_audit_v01.CausalityTests.test_later_crossing_cannot_replace_first_crossing) ... ok
2026-09-12T19:51:00.6856178Z test_macd_unknown_and_zero_remain_distinct (test_sealed_historical_setup_stop_audit_v01.CausalityTests.test_macd_unknown_and_zero_remain_distinct) ... ok
2026-09-12T19:51:00.7100577Z test_quote_lookback_is_inclusive_and_separate_from_sip_clock (test_sealed_historical_setup_stop_audit_v01.CausalityTests.test_quote_lookback_is_inclusive_and_separate_from_sip_clock) ... ok
2026-09-12T19:51:00.7102696Z test_room_is_signed_and_nonpositive_denominators_stay_unknown (test_sealed_historical_setup_stop_audit_v01.CausalityTests.test_room_is_signed_and_nonpositive_denominators_stay_unknown) ... ok
2026-09-12T19:51:00.7314540Z test_support_later_than_trough_cannot_make_plan (test_sealed_historical_setup_stop_audit_v01.CausalityTests.test_support_later_than_trough_cannot_make_plan) ... ok
2026-09-12T19:51:00.7556770Z test_unavailable_quote_cannot_be_invented_or_available_quote_dropped (test_sealed_historical_setup_stop_audit_v01.CausalityTests.test_unavailable_quote_cannot_be_invented_or_available_quote_dropped) ... ok
2026-09-12T19:51:05.9347093Z test_changed_descriptive_field_cannot_be_resigned_into_evidence (test_sealed_historical_setup_stop_audit_v01.FrozenEvidenceTests.test_changed_descriptive_field_cannot_be_resigned_into_evidence) ... ok
2026-09-12T19:51:10.5038713Z test_changed_summary_or_authority_cannot_be_resigned (test_sealed_historical_setup_stop_audit_v01.FrozenEvidenceTests.test_changed_summary_or_authority_cannot_be_resigned) ... ok
2026-09-12T19:51:10.5047458Z test_every_alternative_and_unavailable_reference_is_retained (test_sealed_historical_setup_stop_audit_v01.FrozenEvidenceTests.test_every_alternative_and_unavailable_reference_is_retained) ... ok
2026-09-12T19:51:11.7638092Z test_frozen_registration_and_saved_geometry_reproduce (test_sealed_historical_setup_stop_audit_v01.FrozenEvidenceTests.test_frozen_registration_and_saved_geometry_reproduce) ... ok
2026-09-12T19:51:12.0910840Z test_mutated_geometry_witness_cannot_pass_original_plan (test_sealed_historical_setup_stop_audit_v01.FrozenEvidenceTests.test_mutated_geometry_witness_cannot_pass_original_plan) ... ok
2026-09-12T19:51:12.1618062Z test_publication_repair_preserves_every_original_observation (test_sealed_historical_setup_stop_audit_v01.FrozenEvidenceTests.test_publication_repair_preserves_every_original_observation) ... ok
2026-09-12T19:51:12.2933481Z test_wrong_external_commitment_is_rejected (test_sealed_historical_setup_stop_audit_v01.FrozenEvidenceTests.test_wrong_external_commitment_is_rejected) ... ok
2026-09-12T19:51:12.3882210Z test_aggregation_preserves_conditions_float_arithmetic_and_ties (test_sealed_historical_setup_stop_audit_v01.SourceMechanicsTests.test_aggregation_preserves_conditions_float_arithmetic_and_ties) ... ok
2026-09-12T19:51:12.3891126Z test_archive_path_traversal_is_rejected_even_with_matching_hash (test_sealed_historical_setup_stop_audit_v01.SourceMechanicsTests.test_archive_path_traversal_is_rejected_even_with_matching_hash) ... ok
2026-09-12T19:51:12.3899668Z test_original_archive_identity_is_required (test_sealed_historical_setup_stop_audit_v01.SourceMechanicsTests.test_original_archive_identity_is_required) ... ok
2026-09-12T19:51:12.4130983Z test_serialization_matches_original_including_numeric_coercion (test_sealed_historical_setup_stop_audit_v01.SourceMechanicsTests.test_serialization_matches_original_including_numeric_coercion) ... ok
2026-09-12T19:51:12.4151097Z test_witness_preserves_unknown_indicator_values (test_sealed_historical_setup_stop_audit_v01.SourceMechanicsTests.test_witness_preserves_unknown_indicator_values) ... ok
2026-09-12T19:51:12.4351059Z test_witness_rejects_repeated_clocks (test_sealed_historical_setup_stop_audit_v01.SourceMechanicsTests.test_witness_rejects_repeated_clocks) ... ok
2026-09-12T19:51:12.4359938Z test_authorization_and_passed_parent_bundle_are_exact (test_sealed_historical_source_acquisition.SealedHistoricalSourceAcquisitionTests.test_authorization_and_passed_parent_bundle_are_exact) ... ok
2026-09-12T19:51:12.4371888Z test_page_candidate_request_and_byte_ceilings_fail_closed (test_sealed_historical_source_acquisition.SealedHistoricalSourceAcquisitionTests.test_page_candidate_request_and_byte_ceilings_fail_closed) ... ok
2026-09-12T19:51:12.4384687Z test_registration_audit_binds_exact_bundle (test_sealed_historical_source_acquisition.SealedHistoricalSourceAcquisitionTests.test_registration_audit_binds_exact_bundle) ... ok
2026-09-12T19:51:12.4391919Z test_rehashed_authorization_cannot_expand_authority (test_sealed_historical_source_acquisition.SealedHistoricalSourceAcquisitionTests.test_rehashed_authorization_cannot_expand_authority) ... ok
2026-09-12T19:51:12.4401707Z test_success_report_preserves_zero_cost_and_causal_boundaries (test_sealed_historical_source_acquisition.SealedHistoricalSourceAcquisitionTests.test_success_report_preserves_zero_cost_and_causal_boundaries) ... ok
2026-09-12T19:51:12.4408538Z test_workflow_uses_validated_main_credentials_and_consumes_first (test_sealed_historical_source_acquisition.SealedHistoricalSourceAcquisitionTests.test_workflow_uses_validated_main_credentials_and_consumes_first) ... ok
2026-09-12T19:51:12.4423071Z test_write_once_refuses_overwrite (test_sealed_historical_source_acquisition.SealedHistoricalSourceAcquisitionTests.test_write_once_refuses_overwrite) ... ok
2026-09-12T19:51:12.4430604Z test_authorization_is_exact_and_only_repairs_request_ceiling (test_sealed_historical_source_acquisition_v02.SealedHistoricalSourceAcquisitionV02Tests.test_authorization_is_exact_and_only_repairs_request_ceiling) ... ok
2026-09-12T19:51:12.4442456Z test_failure_parent_and_original_artifact_bytes_are_exact (test_sealed_historical_source_acquisition_v02.SealedHistoricalSourceAcquisitionV02Tests.test_failure_parent_and_original_artifact_bytes_are_exact) ... ok
2026-09-12T19:51:12.4448771Z test_rehashed_child_cannot_change_strategy_or_provider_scope (test_sealed_historical_source_acquisition_v02.SealedHistoricalSourceAcquisitionV02Tests.test_rehashed_child_cannot_change_strategy_or_provider_scope) ... ok
2026-09-12T19:51:12.4456426Z test_repaired_ceiling_still_fails_closed (test_sealed_historical_source_acquisition_v02.SealedHistoricalSourceAcquisitionV02Tests.test_repaired_ceiling_still_fails_closed) ... ok
2026-09-12T19:51:12.4467087Z test_report_accepts_repaired_ceiling_and_preserves_boundaries (test_sealed_historical_source_acquisition_v02.SealedHistoricalSourceAcquisitionV02Tests.test_report_accepts_repaired_ceiling_and_preserves_boundaries) ... ok
2026-09-12T19:51:12.4472664Z test_workflow_is_new_one_shot_and_does_not_mutate_v0_1 (test_sealed_historical_source_acquisition_v02.SealedHistoricalSourceAcquisitionV02Tests.test_workflow_is_new_one_shot_and_does_not_mutate_v0_1) ... ok
2026-09-12T19:51:12.4492062Z test_write_once_and_registration_audit (test_sealed_historical_source_acquisition_v02.SealedHistoricalSourceAcquisitionV02Tests.test_write_once_and_registration_audit) ... ok
2026-09-12T19:51:12.4505065Z test_authorization_changes_only_the_normalization_child (test_sealed_historical_source_acquisition_v03.SealedHistoricalSourceAcquisitionV03Tests.test_authorization_changes_only_the_normalization_child) ... ok
2026-09-12T19:51:12.4523490Z test_exact_success_and_failure_parents_are_required (test_sealed_historical_source_acquisition_v03.SealedHistoricalSourceAcquisitionV03Tests.test_exact_success_and_failure_parents_are_required) ... ok
2026-09-12T19:51:12.4540999Z test_registration_audit_binds_versioned_files_provider_free (test_sealed_historical_source_acquisition_v03.SealedHistoricalSourceAcquisitionV03Tests.test_registration_audit_binds_versioned_files_provider_free) ... ok
2026-09-12T19:51:12.4554081Z test_report_preserves_cost_causal_and_attempt_boundaries (test_sealed_historical_source_acquisition_v03.SealedHistoricalSourceAcquisitionV03Tests.test_report_preserves_cost_causal_and_attempt_boundaries) ... ok
2026-09-12T19:51:12.4562786Z test_workflow_is_unarmed_on_push_and_uses_consistent_basis (test_sealed_historical_source_acquisition_v03.SealedHistoricalSourceAcquisitionV03Tests.test_workflow_is_unarmed_on_push_and_uses_consistent_basis) ... ok
2026-09-12T19:51:12.4611778Z test_checkpoint_final_tree_is_cross_bound_to_source_summary (test_sealed_historical_source_acquisition_v04.SealedHistoricalSourceAcquisitionV04Tests.test_checkpoint_final_tree_is_cross_bound_to_source_summary) ... ok
2026-09-12T19:51:12.4639332Z test_count_maps_require_exact_dates_and_real_nonnegative_ints (test_sealed_historical_source_acquisition_v04.SealedHistoricalSourceAcquisitionV04Tests.test_count_maps_require_exact_dates_and_real_nonnegative_ints) ... ok
2026-09-12T19:51:12.9635085Z test_deep_summary_rejects_profile_union_or_rank_basis_tamper (test_sealed_historical_source_acquisition_v04.SealedHistoricalSourceAcquisitionV04Tests.test_deep_summary_rejects_profile_union_or_rank_basis_tamper) ... ok
2026-09-12T19:51:13.1312422Z test_deep_summary_rejects_provider_free_replay_difference (test_sealed_historical_source_acquisition_v04.SealedHistoricalSourceAcquisitionV04Tests.test_deep_summary_rejects_provider_free_replay_difference) ... ok
2026-09-12T19:51:13.2942981Z test_deep_summary_rejects_root_date_manifest_tamper (test_sealed_historical_source_acquisition_v04.SealedHistoricalSourceAcquisitionV04Tests.test_deep_summary_rejects_root_date_manifest_tamper) ... ok
2026-09-12T19:51:13.4609699Z test_deep_summary_rejects_unexpected_manifest_or_date_directory (test_sealed_historical_source_acquisition_v04.SealedHistoricalSourceAcquisitionV04Tests.test_deep_summary_rejects_unexpected_manifest_or_date_directory) ... ok
2026-09-12T19:51:13.7529634Z test_deep_summary_strictly_decodes_every_json_source_file (test_sealed_historical_source_acquisition_v04.SealedHistoricalSourceAcquisitionV04Tests.test_deep_summary_strictly_decodes_every_json_source_file) ... ok
2026-09-12T19:51:14.0080358Z test_deep_summary_validates_all_30_dates_and_exact_replay (test_sealed_historical_source_acquisition_v04.SealedHistoricalSourceAcquisitionV04Tests.test_deep_summary_validates_all_30_dates_and_exact_replay) ... ok
2026-09-12T19:51:14.0242046Z test_default_loader_round_trip_replays_normalized_source_tape (test_sealed_historical_source_acquisition_v04.SealedHistoricalSourceAcquisitionV04Tests.test_default_loader_round_trip_replays_normalized_source_tape) ... ok
2026-09-12T19:51:14.0256216Z test_gates_must_be_real_boolean_true (test_sealed_historical_source_acquisition_v04.SealedHistoricalSourceAcquisitionV04Tests.test_gates_must_be_real_boolean_true) ... ok
2026-09-12T19:51:14.0375986Z test_provenance_requires_commit_tree_dispatcher_ref_run_and_attempt (test_sealed_historical_source_acquisition_v04.SealedHistoricalSourceAcquisitionV04Tests.test_provenance_requires_commit_tree_dispatcher_ref_run_and_attempt) ... ok
2026-09-12T19:51:14.4725289Z test_real_v04_completed_file_census_rejects_one_extra_file (test_sealed_historical_source_acquisition_v04.SealedHistoricalSourceAcquisitionV04Tests.test_real_v04_completed_file_census_rejects_one_extra_file) ... ok
2026-09-12T19:51:14.4773217Z test_report_and_checkpoint_require_the_exact_frozen_authorization_hash (test_sealed_historical_source_acquisition_v04.SealedHistoricalSourceAcquisitionV04Tests.test_report_and_checkpoint_require_the_exact_frozen_authorization_hash) ... ok
2026-09-12T19:51:14.4811865Z test_report_hash_tamper_is_rejected (test_sealed_historical_source_acquisition_v04.SealedHistoricalSourceAcquisitionV04Tests.test_report_hash_tamper_is_rejected) ... ok
2026-09-12T19:51:14.4959010Z test_report_nested_fields_and_false_booleans_are_strict (test_sealed_historical_source_acquisition_v04.SealedHistoricalSourceAcquisitionV04Tests.test_report_nested_fields_and_false_booleans_are_strict) ... ok
2026-09-12T19:51:14.5012063Z test_request_hosts_are_exact_and_positive_integer_counted (test_sealed_historical_source_acquisition_v04.SealedHistoricalSourceAcquisitionV04Tests.test_request_hosts_are_exact_and_positive_integer_counted) ... ok
2026-09-12T19:51:14.5076149Z test_serialized_report_loader_rejects_duplicate_and_nonfinite_json (test_sealed_historical_source_acquisition_v04.SealedHistoricalSourceAcquisitionV04Tests.test_serialized_report_loader_rejects_duplicate_and_nonfinite_json) ... ok
2026-09-12T19:51:14.5120205Z test_sha_maps_must_be_nonempty_exact_and_valid (test_sealed_historical_source_acquisition_v04.SealedHistoricalSourceAcquisitionV04Tests.test_sha_maps_must_be_nonempty_exact_and_valid) ... ok
2026-09-12T19:51:14.5161269Z test_strict_report_round_trip (test_sealed_historical_source_acquisition_v04.SealedHistoricalSourceAcquisitionV04Tests.test_strict_report_round_trip) ... ok
2026-09-12T19:51:14.5173549Z test_report_cross_binds_parent_diagnostic_budget_and_final_tree (test_sealed_historical_source_acquisition_v05.SealedHistoricalSourceAcquisitionV05Tests.test_report_cross_binds_parent_diagnostic_budget_and_final_tree) ... ok
2026-09-12T19:51:14.5189569Z test_report_rejects_checkpoint_tree_budget_and_recovery_mismatch (test_sealed_historical_source_acquisition_v05.SealedHistoricalSourceAcquisitionV05Tests.test_report_rejects_checkpoint_tree_budget_and_recovery_mismatch) ... ok
2026-09-12T19:51:14.5212071Z test_self_hash_and_causal_attestation_are_fail_closed (test_sealed_historical_source_acquisition_v05.SealedHistoricalSourceAcquisitionV05Tests.test_self_hash_and_causal_attestation_are_fail_closed) ... ok
2026-09-12T19:51:14.5222889Z test_report_cross_binds_parent_diagnostic_budget_and_final_tree (test_sealed_historical_source_acquisition_v06.SealedHistoricalSourceAcquisitionV06Tests.test_report_cross_binds_parent_diagnostic_budget_and_final_tree) ... ok
2026-09-12T19:51:14.5237470Z test_report_rejects_checkpoint_tree_budget_and_recovery_mismatch (test_sealed_historical_source_acquisition_v06.SealedHistoricalSourceAcquisitionV06Tests.test_report_rejects_checkpoint_tree_budget_and_recovery_mismatch) ... ok
2026-09-12T19:51:14.5259506Z test_self_hash_and_causal_attestation_are_fail_closed (test_sealed_historical_source_acquisition_v06.SealedHistoricalSourceAcquisitionV06Tests.test_self_hash_and_causal_attestation_are_fail_closed) ... ok
2026-09-12T19:51:14.5270215Z test_report_cross_binds_parent_diagnostic_budget_and_final_tree (test_sealed_historical_source_acquisition_v07.SealedHistoricalSourceAcquisitionV07Tests.test_report_cross_binds_parent_diagnostic_budget_and_final_tree) ... ok
2026-09-12T19:51:14.5284373Z test_report_rejects_checkpoint_tree_budget_and_recovery_mismatch (test_sealed_historical_source_acquisition_v07.SealedHistoricalSourceAcquisitionV07Tests.test_report_rejects_checkpoint_tree_budget_and_recovery_mismatch) ... ok
2026-09-12T19:51:14.5306541Z test_self_hash_and_causal_attestation_are_fail_closed (test_sealed_historical_source_acquisition_v07.SealedHistoricalSourceAcquisitionV07Tests.test_self_hash_and_causal_attestation_are_fail_closed) ... ok
2026-09-12T19:51:14.5317241Z test_report_cross_binds_parent_diagnostic_budget_and_final_tree (test_sealed_historical_source_acquisition_v08.SealedHistoricalSourceAcquisitionV08Tests.test_report_cross_binds_parent_diagnostic_budget_and_final_tree) ... ok
2026-09-12T19:51:14.5331319Z test_report_rejects_checkpoint_tree_budget_and_recovery_mismatch (test_sealed_historical_source_acquisition_v08.SealedHistoricalSourceAcquisitionV08Tests.test_report_rejects_checkpoint_tree_budget_and_recovery_mismatch) ... ok
2026-09-12T19:51:14.5353346Z test_self_hash_and_causal_attestation_are_fail_closed (test_sealed_historical_source_acquisition_v08.SealedHistoricalSourceAcquisitionV08Tests.test_self_hash_and_causal_attestation_are_fail_closed) ... ok
2026-09-12T19:51:14.5364463Z test_report_cross_binds_parent_diagnostic_budget_and_final_tree (test_sealed_historical_source_acquisition_v09.SealedHistoricalSourceAcquisitionV09Tests.test_report_cross_binds_parent_diagnostic_budget_and_final_tree) ... ok
2026-09-12T19:51:14.5381272Z test_report_rejects_checkpoint_tree_budget_and_recovery_mismatch (test_sealed_historical_source_acquisition_v09.SealedHistoricalSourceAcquisitionV09Tests.test_report_rejects_checkpoint_tree_budget_and_recovery_mismatch) ... ok
2026-09-12T19:51:14.5402819Z test_self_hash_and_causal_attestation_are_fail_closed (test_sealed_historical_source_acquisition_v09.SealedHistoricalSourceAcquisitionV09Tests.test_self_hash_and_causal_attestation_are_fail_closed) ... ok
2026-09-12T19:51:14.5414690Z test_report_cross_binds_parent_diagnostic_budget_and_final_tree (test_sealed_historical_source_acquisition_v10.SealedHistoricalSourceAcquisitionV10Tests.test_report_cross_binds_parent_diagnostic_budget_and_final_tree) ... ok
2026-09-12T19:51:14.5427491Z test_report_rejects_checkpoint_tree_budget_and_recovery_mismatch (test_sealed_historical_source_acquisition_v10.SealedHistoricalSourceAcquisitionV10Tests.test_report_rejects_checkpoint_tree_budget_and_recovery_mismatch) ... ok
2026-09-12T19:51:14.5449306Z test_self_hash_and_causal_attestation_are_fail_closed (test_sealed_historical_source_acquisition_v10.SealedHistoricalSourceAcquisitionV10Tests.test_self_hash_and_causal_attestation_are_fail_closed) ... ok
2026-09-12T19:51:14.5461941Z test_environment_comparison_ignores_only_editable_commit (test_sealed_historical_source_acquisition_v11.SealedHistoricalSourceAcquisitionV11Tests.test_environment_comparison_ignores_only_editable_commit) ... ok
2026-09-12T19:51:14.5474811Z test_report_cross_binds_checkpoint_identity_and_zero_requests (test_sealed_historical_source_acquisition_v11.SealedHistoricalSourceAcquisitionV11Tests.test_report_cross_binds_checkpoint_identity_and_zero_requests) ... ok
2026-09-12T19:51:14.5480318Z test_report_rejects_parent_checkpoint_or_final_tree_change (test_sealed_historical_source_acquisition_v11.SealedHistoricalSourceAcquisitionV11Tests.test_report_rejects_parent_checkpoint_or_final_tree_change) ... ok
2026-09-12T19:51:14.5494458Z test_report_self_hash_and_causal_attestation_fail_closed (test_sealed_historical_source_acquisition_v11.SealedHistoricalSourceAcquisitionV11Tests.test_report_self_hash_and_causal_attestation_fail_closed) ... ok
2026-09-12T19:51:14.5504652Z test_environment_comparison_ignores_only_editable_commit (test_sealed_historical_source_acquisition_v12.SealedHistoricalSourceAcquisitionV12Tests.test_environment_comparison_ignores_only_editable_commit) ... ok
2026-09-12T19:51:14.5515958Z test_report_cross_binds_checkpoint_identity_and_zero_requests (test_sealed_historical_source_acquisition_v12.SealedHistoricalSourceAcquisitionV12Tests.test_report_cross_binds_checkpoint_identity_and_zero_requests) ... ok
2026-09-12T19:51:14.5520749Z test_report_rejects_parent_checkpoint_or_final_tree_change (test_sealed_historical_source_acquisition_v12.SealedHistoricalSourceAcquisitionV12Tests.test_report_rejects_parent_checkpoint_or_final_tree_change) ... ok
2026-09-12T19:51:14.5536415Z test_report_self_hash_and_causal_attestation_fail_closed (test_sealed_historical_source_acquisition_v12.SealedHistoricalSourceAcquisitionV12Tests.test_report_self_hash_and_causal_attestation_fail_closed) ... ok
2026-09-12T19:51:14.6781888Z test_direct_entrypoint_sanitizes_observed_values_and_structural_errors (test_sealed_historical_source_artifact_metadata_v08.SealedHistoricalSourceArtifactMetadataV08Tests.test_direct_entrypoint_sanitizes_observed_values_and_structural_errors) ... ok
2026-09-12T19:51:14.7403496Z test_direct_entrypoint_succeeds_and_writes_receipt (test_sealed_historical_source_artifact_metadata_v08.SealedHistoricalSourceArtifactMetadataV08Tests.test_direct_entrypoint_succeeds_and_writes_receipt) ... ok
2026-09-12T19:51:14.7410435Z test_each_security_relevant_field_fails_with_field_only_diagnostic (test_sealed_historical_source_artifact_metadata_v08.SealedHistoricalSourceArtifactMetadataV08Tests.test_each_security_relevant_field_fails_with_field_only_diagnostic) ... ok
2026-09-12T19:51:14.7413033Z test_exact_metadata_builds_hash_bound_provider_free_receipt (test_sealed_historical_source_artifact_metadata_v08.SealedHistoricalSourceArtifactMetadataV08Tests.test_exact_metadata_builds_hash_bound_provider_free_receipt) ... ok
2026-09-12T19:51:14.7423472Z test_type_confusion_duplicate_keys_nonfinite_and_symlink_fail_closed (test_sealed_historical_source_artifact_metadata_v08.SealedHistoricalSourceArtifactMetadataV08Tests.test_type_confusion_duplicate_keys_nonfinite_and_symlink_fail_closed) ... ok
2026-09-12T19:51:14.8657736Z test_direct_entrypoint_sanitizes_observed_values_and_structural_errors (test_sealed_historical_source_artifact_metadata_v09.SealedHistoricalSourceArtifactMetadataV09Tests.test_direct_entrypoint_sanitizes_observed_values_and_structural_errors) ... ok
2026-09-12T19:51:14.9277981Z test_direct_entrypoint_succeeds_and_writes_receipt (test_sealed_historical_source_artifact_metadata_v09.SealedHistoricalSourceArtifactMetadataV09Tests.test_direct_entrypoint_succeeds_and_writes_receipt) ... ok
2026-09-12T19:51:14.9285515Z test_each_security_relevant_field_fails_with_field_only_diagnostic (test_sealed_historical_source_artifact_metadata_v09.SealedHistoricalSourceArtifactMetadataV09Tests.test_each_security_relevant_field_fails_with_field_only_diagnostic) ... ok
2026-09-12T19:51:14.9287883Z test_exact_metadata_builds_hash_bound_provider_free_receipt (test_sealed_historical_source_artifact_metadata_v09.SealedHistoricalSourceArtifactMetadataV09Tests.test_exact_metadata_builds_hash_bound_provider_free_receipt) ... ok
2026-09-12T19:51:14.9289635Z test_frozen_live_metadata_and_downloaded_zip_bind_implementation (test_sealed_historical_source_artifact_metadata_v09.SealedHistoricalSourceArtifactMetadataV09Tests.test_frozen_live_metadata_and_downloaded_zip_bind_implementation) ... ok
2026-09-12T19:51:14.9300775Z test_type_confusion_duplicate_keys_nonfinite_and_symlink_fail_closed (test_sealed_historical_source_artifact_metadata_v09.SealedHistoricalSourceArtifactMetadataV09Tests.test_type_confusion_duplicate_keys_nonfinite_and_symlink_fail_closed) ... ok
2026-09-12T19:51:15.0527902Z test_direct_entrypoint_sanitizes_observed_values_and_structural_errors (test_sealed_historical_source_artifact_metadata_v10.SealedHistoricalSourceArtifactMetadataV10Tests.test_direct_entrypoint_sanitizes_observed_values_and_structural_errors) ... ok
2026-09-12T19:51:15.1169021Z test_direct_entrypoint_succeeds_and_writes_receipt (test_sealed_historical_source_artifact_metadata_v10.SealedHistoricalSourceArtifactMetadataV10Tests.test_direct_entrypoint_succeeds_and_writes_receipt) ... ok
2026-09-12T19:51:15.1175268Z test_each_security_relevant_field_fails_with_field_only_diagnostic (test_sealed_historical_source_artifact_metadata_v10.SealedHistoricalSourceArtifactMetadataV10Tests.test_each_security_relevant_field_fails_with_field_only_diagnostic) ... ok
2026-09-12T19:51:15.1178226Z test_exact_metadata_builds_hash_bound_provider_free_receipt (test_sealed_historical_source_artifact_metadata_v10.SealedHistoricalSourceArtifactMetadataV10Tests.test_exact_metadata_builds_hash_bound_provider_free_receipt) ... ok
2026-09-12T19:51:15.1181135Z test_frozen_live_metadata_and_downloaded_zip_bind_implementation (test_sealed_historical_source_artifact_metadata_v10.SealedHistoricalSourceArtifactMetadataV10Tests.test_frozen_live_metadata_and_downloaded_zip_bind_implementation) ... ok
2026-09-12T19:51:15.1190283Z test_type_confusion_duplicate_keys_nonfinite_and_symlink_fail_closed (test_sealed_historical_source_artifact_metadata_v10.SealedHistoricalSourceArtifactMetadataV10Tests.test_type_confusion_duplicate_keys_nonfinite_and_symlink_fail_closed) ... ok
2026-09-12T19:51:15.1194180Z test_each_identity_field_is_exact (test_sealed_historical_source_artifact_metadata_v11.SealedHistoricalSourceArtifactMetadataV11Tests.test_each_identity_field_is_exact) ... ok
2026-09-12T19:51:15.1196820Z test_exact_metadata_returns_hash_bound_receipt (test_sealed_historical_source_artifact_metadata_v11.SealedHistoricalSourceArtifactMetadataV11Tests.test_exact_metadata_returns_hash_bound_receipt) ... ok
2026-09-12T19:51:15.1199482Z test_frozen_fixture_validates (test_sealed_historical_source_artifact_metadata_v11.SealedHistoricalSourceArtifactMetadataV11Tests.test_frozen_fixture_validates) ... ok
2026-09-12T19:51:15.1202166Z test_loader_rejects_duplicate_keys (test_sealed_historical_source_artifact_metadata_v11.SealedHistoricalSourceArtifactMetadataV11Tests.test_loader_rejects_duplicate_keys) ... ok
2026-09-12T19:51:15.1204358Z test_parent_run_and_head_are_exact (test_sealed_historical_source_artifact_metadata_v11.SealedHistoricalSourceArtifactMetadataV11Tests.test_parent_run_and_head_are_exact) ... ok
2026-09-12T19:51:15.1243417Z test_authorization_hash_id_and_required_api_are_frozen (test_sealed_historical_source_authorization_v04.SealedHistoricalSourceAuthorizationV04Tests.test_authorization_hash_id_and_required_api_are_frozen) ... ok
2026-09-12T19:51:15.1288390Z test_authorization_tamper_and_documented_hashes_fail_closed (test_sealed_historical_source_authorization_v04.SealedHistoricalSourceAuthorizationV04Tests.test_authorization_tamper_and_documented_hashes_fail_closed) ... ok
2026-09-12T19:51:15.1325711Z test_child_preserves_v03_dates_authority_cost_and_hard_ceilings (test_sealed_historical_source_authorization_v04.SealedHistoricalSourceAuthorizationV04Tests.test_child_preserves_v03_dates_authority_cost_and_hard_ceilings) ... ok
2026-09-12T19:51:15.1359476Z test_one_shot_provider_checkpoint_and_environment_boundaries (test_sealed_historical_source_authorization_v04.SealedHistoricalSourceAuthorizationV04Tests.test_one_shot_provider_checkpoint_and_environment_boundaries) ... ok
2026-09-12T19:51:15.1423219Z test_parent_bundle_loads_repo_files_and_rejects_tampering (test_sealed_historical_source_authorization_v04.SealedHistoricalSourceAuthorizationV04Tests.test_parent_bundle_loads_repo_files_and_rejects_tampering) ... ok
2026-09-12T19:51:15.1572402Z test_registration_binds_exact_provider_free_artifact_census (test_sealed_historical_source_authorization_v04.SealedHistoricalSourceAuthorizationV04Tests.test_registration_binds_exact_provider_free_artifact_census) ... ok
2026-09-12T19:51:15.1607485Z test_repair_contract_is_explicit_and_does_not_change_profiles (test_sealed_historical_source_authorization_v04.SealedHistoricalSourceAuthorizationV04Tests.test_repair_contract_is_explicit_and_does_not_change_profiles) ... ok
2026-09-12T19:51:15.1617206Z test_authorization_duplicate_key_and_tamper_fail_closed (test_sealed_historical_source_authorization_v05.SealedHistoricalSourceAuthorizationV05Tests.test_authorization_duplicate_key_and_tamper_fail_closed) ... ok
2026-09-12T19:51:15.1629614Z test_authorization_hash_identity_and_recovery_boundary_are_frozen (test_sealed_historical_source_authorization_v05.SealedHistoricalSourceAuthorizationV05Tests.test_authorization_hash_identity_and_recovery_boundary_are_frozen) ... ok
2026-09-12T19:51:15.1638024Z test_composite_budget_and_candidate_repair_do_not_change_strategy (test_sealed_historical_source_authorization_v05.SealedHistoricalSourceAuthorizationV05Tests.test_composite_budget_and_candidate_repair_do_not_change_strategy) ... ok
2026-09-12T19:51:15.1640607Z test_consumption_marker_binds_exact_tag_target_and_attempt (test_sealed_historical_source_authorization_v05.SealedHistoricalSourceAuthorizationV05Tests.test_consumption_marker_binds_exact_tag_target_and_attempt) ... ok
2026-09-12T19:51:15.1648720Z test_one_shot_dispatcher_and_prior_authorizations_are_closed (test_sealed_historical_source_authorization_v05.SealedHistoricalSourceAuthorizationV05Tests.test_one_shot_dispatcher_and_prior_authorizations_are_closed) ... ok
2026-09-12T19:51:15.1683062Z test_parent_failure_and_registration_bundles_validate_exact_files (test_sealed_historical_source_authorization_v05.SealedHistoricalSourceAuthorizationV05Tests.test_parent_failure_and_registration_bundles_validate_exact_files) ... ok
2026-09-12T19:51:15.1774236Z test_registration_detects_one_bound_file_change (test_sealed_historical_source_authorization_v05.SealedHistoricalSourceAuthorizationV05Tests.test_registration_detects_one_bound_file_change) ... ok
2026-09-12T19:51:15.1779299Z test_safe_failure_preserves_ceiling_and_unauthorized_host_evidence (test_sealed_historical_source_authorization_v05.SealedHistoricalSourceAuthorizationV05Tests.test_safe_failure_preserves_ceiling_and_unauthorized_host_evidence) ... ok
2026-09-12T19:51:15.1793949Z test_safe_failure_rejects_unsanitized_blocked_hosts (test_sealed_historical_source_authorization_v05.SealedHistoricalSourceAuthorizationV05Tests.test_safe_failure_rejects_unsanitized_blocked_hosts) ... ok
2026-09-12T19:51:15.1802664Z test_authorization_duplicate_key_and_tamper_fail_closed (test_sealed_historical_source_authorization_v06.SealedHistoricalSourceAuthorizationV06Tests.test_authorization_duplicate_key_and_tamper_fail_closed) ... ok
2026-09-12T19:51:15.1813389Z test_authorization_hash_identity_and_recovery_boundary_are_frozen (test_sealed_historical_source_authorization_v06.SealedHistoricalSourceAuthorizationV06Tests.test_authorization_hash_identity_and_recovery_boundary_are_frozen) ... ok
2026-09-12T19:51:15.1819823Z test_composite_budget_and_candidate_repair_do_not_change_strategy (test_sealed_historical_source_authorization_v06.SealedHistoricalSourceAuthorizationV06Tests.test_composite_budget_and_candidate_repair_do_not_change_strategy) ... ok
2026-09-12T19:51:15.1822708Z test_consumption_marker_binds_exact_tag_target_and_attempt (test_sealed_historical_source_authorization_v06.SealedHistoricalSourceAuthorizationV06Tests.test_consumption_marker_binds_exact_tag_target_and_attempt) ... ok
2026-09-12T19:51:15.1827974Z test_one_shot_dispatcher_and_prior_authorizations_are_closed (test_sealed_historical_source_authorization_v06.SealedHistoricalSourceAuthorizationV06Tests.test_one_shot_dispatcher_and_prior_authorizations_are_closed) ... ok
2026-09-12T19:51:15.1859542Z test_parent_failure_and_registration_bundles_validate_exact_files (test_sealed_historical_source_authorization_v06.SealedHistoricalSourceAuthorizationV06Tests.test_parent_failure_and_registration_bundles_validate_exact_files) ... ok
2026-09-12T19:51:15.1948892Z test_registration_detects_one_bound_file_change (test_sealed_historical_source_authorization_v06.SealedHistoricalSourceAuthorizationV06Tests.test_registration_detects_one_bound_file_change) ... ok
2026-09-12T19:51:15.1953562Z test_safe_failure_preserves_ceiling_and_unauthorized_host_evidence (test_sealed_historical_source_authorization_v06.SealedHistoricalSourceAuthorizationV06Tests.test_safe_failure_preserves_ceiling_and_unauthorized_host_evidence) ... ok
2026-09-12T19:51:15.1968972Z test_safe_failure_rejects_unsanitized_blocked_hosts (test_sealed_historical_source_authorization_v06.SealedHistoricalSourceAuthorizationV06Tests.test_safe_failure_rejects_unsanitized_blocked_hosts) ... ok
2026-09-12T19:51:15.1976975Z test_authorization_duplicate_key_and_tamper_fail_closed (test_sealed_historical_source_authorization_v07.SealedHistoricalSourceAuthorizationV07Tests.test_authorization_duplicate_key_and_tamper_fail_closed) ... ok
2026-09-12T19:51:15.1987476Z test_authorization_hash_identity_and_recovery_boundary_are_frozen (test_sealed_historical_source_authorization_v07.SealedHistoricalSourceAuthorizationV07Tests.test_authorization_hash_identity_and_recovery_boundary_are_frozen) ... ok
2026-09-12T19:51:15.1993714Z test_composite_budget_and_candidate_repair_do_not_change_strategy (test_sealed_historical_source_authorization_v07.SealedHistoricalSourceAuthorizationV07Tests.test_composite_budget_and_candidate_repair_do_not_change_strategy) ... ok
2026-09-12T19:51:15.1996760Z test_consumption_marker_binds_exact_tag_target_and_attempt (test_sealed_historical_source_authorization_v07.SealedHistoricalSourceAuthorizationV07Tests.test_consumption_marker_binds_exact_tag_target_and_attempt) ... ok
2026-09-12T19:51:15.2002165Z test_one_shot_dispatcher_and_prior_authorizations_are_closed (test_sealed_historical_source_authorization_v07.SealedHistoricalSourceAuthorizationV07Tests.test_one_shot_dispatcher_and_prior_authorizations_are_closed) ... ok
2026-09-12T19:51:15.2033163Z test_parent_failure_and_registration_bundles_validate_exact_files (test_sealed_historical_source_authorization_v07.SealedHistoricalSourceAuthorizationV07Tests.test_parent_failure_and_registration_bundles_validate_exact_files) ... ok
2026-09-12T19:51:15.2127712Z test_registration_detects_one_bound_file_change (test_sealed_historical_source_authorization_v07.SealedHistoricalSourceAuthorizationV07Tests.test_registration_detects_one_bound_file_change) ... ok
2026-09-12T19:51:15.2132397Z test_safe_failure_preserves_ceiling_and_unauthorized_host_evidence (test_sealed_historical_source_authorization_v07.SealedHistoricalSourceAuthorizationV07Tests.test_safe_failure_preserves_ceiling_and_unauthorized_host_evidence) ... ok
2026-09-12T19:51:15.2146567Z test_safe_failure_rejects_unsanitized_blocked_hosts (test_sealed_historical_source_authorization_v07.SealedHistoricalSourceAuthorizationV07Tests.test_safe_failure_rejects_unsanitized_blocked_hosts) ... ok
2026-09-12T19:51:15.2158889Z test_authorization_duplicate_key_and_tamper_fail_closed (test_sealed_historical_source_authorization_v08.SealedHistoricalSourceAuthorizationV08Tests.test_authorization_duplicate_key_and_tamper_fail_closed) ... ok
2026-09-12T19:51:15.2173322Z test_authorization_hash_identity_and_recovery_boundary_are_frozen (test_sealed_historical_source_authorization_v08.SealedHistoricalSourceAuthorizationV08Tests.test_authorization_hash_identity_and_recovery_boundary_are_frozen) ... ok
2026-09-12T19:51:15.2183128Z test_composite_budget_and_candidate_repair_do_not_change_strategy (test_sealed_historical_source_authorization_v08.SealedHistoricalSourceAuthorizationV08Tests.test_composite_budget_and_candidate_repair_do_not_change_strategy) ... ok
2026-09-12T19:51:15.2186201Z test_consumption_marker_binds_exact_tag_target_and_attempt (test_sealed_historical_source_authorization_v08.SealedHistoricalSourceAuthorizationV08Tests.test_consumption_marker_binds_exact_tag_target_and_attempt) ... ok
2026-09-12T19:51:15.2194485Z test_one_shot_dispatcher_and_prior_authorizations_are_closed (test_sealed_historical_source_authorization_v08.SealedHistoricalSourceAuthorizationV08Tests.test_one_shot_dispatcher_and_prior_authorizations_are_closed) ... ok
2026-09-12T19:51:15.2232678Z test_parent_failure_and_registration_bundles_validate_exact_files (test_sealed_historical_source_authorization_v08.SealedHistoricalSourceAuthorizationV08Tests.test_parent_failure_and_registration_bundles_validate_exact_files) ... ok
2026-09-12T19:51:15.2340516Z test_registration_detects_one_bound_file_change (test_sealed_historical_source_authorization_v08.SealedHistoricalSourceAuthorizationV08Tests.test_registration_detects_one_bound_file_change) ... ok
2026-09-12T19:51:15.2345240Z test_safe_failure_preserves_ceiling_and_unauthorized_host_evidence (test_sealed_historical_source_authorization_v08.SealedHistoricalSourceAuthorizationV08Tests.test_safe_failure_preserves_ceiling_and_unauthorized_host_evidence) ... ok
2026-09-12T19:51:15.2360527Z test_safe_failure_rejects_unsanitized_blocked_hosts (test_sealed_historical_source_authorization_v08.SealedHistoricalSourceAuthorizationV08Tests.test_safe_failure_rejects_unsanitized_blocked_hosts) ... ok
2026-09-12T19:51:15.2371632Z test_authorization_duplicate_key_and_tamper_fail_closed (test_sealed_historical_source_authorization_v09.SealedHistoricalSourceAuthorizationV09Tests.test_authorization_duplicate_key_and_tamper_fail_closed) ... ok
2026-09-12T19:51:15.2385839Z test_authorization_hash_identity_and_recovery_boundary_are_frozen (test_sealed_historical_source_authorization_v09.SealedHistoricalSourceAuthorizationV09Tests.test_authorization_hash_identity_and_recovery_boundary_are_frozen) ... ok
2026-09-12T19:51:15.2395746Z test_composite_budget_and_candidate_repair_do_not_change_strategy (test_sealed_historical_source_authorization_v09.SealedHistoricalSourceAuthorizationV09Tests.test_composite_budget_and_candidate_repair_do_not_change_strategy) ... ok
2026-09-12T19:51:15.2398771Z test_consumption_marker_binds_exact_tag_target_and_attempt (test_sealed_historical_source_authorization_v09.SealedHistoricalSourceAuthorizationV09Tests.test_consumption_marker_binds_exact_tag_target_and_attempt) ... ok
2026-09-12T19:51:15.2407296Z test_one_shot_dispatcher_and_prior_authorizations_are_closed (test_sealed_historical_source_authorization_v09.SealedHistoricalSourceAuthorizationV09Tests.test_one_shot_dispatcher_and_prior_authorizations_are_closed) ... ok
2026-09-12T19:51:15.2444905Z test_parent_failure_and_registration_bundles_validate_exact_files (test_sealed_historical_source_authorization_v09.SealedHistoricalSourceAuthorizationV09Tests.test_parent_failure_and_registration_bundles_validate_exact_files) ... ok
2026-09-12T19:51:15.2554953Z test_registration_detects_one_bound_file_change (test_sealed_historical_source_authorization_v09.SealedHistoricalSourceAuthorizationV09Tests.test_registration_detects_one_bound_file_change) ... ok
2026-09-12T19:51:15.2559858Z test_safe_failure_preserves_ceiling_and_unauthorized_host_evidence (test_sealed_historical_source_authorization_v09.SealedHistoricalSourceAuthorizationV09Tests.test_safe_failure_preserves_ceiling_and_unauthorized_host_evidence) ... ok
2026-09-12T19:51:15.2574117Z test_safe_failure_rejects_unsanitized_blocked_hosts (test_sealed_historical_source_authorization_v09.SealedHistoricalSourceAuthorizationV09Tests.test_safe_failure_rejects_unsanitized_blocked_hosts) ... ok
2026-09-12T19:51:15.2586037Z test_authorization_duplicate_key_and_tamper_fail_closed (test_sealed_historical_source_authorization_v10.SealedHistoricalSourceAuthorizationV10Tests.test_authorization_duplicate_key_and_tamper_fail_closed) ... ok
2026-09-12T19:51:15.2600546Z test_authorization_hash_identity_and_recovery_boundary_are_frozen (test_sealed_historical_source_authorization_v10.SealedHistoricalSourceAuthorizationV10Tests.test_authorization_hash_identity_and_recovery_boundary_are_frozen) ... ok
2026-09-12T19:51:15.2610659Z test_composite_budget_and_candidate_repair_do_not_change_strategy (test_sealed_historical_source_authorization_v10.SealedHistoricalSourceAuthorizationV10Tests.test_composite_budget_and_candidate_repair_do_not_change_strategy) ... ok
2026-09-12T19:51:15.2613522Z test_consumption_marker_binds_exact_tag_target_and_attempt (test_sealed_historical_source_authorization_v10.SealedHistoricalSourceAuthorizationV10Tests.test_consumption_marker_binds_exact_tag_target_and_attempt) ... ok
2026-09-12T19:51:15.2622234Z test_one_shot_dispatcher_and_prior_authorizations_are_closed (test_sealed_historical_source_authorization_v10.SealedHistoricalSourceAuthorizationV10Tests.test_one_shot_dispatcher_and_prior_authorizations_are_closed) ... ok
2026-09-12T19:51:15.2657141Z test_parent_failure_and_registration_bundles_validate_exact_files (test_sealed_historical_source_authorization_v10.SealedHistoricalSourceAuthorizationV10Tests.test_parent_failure_and_registration_bundles_validate_exact_files) ... ok
2026-09-12T19:51:15.2762770Z test_registration_detects_one_bound_file_change (test_sealed_historical_source_authorization_v10.SealedHistoricalSourceAuthorizationV10Tests.test_registration_detects_one_bound_file_change) ... ok
2026-09-12T19:51:15.2767447Z test_safe_failure_preserves_ceiling_and_unauthorized_host_evidence (test_sealed_historical_source_authorization_v10.SealedHistoricalSourceAuthorizationV10Tests.test_safe_failure_preserves_ceiling_and_unauthorized_host_evidence) ... ok
2026-09-12T19:51:15.2781426Z test_safe_failure_rejects_unsanitized_blocked_hosts (test_sealed_historical_source_authorization_v10.SealedHistoricalSourceAuthorizationV10Tests.test_safe_failure_rejects_unsanitized_blocked_hosts) ... ok
2026-09-12T19:51:15.2785745Z test_authorization_tampering_fails_before_semantic_checks (test_sealed_historical_source_authorization_v11.SealedHistoricalSourceAuthorizationV11Tests.test_authorization_tampering_fails_before_semantic_checks) ... ok
2026-09-12T19:51:15.2800152Z test_frozen_authorization_and_parent_bundle_validate (test_sealed_historical_source_authorization_v11.SealedHistoricalSourceAuthorizationV11Tests.test_frozen_authorization_and_parent_bundle_validate) ... ok
2026-09-12T19:51:15.2830302Z test_full_loader_closes_authorization_parent_and_registration (test_sealed_historical_source_authorization_v11.SealedHistoricalSourceAuthorizationV11Tests.test_full_loader_closes_authorization_parent_and_registration) ... ok
2026-09-12T19:51:15.2832024Z test_provider_authority_is_exactly_zero (test_sealed_historical_source_authorization_v11.SealedHistoricalSourceAuthorizationV11Tests.test_provider_authority_is_exactly_zero) ... ok
2026-09-12T19:51:15.2843272Z test_registration_is_hash_bound_to_every_declared_artifact (test_sealed_historical_source_authorization_v11.SealedHistoricalSourceAuthorizationV11Tests.test_registration_is_hash_bound_to_every_declared_artifact) ... ok
2026-09-12T19:51:15.2847658Z test_authorization_tampering_fails_before_semantic_checks (test_sealed_historical_source_authorization_v12.SealedHistoricalSourceAuthorizationV12Tests.test_authorization_tampering_fails_before_semantic_checks) ... ok
2026-09-12T19:51:15.2890040Z test_frozen_authorization_and_parent_bundle_validate (test_sealed_historical_source_authorization_v12.SealedHistoricalSourceAuthorizationV12Tests.test_frozen_authorization_and_parent_bundle_validate) ... ok
2026-09-12T19:51:15.2949531Z test_full_loader_closes_authorization_parent_and_registration (test_sealed_historical_source_authorization_v12.SealedHistoricalSourceAuthorizationV12Tests.test_full_loader_closes_authorization_parent_and_registration) ... ok
2026-09-12T19:51:15.2952360Z test_provider_authority_is_exactly_zero (test_sealed_historical_source_authorization_v12.SealedHistoricalSourceAuthorizationV12Tests.test_provider_authority_is_exactly_zero) ... ok
2026-09-12T19:51:15.2966592Z test_registration_is_hash_bound_to_every_declared_artifact (test_sealed_historical_source_authorization_v12.SealedHistoricalSourceAuthorizationV12Tests.test_registration_is_hash_bound_to_every_declared_artifact) ... ok
2026-09-12T19:51:15.3043499Z test_changed_or_rehashed_authorization_cannot_add_authority (test_sealed_historical_source_authorization_v13.AuthorizationV13Tests.test_changed_or_rehashed_authorization_cannot_add_authority) ... ok
2026-09-12T19:51:15.3125122Z test_frozen_child_and_every_registered_file_validate (test_sealed_historical_source_authorization_v13.AuthorizationV13Tests.test_frozen_child_and_every_registered_file_validate) ... ok
2026-09-12T19:51:15.3627268Z test_provider_policy_and_parent_ledger_remain_frozen (test_sealed_historical_source_authorization_v13.AuthorizationV13Tests.test_provider_policy_and_parent_ledger_remain_frozen) ... ok
2026-09-12T19:51:15.3682499Z test_additional_decision_outcome_rejected (test_sealed_historical_source_binding_v01.BindingMechanicsTests.test_additional_decision_outcome_rejected) ... ok
2026-09-12T19:51:15.3713299Z test_archive_rejects_path_traversal_absolute_and_symlink (test_sealed_historical_source_binding_v01.BindingMechanicsTests.test_archive_rejects_path_traversal_absolute_and_symlink) ... ok
2026-09-12T19:51:15.3724373Z test_archive_valid_member_extracted_exactly_and_write_once (test_sealed_historical_source_binding_v01.BindingMechanicsTests.test_archive_valid_member_extracted_exactly_and_write_once) ... ok
2026-09-12T19:51:15.3731224Z test_archive_whole_bytes_required_before_extraction (test_sealed_historical_source_binding_v01.BindingMechanicsTests.test_archive_whole_bytes_required_before_extraction) ... ok
2026-09-12T19:51:15.3815900Z test_carry_cannot_skip_preceding_session (test_sealed_historical_source_binding_v01.BindingMechanicsTests.test_carry_cannot_skip_preceding_session) ... ok
2026-09-12T19:51:15.4216346Z test_carry_gaps_preserve_state_and_do_not_imply_flatness (test_sealed_historical_source_binding_v01.BindingMechanicsTests.test_carry_gaps_preserve_state_and_do_not_imply_flatness) ... ok
2026-09-12T19:51:15.4269513Z test_decision_keeps_exact_nanoseconds_and_plan (test_sealed_historical_source_binding_v01.BindingMechanicsTests.test_decision_keeps_exact_nanoseconds_and_plan) ... ok
2026-09-12T19:51:15.4271506Z test_duplicate_identities_rejected (test_sealed_historical_source_binding_v01.BindingMechanicsTests.test_duplicate_identities_rejected) ... ok
2026-09-12T19:51:15.4319966Z test_exact_causal_candidate_uses_original_features (test_sealed_historical_source_binding_v01.BindingMechanicsTests.test_exact_causal_candidate_uses_original_features) ... ok
2026-09-12T19:51:15.4321566Z test_json_duplicate_and_nonfinite_rejected (test_sealed_historical_source_binding_v01.BindingMechanicsTests.test_json_duplicate_and_nonfinite_rejected) ... ok
2026-09-12T19:51:15.4372063Z test_known_row_must_still_pass_frozen_profile (test_sealed_historical_source_binding_v01.BindingMechanicsTests.test_known_row_must_still_pass_frozen_profile) ... ok
2026-09-12T19:51:15.4421347Z test_later_scanner_row_cannot_replace_original_activation (test_sealed_historical_source_binding_v01.BindingMechanicsTests.test_later_scanner_row_cannot_replace_original_activation) ... ok
2026-09-12T19:51:15.4566626Z test_nan_and_boolean_candidate_features_rejected (test_sealed_historical_source_binding_v01.BindingMechanicsTests.test_nan_and_boolean_candidate_features_rejected) ... ok
2026-09-12T19:51:15.4616944Z test_profile_membership_not_inferred_from_better_features (test_sealed_historical_source_binding_v01.BindingMechanicsTests.test_profile_membership_not_inferred_from_better_features) ... ok
2026-09-12T19:51:15.4667985Z test_rehashed_later_timestamp_is_rejected (test_sealed_historical_source_binding_v01.BindingMechanicsTests.test_rehashed_later_timestamp_is_rejected) ... ok
2026-09-12T19:51:15.4764921Z test_replaced_micro_decision_rejected (test_sealed_historical_source_binding_v01.BindingMechanicsTests.test_replaced_micro_decision_rejected) ... ok
2026-09-12T19:51:15.4814742Z test_retrospective_input_is_rejected_even_with_new_hash (test_sealed_historical_source_binding_v01.BindingMechanicsTests.test_retrospective_input_is_rejected_even_with_new_hash) ... ok
2026-09-12T19:51:15.4914039Z test_wrong_symbol_or_activation_rejected (test_sealed_historical_source_binding_v01.BindingMechanicsTests.test_wrong_symbol_or_activation_rejected) ... ok
2026-09-12T19:51:15.4970073Z test_independent_candidate_projection_matches_both_fixed_profiles (test_sealed_historical_source_binding_v01.IndependentCheckerTests.test_independent_candidate_projection_matches_both_fixed_profiles) ... ok
2026-09-12T19:51:15.5021046Z test_independent_checker_rejects_forged_candidate_profile (test_sealed_historical_source_binding_v01.IndependentCheckerTests.test_independent_checker_rejects_forged_candidate_profile) ... ok
2026-09-12T19:51:15.5096983Z test_independent_module_does_not_import_runtime_or_strategy (test_sealed_historical_source_binding_v01.IndependentCheckerTests.test_independent_module_does_not_import_runtime_or_strategy) ... ok
2026-09-12T19:51:15.5100596Z test_independent_timestamp_preserves_nanoseconds_and_offsets (test_sealed_historical_source_binding_v01.IndependentCheckerTests.test_independent_timestamp_preserves_nanoseconds_and_offsets) ... ok
2026-09-12T19:51:15.9089068Z test_all_original_account_dependencies_preserved (test_sealed_historical_source_binding_v01.RegistrationTests.test_all_original_account_dependencies_preserved) ... ok
2026-09-12T19:51:16.6198777Z test_exact_parent_and_registration_reconstruct (test_sealed_historical_source_binding_v01.RegistrationTests.test_exact_parent_and_registration_reconstruct) ... ok
2026-09-12T19:51:17.3222107Z test_missing_archives_cannot_be_synthetic_fallback (test_sealed_historical_source_binding_v01.RegistrationTests.test_missing_archives_cannot_be_synthetic_fallback) ... ok
2026-09-12T19:51:18.6569515Z test_offline_cli_registration_and_undefined_globals (test_sealed_historical_source_binding_v01.RegistrationTests.test_offline_cli_registration_and_undefined_globals) ... ok
2026-09-12T19:51:18.6601749Z test_original_archive_inventory_literal_pins (test_sealed_historical_source_binding_v01.RegistrationTests.test_original_archive_inventory_literal_pins) ... ok
2026-09-12T19:51:18.6606152Z test_output_cannot_write_into_repository (test_sealed_historical_source_binding_v01.RegistrationTests.test_output_cannot_write_into_repository) ... ok
2026-09-12T19:51:18.6608917Z test_registration_cannot_claim_verified_original_data_or_runtime (test_sealed_historical_source_binding_v01.RegistrationTests.test_registration_cannot_claim_verified_original_data_or_runtime) ... ok
2026-09-12T19:51:19.3592701Z test_wrong_registration_pin_rejected_before_archive_access (test_sealed_historical_source_binding_v01.RegistrationTests.test_wrong_registration_pin_rejected_before_archive_access) ... ok
2026-09-12T19:51:19.3732440Z test_closed_reader_rejects_access (test_sealed_historical_source_binding_v01.SourceAccessTests.test_closed_reader_rejects_access) ... ok
2026-09-12T19:51:19.3868002Z test_context_requires_original_account_path (test_sealed_historical_source_binding_v01.SourceAccessTests.test_context_requires_original_account_path) ... ok
2026-09-12T19:51:19.4002950Z test_mutating_returned_manifest_cannot_change_source (test_sealed_historical_source_binding_v01.SourceAccessTests.test_mutating_returned_manifest_cannot_change_source) ... ok
2026-09-12T19:51:19.4133737Z test_source_manifest_requires_external_pin (test_sealed_historical_source_binding_v01.SourceAccessTests.test_source_manifest_requires_external_pin) ... ok
2026-09-12T19:51:19.4270637Z test_unavailable_context_preserved_without_entry_access (test_sealed_historical_source_binding_v01.SourceAccessTests.test_unavailable_context_preserved_without_entry_access) ... ok
2026-09-12T19:51:19.4687413Z test_bool_and_non_integer_counts_are_rejected (test_sealed_historical_source_checkpoint_v01.SealedHistoricalSourceCheckpointV01Tests.test_bool_and_non_integer_counts_are_rejected) ... ok
2026-09-12T19:51:19.5065266Z test_build_is_read_only_and_output_is_write_once_outside_source (test_sealed_historical_source_checkpoint_v01.SealedHistoricalSourceCheckpointV01Tests.test_build_is_read_only_and_output_is_write_once_outside_source) ... ok
2026-09-12T19:51:19.5492846Z test_changed_missing_and_extra_files_fail_rehash (test_sealed_historical_source_checkpoint_v01.SealedHistoricalSourceCheckpointV01Tests.test_changed_missing_and_extra_files_fail_rehash) ... ok
2026-09-12T19:51:19.5694567Z test_checkpoint_module_and_script_import_no_provider_clients (test_sealed_historical_source_checkpoint_v01.SealedHistoricalSourceCheckpointV01Tests.test_checkpoint_module_and_script_import_no_provider_clients) ... ok
2026-09-12T19:51:19.5964713Z test_duplicate_and_escaping_inventory_paths_are_rejected (test_sealed_historical_source_checkpoint_v01.SealedHistoricalSourceCheckpointV01Tests.test_duplicate_and_escaping_inventory_paths_are_rejected) ... ok
2026-09-12T19:51:19.6396485Z test_environment_symlink_nonfile_duplicate_and_unsafe_paths_fail (test_sealed_historical_source_checkpoint_v01.SealedHistoricalSourceCheckpointV01Tests.test_environment_symlink_nonfile_duplicate_and_unsafe_paths_fail) ... ok
2026-09-12T19:51:19.6663783Z test_environment_tamper_swapped_inputs_and_self_hash_fail_closed (test_sealed_historical_source_checkpoint_v01.SealedHistoricalSourceCheckpointV01Tests.test_environment_tamper_swapped_inputs_and_self_hash_fail_closed) ... ok
2026-09-12T19:51:19.6990008Z test_massive_ticker_types_layout_hash_and_manifest_lineage_are_strict (test_sealed_historical_source_checkpoint_v01.SealedHistoricalSourceCheckpointV01Tests.test_massive_ticker_types_layout_hash_and_manifest_lineage_are_strict) ... ok
2026-09-12T19:51:19.7788206Z test_post_freeze_scanner_layout_rejects_rogue_missing_and_symlink (test_sealed_historical_source_checkpoint_v01.SealedHistoricalSourceCheckpointV01Tests.test_post_freeze_scanner_layout_rejects_rogue_missing_and_symlink) ... ok
2026-09-12T19:51:19.8552618Z test_post_freeze_validation_allows_only_scanner_snapshot_addition (test_sealed_historical_source_checkpoint_v01.SealedHistoricalSourceCheckpointV01Tests.test_post_freeze_validation_allows_only_scanner_snapshot_addition) ... ok
2026-09-12T19:51:19.9189176Z test_post_scanner_binding_cross_binds_checkpoint_file_and_final_tree (test_sealed_historical_source_checkpoint_v01.SealedHistoricalSourceCheckpointV01Tests.test_post_scanner_binding_cross_binds_checkpoint_file_and_final_tree) ... ok
2026-09-12T19:51:19.9519494Z test_round_trip_rehashes_complete_label_blind_tree (test_sealed_historical_source_checkpoint_v01.SealedHistoricalSourceCheckpointV01Tests.test_round_trip_rehashes_complete_label_blind_tree) ... ok
2026-09-12T19:51:19.9623930Z test_symlink_and_extra_or_missing_stage_roots_fail_closed (test_sealed_historical_source_checkpoint_v01.SealedHistoricalSourceCheckpointV01Tests.test_symlink_and_extra_or_missing_stage_roots_fail_closed) ... ok
2026-09-12T19:51:19.9893810Z test_wrong_provenance_dates_and_authorization_are_rejected (test_sealed_historical_source_checkpoint_v01.SealedHistoricalSourceCheckpointV01Tests.test_wrong_provenance_dates_and_authorization_are_rejected) ... ok
2026-09-12T19:51:19.9897478Z test_composite_budget_cannot_repeat_massive_or_drop_parent_attempts (test_sealed_historical_source_checkpoint_v05.SealedHistoricalSourceCheckpointV05Tests.test_composite_budget_cannot_repeat_massive_or_drop_parent_attempts) ... ok
2026-09-12T19:51:20.1787028Z test_diagnostic_message_or_file_tamper_fails_rehash (test_sealed_historical_source_checkpoint_v05.SealedHistoricalSourceCheckpointV05Tests.test_diagnostic_message_or_file_tamper_fails_rehash) ... ok
2026-09-12T19:51:20.4933071Z test_exact_checkpoint_cli_builds_revalidates_and_cross_checks_ledgers (test_sealed_historical_source_checkpoint_v05.SealedHistoricalSourceCheckpointV05Tests.test_exact_checkpoint_cli_builds_revalidates_and_cross_checks_ledgers) ... ok
2026-09-12T19:51:20.8280252Z test_post_scanner_binding_allows_only_exact_scanner_addition (test_sealed_historical_source_checkpoint_v05.SealedHistoricalSourceCheckpointV05Tests.test_post_scanner_binding_allows_only_exact_scanner_addition) ... ok
2026-09-12T19:51:21.0757965Z test_round_trip_binds_recovery_diagnostics_and_composite_budget (test_sealed_historical_source_checkpoint_v05.SealedHistoricalSourceCheckpointV05Tests.test_round_trip_binds_recovery_diagnostics_and_composite_budget) ... ok
2026-09-12T19:51:21.0761277Z test_success_checkpoint_rejects_any_external_blocked_attempt (test_sealed_historical_source_checkpoint_v05.SealedHistoricalSourceCheckpointV05Tests.test_success_checkpoint_rejects_any_external_blocked_attempt) ... ok
2026-09-12T19:51:21.0763318Z test_composite_budget_cannot_repeat_massive_or_drop_parent_attempts (test_sealed_historical_source_checkpoint_v06.SealedHistoricalSourceCheckpointV06Tests.test_composite_budget_cannot_repeat_massive_or_drop_parent_attempts) ... ok
2026-09-12T19:51:21.2651616Z test_diagnostic_message_or_file_tamper_fails_rehash (test_sealed_historical_source_checkpoint_v06.SealedHistoricalSourceCheckpointV06Tests.test_diagnostic_message_or_file_tamper_fails_rehash) ... ok
2026-09-12T19:51:21.5952130Z test_exact_checkpoint_cli_builds_revalidates_and_cross_checks_ledgers (test_sealed_historical_source_checkpoint_v06.SealedHistoricalSourceCheckpointV06Tests.test_exact_checkpoint_cli_builds_revalidates_and_cross_checks_ledgers) ... ok
2026-09-12T19:51:21.9347606Z test_post_scanner_binding_allows_only_exact_scanner_addition (test_sealed_historical_source_checkpoint_v06.SealedHistoricalSourceCheckpointV06Tests.test_post_scanner_binding_allows_only_exact_scanner_addition) ... ok
2026-09-12T19:51:22.1840335Z test_round_trip_binds_recovery_diagnostics_and_composite_budget (test_sealed_historical_source_checkpoint_v06.SealedHistoricalSourceCheckpointV06Tests.test_round_trip_binds_recovery_diagnostics_and_composite_budget) ... ok
2026-09-12T19:51:22.1843365Z test_success_checkpoint_rejects_any_external_blocked_attempt (test_sealed_historical_source_checkpoint_v06.SealedHistoricalSourceCheckpointV06Tests.test_success_checkpoint_rejects_any_external_blocked_attempt) ... ok
2026-09-12T19:51:22.1846827Z test_composite_budget_cannot_repeat_massive_sec_or_drop_parent_attempts (test_sealed_historical_source_checkpoint_v07.SealedHistoricalSourceCheckpointV07Tests.test_composite_budget_cannot_repeat_massive_sec_or_drop_parent_attempts) ... ok
2026-09-12T19:51:22.3753935Z test_diagnostic_message_or_file_tamper_fails_rehash (test_sealed_historical_source_checkpoint_v07.SealedHistoricalSourceCheckpointV07Tests.test_diagnostic_message_or_file_tamper_fails_rehash) ... ok
2026-09-12T19:51:22.6930348Z test_exact_checkpoint_cli_builds_revalidates_and_cross_checks_ledgers (test_sealed_historical_source_checkpoint_v07.SealedHistoricalSourceCheckpointV07Tests.test_exact_checkpoint_cli_builds_revalidates_and_cross_checks_ledgers) ... ok
2026-09-12T19:51:23.0282664Z test_post_scanner_binding_allows_only_exact_scanner_addition (test_sealed_historical_source_checkpoint_v07.SealedHistoricalSourceCheckpointV07Tests.test_post_scanner_binding_allows_only_exact_scanner_addition) ... ok
2026-09-12T19:51:23.2779782Z test_round_trip_binds_recovery_diagnostics_and_composite_budget (test_sealed_historical_source_checkpoint_v07.SealedHistoricalSourceCheckpointV07Tests.test_round_trip_binds_recovery_diagnostics_and_composite_budget) ... ok
2026-09-12T19:51:23.2782759Z test_success_checkpoint_rejects_any_external_blocked_attempt (test_sealed_historical_source_checkpoint_v07.SealedHistoricalSourceCheckpointV07Tests.test_success_checkpoint_rejects_any_external_blocked_attempt) ... ok
2026-09-12T19:51:23.2786067Z test_composite_budget_cannot_repeat_massive_sec_or_drop_parent_attempts (test_sealed_historical_source_checkpoint_v08.SealedHistoricalSourceCheckpointV08Tests.test_composite_budget_cannot_repeat_massive_sec_or_drop_parent_attempts) ... ok
2026-09-12T19:51:23.4694189Z test_diagnostic_message_or_file_tamper_fails_rehash (test_sealed_historical_source_checkpoint_v08.SealedHistoricalSourceCheckpointV08Tests.test_diagnostic_message_or_file_tamper_fails_rehash) ... ok
2026-09-12T19:51:23.7844429Z test_exact_checkpoint_cli_builds_revalidates_and_cross_checks_ledgers (test_sealed_historical_source_checkpoint_v08.SealedHistoricalSourceCheckpointV08Tests.test_exact_checkpoint_cli_builds_revalidates_and_cross_checks_ledgers) ... ok
2026-09-12T19:51:24.1221405Z test_post_scanner_binding_allows_only_exact_scanner_addition (test_sealed_historical_source_checkpoint_v08.SealedHistoricalSourceCheckpointV08Tests.test_post_scanner_binding_allows_only_exact_scanner_addition) ... ok
2026-09-12T19:51:24.3712320Z test_round_trip_binds_recovery_diagnostics_and_composite_budget (test_sealed_historical_source_checkpoint_v08.SealedHistoricalSourceCheckpointV08Tests.test_round_trip_binds_recovery_diagnostics_and_composite_budget) ... ok
2026-09-12T19:51:24.3716143Z test_success_checkpoint_rejects_any_external_blocked_attempt (test_sealed_historical_source_checkpoint_v08.SealedHistoricalSourceCheckpointV08Tests.test_success_checkpoint_rejects_any_external_blocked_attempt) ... ok
2026-09-12T19:51:24.3719219Z test_composite_budget_cannot_repeat_massive_sec_or_drop_parent_attempts (test_sealed_historical_source_checkpoint_v09.SealedHistoricalSourceCheckpointV09Tests.test_composite_budget_cannot_repeat_massive_sec_or_drop_parent_attempts) ... ok
2026-09-12T19:51:24.5627588Z test_diagnostic_message_or_file_tamper_fails_rehash (test_sealed_historical_source_checkpoint_v09.SealedHistoricalSourceCheckpointV09Tests.test_diagnostic_message_or_file_tamper_fails_rehash) ... ok
2026-09-12T19:51:24.8783959Z test_exact_checkpoint_cli_builds_revalidates_and_cross_checks_ledgers (test_sealed_historical_source_checkpoint_v09.SealedHistoricalSourceCheckpointV09Tests.test_exact_checkpoint_cli_builds_revalidates_and_cross_checks_ledgers) ... ok
2026-09-12T19:51:25.2163184Z test_post_scanner_binding_allows_only_exact_scanner_addition (test_sealed_historical_source_checkpoint_v09.SealedHistoricalSourceCheckpointV09Tests.test_post_scanner_binding_allows_only_exact_scanner_addition) ... ok
2026-09-12T19:51:25.4680393Z test_round_trip_binds_recovery_diagnostics_and_composite_budget (test_sealed_historical_source_checkpoint_v09.SealedHistoricalSourceCheckpointV09Tests.test_round_trip_binds_recovery_diagnostics_and_composite_budget) ... ok
2026-09-12T19:51:25.4683284Z test_success_checkpoint_rejects_any_external_blocked_attempt (test_sealed_historical_source_checkpoint_v09.SealedHistoricalSourceCheckpointV09Tests.test_success_checkpoint_rejects_any_external_blocked_attempt) ... ok
2026-09-12T19:51:25.4686898Z test_composite_budget_cannot_repeat_massive_sec_or_drop_parent_attempts (test_sealed_historical_source_checkpoint_v10.SealedHistoricalSourceCheckpointV10Tests.test_composite_budget_cannot_repeat_massive_sec_or_drop_parent_attempts) ... ok
2026-09-12T19:51:25.6585977Z test_diagnostic_message_or_file_tamper_fails_rehash (test_sealed_historical_source_checkpoint_v10.SealedHistoricalSourceCheckpointV10Tests.test_diagnostic_message_or_file_tamper_fails_rehash) ... ok
2026-09-12T19:51:25.9736327Z test_exact_checkpoint_cli_builds_revalidates_and_cross_checks_ledgers (test_sealed_historical_source_checkpoint_v10.SealedHistoricalSourceCheckpointV10Tests.test_exact_checkpoint_cli_builds_revalidates_and_cross_checks_ledgers) ... ok
2026-09-12T19:51:26.3131235Z test_post_scanner_binding_allows_only_exact_scanner_addition (test_sealed_historical_source_checkpoint_v10.SealedHistoricalSourceCheckpointV10Tests.test_post_scanner_binding_allows_only_exact_scanner_addition) ... ok
2026-09-12T19:51:26.5625273Z test_round_trip_binds_recovery_diagnostics_and_composite_budget (test_sealed_historical_source_checkpoint_v10.SealedHistoricalSourceCheckpointV10Tests.test_round_trip_binds_recovery_diagnostics_and_composite_budget) ... ok
2026-09-12T19:51:26.5628566Z test_success_checkpoint_rejects_any_external_blocked_attempt (test_sealed_historical_source_checkpoint_v10.SealedHistoricalSourceCheckpointV10Tests.test_success_checkpoint_rejects_any_external_blocked_attempt) ... ok
2026-09-12T19:51:26.5728177Z test_acquire_phase_never_invokes_scanner_validator (test_sealed_historical_source_integration_v04.SealedHistoricalSourceIntegrationV04Tests.test_acquire_phase_never_invokes_scanner_validator) ... ok
2026-09-12T19:51:26.5731053Z test_empty_candidate_date_is_a_valid_complete_reconstruction (test_sealed_historical_source_integration_v04.SealedHistoricalSourceIntegrationV04Tests.test_empty_candidate_date_is_a_valid_complete_reconstruction) ... ok
2026-09-12T19:51:26.5733926Z test_exact_fixed_tuple_and_mode_guards (test_sealed_historical_source_integration_v04.SealedHistoricalSourceIntegrationV04Tests.test_exact_fixed_tuple_and_mode_guards) ... ok
2026-09-12T19:51:26.5812473Z test_freeze_phase_is_provider_free_and_exactly_rebuilds (test_sealed_historical_source_integration_v04.SealedHistoricalSourceIntegrationV04Tests.test_freeze_phase_is_provider_free_and_exactly_rebuilds) ... ok
2026-09-12T19:51:26.5815501Z test_freeze_rejects_rehashed_stale_per_date_sidecar_lineage (test_sealed_historical_source_integration_v04.SealedHistoricalSourceIntegrationV04Tests.test_freeze_rejects_rehashed_stale_per_date_sidecar_lineage) ... ok
2026-09-12T19:51:26.6343294Z test_removed_cli_basis_switch_fails_before_files_or_provider (test_sealed_historical_source_integration_v04.SealedHistoricalSourceIntegrationV04Tests.test_removed_cli_basis_switch_fails_before_files_or_provider) ... ok
2026-09-12T19:51:26.6404615Z test_source_sidecar_round_trip_and_compressed_tamper_fail_closed (test_sealed_historical_source_integration_v04.SealedHistoricalSourceIntegrationV04Tests.test_source_sidecar_round_trip_and_compressed_tamper_fail_closed) ... ok
2026-09-12T19:51:26.6416520Z test_environment_pair_separates_dependencies_from_checkout_commit (test_sealed_historical_source_recovery_v05.SealedHistoricalSourceRecoveryV05Tests.test_environment_pair_separates_dependencies_from_checkout_commit) ... ok
2026-09-12T19:51:26.6423602Z test_existing_output_prevents_recovery_overwrite (test_sealed_historical_source_recovery_v05.SealedHistoricalSourceRecoveryV05Tests.test_existing_output_prevents_recovery_overwrite) ... ok
2026-09-12T19:51:26.6441745Z test_materialization_copies_only_validated_source_and_seeds_budget (test_sealed_historical_source_recovery_v05.SealedHistoricalSourceRecoveryV05Tests.test_materialization_copies_only_validated_source_and_seeds_budget) ... ok
2026-09-12T19:51:26.6447068Z test_self_hash_rejects_tampering_and_duplicate_json_keys (test_sealed_historical_source_recovery_v05.SealedHistoricalSourceRecoveryV05Tests.test_self_hash_rejects_tampering_and_duplicate_json_keys) ... ok
2026-09-12T19:51:26.6457194Z test_environment_pair_separates_dependencies_from_checkout_commit (test_sealed_historical_source_recovery_v06.SealedHistoricalSourceRecoveryV06Tests.test_environment_pair_separates_dependencies_from_checkout_commit) ... ok
2026-09-12T19:51:26.6463671Z test_existing_output_prevents_recovery_overwrite (test_sealed_historical_source_recovery_v06.SealedHistoricalSourceRecoveryV06Tests.test_existing_output_prevents_recovery_overwrite) ... ok
2026-09-12T19:51:26.6480702Z test_materialization_copies_only_validated_source_and_seeds_budget (test_sealed_historical_source_recovery_v06.SealedHistoricalSourceRecoveryV06Tests.test_materialization_copies_only_validated_source_and_seeds_budget) ... ok
2026-09-12T19:51:26.6485613Z test_self_hash_rejects_tampering_and_duplicate_json_keys (test_sealed_historical_source_recovery_v06.SealedHistoricalSourceRecoveryV06Tests.test_self_hash_rejects_tampering_and_duplicate_json_keys) ... ok
2026-09-12T19:51:26.6495746Z test_environment_pair_separates_dependencies_from_checkout_commit (test_sealed_historical_source_recovery_v07.SealedHistoricalSourceRecoveryV07Tests.test_environment_pair_separates_dependencies_from_checkout_commit) ... ok
2026-09-12T19:51:26.6502414Z test_existing_output_prevents_recovery_overwrite (test_sealed_historical_source_recovery_v07.SealedHistoricalSourceRecoveryV07Tests.test_existing_output_prevents_recovery_overwrite) ... ok
2026-09-12T19:51:26.6520822Z test_materialization_copies_only_validated_source_and_seeds_budget (test_sealed_historical_source_recovery_v07.SealedHistoricalSourceRecoveryV07Tests.test_materialization_copies_only_validated_source_and_seeds_budget) ... ok
2026-09-12T19:51:26.6525287Z test_self_hash_rejects_tampering_and_duplicate_json_keys (test_sealed_historical_source_recovery_v07.SealedHistoricalSourceRecoveryV07Tests.test_self_hash_rejects_tampering_and_duplicate_json_keys) ... ok
2026-09-12T19:51:26.6535519Z test_environment_pair_separates_dependencies_from_checkout_commit (test_sealed_historical_source_recovery_v08.SealedHistoricalSourceRecoveryV08Tests.test_environment_pair_separates_dependencies_from_checkout_commit) ... ok
2026-09-12T19:51:26.6542049Z test_existing_output_prevents_recovery_overwrite (test_sealed_historical_source_recovery_v08.SealedHistoricalSourceRecoveryV08Tests.test_existing_output_prevents_recovery_overwrite) ... ok
2026-09-12T19:51:26.6559283Z test_materialization_copies_only_validated_source_and_seeds_budget (test_sealed_historical_source_recovery_v08.SealedHistoricalSourceRecoveryV08Tests.test_materialization_copies_only_validated_source_and_seeds_budget) ... ok
2026-09-12T19:51:26.6563661Z test_self_hash_rejects_tampering_and_duplicate_json_keys (test_sealed_historical_source_recovery_v08.SealedHistoricalSourceRecoveryV08Tests.test_self_hash_rejects_tampering_and_duplicate_json_keys) ... ok
2026-09-12T19:51:26.6573939Z test_environment_pair_separates_dependencies_from_checkout_commit (test_sealed_historical_source_recovery_v09.SealedHistoricalSourceRecoveryV09Tests.test_environment_pair_separates_dependencies_from_checkout_commit) ... ok
2026-09-12T19:51:26.6581046Z test_existing_output_prevents_recovery_overwrite (test_sealed_historical_source_recovery_v09.SealedHistoricalSourceRecoveryV09Tests.test_existing_output_prevents_recovery_overwrite) ... ok
2026-09-12T19:51:26.6599127Z test_materialization_copies_only_validated_source_and_seeds_budget (test_sealed_historical_source_recovery_v09.SealedHistoricalSourceRecoveryV09Tests.test_materialization_copies_only_validated_source_and_seeds_budget) ... ok
2026-09-12T19:51:26.6603608Z test_self_hash_rejects_tampering_and_duplicate_json_keys (test_sealed_historical_source_recovery_v09.SealedHistoricalSourceRecoveryV09Tests.test_self_hash_rejects_tampering_and_duplicate_json_keys) ... ok
2026-09-12T19:51:26.6614065Z test_environment_pair_separates_dependencies_from_checkout_commit (test_sealed_historical_source_recovery_v10.SealedHistoricalSourceRecoveryV10Tests.test_environment_pair_separates_dependencies_from_checkout_commit) ... ok
2026-09-12T19:51:26.6620814Z test_existing_output_prevents_recovery_overwrite (test_sealed_historical_source_recovery_v10.SealedHistoricalSourceRecoveryV10Tests.test_existing_output_prevents_recovery_overwrite) ... ok
2026-09-12T19:51:26.6642990Z test_materialization_copies_only_validated_source_and_seeds_budget (test_sealed_historical_source_recovery_v10.SealedHistoricalSourceRecoveryV10Tests.test_materialization_copies_only_validated_source_and_seeds_budget) ... ok
2026-09-12T19:51:26.6647919Z test_self_hash_rejects_tampering_and_duplicate_json_keys (test_sealed_historical_source_recovery_v10.SealedHistoricalSourceRecoveryV10Tests.test_self_hash_rejects_tampering_and_duplicate_json_keys) ... ok
2026-09-12T19:51:26.8979097Z test_directory_change_is_part_of_the_source_commitment (test_sealed_historical_source_runner_v13.IntermediateV13Tests.test_directory_change_is_part_of_the_source_commitment) ... ok
2026-09-12T19:51:27.1781654Z test_incomplete_scanner_manifest_is_rejected_even_if_rehashed (test_sealed_historical_source_runner_v13.IntermediateV13Tests.test_incomplete_scanner_manifest_is_rejected_even_if_rehashed) ... ok
2026-09-12T19:51:27.4109152Z test_modified_file_bytes_are_rejected_even_with_unchanged_count (test_sealed_historical_source_runner_v13.IntermediateV13Tests.test_modified_file_bytes_are_rejected_even_with_unchanged_count) ... ok
2026-09-12T19:51:27.6455213Z test_real_inventory_round_trip_stays_non_final (test_sealed_historical_source_runner_v13.IntermediateV13Tests.test_real_inventory_round_trip_stays_non_final) ... ok
2026-09-12T19:51:27.9786607Z test_rehashed_final_eligibility_and_provider_claims_are_rejected (test_sealed_historical_source_runner_v13.IntermediateV13Tests.test_rehashed_final_eligibility_and_provider_claims_are_rejected) ... ok
2026-09-12T19:51:28.1711012Z test_rehashed_identity_count_and_parent_ledger_changes_are_rejected (test_sealed_historical_source_runner_v13.IntermediateV13Tests.test_rehashed_identity_count_and_parent_ledger_changes_are_rejected) ... ok
2026-09-12T19:51:28.1716845Z test_gate_detects_nested_scopes_and_accepts_bound_names (test_sealed_historical_source_runner_v13.OfflineAndStaticV13Tests.test_gate_detects_nested_scopes_and_accepts_bound_names) ... ok
2026-09-12T19:51:28.1962663Z test_gate_detects_the_exact_unmodified_v12_failure (test_sealed_historical_source_runner_v13.OfflineAndStaticV13Tests.test_gate_detects_the_exact_unmodified_v12_failure) ... ok
2026-09-12T19:51:28.2671946Z test_guard_blocks_real_socket_and_process_creation_in_subprocess (test_sealed_historical_source_runner_v13.OfflineAndStaticV13Tests.test_guard_blocks_real_socket_and_process_creation_in_subprocess) ... ok
2026-09-12T19:51:28.2673326Z test_guard_rejects_acquisition_and_arbitrary_scripts (test_sealed_historical_source_runner_v13.OfflineAndStaticV13Tests.test_guard_rejects_acquisition_and_arbitrary_scripts) ... ok
2026-09-12T19:51:28.2876128Z test_actual_cli_success_writes_and_validates_real_report (test_sealed_historical_source_runner_v13.RunnerV13Tests.test_actual_cli_success_writes_and_validates_real_report) ... ok
2026-09-12T19:51:28.3061504Z test_cli_missing_argument_and_attempt_two_fail_closed (test_sealed_historical_source_runner_v13.RunnerV13Tests.test_cli_missing_argument_and_attempt_two_fail_closed) ... ok
2026-09-12T19:51:28.3261923Z test_cli_requires_intermediate_and_cannot_overwrite (test_sealed_historical_source_runner_v13.RunnerV13Tests.test_cli_requires_intermediate_and_cannot_overwrite) ... ok
2026-09-12T19:51:28.3454264Z test_hosted_prelaunch_verification_records_real_run_but_not_final_gate (test_sealed_historical_source_runner_v13.RunnerV13Tests.test_hosted_prelaunch_verification_records_real_run_but_not_final_gate) ... ok
2026-09-12T19:51:28.5983826Z test_intermediate_cli_binds_real_inventory_without_final_replay (test_sealed_historical_source_runner_v13.RunnerV13Tests.test_intermediate_cli_binds_real_inventory_without_final_replay) ... ok
2026-09-12T19:51:28.6118234Z test_invalid_external_ledger_fails_before_replay (test_sealed_historical_source_runner_v13.RunnerV13Tests.test_invalid_external_ledger_fails_before_replay) ... ok
2026-09-12T19:51:28.6224749Z test_local_verification_cannot_forge_a_github_identity (test_sealed_historical_source_runner_v13.RunnerV13Tests.test_local_verification_cannot_forge_a_github_identity) ... ok
2026-09-12T19:51:28.6415678Z test_local_verification_does_not_claim_github_or_open_final_gate (test_sealed_historical_source_runner_v13.RunnerV13Tests.test_local_verification_does_not_claim_github_or_open_final_gate) ... ok
2026-09-12T19:51:28.6534481Z test_nonzero_blocked_ledger_fails_before_replay (test_sealed_historical_source_runner_v13.RunnerV13Tests.test_nonzero_blocked_ledger_fails_before_replay) ... ok
2026-09-12T19:51:28.6666184Z test_preflight_cli_checks_checkpoint_and_identity_without_final_replay (test_sealed_historical_source_runner_v13.RunnerV13Tests.test_preflight_cli_checks_checkpoint_and_identity_without_final_replay) ... ok
2026-09-12T19:51:28.6802082Z test_real_summary_validator_is_not_mocked (test_sealed_historical_source_runner_v13.RunnerV13Tests.test_real_summary_validator_is_not_mocked) ... ok
2026-09-12T19:51:28.6911941Z test_safe_failure_uses_actual_cli_and_is_sanitized (test_sealed_historical_source_runner_v13.RunnerV13Tests.test_safe_failure_uses_actual_cli_and_is_sanitized) ... ok
2026-09-12T19:51:28.7269981Z test_checkout_gate_binds_repository_branch_path_commit_tree_and_dispatcher (test_sealed_historical_source_workflow_v04.SealedHistoricalSourceWorkflowV04Tests.test_checkout_gate_binds_repository_branch_path_commit_tree_and_dispatcher) ... ok
2026-09-12T19:51:28.7273160Z test_checkpoint_and_report_bind_environment_and_dispatcher_provenance (test_sealed_historical_source_workflow_v04.SealedHistoricalSourceWorkflowV04Tests.test_checkpoint_and_report_bind_environment_and_dispatcher_provenance) ... ok
2026-09-12T19:51:28.7276474Z test_consumption_marker_binds_exact_context_before_provider_access (test_sealed_historical_source_workflow_v04.SealedHistoricalSourceWorkflowV04Tests.test_consumption_marker_binds_exact_context_before_provider_access) ... ok
2026-09-12T19:51:28.7279204Z test_durable_marker_is_consumed_before_every_provider_step (test_sealed_historical_source_workflow_v04.SealedHistoricalSourceWorkflowV04Tests.test_durable_marker_is_consumed_before_every_provider_step) ... ok
2026-09-12T19:51:28.7282401Z test_exact_30_dates_and_frozen_budgets_are_semantic_values (test_sealed_historical_source_workflow_v04.SealedHistoricalSourceWorkflowV04Tests.test_exact_30_dates_and_frozen_budgets_are_semantic_values) ... ok
2026-09-12T19:51:28.7285254Z test_exact_provider_phase_order_checkpoint_then_provider_free_freeze (test_sealed_historical_source_workflow_v04.SealedHistoricalSourceWorkflowV04Tests.test_exact_provider_phase_order_checkpoint_then_provider_free_freeze) ... ok
2026-09-12T19:51:28.7288508Z test_failure_accounting_preserves_blocked_hosts_and_budget_overrun (test_sealed_historical_source_workflow_v04.SealedHistoricalSourceWorkflowV04Tests.test_failure_accounting_preserves_blocked_hosts_and_budget_overrun) ... ok
2026-09-12T19:51:28.7291595Z test_failure_path_retains_accounting_and_missing_checkpoint_without_secrets (test_sealed_historical_source_workflow_v04.SealedHistoricalSourceWorkflowV04Tests.test_failure_path_retains_accounting_and_missing_checkpoint_without_secrets) ... ok
2026-09-12T19:51:28.7294599Z test_no_transcript_databento_account_or_order_path_is_present (test_sealed_historical_source_workflow_v04.SealedHistoricalSourceWorkflowV04Tests.test_no_transcript_databento_account_or_order_path_is_present) ... ok
2026-09-12T19:51:28.7297759Z test_pinned_install_and_environment_freeze_precede_provider_access (test_sealed_historical_source_workflow_v04.SealedHistoricalSourceWorkflowV04Tests.test_pinned_install_and_environment_freeze_precede_provider_access) ... ok
2026-09-12T19:51:28.7300986Z test_progress_boundary_and_canonical_timeout_leave_cleanup_reserve (test_sealed_historical_source_workflow_v04.SealedHistoricalSourceWorkflowV04Tests.test_progress_boundary_and_canonical_timeout_leave_cleanup_reserve) ... ok
2026-09-12T19:51:28.7304083Z test_provider_secrets_are_step_scoped_and_only_wrapped_steps_receive_them (test_sealed_historical_source_workflow_v04.SealedHistoricalSourceWorkflowV04Tests.test_provider_secrets_are_step_scoped_and_only_wrapped_steps_receive_them) ... ok
2026-09-12T19:51:28.7307427Z test_runner_provenance_rejects_rerun_and_unbound_dispatcher (test_sealed_historical_source_workflow_v04.SealedHistoricalSourceWorkflowV04Tests.test_runner_provenance_rejects_rerun_and_unbound_dispatcher) ... ok
2026-09-12T19:51:28.7317720Z test_safe_failure_records_only_sanitized_counts_hashes_and_dates (test_sealed_historical_source_workflow_v04.SealedHistoricalSourceWorkflowV04Tests.test_safe_failure_records_only_sanitized_counts_hashes_and_dates) ... ok
2026-09-12T19:51:28.7330055Z test_v03_hash_bound_entry_points_remain_byte_identical (test_sealed_historical_source_workflow_v04.SealedHistoricalSourceWorkflowV04Tests.test_v03_hash_bound_entry_points_remain_byte_identical) ... ok
2026-09-12T19:51:28.7332745Z test_yaml_trigger_is_push_validation_plus_manual_one_shot_only (test_sealed_historical_source_workflow_v04.SealedHistoricalSourceWorkflowV04Tests.test_yaml_trigger_is_push_validation_plus_manual_one_shot_only) ... ok
2026-09-12T19:51:28.7679292Z test_action_revisions_and_environment_are_pinned (test_sealed_historical_source_workflow_v05.SealedHistoricalSourceWorkflowV05Tests.test_action_revisions_and_environment_are_pinned) ... ok
2026-09-12T19:51:28.7681985Z test_checkpoint_is_uploaded_before_separate_provider_free_freeze (test_sealed_historical_source_workflow_v05.SealedHistoricalSourceWorkflowV05Tests.test_checkpoint_is_uploaded_before_separate_provider_free_freeze) ... ok
2026-09-12T19:51:28.7684741Z test_every_registered_runtime_artifact_triggers_push_validation (test_sealed_historical_source_workflow_v05.SealedHistoricalSourceWorkflowV05Tests.test_every_registered_runtime_artifact_triggers_push_validation) ... ok
2026-09-12T19:51:28.7687835Z test_inputs_are_trimmed_then_bound_to_exact_commit_tree_and_path (test_sealed_historical_source_workflow_v05.SealedHistoricalSourceWorkflowV05Tests.test_inputs_are_trimmed_then_bound_to_exact_commit_tree_and_path) ... ok
2026-09-12T19:51:28.7690592Z test_no_massive_identity_or_market_provider_stage_can_run (test_sealed_historical_source_workflow_v05.SealedHistoricalSourceWorkflowV05Tests.test_no_massive_identity_or_market_provider_stage_can_run) ... ok
2026-09-12T19:51:28.7693878Z test_parent_artifact_is_exact_and_recovery_precedes_provider_access (test_sealed_historical_source_workflow_v05.SealedHistoricalSourceWorkflowV05Tests.test_parent_artifact_is_exact_and_recovery_precedes_provider_access) ... ok
2026-09-12T19:51:28.7697071Z test_push_is_provider_free_and_manual_dispatch_is_attempt_one_only (test_sealed_historical_source_workflow_v05.SealedHistoricalSourceWorkflowV05Tests.test_push_is_provider_free_and_manual_dispatch_is_attempt_one_only) ... ok
2026-09-12T19:51:28.7699935Z test_transcripts_databento_accounts_and_orders_are_absent (test_sealed_historical_source_workflow_v05.SealedHistoricalSourceWorkflowV05Tests.test_transcripts_databento_accounts_and_orders_are_absent) ... ok
2026-09-12T19:51:28.8039210Z test_action_revisions_and_environment_are_pinned (test_sealed_historical_source_workflow_v06.SealedHistoricalSourceWorkflowV06Tests.test_action_revisions_and_environment_are_pinned) ... ok
2026-09-12T19:51:28.8041966Z test_checkpoint_is_uploaded_before_separate_provider_free_freeze (test_sealed_historical_source_workflow_v06.SealedHistoricalSourceWorkflowV06Tests.test_checkpoint_is_uploaded_before_separate_provider_free_freeze) ... ok
2026-09-12T19:51:28.8044714Z test_every_registered_runtime_artifact_triggers_push_validation (test_sealed_historical_source_workflow_v06.SealedHistoricalSourceWorkflowV06Tests.test_every_registered_runtime_artifact_triggers_push_validation) ... ok
2026-09-12T19:51:28.8048172Z test_inputs_are_trimmed_then_bound_to_exact_commit_tree_and_path (test_sealed_historical_source_workflow_v06.SealedHistoricalSourceWorkflowV06Tests.test_inputs_are_trimmed_then_bound_to_exact_commit_tree_and_path) ... ok
2026-09-12T19:51:28.8050941Z test_no_massive_identity_or_market_provider_stage_can_run (test_sealed_historical_source_workflow_v06.SealedHistoricalSourceWorkflowV06Tests.test_no_massive_identity_or_market_provider_stage_can_run) ... ok
2026-09-12T19:51:28.8053815Z test_parent_artifact_is_exact_and_recovery_precedes_provider_access (test_sealed_historical_source_workflow_v06.SealedHistoricalSourceWorkflowV06Tests.test_parent_artifact_is_exact_and_recovery_precedes_provider_access) ... ok
2026-09-12T19:51:28.8056966Z test_push_is_provider_free_and_manual_dispatch_is_attempt_one_only (test_sealed_historical_source_workflow_v06.SealedHistoricalSourceWorkflowV06Tests.test_push_is_provider_free_and_manual_dispatch_is_attempt_one_only) ... ok
2026-09-12T19:51:28.8059851Z test_transcripts_databento_accounts_and_orders_are_absent (test_sealed_historical_source_workflow_v06.SealedHistoricalSourceWorkflowV06Tests.test_transcripts_databento_accounts_and_orders_are_absent) ... ok
2026-09-12T19:51:28.8392593Z test_action_revisions_and_environment_are_pinned (test_sealed_historical_source_workflow_v07.SealedHistoricalSourceWorkflowV07Tests.test_action_revisions_and_environment_are_pinned) ... ok
2026-09-12T19:51:28.8395312Z test_checkpoint_is_uploaded_before_separate_provider_free_freeze (test_sealed_historical_source_workflow_v07.SealedHistoricalSourceWorkflowV07Tests.test_checkpoint_is_uploaded_before_separate_provider_free_freeze) ... ok
2026-09-12T19:51:28.8398281Z test_every_registered_runtime_artifact_triggers_push_validation (test_sealed_historical_source_workflow_v07.SealedHistoricalSourceWorkflowV07Tests.test_every_registered_runtime_artifact_triggers_push_validation) ... ok
2026-09-12T19:51:28.8401093Z test_inputs_are_trimmed_then_bound_to_exact_commit_tree_and_path (test_sealed_historical_source_workflow_v07.SealedHistoricalSourceWorkflowV07Tests.test_inputs_are_trimmed_then_bound_to_exact_commit_tree_and_path) ... ok
2026-09-12T19:51:28.8403977Z test_no_massive_identity_market_sec_or_float_provider_stage_can_run (test_sealed_historical_source_workflow_v07.SealedHistoricalSourceWorkflowV07Tests.test_no_massive_identity_market_sec_or_float_provider_stage_can_run) ... ok
2026-09-12T19:51:28.8407647Z test_parent_artifact_is_exact_and_recovery_precedes_provider_access (test_sealed_historical_source_workflow_v07.SealedHistoricalSourceWorkflowV07Tests.test_parent_artifact_is_exact_and_recovery_precedes_provider_access) ... ok
2026-09-12T19:51:28.8410630Z test_push_is_provider_free_and_manual_dispatch_is_attempt_one_only (test_sealed_historical_source_workflow_v07.SealedHistoricalSourceWorkflowV07Tests.test_push_is_provider_free_and_manual_dispatch_is_attempt_one_only) ... ok
2026-09-12T19:51:28.8413469Z test_transcripts_databento_accounts_and_orders_are_absent (test_sealed_historical_source_workflow_v07.SealedHistoricalSourceWorkflowV07Tests.test_transcripts_databento_accounts_and_orders_are_absent) ... ok
2026-09-12T19:51:28.8750528Z test_action_revisions_and_environment_are_pinned (test_sealed_historical_source_workflow_v08.SealedHistoricalSourceWorkflowV08Tests.test_action_revisions_and_environment_are_pinned) ... ok
2026-09-12T19:51:28.8753163Z test_checkpoint_is_uploaded_before_separate_provider_free_freeze (test_sealed_historical_source_workflow_v08.SealedHistoricalSourceWorkflowV08Tests.test_checkpoint_is_uploaded_before_separate_provider_free_freeze) ... ok
2026-09-12T19:51:28.8756201Z test_every_registered_runtime_artifact_triggers_push_validation (test_sealed_historical_source_workflow_v08.SealedHistoricalSourceWorkflowV08Tests.test_every_registered_runtime_artifact_triggers_push_validation) ... ok
2026-09-12T19:51:28.8759036Z test_inputs_are_trimmed_then_bound_to_exact_commit_tree_and_path (test_sealed_historical_source_workflow_v08.SealedHistoricalSourceWorkflowV08Tests.test_inputs_are_trimmed_then_bound_to_exact_commit_tree_and_path) ... ok
2026-09-12T19:51:28.8762261Z test_no_massive_identity_market_sec_or_float_provider_stage_can_run (test_sealed_historical_source_workflow_v08.SealedHistoricalSourceWorkflowV08Tests.test_no_massive_identity_market_sec_or_float_provider_stage_can_run) ... ok
2026-09-12T19:51:28.8765267Z test_parent_artifact_is_exact_and_recovery_precedes_provider_access (test_sealed_historical_source_workflow_v08.SealedHistoricalSourceWorkflowV08Tests.test_parent_artifact_is_exact_and_recovery_precedes_provider_access) ... ok
2026-09-12T19:51:28.8768473Z test_push_is_provider_free_and_manual_dispatch_is_attempt_one_only (test_sealed_historical_source_workflow_v08.SealedHistoricalSourceWorkflowV08Tests.test_push_is_provider_free_and_manual_dispatch_is_attempt_one_only) ... ok
2026-09-12T19:51:28.8771309Z test_transcripts_databento_accounts_and_orders_are_absent (test_sealed_historical_source_workflow_v08.SealedHistoricalSourceWorkflowV08Tests.test_transcripts_databento_accounts_and_orders_are_absent) ... ok
2026-09-12T19:51:28.9109691Z test_action_revisions_and_environment_are_pinned (test_sealed_historical_source_workflow_v09.SealedHistoricalSourceWorkflowV09Tests.test_action_revisions_and_environment_are_pinned) ... ok
2026-09-12T19:51:28.9112366Z test_checkpoint_is_uploaded_before_separate_provider_free_freeze (test_sealed_historical_source_workflow_v09.SealedHistoricalSourceWorkflowV09Tests.test_checkpoint_is_uploaded_before_separate_provider_free_freeze) ... ok
2026-09-12T19:51:28.9115150Z test_every_registered_runtime_artifact_triggers_push_validation (test_sealed_historical_source_workflow_v09.SealedHistoricalSourceWorkflowV09Tests.test_every_registered_runtime_artifact_triggers_push_validation) ... ok
2026-09-12T19:51:28.9118179Z test_inputs_are_trimmed_then_bound_to_exact_commit_tree_and_path (test_sealed_historical_source_workflow_v09.SealedHistoricalSourceWorkflowV09Tests.test_inputs_are_trimmed_then_bound_to_exact_commit_tree_and_path) ... ok
2026-09-12T19:51:28.9121059Z test_no_massive_identity_market_sec_or_float_provider_stage_can_run (test_sealed_historical_source_workflow_v09.SealedHistoricalSourceWorkflowV09Tests.test_no_massive_identity_market_sec_or_float_provider_stage_can_run) ... ok
2026-09-12T19:51:28.9124060Z test_parent_artifact_is_exact_and_recovery_precedes_provider_access (test_sealed_historical_source_workflow_v09.SealedHistoricalSourceWorkflowV09Tests.test_parent_artifact_is_exact_and_recovery_precedes_provider_access) ... ok
2026-09-12T19:51:28.9127737Z test_push_is_provider_free_and_manual_dispatch_is_attempt_one_only (test_sealed_historical_source_workflow_v09.SealedHistoricalSourceWorkflowV09Tests.test_push_is_provider_free_and_manual_dispatch_is_attempt_one_only) ... ok
2026-09-12T19:51:28.9130581Z test_transcripts_databento_accounts_and_orders_are_absent (test_sealed_historical_source_workflow_v09.SealedHistoricalSourceWorkflowV09Tests.test_transcripts_databento_accounts_and_orders_are_absent) ... ok
2026-09-12T19:51:28.9450197Z test_action_revisions_and_environment_are_pinned (test_sealed_historical_source_workflow_v10.SealedHistoricalSourceWorkflowV10Tests.test_action_revisions_and_environment_are_pinned) ... ok
2026-09-12T19:51:28.9452886Z test_checkpoint_is_uploaded_before_separate_provider_free_freeze (test_sealed_historical_source_workflow_v10.SealedHistoricalSourceWorkflowV10Tests.test_checkpoint_is_uploaded_before_separate_provider_free_freeze) ... ok
2026-09-12T19:51:28.9455999Z test_every_registered_runtime_artifact_triggers_push_validation (test_sealed_historical_source_workflow_v10.SealedHistoricalSourceWorkflowV10Tests.test_every_registered_runtime_artifact_triggers_push_validation) ... ok
2026-09-12T19:51:28.9458837Z test_inputs_are_trimmed_then_bound_to_exact_commit_tree_and_path (test_sealed_historical_source_workflow_v10.SealedHistoricalSourceWorkflowV10Tests.test_inputs_are_trimmed_then_bound_to_exact_commit_tree_and_path) ... ok
2026-09-12T19:51:28.9461451Z test_only_scanner_provider_stage_can_run (test_sealed_historical_source_workflow_v10.SealedHistoricalSourceWorkflowV10Tests.test_only_scanner_provider_stage_can_run) ... ok
2026-09-12T19:51:28.9464401Z test_parent_artifact_is_exact_and_recovery_precedes_provider_access (test_sealed_historical_source_workflow_v10.SealedHistoricalSourceWorkflowV10Tests.test_parent_artifact_is_exact_and_recovery_precedes_provider_access) ... ok
2026-09-12T19:51:28.9467601Z test_push_is_provider_free_and_manual_dispatch_is_attempt_one_only (test_sealed_historical_source_workflow_v10.SealedHistoricalSourceWorkflowV10Tests.test_push_is_provider_free_and_manual_dispatch_is_attempt_one_only) ... ok
2026-09-12T19:51:28.9470461Z test_transcripts_databento_accounts_and_orders_are_absent (test_sealed_historical_source_workflow_v10.SealedHistoricalSourceWorkflowV10Tests.test_transcripts_databento_accounts_and_orders_are_absent) ... ok
2026-09-12T19:51:28.9611935Z test_action_revisions_are_pinned (test_sealed_historical_source_workflow_v11.SealedHistoricalSourceWorkflowV11Tests.test_action_revisions_are_pinned) ... ok
2026-09-12T19:51:28.9614500Z test_exact_parent_checkpoint_is_fetched_once_and_deeply_validated (test_sealed_historical_source_workflow_v11.SealedHistoricalSourceWorkflowV11Tests.test_exact_parent_checkpoint_is_fetched_once_and_deeply_validated) ... ok
2026-09-12T19:51:28.9617594Z test_no_provider_credentials_or_provider_entrypoint_exists (test_sealed_historical_source_workflow_v11.SealedHistoricalSourceWorkflowV11Tests.test_no_provider_credentials_or_provider_entrypoint_exists) ... ok
2026-09-12T19:51:28.9620443Z test_push_runs_validation_only_and_manual_freeze_is_attempt_one (test_sealed_historical_source_workflow_v11.SealedHistoricalSourceWorkflowV11Tests.test_push_runs_validation_only_and_manual_freeze_is_attempt_one) ... ok
2026-09-12T19:51:28.9623346Z test_scanner_freeze_precedes_identity_compatible_final_replay (test_sealed_historical_source_workflow_v11.SealedHistoricalSourceWorkflowV11Tests.test_scanner_freeze_precedes_identity_compatible_final_replay) ... ok
2026-09-12T19:51:28.9769461Z test_action_revisions_are_pinned (test_sealed_historical_source_workflow_v12.SealedHistoricalSourceWorkflowV12Tests.test_action_revisions_are_pinned) ... ok
2026-09-12T19:51:28.9772031Z test_exact_parent_checkpoint_is_fetched_once_and_deeply_validated (test_sealed_historical_source_workflow_v12.SealedHistoricalSourceWorkflowV12Tests.test_exact_parent_checkpoint_is_fetched_once_and_deeply_validated) ... ok
2026-09-12T19:51:28.9775218Z test_no_provider_credentials_or_provider_entrypoint_exists (test_sealed_historical_source_workflow_v12.SealedHistoricalSourceWorkflowV12Tests.test_no_provider_credentials_or_provider_entrypoint_exists) ... ok
2026-09-12T19:51:28.9778277Z test_push_runs_validation_only_and_manual_freeze_is_attempt_one (test_sealed_historical_source_workflow_v12.SealedHistoricalSourceWorkflowV12Tests.test_push_runs_validation_only_and_manual_freeze_is_attempt_one) ... ok
2026-09-12T19:51:28.9781180Z test_same_step_environment_comparison_uses_explicit_venv_python (test_sealed_historical_source_workflow_v12.SealedHistoricalSourceWorkflowV12Tests.test_same_step_environment_comparison_uses_explicit_venv_python) ... ok
2026-09-12T19:51:28.9784078Z test_scanner_freeze_precedes_identity_compatible_final_replay (test_sealed_historical_source_workflow_v12.SealedHistoricalSourceWorkflowV12Tests.test_scanner_freeze_precedes_identity_compatible_final_replay) ... ok
2026-09-12T19:51:28.9956161Z test_action_revisions_are_pinned (test_sealed_historical_source_workflow_v13.SealedHistoricalSourceWorkflowV13Tests.test_action_revisions_are_pinned) ... ok
2026-09-12T19:51:28.9958563Z test_early_preflight_and_intermediate_are_durable_gates (test_sealed_historical_source_workflow_v13.SealedHistoricalSourceWorkflowV13Tests.test_early_preflight_and_intermediate_are_durable_gates) ... ok
2026-09-12T19:51:28.9961435Z test_exact_parent_checkpoint_is_fetched_once_and_deeply_validated (test_sealed_historical_source_workflow_v13.SealedHistoricalSourceWorkflowV13Tests.test_exact_parent_checkpoint_is_fetched_once_and_deeply_validated) ... ok
2026-09-12T19:51:28.9964610Z test_no_provider_credentials_or_provider_entrypoint_exists (test_sealed_historical_source_workflow_v13.SealedHistoricalSourceWorkflowV13Tests.test_no_provider_credentials_or_provider_entrypoint_exists) ... ok
2026-09-12T19:51:29.0127649Z test_prelaunch_e2e_is_push_only_provider_free_and_never_final (test_sealed_historical_source_workflow_v13.SealedHistoricalSourceWorkflowV13Tests.test_prelaunch_e2e_is_push_only_provider_free_and_never_final) ... ok
2026-09-12T19:51:29.0130465Z test_push_runs_validation_only_and_manual_freeze_is_attempt_one (test_sealed_historical_source_workflow_v13.SealedHistoricalSourceWorkflowV13Tests.test_push_runs_validation_only_and_manual_freeze_is_attempt_one) ... ok
2026-09-12T19:51:29.0133318Z test_same_step_environment_comparison_uses_explicit_venv_python (test_sealed_historical_source_workflow_v13.SealedHistoricalSourceWorkflowV13Tests.test_same_step_environment_comparison_uses_explicit_venv_python) ... ok
2026-09-12T19:51:29.0136414Z test_scanner_freeze_precedes_identity_compatible_final_replay (test_sealed_historical_source_workflow_v13.SealedHistoricalSourceWorkflowV13Tests.test_scanner_freeze_precedes_identity_compatible_final_replay) ... ok
2026-09-12T19:51:29.0139121Z test_scientific_commands_have_network_process_guard (test_sealed_historical_source_workflow_v13.SealedHistoricalSourceWorkflowV13Tests.test_scientific_commands_have_network_process_guard) ... ok
2026-09-12T19:51:29.0141834Z test_corpus_manifest_commits_to_all_records_without_leaking_values (test_sealed_historical_walk_forward.SealedHistoricalWalkForwardTests.test_corpus_manifest_commits_to_all_records_without_leaking_values) ... ok
2026-09-12T19:51:29.0155696Z test_corpus_or_exclusion_tamper_breaks_parent_binding (test_sealed_historical_walk_forward.SealedHistoricalWalkForwardTests.test_corpus_or_exclusion_tamper_breaks_parent_binding) ... ok
2026-09-12T19:51:29.0160640Z test_known_seed_and_diagnostic_dates_are_excluded (test_sealed_historical_walk_forward.SealedHistoricalWalkForwardTests.test_known_seed_and_diagnostic_dates_are_excluded) ... ok
2026-09-12T19:51:29.0177653Z test_prior_date_scan_is_broad_and_content_bound (test_sealed_historical_walk_forward.SealedHistoricalWalkForwardTests.test_prior_date_scan_is_broad_and_content_bound) ... ok
2026-09-12T19:51:29.0180228Z test_prospective_panel_is_terminally_closed_without_false_zeroes (test_sealed_historical_walk_forward.SealedHistoricalWalkForwardTests.test_prospective_panel_is_terminally_closed_without_false_zeroes) ... ok
2026-09-12T19:51:29.0254200Z test_raw_transcript_files_are_not_committed (test_sealed_historical_walk_forward.SealedHistoricalWalkForwardTests.test_raw_transcript_files_are_not_committed) ... ok
2026-09-12T19:51:29.0273685Z test_registered_bundle_is_valid_and_parent_bound (test_sealed_historical_walk_forward.SealedHistoricalWalkForwardTests.test_registered_bundle_is_valid_and_parent_bound) ... ok
2026-09-12T19:51:29.0278333Z test_registration_audit_binds_exact_files_and_zero_authority (test_sealed_historical_walk_forward.SealedHistoricalWalkForwardTests.test_registration_audit_binds_exact_files_and_zero_authority) ... ok
2026-09-12T19:51:29.0300060Z test_rehashed_date_substitution_still_fails (test_sealed_historical_walk_forward.SealedHistoricalWalkForwardTests.test_rehashed_date_substitution_still_fails) ... ok
2026-09-12T19:51:29.0312034Z test_rehashed_retrospective_key_still_fails (test_sealed_historical_walk_forward.SealedHistoricalWalkForwardTests.test_rehashed_retrospective_key_still_fails) ... ok
2026-09-12T19:51:29.0314481Z test_remote_validation_audit_is_exact_and_provider_free (test_sealed_historical_walk_forward.SealedHistoricalWalkForwardTests.test_remote_validation_audit_is_exact_and_provider_free) ... ok
2026-09-12T19:51:29.0317352Z test_runtime_registers_all_360_cells_without_best_cell_selection (test_sealed_historical_walk_forward.SealedHistoricalWalkForwardTests.test_runtime_registers_all_360_cells_without_best_cell_selection) ... ok
2026-09-12T19:51:29.0324097Z test_selection_is_exactly_30_full_unseen_sessions (test_sealed_historical_walk_forward.SealedHistoricalWalkForwardTests.test_selection_is_exactly_30_full_unseen_sessions) ... ok
2026-09-12T19:51:29.0336345Z test_selection_is_recomputed_from_only_frozen_inputs (test_sealed_historical_walk_forward.SealedHistoricalWalkForwardTests.test_selection_is_recomputed_from_only_frozen_inputs) ... ok
2026-09-12T19:51:29.0342813Z test_structural_manifest_builder_never_emits_record_values (test_sealed_historical_walk_forward.SealedHistoricalWalkForwardTests.test_structural_manifest_builder_never_emits_record_values) ... ok
2026-09-12T19:51:29.1066990Z test_validation_cli_is_provider_free (test_sealed_historical_walk_forward.SealedHistoricalWalkForwardTests.test_validation_cli_is_provider_free) ... ok
2026-09-12T19:51:29.1072346Z test_write_once_refuses_overwrite (test_sealed_historical_walk_forward.SealedHistoricalWalkForwardTests.test_write_once_refuses_overwrite) ... ok
2026-09-12T19:51:29.1085808Z test_resolves_ticker_and_parses_facts_without_extracting_zip (test_sec_bulk.SecBulkTests.test_resolves_ticker_and_parses_facts_without_extracting_zip) ... ok
2026-09-12T19:51:29.1093026Z test_unknown_ticker_returns_none (test_sec_bulk.SecBulkTests.test_unknown_ticker_returns_none) ... ok
2026-09-12T19:51:29.1094692Z test_acceptance_time_controls_information_availability (test_sec_edgar.SecEdgarFloatTests.test_acceptance_time_controls_information_availability) ... ok
2026-09-12T19:51:29.1104878Z test_client_fails_before_network_without_declared_identity (test_sec_edgar.SecEdgarFloatTests.test_client_fails_before_network_without_declared_identity) ... ok
2026-09-12T19:51:29.1113133Z test_client_reads_declared_identity_from_environment (test_sec_edgar.SecEdgarFloatTests.test_client_reads_declared_identity_from_environment) ... ok
2026-09-12T19:51:29.1115000Z test_client_requires_declared_contact_email (test_sec_edgar.SecEdgarFloatTests.test_client_requires_declared_contact_email) ... ok
2026-09-12T19:51:29.1117109Z test_duplicate_companyfacts_rows_are_deduplicated (test_sec_edgar.SecEdgarFloatTests.test_duplicate_companyfacts_rows_are_deduplicated) ... ok
2026-09-12T19:51:29.1119146Z test_public_float_is_converted_from_dollars_to_implied_shares (test_sec_edgar.SecEdgarFloatTests.test_public_float_is_converted_from_dollars_to_implied_shares) ... ok
2026-09-12T19:51:29.1121439Z test_roll_forward_does_not_reduce_float_on_buyback_without_new_annual_float (test_sec_edgar.SecEdgarFloatTests.test_roll_forward_does_not_reduce_float_on_buyback_without_new_annual_float) ... ok
2026-09-12T19:51:29.1123990Z test_roll_forward_raises_float_after_net_share_issuance (test_sec_edgar.SecEdgarFloatTests.test_roll_forward_raises_float_after_net_share_issuance) ... ok
2026-09-12T19:51:29.1126328Z test_missing_public_float_can_pass_only_from_outstanding_upper_bound (test_sec_float_join.SecFloatJoinTests.test_missing_public_float_can_pass_only_from_outstanding_upper_bound) ... ok
2026-09-12T19:51:29.1128435Z test_outstanding_above_limit_without_public_float_remains_unknown (test_sec_float_join.SecFloatJoinTests.test_outstanding_above_limit_without_public_float_remains_unknown) ... ok
2026-09-12T19:51:29.1130460Z test_reverse_split_share_basis_normalization (test_sec_float_join.SecFloatJoinTests.test_reverse_split_share_basis_normalization) ... ok
2026-09-12T19:51:29.1284687Z test_future_outcome_columns_cannot_change_selection (test_select_micro_activity_cohort.MicroActivityCohortSelectionTests.test_future_outcome_columns_cannot_change_selection) ... ok
2026-09-12T19:51:29.1359534Z test_rejects_bar_start_masquerading_as_decision_time (test_select_micro_activity_cohort.MicroActivityCohortSelectionTests.test_rejects_bar_start_masquerading_as_decision_time) ... ok
2026-09-12T19:51:29.1430893Z test_selects_earliest_qualification_with_symbol_tie_break (test_select_micro_activity_cohort.MicroActivityCohortSelectionTests.test_selects_earliest_qualification_with_symbol_tie_break) ... ok
2026-09-12T19:51:29.1470227Z test_break_below_vwap_or_ema_rejected (test_setup.SetupTests.test_break_below_vwap_or_ema_rejected) ... ok
2026-09-12T19:51:29.1507763Z test_deep_retrace_rejected (test_setup.SetupTests.test_deep_retrace_rejected) ... ok
2026-09-12T19:51:29.1660862Z test_future_bar_does_not_change_existing_plan (test_setup.SetupTests.test_future_bar_does_not_change_existing_plan) ... ok
2026-09-12T19:51:29.1734652Z test_heavy_pullback_volume_rejected (test_setup.SetupTests.test_heavy_pullback_volume_rejected) ... ok
2026-09-12T19:51:29.1853070Z test_prior_bars_warm_indicators_without_entering_session_vwap_geometry (test_setup.SetupTests.test_prior_bars_warm_indicators_without_entering_session_vwap_geometry) ... ok
2026-09-12T19:51:29.1926120Z test_valid_pullback_builds_next_bar_plan (test_setup.SetupTests.test_valid_pullback_builds_next_bar_plan) ... ok
2026-09-12T19:51:29.1953789Z test_conditional_asset_master_universe_is_rejected_by_default (test_snapshot.SnapshotTests.test_conditional_asset_master_universe_is_rejected_by_default) ... ok
2026-09-12T19:51:29.2029842Z test_conditional_asset_master_universe_requires_explicit_opt_in (test_snapshot.SnapshotTests.test_conditional_asset_master_universe_requires_explicit_opt_in) ... ok
2026-09-12T19:51:29.2056823Z test_conditional_universe_asset_master_tampering_fails_closed (test_snapshot.SnapshotTests.test_conditional_universe_asset_master_tampering_fails_closed) ... ok
2026-09-12T19:51:29.2080018Z test_conditional_universe_must_prohibit_policy_promotion (test_snapshot.SnapshotTests.test_conditional_universe_must_prohibit_policy_promotion) ... ok
2026-09-12T19:51:29.2101222Z test_contradictory_universe_claim_fails_closed (test_snapshot.SnapshotTests.test_contradictory_universe_claim_fails_closed) ... ok
2026-09-12T19:51:29.2134231Z test_float_without_asof_fails_closed (test_snapshot.SnapshotTests.test_float_without_asof_fails_closed) ... ok
2026-09-12T19:51:29.2204594Z test_indicator_warmup_is_optional_and_loaded_separately (test_snapshot.SnapshotTests.test_indicator_warmup_is_optional_and_loaded_separately) ... ok
2026-09-12T19:51:29.2207487Z test_missing_structure_fails_closed (test_snapshot.SnapshotTests.test_missing_structure_fails_closed) ... ok
2026-09-12T19:51:29.2294050Z test_point_in_time_float_and_news_are_loaded (test_snapshot.SnapshotTests.test_point_in_time_float_and_news_are_loaded) ... ok
2026-09-12T19:51:29.2315364Z test_snapshot_requires_explicit_complete_universe (test_snapshot.SnapshotTests.test_snapshot_requires_explicit_complete_universe) ... ok
2026-09-12T19:51:29.2388422Z test_matrix_is_hash_bound_and_covers_every_promoted_rule_once (test_strategy_coverage.StrategyCoverageTests.test_matrix_is_hash_bound_and_covers_every_promoted_rule_once) ... ok
2026-09-12T19:51:29.2407586Z test_missing_implementation_artifact_fails_closed (test_strategy_coverage.StrategyCoverageTests.test_missing_implementation_artifact_fails_closed) ... ok
2026-09-12T19:51:29.2411353Z test_permanent_audit_binds_coverage_deliverables (test_strategy_coverage.StrategyCoverageTests.test_permanent_audit_binds_coverage_deliverables) ... ok
2026-09-12T19:51:29.2474604Z test_unknown_rule_and_overclaim_fail_closed (test_strategy_coverage.StrategyCoverageTests.test_unknown_rule_and_overclaim_fail_closed) ... ok
2026-09-12T19:51:29.2622383Z test_audit_binds_delta_and_supporting_files (test_strategy_coverage_v02.StrategyCoverageV02Tests.test_audit_binds_delta_and_supporting_files) ... ok
2026-09-12T19:51:29.2623945Z test_delta_is_hash_bound_and_runtime_inert (test_strategy_coverage_v02.StrategyCoverageV02Tests.test_delta_is_hash_bound_and_runtime_inert) ... ok
2026-09-12T19:51:29.2625810Z test_engineering_progress_is_partial_and_research_only (test_strategy_coverage_v02.StrategyCoverageV02Tests.test_engineering_progress_is_partial_and_research_only) ... ok
2026-09-12T19:51:29.2627762Z test_only_registered_domains_change_from_frozen_parent (test_strategy_coverage_v02.StrategyCoverageV02Tests.test_only_registered_domains_change_from_frozen_parent) ... ok
2026-09-12T19:51:29.2629125Z test_resolved_summary_recomputes_without_overclaim (test_strategy_coverage_v02.StrategyCoverageV02Tests.test_resolved_summary_recomputes_without_overclaim) ... ok
2026-09-12T19:51:29.2636079Z test_unregistered_domain_or_authority_overclaim_fails_closed (test_strategy_coverage_v02.StrategyCoverageV02Tests.test_unregistered_domain_or_authority_overclaim_fails_closed) ... ok
2026-09-12T19:51:29.2671497Z test_panel_separates_zero_activity_from_unavailable_data (test_summarize_discretion_heldout_micro_runtime.SummarizeDiscretionHeldoutMicroRuntimeTests.test_panel_separates_zero_activity_from_unavailable_data) ... ok
2026-09-12T19:51:29.2696934Z test_tampered_frozen_input_fails_closed (test_summarize_discretion_heldout_micro_runtime.SummarizeDiscretionHeldoutMicroRuntimeTests.test_tampered_frozen_input_fails_closed) ... ok
2026-09-12T19:51:29.2710142Z test_aggregates_predeclared_paired_activity_deltas (test_summarize_micro_activity_cohort.MicroActivityCohortSummaryTests.test_aggregates_predeclared_paired_activity_deltas) ... ok
2026-09-12T19:51:29.2722831Z test_rejects_mixed_selection_provenance (test_summarize_micro_activity_cohort.MicroActivityCohortSummaryTests.test_rejects_mixed_selection_provenance) ... ok
2026-09-12T19:51:29.2739443Z test_builds_boundary_control_without_inventing_scored_dimensions (test_summarize_micro_control_cells.MicroControlSummaryTests.test_builds_boundary_control_without_inventing_scored_dimensions) ... ok
2026-09-12T19:51:29.2755829Z test_rejects_mixed_control_identity (test_summarize_micro_control_cells.MicroControlSummaryTests.test_rejects_mixed_control_identity) ... ok
2026-09-12T19:51:29.2770350Z test_adapter_requires_frozen_artifact_hash_and_has_no_authority (test_theme_regime_context.ThemeRegimeContextTests.test_adapter_requires_frozen_artifact_hash_and_has_no_authority) ... ok
2026-09-12T19:51:29.2779847Z test_builder_measures_same_minute_news_and_leadership_without_label (test_theme_regime_context.ThemeRegimeContextTests.test_builder_measures_same_minute_news_and_leadership_without_label) ... ok
2026-09-12T19:51:29.2782094Z test_completed_session_summary_is_hash_bound_and_accounted (test_theme_regime_context.ThemeRegimeContextTests.test_completed_session_summary_is_hash_bound_and_accounted) ... ok
2026-09-12T19:51:29.2783764Z test_contract_freezes_observations_but_no_semantic_threshold (test_theme_regime_context.ThemeRegimeContextTests.test_contract_freezes_observations_but_no_semantic_threshold) ... ok
2026-09-12T19:51:29.2792189Z test_cross_candidate_story_is_association_not_theme_classification (test_theme_regime_context.ThemeRegimeContextTests.test_cross_candidate_story_is_association_not_theme_classification) ... ok
2026-09-12T19:51:29.2800675Z test_future_scanner_rows_and_headlines_cannot_enter_decision_packet (test_theme_regime_context.ThemeRegimeContextTests.test_future_scanner_rows_and_headlines_cannot_enter_decision_packet) ... ok
2026-09-12T19:51:29.2804622Z test_prior_summary_must_strictly_precede_current_session (test_theme_regime_context.ThemeRegimeContextTests.test_prior_summary_must_strictly_precede_current_session) ... ok
2026-09-12T19:51:29.2807873Z test_registration_audit_binds_contract_without_promotion (test_theme_regime_context.ThemeRegimeContextTests.test_registration_audit_binds_contract_without_promotion) ... ok
2026-09-12T19:51:29.2824268Z test_tamper_fails_hash_and_deterministic_reconstruction (test_theme_regime_context.ThemeRegimeContextTests.test_tamper_fails_hash_and_deterministic_reconstruction) ... ok
2026-09-12T19:51:29.2892859Z test_frozen_result_is_complete_and_non_promotable (test_trade_management_sensitivity.TradeManagementSensitivityContractTests.test_frozen_result_is_complete_and_non_promotable) ... ok
2026-09-12T19:51:29.2896996Z test_registration_and_evidence_are_hash_bound (test_trade_management_sensitivity.TradeManagementSensitivityContractTests.test_registration_and_evidence_are_hash_bound) ... ok
2026-09-12T19:51:29.2901411Z test_result_driven_cell_or_status_change_fails_closed (test_trade_management_sensitivity.TradeManagementSensitivityContractTests.test_result_driven_cell_or_status_change_fails_closed) ... ok
2026-09-12T19:51:29.2954841Z test_completed_red_signal_has_priority_over_target_on_same_print (test_trade_management_shadow.TradeManagementShadowTests.test_completed_red_signal_has_priority_over_target_on_same_print) ... ok
2026-09-12T19:51:29.2991268Z test_frozen_fill_must_be_present_in_execution_path (test_trade_management_shadow.TradeManagementShadowTests.test_frozen_fill_must_be_present_in_execution_path) ... ok
2026-09-12T19:51:29.3039659Z test_half_at_two_r_moves_only_remainder_stop_to_actual_fill (test_trade_management_shadow.TradeManagementShadowTests.test_half_at_two_r_moves_only_remainder_stop_to_actual_fill) ... ok
2026-09-12T19:51:29.3086472Z test_initial_stop_precedes_later_red_signal (test_trade_management_shadow.TradeManagementShadowTests.test_initial_stop_precedes_later_red_signal) ... ok
2026-09-12T19:51:29.3132531Z test_red_candle_is_usable_only_after_bar_completion (test_trade_management_shadow.TradeManagementShadowTests.test_red_candle_is_usable_only_after_bar_completion) ... ok
2026-09-12T19:51:29.3134398Z test_registered_cells_are_exact_and_unknown_cell_fails_closed (test_trade_management_shadow.TradeManagementShadowTests.test_registered_cells_are_exact_and_unknown_cell_fails_closed) ... ok
2026-09-12T19:51:29.3179200Z test_unresolved_runner_is_not_liquidated_at_end_of_data (test_trade_management_shadow.TradeManagementShadowTests.test_unresolved_runner_is_not_liquidated_at_end_of_data) ... ok
2026-09-12T19:51:29.3180669Z 
2026-09-12T19:51:29.3180993Z ----------------------------------------------------------------------
2026-09-12T19:51:29.3181771Z Ran 2750 tests in 416.087s
2026-09-12T19:51:29.3182104Z 
2026-09-12T19:51:29.3182283Z OK (skipped=73)
2026-09-12T19:51:29.3182759Z {
2026-09-12T19:51:29.3183230Z   "accepted_ticker_counts": {
2026-09-12T19:51:29.3183699Z     "2025-04-03": 1,
2026-09-12T19:51:29.3184044Z     "2025-10-01": 1,
2026-09-12T19:51:29.3184377Z     "2026-07-09": 1
2026-09-12T19:51:29.3184700Z   },
2026-09-12T19:51:29.3185093Z   "artifact_id": "identity-resolved-universe-v0.1",
2026-09-12T19:51:29.3185941Z   "dates": [
2026-09-12T19:51:29.3186253Z     "2025-04-03",
2026-09-12T19:51:29.3186568Z     "2025-10-01",
2026-09-12T19:51:29.3186881Z     "2026-07-09"
2026-09-12T19:51:29.3187220Z   ],
2026-09-12T19:51:29.3187558Z   "quarantine_ticker_counts": {
2026-09-12T19:51:29.3187961Z     "2025-04-03": 0,
2026-09-12T19:51:29.3188294Z     "2025-10-01": 0,
2026-09-12T19:51:29.3188618Z     "2026-07-09": 0
2026-09-12T19:51:29.3188933Z   },
2026-09-12T19:51:29.3189646Z   "universe_complete": false
2026-09-12T19:51:29.3189961Z }
2026-09-12T19:51:29.3190133Z {
2026-09-12T19:51:29.3190405Z   "artifact_id": "sealed-historical-source-checkpoint-v0.2",
2026-09-12T19:51:29.3190766Z   "authorization": {
2026-09-12T19:51:29.3191220Z     "authorization_content_sha256": "2f83520b40a7b1699e2b07c8e90fa9d321db5dac86ce7e178ea1c132b23a677d",
2026-09-12T19:51:29.3191851Z     "authorization_id": "sealed-historical-source-acquisition-v0.5"
2026-09-12T19:51:29.3192221Z   },
2026-09-12T19:51:29.3192557Z   "content_sha256": "1a7d97534906d26dda723e2f0f43813b10ae0860648045623b96260ca4727e07",
2026-09-12T19:51:29.3192990Z   "file_count": 706,
2026-09-12T19:51:29.3193211Z   "provider_calls": 0,
2026-09-12T19:51:29.3193453Z   "total_retained_bytes": 30232
2026-09-12T19:51:29.3193689Z }
2026-09-12T19:51:29.3193858Z {
2026-09-12T19:51:29.3194123Z   "artifact_id": "sealed-historical-source-checkpoint-v0.2",
2026-09-12T19:51:29.3194615Z   "content_sha256": "1a7d97534906d26dda723e2f0f43813b10ae0860648045623b96260ca4727e07",
2026-09-12T19:51:29.3195026Z   "provider_calls": 0,
2026-09-12T19:51:29.3195244Z   "validated_existing": true
2026-09-12T19:51:29.3195743Z }
2026-09-12T19:51:29.3195911Z {
2026-09-12T19:51:29.3196160Z   "artifact_id": "sealed-historical-source-checkpoint-v0.3",
2026-09-12T19:51:29.3196489Z   "authorization": {
2026-09-12T19:51:29.3196933Z     "authorization_content_sha256": "0e80cba0f8efce48f857a8e64c6dac742b394b08ae787d1ecda4be33b8722a48",
2026-09-12T19:51:29.3197504Z     "authorization_id": "sealed-historical-source-acquisition-v0.6"
2026-09-12T19:51:29.3197841Z   },
2026-09-12T19:51:29.3198163Z   "content_sha256": "eb2921cf8a5d0b739e6fc323b5e46390ba90665716f215f2de509ab299028783",
2026-09-12T19:51:29.3198563Z   "file_count": 706,
2026-09-12T19:51:29.3198954Z   "provider_calls": 0,
2026-09-12T19:51:29.3199185Z   "total_retained_bytes": 30232
2026-09-12T19:51:29.3199415Z }
2026-09-12T19:51:29.3199574Z {
2026-09-12T19:51:29.3199820Z   "artifact_id": "sealed-historical-source-checkpoint-v0.3",
2026-09-12T19:51:29.3200304Z   "content_sha256": "eb2921cf8a5d0b739e6fc323b5e46390ba90665716f215f2de509ab299028783",
2026-09-12T19:51:29.3200699Z   "provider_calls": 0,
2026-09-12T19:51:29.3200911Z   "validated_existing": true
2026-09-12T19:51:29.3201122Z }
2026-09-12T19:51:29.3201275Z {
2026-09-12T19:51:29.3201516Z   "artifact_id": "sealed-historical-source-checkpoint-v0.3",
2026-09-12T19:51:29.3201857Z   "authorization": {
2026-09-12T19:51:29.3202430Z     "authorization_content_sha256": "9bbedaa836b748b0102f22229448857bc47bbcd5fb776c2ebbc1ea97b431ef82",
2026-09-12T19:51:29.3203099Z     "authorization_id": "sealed-historical-source-acquisition-v0.7"
2026-09-12T19:51:29.3203441Z   },
2026-09-12T19:51:29.3203768Z   "content_sha256": "5ad67710720f91baab42c4c1a4fc715382b9b88677e441fdeae73c401542238b",
2026-09-12T19:51:29.3204169Z   "file_count": 706,
2026-09-12T19:51:29.3204370Z   "provider_calls": 0,
2026-09-12T19:51:29.3204585Z   "total_retained_bytes": 30232
2026-09-12T19:51:29.3204805Z }
2026-09-12T19:51:29.3204969Z {
2026-09-12T19:51:29.3205221Z   "artifact_id": "sealed-historical-source-checkpoint-v0.3",
2026-09-12T19:51:29.3205968Z   "content_sha256": "5ad67710720f91baab42c4c1a4fc715382b9b88677e441fdeae73c401542238b",
2026-09-12T19:51:29.3206395Z   "provider_calls": 0,
2026-09-12T19:51:29.3206619Z   "validated_existing": true
2026-09-12T19:51:29.3206840Z }
2026-09-12T19:51:29.3206997Z {
2026-09-12T19:51:29.3207252Z   "artifact_id": "sealed-historical-source-checkpoint-v0.3",
2026-09-12T19:51:29.3207580Z   "authorization": {
2026-09-12T19:51:29.3207996Z     "authorization_content_sha256": "8b4220f7cb52e155f321e6e1ac16cf3bf2cbaf9c765857ee4a7407e553c741e8",
2026-09-12T19:51:29.3208565Z     "authorization_id": "sealed-historical-source-acquisition-v0.8"
2026-09-12T19:51:29.3208912Z   },
2026-09-12T19:51:29.3209235Z   "content_sha256": "b99cb477631a712a4ec7f33e60c347272237b9b23f97685552fe421ef30b18a4",
2026-09-12T19:51:29.3209634Z   "file_count": 706,
2026-09-12T19:51:29.3209841Z   "provider_calls": 0,
2026-09-12T19:51:29.3210237Z   "total_retained_bytes": 30232
2026-09-12T19:51:29.3210456Z }
2026-09-12T19:51:29.3210613Z {
2026-09-12T19:51:29.3210860Z   "artifact_id": "sealed-historical-source-checkpoint-v0.3",
2026-09-12T19:51:29.3211323Z   "content_sha256": "b99cb477631a712a4ec7f33e60c347272237b9b23f97685552fe421ef30b18a4",
2026-09-12T19:51:29.3211721Z   "provider_calls": 0,
2026-09-12T19:51:29.3211936Z   "validated_existing": true
2026-09-12T19:51:29.3212146Z }
2026-09-12T19:51:29.3212301Z {
2026-09-12T19:51:29.3212547Z   "artifact_id": "sealed-historical-source-checkpoint-v0.3",
2026-09-12T19:51:29.3212874Z   "authorization": {
2026-09-12T19:51:29.3213295Z     "authorization_content_sha256": "485958a1b1671f6ce2c64c1d1c156b25b6f5639be1663dc7f2427f880dd4782f",
2026-09-12T19:51:29.3213862Z     "authorization_id": "sealed-historical-source-acquisition-v0.9"
2026-09-12T19:51:29.3214202Z   },
2026-09-12T19:51:29.3214532Z   "content_sha256": "7af5f485faf96123abea8300f5e4cf9ed8738b11ab39d1404765c99f92d759be",
2026-09-12T19:51:29.3214947Z   "file_count": 706,
2026-09-12T19:51:29.3215152Z   "provider_calls": 0,
2026-09-12T19:51:29.3215599Z   "total_retained_bytes": 30232
2026-09-12T19:51:29.3215831Z }
2026-09-12T19:51:29.3215991Z {
2026-09-12T19:51:29.3216240Z   "artifact_id": "sealed-historical-source-checkpoint-v0.3",
2026-09-12T19:51:29.3216721Z   "content_sha256": "7af5f485faf96123abea8300f5e4cf9ed8738b11ab39d1404765c99f92d759be",
2026-09-12T19:51:29.3217129Z   "provider_calls": 0,
2026-09-12T19:51:29.3217345Z   "validated_existing": true
2026-09-12T19:51:29.3217557Z }
2026-09-12T19:51:29.3217715Z {
2026-09-12T19:51:29.3217957Z   "artifact_id": "sealed-historical-source-checkpoint-v0.3",
2026-09-12T19:51:29.3218281Z   "authorization": {
2026-09-12T19:51:29.3218838Z     "authorization_content_sha256": "0c72bb07242bbd447f05fee41cf271d9ea1b4da23e88c4c10865b1eb5ae7f824",
2026-09-12T19:51:29.3219415Z     "authorization_id": "sealed-historical-source-acquisition-v0.10"
2026-09-12T19:51:29.3219767Z   },
2026-09-12T19:51:29.3220091Z   "content_sha256": "1135e738c0c56ed970f87593b403e85e854c3f11c1e6b06d235f2ccc7b5d63fe",
2026-09-12T19:51:29.3220489Z   "file_count": 706,
2026-09-12T19:51:29.3220688Z   "provider_calls": 0,
2026-09-12T19:51:29.3220906Z   "total_retained_bytes": 30232
2026-09-12T19:51:29.3221126Z }
2026-09-12T19:51:29.3221285Z {
2026-09-12T19:51:29.3221527Z   "artifact_id": "sealed-historical-source-checkpoint-v0.3",
2026-09-12T19:51:29.3221986Z   "content_sha256": "1135e738c0c56ed970f87593b403e85e854c3f11c1e6b06d235f2ccc7b5d63fe",
2026-09-12T19:51:29.3222380Z   "provider_calls": 0,
2026-09-12T19:51:29.3222595Z   "validated_existing": true
2026-09-12T19:51:29.3222816Z }
2026-09-12T19:51:29.3222972Z {
2026-09-12T19:51:29.3223248Z   "acquisition_profile_union_id": "historical-profile-union-v0.1",
2026-09-12T19:51:29.3223668Z   "all_source_inputs_frozen_before_scanner_validation": true,
2026-09-12T19:51:29.3224050Z   "artifact_id": "causal-scanner-source-inputs-v0.2",
2026-09-12T19:51:29.3224494Z   "content_sha256": "af8289933a007b21f355b378ca1599490d28b4df4ec8d95f5743bf290b43ef9b",
2026-09-12T19:51:29.3224895Z   "dates": [
2026-09-12T19:51:29.3225075Z     "2025-04-03"
2026-09-12T19:51:29.3225255Z   ],
2026-09-12T19:51:29.3225721Z   "phase": "acquire-source-inputs"
2026-09-12T19:51:29.3225970Z }
2026-09-12T19:51:29.3226129Z {
2026-09-12T19:51:29.3226395Z   "acquisition_profile_union_id": "historical-profile-union-v0.1",
2026-09-12T19:51:29.3226790Z   "artifact_id": "causal-scanner-snapshot-v0.3",
2026-09-12T19:51:29.3227107Z   "candidate_minute_disposition_counts": {
2026-09-12T19:51:29.3227365Z     "2025-04-03": 1
2026-09-12T19:51:29.3227550Z   },
2026-09-12T19:51:29.3227717Z   "dates": [
2026-09-12T19:51:29.3227893Z     "2025-04-03"
2026-09-12T19:51:29.3228067Z   ],
2026-09-12T19:51:29.3228260Z   "phase": "freeze-snapshots",
2026-09-12T19:51:29.3228523Z   "policy_promotion_eligible": false,
2026-09-12T19:51:29.3228789Z   "provider_free_replay_exact": true,
2026-09-12T19:51:29.3229130Z   "source_input_artifact_id": "causal-scanner-source-inputs-v0.2"
2026-09-12T19:51:29.3229624Z }
2026-09-12T19:51:29.5130514Z ##[group]Run python -m compileall -q src tests
2026-09-12T19:51:29.5130899Z [36;1mpython -m compileall -q src tests[0m
2026-09-12T19:51:29.5168601Z shell: /usr/bin/bash -e {0}
2026-09-12T19:51:29.5168850Z env:
2026-09-12T19:51:29.5169113Z   pythonLocation: /opt/hostedtoolcache/Python/3.12.14/x64
2026-09-12T19:51:29.5169548Z   PKG_CONFIG_PATH: /opt/hostedtoolcache/Python/3.12.14/x64/lib/pkgconfig
2026-09-12T19:51:29.5169965Z   Python_ROOT_DIR: /opt/hostedtoolcache/Python/3.12.14/x64
2026-09-12T19:51:29.5170345Z   Python2_ROOT_DIR: /opt/hostedtoolcache/Python/3.12.14/x64
2026-09-12T19:51:29.5170742Z   Python3_ROOT_DIR: /opt/hostedtoolcache/Python/3.12.14/x64
2026-09-12T19:51:29.5171127Z   LD_LIBRARY_PATH: /opt/hostedtoolcache/Python/3.12.14/x64/lib
2026-09-12T19:51:29.5171448Z ##[endgroup]
2026-09-12T19:51:29.5915822Z Node 20 is being deprecated. This workflow is running with Node 24 by default. If you need to temporarily use Node 20, you can set the ACTIONS_ALLOW_USE_UNSECURE_NODE_VERSION=true environment variable. For more information see: https://github.blog/changelog/2025-09-19-deprecation-of-node-20-on-github-actions-runners/
2026-09-12T19:51:29.5917129Z Post job cleanup.
2026-09-12T19:51:29.7232565Z (node:2750) [DEP0040] DeprecationWarning: The `punycode` module is deprecated. Please use a userland alternative instead.
2026-09-12T19:51:29.7233457Z (Use `node --trace-deprecation ...` to show where the warning was created)
2026-09-12T19:51:29.7524982Z Node 20 is being deprecated. This workflow is running with Node 24 by default. If you need to temporarily use Node 20, you can set the ACTIONS_ALLOW_USE_UNSECURE_NODE_VERSION=true environment variable. For more information see: https://github.blog/changelog/2025-09-19-deprecation-of-node-20-on-github-actions-runners/
2026-09-12T19:51:29.7527189Z Post job cleanup.
2026-09-12T19:51:29.8435675Z [command]/usr/bin/git version
2026-09-12T19:51:29.8483540Z git version 2.55.0
2026-09-12T19:51:29.8526654Z Temporarily overriding HOME='/home/runner/work/_temp/4d0c4ef9-86b1-47bd-8d8b-908f95685579' before making global git config changes
2026-09-12T19:51:29.8528375Z Adding repository directory to the temporary git global config as a safe directory
2026-09-12T19:51:29.8533350Z [command]/usr/bin/git config --global --add safe.directory /home/runner/work/momentumbot/momentumbot
2026-09-12T19:51:29.8581230Z [command]/usr/bin/git config --local --name-only --get-regexp core\.sshCommand
2026-09-12T19:51:29.8633367Z [command]/usr/bin/git submodule foreach --recursive sh -c "git config --local --name-only --get-regexp 'core\.sshCommand' && git config --local --unset-all 'core.sshCommand' || :"
2026-09-12T19:51:29.8895601Z [command]/usr/bin/git config --local --name-only --get-regexp http\.https\:\/\/github\.com\/\.extraheader
2026-09-12T19:51:29.8925242Z http.https://github.com/.extraheader
2026-09-12T19:51:29.8937378Z [command]/usr/bin/git config --local --unset-all http.https://github.com/.extraheader
2026-09-12T19:51:29.8974037Z [command]/usr/bin/git submodule foreach --recursive sh -c "git config --local --name-only --get-regexp 'http\.https\:\/\/github\.com\/\.extraheader' && git config --local --unset-all 'http.https://github.com/.extraheader' || :"
2026-09-12T19:51:29.9240672Z [command]/usr/bin/git config --local --name-only --get-regexp ^includeIf\.gitdir:
2026-09-12T19:51:29.9286806Z [command]/usr/bin/git submodule foreach --recursive git config --local --show-origin --name-only --get-regexp remote.origin.url
2026-09-12T19:51:29.9763803Z Cleaning up orphan processes
2026-09-12T19:51:30.0060709Z ##[warning]Node.js 20 is deprecated. The following actions target Node.js 20 but are being forced to run on Node.js 24: actions/checkout@v4, actions/setup-python@v5. For more information see: https://github.blog/changelog/2025-09-19-deprecation-of-node-20-on-github-actions-runners/
